{
    "table": "3-2", 
    "type": "Aggregate", 
    "desc": "Pricing Information for First and Junior Lien Loans Sold by Type of Purchaser (includes originations only)", 
    "year": "2012", 
    "msa": {
        "id": "23460", 
        "name": "Gadsden", 
        "state": "AL", 
        "state_name": "Alabama"
    }, 
    "pricinginformation": [
        {
            "pricing": "No reported pricing data", 
            "purchasers": [
                {
                    "name": "Fannie Mae", 
                    "firstliencount": 385, 
                    "firstlienvalue": 51460, 
                    "juniorliencount": 0, 
                    "juniorlienvalue": 0
                }, 
                {
                    "name": "Ginnie Mae", 
                    "firstliencount": 150, 
                    "firstlienvalue": 20862, 
                    "juniorliencount": 0, 
                    "juniorlienvalue": 0
                }, 
                {
                    "name": "Freddie Mac", 
                    "firstliencount": 148, 
                    "firstlienvalue": 20533, 
                    "juniorliencount": 0, 
                    "juniorlienvalue": 0
                }, 
                {
                    "name": "Farmer Mac", 
                    "firstliencount": 0, 
                    "firstlienvalue": 0, 
                    "juniorliencount": 0, 
                    "juniorlienvalue": 0
                }, 
                {
                    "name": "Private Securitization", 
                    "firstliencount": 7, 
                    "firstlienvalue": 904, 
                    "juniorliencount": 0, 
                    "juniorlienvalue": 0
                }, 
                {
                    "name": "Commercial bank, savings bank or association", 
                    "firstliencount": 169, 
                    "firstlienvalue": 24736, 
                    "juniorliencount": 0, 
                    "juniorlienvalue": 0
                }, 
                {
                    "name": "Life insurance co., credit union, finance co.", 
                    "firstliencount": 337, 
                    "firstlienvalue": 44594, 
                    "juniorliencount": 15, 
                    "juniorlienvalue": 32
                }, 
                {
                    "name": "Affiliate institution", 
                    "firstliencount": 55, 
                    "firstlienvalue": 6810, 
                    "juniorliencount": 0, 
                    "juniorlienvalue": 0
                }, 
                {
                    "name": "Other", 
                    "firstliencount": 1966, 
                    "firstlienvalue": 233426, 
                    "juniorliencount": 68, 
                    "juniorlienvalue": 2827
                }
            ]
        }, 
        {
            "pricing": "reported pricing data", 
            "purchasers": [
                {
                    "name": "Fannie Mae", 
                    "firstliencount": 4, 
                    "firstlienvalue": 478, 
                    "juniorliencount": 0, 
                    "juniorlienvalue": 0
                }, 
                {
                    "name": "Ginnie Mae", 
                    "firstliencount": 6, 
                    "firstlienvalue": 936, 
                    "juniorliencount": 0, 
                    "juniorlienvalue": 0
                }, 
                {
                    "name": "Freddie Mac", 
                    "firstliencount": 0, 
                    "firstlienvalue": 0, 
                    "juniorliencount": 0, 
                    "juniorlienvalue": 0
                }, 
                {
                    "name": "Farmer Mac", 
                    "firstliencount": 0, 
                    "firstlienvalue": 0, 
                    "juniorliencount": 0, 
                    "juniorlienvalue": 0
                }, 
                {
                    "name": "Private Securitization", 
                    "firstliencount": 0, 
                    "firstlienvalue": 0, 
                    "juniorliencount": 0, 
                    "juniorlienvalue": 0
                }, 
                {
                    "name": "Commercial bank, savings bank or association", 
                    "firstliencount": 3, 
                    "firstlienvalue": 214, 
                    "juniorliencount": 0, 
                    "juniorlienvalue": 0
                }, 
                {
                    "name": "Life insurance co., credit union, finance co.", 
                    "firstliencount": 11, 
                    "firstlienvalue": 922, 
                    "juniorliencount": 0, 
                    "juniorlienvalue": 0
                }, 
                {
                    "name": "Affiliate institution", 
                    "firstliencount": 2, 
                    "firstlienvalue": 90, 
                    "juniorliencount": 0, 
                    "juniorlienvalue": 0
                }, 
                {
                    "name": "Other", 
                    "firstliencount": 237, 
                    "firstlienvalue": 24932, 
                    "juniorliencount": 9, 
                    "juniorlienvalue": 290
                }
            ]
        }
    ], 
    "points": [
        {
            "point": "1.50 - 1.99", 
            "purchasers": [
                {
                    "name": "Fannie Mae", 
                    "firstliencount": 3, 
                    "firstlienvalue": 427, 
                    "juniorliencount": 0, 
                    "juniorlienvalue": 0
                }, 
                {
                    "name": "Ginnie Mae", 
                    "firstliencount": 3, 
                    "firstlienvalue": 267, 
                    "juniorliencount": 0, 
                    "juniorlienvalue": 0
                }, 
                {
                    "name": "Freddie Mac", 
                    "firstliencount": 0, 
                    "firstlienvalue": 0, 
                    "juniorliencount": 0, 
                    "juniorlienvalue": 0
                }, 
                {
                    "name": "Farmer Mac", 
                    "firstliencount": 0, 
                    "firstlienvalue": 0, 
                    "juniorliencount": 0, 
                    "juniorlienvalue": 0
                }, 
                {
                    "name": "Private Securitization", 
                    "firstliencount": 0, 
                    "firstlienvalue": 0, 
                    "juniorliencount": 0, 
                    "juniorlienvalue": 0
                }, 
                {
                    "name": "Commercial bank, savings bank or association", 
                    "firstliencount": 3, 
                    "firstlienvalue": 214, 
                    "juniorliencount": 0, 
                    "juniorlienvalue": 0
                }, 
                {
                    "name": "Life insurance co., credit union, finance co.", 
                    "firstliencount": 4, 
                    "firstlienvalue": 256, 
                    "juniorliencount": 0, 
                    "juniorlienvalue": 0
                }, 
                {
                    "name": "Affiliate institution", 
                    "firstliencount": 1, 
                    "firstlienvalue": 37, 
                    "juniorliencount": 0, 
                    "juniorlienvalue": 0
                }, 
                {
                    "name": "Other", 
                    "firstliencount": 62, 
                    "firstlienvalue": 8398, 
                    "juniorliencount": 0, 
                    "juniorlienvalue": 0
                }
            ]
        }, 
        {
            "point": "2.00 - 2.49", 
            "purchasers": [
                {
                    "name": "Fannie Mae", 
                    "firstliencount": 1, 
                    "firstlienvalue": 51, 
                    "juniorliencount": 0, 
                    "juniorlienvalue": 0
                }, 
                {
                    "name": "Ginnie Mae", 
                    "firstliencount": 0, 
                    "firstlienvalue": 0, 
                    "juniorliencount": 0, 
                    "juniorlienvalue": 0
                }, 
                {
                    "name": "Freddie Mac", 
                    "firstliencount": 0, 
                    "firstlienvalue": 0, 
                    "juniorliencount": 0, 
                    "juniorlienvalue": 0
                }, 
                {
                    "name": "Farmer Mac", 
                    "firstliencount": 0, 
                    "firstlienvalue": 0, 
                    "juniorliencount": 0, 
                    "juniorlienvalue": 0
                }, 
                {
                    "name": "Private Securitization", 
                    "firstliencount": 0, 
                    "firstlienvalue": 0, 
                    "juniorliencount": 0, 
                    "juniorlienvalue": 0
                }, 
                {
                    "name": "Commercial bank, savings bank or association", 
                    "firstliencount": 0, 
                    "firstlienvalue": 0, 
                    "juniorliencount": 0, 
                    "juniorlienvalue": 0
                }, 
                {
                    "name": "Life insurance co., credit union, finance co.", 
                    "firstliencount": 2, 
                    "firstlienvalue": 252, 
                    "juniorliencount": 0, 
                    "juniorlienvalue": 0
                }, 
                {
                    "name": "Affiliate institution", 
                    "firstliencount": 1, 
                    "firstlienvalue": 53, 
                    "juniorliencount": 0, 
                    "juniorlienvalue": 0
                }, 
                {
                    "name": "Other", 
                    "firstliencount": 39, 
                    "firstlienvalue": 5499, 
                    "juniorliencount": 0, 
                    "juniorlienvalue": 0
                }
            ]
        }, 
        {
            "point": "2.50 - 2.99", 
            "purchasers": [
                {
                    "name": "Fannie Mae", 
                    "firstliencount": 0, 
                    "firstlienvalue": 0, 
                    "juniorliencount": 0, 
                    "juniorlienvalue": 0
                }, 
                {
                    "name": "Ginnie Mae", 
                    "firstliencount": 2, 
                    "firstlienvalue": 576, 
                    "juniorliencount": 0, 
                    "juniorlienvalue": 0
                }, 
                {
                    "name": "Freddie Mac", 
                    "firstliencount": 0, 
                    "firstlienvalue": 0, 
                    "juniorliencount": 0, 
                    "juniorlienvalue": 0
                }, 
                {
                    "name": "Farmer Mac", 
                    "firstliencount": 0, 
                    "firstlienvalue": 0, 
                    "juniorliencount": 0, 
                    "juniorlienvalue": 0
                }, 
                {
                    "name": "Private Securitization", 
                    "firstliencount": 0, 
                    "firstlienvalue": 0, 
                    "juniorliencount": 0, 
                    "juniorlienvalue": 0
                }, 
                {
                    "name": "Commercial bank, savings bank or association", 
                    "firstliencount": 0, 
                    "firstlienvalue": 0, 
                    "juniorliencount": 0, 
                    "juniorlienvalue": 0
                }, 
                {
                    "name": "Life insurance co., credit union, finance co.", 
                    "firstliencount": 1, 
                    "firstlienvalue": 122, 
                    "juniorliencount": 0, 
                    "juniorlienvalue": 0
                }, 
                {
                    "name": "Affiliate institution", 
                    "firstliencount": 0, 
                    "firstlienvalue": 0, 
                    "juniorliencount": 0, 
                    "juniorlienvalue": 0
                }, 
                {
                    "name": "Other", 
                    "firstliencount": 32, 
                    "firstlienvalue": 3043, 
                    "juniorliencount": 0, 
                    "juniorlienvalue": 0
                }
            ]
        }, 
        {
            "point": "3.00 - 3.49", 
            "purchasers": [
                {
                    "name": "Fannie Mae", 
                    "firstliencount": 0, 
                    "firstlienvalue": 0, 
                    "juniorliencount": 0, 
                    "juniorlienvalue": 0
                }, 
                {
                    "name": "Ginnie Mae", 
                    "firstliencount": 0, 
                    "firstlienvalue": 0, 
                    "juniorliencount": 0, 
                    "juniorlienvalue": 0
                }, 
                {
                    "name": "Freddie Mac", 
                    "firstliencount": 0, 
                    "firstlienvalue": 0, 
                    "juniorliencount": 0, 
                    "juniorlienvalue": 0
                }, 
                {
                    "name": "Farmer Mac", 
                    "firstliencount": 0, 
                    "firstlienvalue": 0, 
                    "juniorliencount": 0, 
                    "juniorlienvalue": 0
                }, 
                {
                    "name": "Private Securitization", 
                    "firstliencount": 0, 
                    "firstlienvalue": 0, 
                    "juniorliencount": 0, 
                    "juniorlienvalue": 0
                }, 
                {
                    "name": "Commercial bank, savings bank or association", 
                    "firstliencount": 0, 
                    "firstlienvalue": 0, 
                    "juniorliencount": 0, 
                    "juniorlienvalue": 0
                }, 
                {
                    "name": "Life insurance co., credit union, finance co.", 
                    "firstliencount": 1, 
                    "firstlienvalue": 90, 
                    "juniorliencount": 0, 
                    "juniorlienvalue": 0
                }, 
                {
                    "name": "Affiliate institution", 
                    "firstliencount": 0, 
                    "firstlienvalue": 0, 
                    "juniorliencount": 0, 
                    "juniorlienvalue": 0
                }, 
                {
                    "name": "Other", 
                    "firstliencount": 17, 
                    "firstlienvalue": 1505, 
                    "juniorliencount": 0, 
                    "juniorlienvalue": 0
                }
            ]
        }, 
        {
            "point": "3.50 - 4.49", 
            "purchasers": [
                {
                    "name": "Fannie Mae", 
                    "firstliencount": 0, 
                    "firstlienvalue": 0, 
                    "juniorliencount": 0, 
                    "juniorlienvalue": 0
                }, 
                {
                    "name": "Ginnie Mae", 
                    "firstliencount": 1, 
                    "firstlienvalue": 93, 
                    "juniorliencount": 0, 
                    "juniorlienvalue": 0
                }, 
                {
                    "name": "Freddie Mac", 
                    "firstliencount": 0, 
                    "firstlienvalue": 0, 
                    "juniorliencount": 0, 
                    "juniorlienvalue": 0
                }, 
                {
                    "name": "Farmer Mac", 
                    "firstliencount": 0, 
                    "firstlienvalue": 0, 
                    "juniorliencount": 0, 
                    "juniorlienvalue": 0
                }, 
                {
                    "name": "Private Securitization", 
                    "firstliencount": 0, 
                    "firstlienvalue": 0, 
                    "juniorliencount": 0, 
                    "juniorlienvalue": 0
                }, 
                {
                    "name": "Commercial bank, savings bank or association", 
                    "firstliencount": 0, 
                    "firstlienvalue": 0, 
                    "juniorliencount": 0, 
                    "juniorlienvalue": 0
                }, 
                {
                    "name": "Life insurance co., credit union, finance co.", 
                    "firstliencount": 3, 
                    "firstlienvalue": 202, 
                    "juniorliencount": 0, 
                    "juniorlienvalue": 0
                }, 
                {
                    "name": "Affiliate institution", 
                    "firstliencount": 0, 
                    "firstlienvalue": 0, 
                    "juniorliencount": 0, 
                    "juniorlienvalue": 0
                }, 
                {
                    "name": "Other", 
                    "firstliencount": 39, 
                    "firstlienvalue": 4278, 
                    "juniorliencount": 5, 
                    "juniorlienvalue": 168
                }
            ]
        }, 
        {
            "point": "4.50 - 5.49", 
            "purchasers": [
                {
                    "name": "Fannie Mae", 
                    "firstliencount": 0, 
                    "firstlienvalue": 0, 
                    "juniorliencount": 0, 
                    "juniorlienvalue": 0
                }, 
                {
                    "name": "Ginnie Mae", 
                    "firstliencount": 0, 
                    "firstlienvalue": 0, 
                    "juniorliencount": 0, 
                    "juniorlienvalue": 0
                }, 
                {
                    "name": "Freddie Mac", 
                    "firstliencount": 0, 
                    "firstlienvalue": 0, 
                    "juniorliencount": 0, 
                    "juniorlienvalue": 0
                }, 
                {
                    "name": "Farmer Mac", 
                    "firstliencount": 0, 
                    "firstlienvalue": 0, 
                    "juniorliencount": 0, 
                    "juniorlienvalue": 0
                }, 
                {
                    "name": "Private Securitization", 
                    "firstliencount": 0, 
                    "firstlienvalue": 0, 
                    "juniorliencount": 0, 
                    "juniorlienvalue": 0
                }, 
                {
                    "name": "Commercial bank, savings bank or association", 
                    "firstliencount": 0, 
                    "firstlienvalue": 0, 
                    "juniorliencount": 0, 
                    "juniorlienvalue": 0
                }, 
                {
                    "name": "Life insurance co., credit union, finance co.", 
                    "firstliencount": 0, 
                    "firstlienvalue": 0, 
                    "juniorliencount": 0, 
                    "juniorlienvalue": 0
                }, 
                {
                    "name": "Affiliate institution", 
                    "firstliencount": 0, 
                    "firstlienvalue": 0, 
                    "juniorliencount": 0, 
                    "juniorlienvalue": 0
                }, 
                {
                    "name": "Other", 
                    "firstliencount": 19, 
                    "firstlienvalue": 1049, 
                    "juniorliencount": 1, 
                    "juniorlienvalue": 39
                }
            ]
        }, 
        {
            "point": "5.50 - 6.49", 
            "purchasers": [
                {
                    "name": "Fannie Mae", 
                    "firstliencount": 0, 
                    "firstlienvalue": 0, 
                    "juniorliencount": 0, 
                    "juniorlienvalue": 0
                }, 
                {
                    "name": "Ginnie Mae", 
                    "firstliencount": 0, 
                    "firstlienvalue": 0, 
                    "juniorliencount": 0, 
                    "juniorlienvalue": 0
                }, 
                {
                    "name": "Freddie Mac", 
                    "firstliencount": 0, 
                    "firstlienvalue": 0, 
                    "juniorliencount": 0, 
                    "juniorlienvalue": 0
                }, 
                {
                    "name": "Farmer Mac", 
                    "firstliencount": 0, 
                    "firstlienvalue": 0, 
                    "juniorliencount": 0, 
                    "juniorlienvalue": 0
                }, 
                {
                    "name": "Private Securitization", 
                    "firstliencount": 0, 
                    "firstlienvalue": 0, 
                    "juniorliencount": 0, 
                    "juniorlienvalue": 0
                }, 
                {
                    "name": "Commercial bank, savings bank or association", 
                    "firstliencount": 0, 
                    "firstlienvalue": 0, 
                    "juniorliencount": 0, 
                    "juniorlienvalue": 0
                }, 
                {
                    "name": "Life insurance co., credit union, finance co.", 
                    "firstliencount": 0, 
                    "firstlienvalue": 0, 
                    "juniorliencount": 0, 
                    "juniorlienvalue": 0
                }, 
                {
                    "name": "Affiliate institution", 
                    "firstliencount": 0, 
                    "firstlienvalue": 0, 
                    "juniorliencount": 0, 
                    "juniorlienvalue": 0
                }, 
                {
                    "name": "Other", 
                    "firstliencount": 11, 
                    "firstlienvalue": 358, 
                    "juniorliencount": 3, 
                    "juniorlienvalue": 83
                }
            ]
        }, 
        {
            "point": "6.5 or more", 
            "purchasers": [
                {
                    "name": "Fannie Mae", 
                    "firstliencount": 0, 
                    "firstlienvalue": 0, 
                    "juniorliencount": 0, 
                    "juniorlienvalue": 0
                }, 
                {
                    "name": "Ginnie Mae", 
                    "firstliencount": 0, 
                    "firstlienvalue": 0, 
                    "juniorliencount": 0, 
                    "juniorlienvalue": 0
                }, 
                {
                    "name": "Freddie Mac", 
                    "firstliencount": 0, 
                    "firstlienvalue": 0, 
                    "juniorliencount": 0, 
                    "juniorlienvalue": 0
                }, 
                {
                    "name": "Farmer Mac", 
                    "firstliencount": 0, 
                    "firstlienvalue": 0, 
                    "juniorliencount": 0, 
                    "juniorlienvalue": 0
                }, 
                {
                    "name": "Private Securitization", 
                    "firstliencount": 0, 
                    "firstlienvalue": 0, 
                    "juniorliencount": 0, 
                    "juniorlienvalue": 0
                }, 
                {
                    "name": "Commercial bank, savings bank or association", 
                    "firstliencount": 0, 
                    "firstlienvalue": 0, 
                    "juniorliencount": 0, 
                    "juniorlienvalue": 0
                }, 
                {
                    "name": "Life insurance co., credit union, finance co.", 
                    "firstliencount": 0, 
                    "firstlienvalue": 0, 
                    "juniorliencount": 0, 
                    "juniorlienvalue": 0
                }, 
                {
                    "name": "Affiliate institution", 
                    "firstliencount": 0, 
                    "firstlienvalue": 0, 
                    "juniorliencount": 0, 
                    "juniorlienvalue": 0
                }, 
                {
                    "name": "Other", 
                    "firstliencount": 18, 
                    "firstlienvalue": 802, 
                    "juniorliencount": 0, 
                    "juniorlienvalue": 0
                }
            ]
        }, 
        {
            "point": "mean", 
            "purchasers": [
                {
                    "name": "Fannie Mae", 
                    "firstlien": 0, 
                    "juniorlien": 0
                }, 
                {
                    "name": "Ginnie Mae", 
                    "firstlien": 0, 
                    "juniorlien": 0
                }, 
                {
                    "name": "Freddie Mac", 
                    "firstlien": 0, 
                    "juniorlien": 0
                }, 
                {
                    "name": "Farmer Mac", 
                    "firstlien": 0, 
                    "juniorlien": 0
                }, 
                {
                    "name": "Private Securitization", 
                    "firstlien": 0, 
                    "juniorlien": 0
                }, 
                {
                    "name": "Commercial bank, savings bank or association", 
                    "firstlien": 0, 
                    "juniorlien": 0
                }, 
                {
                    "name": "Life insurance co., credit union, finance co.", 
                    "firstlien": 0, 
                    "juniorlien": 0
                }, 
                {
                    "name": "Affiliate institution", 
                    "firstlien": 0, 
                    "juniorlien": 0
                }, 
                {
                    "name": "Other", 
                    "firstlien": 0, 
                    "juniorlien": 0
                }
            ]
        }, 
        {
            "point": "median", 
            "purchasers": [
                {
                    "name": "Fannie Mae", 
                    "firstlien": 0, 
                    "juniorlien": 0
                }, 
                {
                    "name": "Ginnie Mae", 
                    "firstlien": 0, 
                    "juniorlien": 0
                }, 
                {
                    "name": "Freddie Mac", 
                    "firstlien": 0, 
                    "juniorlien": 0
                }, 
                {
                    "name": "Farmer Mac", 
                    "firstlien": 0, 
                    "juniorlien": 0
                }, 
                {
                    "name": "Private Securitization", 
                    "firstlien": 0, 
                    "juniorlien": 0
                }, 
                {
                    "name": "Commercial bank, savings bank or association", 
                    "firstlien": 0, 
                    "juniorlien": 0
                }, 
                {
                    "name": "Life insurance co., credit union, finance co.", 
                    "firstlien": 0, 
                    "juniorlien": 0
                }, 
                {
                    "name": "Affiliate institution", 
                    "firstlien": 0, 
                    "juniorlien": 0
                }, 
                {
                    "name": "Other", 
                    "firstlien": 0, 
                    "juniorlien": 0
                }
            ]
        }
    ], 
    "hoepa": {
        "pricing": "hoepa loans", 
        "purchasers": [
            {
                "name": "Fannie Mae", 
                "firstliencount": 0, 
                "firstlienvalue": 0, 
                "juniorliencount": 0, 
                "juniorlienvalue": 0
            }, 
            {
                "name": "Ginnie Mae", 
                "firstliencount": 0, 
                "firstlienvalue": 0, 
                "juniorliencount": 0, 
                "juniorlienvalue": 0
            }, 
            {
                "name": "Freddie Mac", 
                "firstliencount": 0, 
                "firstlienvalue": 0, 
                "juniorliencount": 0, 
                "juniorlienvalue": 0
            }, 
            {
                "name": "Farmer Mac", 
                "firstliencount": 0, 
                "firstlienvalue": 0, 
                "juniorliencount": 0, 
                "juniorlienvalue": 0
            }, 
            {
                "name": "Private Securitization", 
                "firstliencount": 0, 
                "firstlienvalue": 0, 
                "juniorliencount": 0, 
                "juniorlienvalue": 0
            }, 
            {
                "name": "Commercial bank, savings bank or association", 
                "firstliencount": 0, 
                "firstlienvalue": 0, 
                "juniorliencount": 0, 
                "juniorlienvalue": 0
            }, 
            {
                "name": "Life insurance co., credit union, finance co.", 
                "firstliencount": 0, 
                "firstlienvalue": 0, 
                "juniorliencount": 0, 
                "juniorlienvalue": 0
            }, 
            {
                "name": "Affiliate institution", 
                "firstliencount": 0, 
                "firstlienvalue": 0, 
                "juniorliencount": 0, 
                "juniorlienvalue": 0
            }, 
            {
                "name": "Other", 
                "firstliencount": 2, 
                "firstlienvalue": 75, 
                "juniorliencount": 0, 
                "juniorlienvalue": 0
            }
        ]
    }
}