{
    "table": "3-1", 
    "type": "Aggregate", 
    "desc": "Loans sold, by characteristics of borrower and census tract in which property is located and by type of purchaser (includes originations and purchased loans)", 
    "year": "2012", 
    "msa": {
        "id": "20020", 
        "name": "Dothan", 
        "state": "AL", 
        "state_name": "Alabama"
    }, 
    "borrowercharacteristics": [
        {
            "characteristic": "Race", 
            "races": [
                {
                    "race": "American Indian/Alaska Native", 
                    "purchasers": [
                        {
                            "name": "Fannie Mae", 
                            "count": 2, 
                            "value": 350.0
                        }, 
                        {
                            "name": "Ginnie Mae", 
                            "count": 1, 
                            "value": 255.0
                        }, 
                        {
                            "name": "Freddie Mac", 
                            "count": 1, 
                            "value": 164.0
                        }, 
                        {
                            "name": "Farmer Mac", 
                            "count": 0, 
                            "value": 0
                        }, 
                        {
                            "name": "Private Securitization", 
                            "count": 0, 
                            "value": 0
                        }, 
                        {
                            "name": "Commercial bank, savings bank or association", 
                            "count": 1, 
                            "value": 265.0
                        }, 
                        {
                            "name": "Life insurance co., credit union, finance co.", 
                            "count": 1, 
                            "value": 255.0
                        }, 
                        {
                            "name": "Affiliate institution", 
                            "count": 0, 
                            "value": 0
                        }, 
                        {
                            "name": "Other", 
                            "count": 7, 
                            "value": 687.0
                        }
                    ]
                }, 
                {
                    "race": "Asian", 
                    "purchasers": [
                        {
                            "name": "Fannie Mae", 
                            "count": 0, 
                            "value": 0
                        }, 
                        {
                            "name": "Ginnie Mae", 
                            "count": 2, 
                            "value": 268.0
                        }, 
                        {
                            "name": "Freddie Mac", 
                            "count": 0, 
                            "value": 0
                        }, 
                        {
                            "name": "Farmer Mac", 
                            "count": 0, 
                            "value": 0
                        }, 
                        {
                            "name": "Private Securitization", 
                            "count": 0, 
                            "value": 0
                        }, 
                        {
                            "name": "Commercial bank, savings bank or association", 
                            "count": 1, 
                            "value": 140.0
                        }, 
                        {
                            "name": "Life insurance co., credit union, finance co.", 
                            "count": 0, 
                            "value": 0
                        }, 
                        {
                            "name": "Affiliate institution", 
                            "count": 0, 
                            "value": 0
                        }, 
                        {
                            "name": "Other", 
                            "count": 15, 
                            "value": 777.0
                        }
                    ]
                }, 
                {
                    "race": "Black or African American", 
                    "purchasers": [
                        {
                            "name": "Fannie Mae", 
                            "count": 7, 
                            "value": 1507.0
                        }, 
                        {
                            "name": "Ginnie Mae", 
                            "count": 2, 
                            "value": 192.0
                        }, 
                        {
                            "name": "Freddie Mac", 
                            "count": 3, 
                            "value": 456.0
                        }, 
                        {
                            "name": "Farmer Mac", 
                            "count": 0, 
                            "value": 0
                        }, 
                        {
                            "name": "Private Securitization", 
                            "count": 0, 
                            "value": 0
                        }, 
                        {
                            "name": "Commercial bank, savings bank or association", 
                            "count": 1, 
                            "value": 145.0
                        }, 
                        {
                            "name": "Life insurance co., credit union, finance co.", 
                            "count": 4, 
                            "value": 538.0
                        }, 
                        {
                            "name": "Affiliate institution", 
                            "count": 1, 
                            "value": 330.0
                        }, 
                        {
                            "name": "Other", 
                            "count": 29, 
                            "value": 4770.0
                        }
                    ]
                }, 
                {
                    "race": "Native Hawaiian or Other Pacific Islander", 
                    "purchasers": [
                        {
                            "name": "Fannie Mae", 
                            "count": 22, 
                            "value": 3008.0
                        }, 
                        {
                            "name": "Ginnie Mae", 
                            "count": 111, 
                            "value": 15658.0
                        }, 
                        {
                            "name": "Freddie Mac", 
                            "count": 11, 
                            "value": 1076.0
                        }, 
                        {
                            "name": "Farmer Mac", 
                            "count": 0, 
                            "value": 0
                        }, 
                        {
                            "name": "Private Securitization", 
                            "count": 1, 
                            "value": 352.0
                        }, 
                        {
                            "name": "Commercial bank, savings bank or association", 
                            "count": 30, 
                            "value": 4268.0
                        }, 
                        {
                            "name": "Life insurance co., credit union, finance co.", 
                            "count": 31, 
                            "value": 3798.0
                        }, 
                        {
                            "name": "Affiliate institution", 
                            "count": 1, 
                            "value": 113.0
                        }, 
                        {
                            "name": "Other", 
                            "count": 439, 
                            "value": 36010.0
                        }
                    ]
                }, 
                {
                    "race": "White", 
                    "purchasers": [
                        {
                            "name": "Fannie Mae", 
                            "count": 0, 
                            "value": 0
                        }, 
                        {
                            "name": "Ginnie Mae", 
                            "count": 0, 
                            "value": 0
                        }, 
                        {
                            "name": "Freddie Mac", 
                            "count": 0, 
                            "value": 0
                        }, 
                        {
                            "name": "Farmer Mac", 
                            "count": 0, 
                            "value": 0
                        }, 
                        {
                            "name": "Private Securitization", 
                            "count": 0, 
                            "value": 0
                        }, 
                        {
                            "name": "Commercial bank, savings bank or association", 
                            "count": 0, 
                            "value": 0
                        }, 
                        {
                            "name": "Life insurance co., credit union, finance co.", 
                            "count": 1, 
                            "value": 79.0
                        }, 
                        {
                            "name": "Affiliate institution", 
                            "count": 0, 
                            "value": 0
                        }, 
                        {
                            "name": "Other", 
                            "count": 3, 
                            "value": 187.0
                        }
                    ]
                }, 
                {
                    "race": "2 or more minority races", 
                    "purchasers": [
                        {
                            "name": "Fannie Mae", 
                            "count": 601, 
                            "value": 90642.0
                        }, 
                        {
                            "name": "Ginnie Mae", 
                            "count": 767, 
                            "value": 118010.0
                        }, 
                        {
                            "name": "Freddie Mac", 
                            "count": 284, 
                            "value": 43538.0
                        }, 
                        {
                            "name": "Farmer Mac", 
                            "count": 0, 
                            "value": 0
                        }, 
                        {
                            "name": "Private Securitization", 
                            "count": 41, 
                            "value": 7465.0
                        }, 
                        {
                            "name": "Commercial bank, savings bank or association", 
                            "count": 337, 
                            "value": 53346.0
                        }, 
                        {
                            "name": "Life insurance co., credit union, finance co.", 
                            "count": 402, 
                            "value": 64510.0
                        }, 
                        {
                            "name": "Affiliate institution", 
                            "count": 21, 
                            "value": 2419.0
                        }, 
                        {
                            "name": "Other", 
                            "count": 3168, 
                            "value": 363402.0
                        }
                    ]
                }, 
                {
                    "race": "Joint (White/Minority Race", 
                    "purchasers": [
                        {
                            "name": "Fannie Mae", 
                            "count": 5, 
                            "value": 796.0
                        }, 
                        {
                            "name": "Ginnie Mae", 
                            "count": 9, 
                            "value": 1791.0
                        }, 
                        {
                            "name": "Freddie Mac", 
                            "count": 3, 
                            "value": 373.0
                        }, 
                        {
                            "name": "Farmer Mac", 
                            "count": 0, 
                            "value": 0
                        }, 
                        {
                            "name": "Private Securitization", 
                            "count": 0, 
                            "value": 0
                        }, 
                        {
                            "name": "Commercial bank, savings bank or association", 
                            "count": 1, 
                            "value": 116.0
                        }, 
                        {
                            "name": "Life insurance co., credit union, finance co.", 
                            "count": 2, 
                            "value": 396.0
                        }, 
                        {
                            "name": "Affiliate institution", 
                            "count": 0, 
                            "value": 0
                        }, 
                        {
                            "name": "Other", 
                            "count": 37, 
                            "value": 4083.0
                        }
                    ]
                }, 
                {
                    "race": "Not Available", 
                    "purchasers": [
                        {
                            "name": "Fannie Mae", 
                            "count": 126, 
                            "value": 19518.0
                        }, 
                        {
                            "name": "Ginnie Mae", 
                            "count": 131, 
                            "value": 22597.0
                        }, 
                        {
                            "name": "Freddie Mac", 
                            "count": 56, 
                            "value": 9227.0
                        }, 
                        {
                            "name": "Farmer Mac", 
                            "count": 0, 
                            "value": 0
                        }, 
                        {
                            "name": "Private Securitization", 
                            "count": 2, 
                            "value": 415.0
                        }, 
                        {
                            "name": "Commercial bank, savings bank or association", 
                            "count": 17, 
                            "value": 5640.0
                        }, 
                        {
                            "name": "Life insurance co., credit union, finance co.", 
                            "count": 13, 
                            "value": 2340.0
                        }, 
                        {
                            "name": "Affiliate institution", 
                            "count": 12, 
                            "value": 2499.0
                        }, 
                        {
                            "name": "Other", 
                            "count": 609, 
                            "value": 71882.0
                        }
                    ]
                }
            ]
        }, 
        {
            "characteristic": "Ethnicity", 
            "ethnicities": [
                {
                    "ethnicity": "Hispanic or Latino", 
                    "purchasers": [
                        {
                            "name": "Fannie Mae", 
                            "count": 5, 
                            "value": 582
                        }, 
                        {
                            "name": "Ginnie Mae", 
                            "count": 8, 
                            "value": 1187
                        }, 
                        {
                            "name": "Freddie Mac", 
                            "count": 2, 
                            "value": 259
                        }, 
                        {
                            "name": "Farmer Mac", 
                            "count": 0, 
                            "value": 0
                        }, 
                        {
                            "name": "Private Securitization", 
                            "count": 0, 
                            "value": 0
                        }, 
                        {
                            "name": "Commercial bank, savings bank or association", 
                            "count": 7, 
                            "value": 725
                        }, 
                        {
                            "name": "Life insurance co., credit union, finance co.", 
                            "count": 2, 
                            "value": 426
                        }, 
                        {
                            "name": "Affiliate institution", 
                            "count": 0, 
                            "value": 0
                        }, 
                        {
                            "name": "Other", 
                            "count": 42, 
                            "value": 5228
                        }
                    ]
                }, 
                {
                    "ethnicity": "Not Hispanic or Latino", 
                    "purchasers": [
                        {
                            "name": "Fannie Mae", 
                            "count": 628, 
                            "value": 94947
                        }, 
                        {
                            "name": "Ginnie Mae", 
                            "count": 884, 
                            "value": 134425
                        }, 
                        {
                            "name": "Freddie Mac", 
                            "count": 297, 
                            "value": 44995
                        }, 
                        {
                            "name": "Farmer Mac", 
                            "count": 0, 
                            "value": 0
                        }, 
                        {
                            "name": "Private Securitization", 
                            "count": 42, 
                            "value": 7817
                        }, 
                        {
                            "name": "Commercial bank, savings bank or association", 
                            "count": 362, 
                            "value": 57072
                        }, 
                        {
                            "name": "Life insurance co., credit union, finance co.", 
                            "count": 439, 
                            "value": 69319
                        }, 
                        {
                            "name": "Affiliate institution", 
                            "count": 19, 
                            "value": 2353
                        }, 
                        {
                            "name": "Other", 
                            "count": 3636, 
                            "value": 402288
                        }
                    ]
                }, 
                {
                    "ethnicity": "Joint (Hispanic or Latino/Not Hispanic or Latino", 
                    "purchasers": [
                        {
                            "name": "Fannie Mae", 
                            "count": 5, 
                            "value": 707
                        }, 
                        {
                            "name": "Ginnie Mae", 
                            "count": 4, 
                            "value": 967
                        }, 
                        {
                            "name": "Freddie Mac", 
                            "count": 2, 
                            "value": 322
                        }, 
                        {
                            "name": "Farmer Mac", 
                            "count": 0, 
                            "value": 0
                        }, 
                        {
                            "name": "Private Securitization", 
                            "count": 0, 
                            "value": 0
                        }, 
                        {
                            "name": "Commercial bank, savings bank or association", 
                            "count": 1, 
                            "value": 215
                        }, 
                        {
                            "name": "Life insurance co., credit union, finance co.", 
                            "count": 5, 
                            "value": 1033
                        }, 
                        {
                            "name": "Affiliate institution", 
                            "count": 0, 
                            "value": 0
                        }, 
                        {
                            "name": "Other", 
                            "count": 30, 
                            "value": 4683
                        }
                    ]
                }, 
                {
                    "ethnicity": "Ethnicity Not Available", 
                    "purchasers": [
                        {
                            "name": "Fannie Mae", 
                            "count": 125, 
                            "value": 19585
                        }, 
                        {
                            "name": "Ginnie Mae", 
                            "count": 127, 
                            "value": 22192
                        }, 
                        {
                            "name": "Freddie Mac", 
                            "count": 57, 
                            "value": 9258
                        }, 
                        {
                            "name": "Farmer Mac", 
                            "count": 0, 
                            "value": 0
                        }, 
                        {
                            "name": "Private Securitization", 
                            "count": 2, 
                            "value": 415
                        }, 
                        {
                            "name": "Commercial bank, savings bank or association", 
                            "count": 18, 
                            "value": 5908
                        }, 
                        {
                            "name": "Life insurance co., credit union, finance co.", 
                            "count": 8, 
                            "value": 1138
                        }, 
                        {
                            "name": "Affiliate institution", 
                            "count": 16, 
                            "value": 3008
                        }, 
                        {
                            "name": "Other", 
                            "count": 599, 
                            "value": 69599
                        }
                    ]
                }
            ]
        }, 
        {
            "characteristic": "Minority Status", 
            "minoritystatuses": [
                {
                    "minoritystatus": "White Non-Hispanic", 
                    "purchasers": [
                        {
                            "name": "Fannie Mae", 
                            "count": 718, 
                            "value": 108956
                        }, 
                        {
                            "name": "Ginnie Mae", 
                            "count": 885, 
                            "value": 138271
                        }, 
                        {
                            "name": "Freddie Mac", 
                            "count": 337, 
                            "value": 52348
                        }, 
                        {
                            "name": "Farmer Mac", 
                            "count": 0, 
                            "value": 0
                        }, 
                        {
                            "name": "Private Securitization", 
                            "count": 43, 
                            "value": 7880
                        }, 
                        {
                            "name": "Commercial bank, savings bank or association", 
                            "count": 346, 
                            "value": 58046
                        }, 
                        {
                            "name": "Life insurance co., credit union, finance co.", 
                            "count": 408, 
                            "value": 65391
                        }, 
                        {
                            "name": "Affiliate institution", 
                            "count": 33, 
                            "value": 4918
                        }, 
                        {
                            "name": "Other", 
                            "count": 3720, 
                            "value": 426923
                        }
                    ]
                }, 
                {
                    "minoritystatus": "Others, Including Hispanic", 
                    "purchasers": [
                        {
                            "name": "Fannie Mae", 
                            "count": 45, 
                            "value": 6865
                        }, 
                        {
                            "name": "Ginnie Mae", 
                            "count": 138, 
                            "value": 20500
                        }, 
                        {
                            "name": "Freddie Mac", 
                            "count": 21, 
                            "value": 2486
                        }, 
                        {
                            "name": "Farmer Mac", 
                            "count": 0, 
                            "value": 0
                        }, 
                        {
                            "name": "Private Securitization", 
                            "count": 1, 
                            "value": 352
                        }, 
                        {
                            "name": "Commercial bank, savings bank or association", 
                            "count": 42, 
                            "value": 5874
                        }, 
                        {
                            "name": "Life insurance co., credit union, finance co.", 
                            "count": 46, 
                            "value": 6525
                        }, 
                        {
                            "name": "Affiliate institution", 
                            "count": 2, 
                            "value": 443
                        }, 
                        {
                            "name": "Other", 
                            "count": 587, 
                            "value": 54875
                        }
                    ]
                }
            ]
        }, 
        {
            "characteristic": "Applicant Income", 
            "applicantincomes": [
                {
                    "applicantincome": "Less than 50% of MSA/MD median", 
                    "purchasers": [
                        {
                            "name": "Fannie Mae", 
                            "count": 37, 
                            "value": 2701
                        }, 
                        {
                            "name": "Ginnie Mae", 
                            "count": 46, 
                            "value": 3366
                        }, 
                        {
                            "name": "Freddie Mac", 
                            "count": 12, 
                            "value": 1007
                        }, 
                        {
                            "name": "Farmer Mac", 
                            "count": 0, 
                            "value": 0
                        }, 
                        {
                            "name": "Private Securitization", 
                            "count": 1, 
                            "value": 67
                        }, 
                        {
                            "name": "Commercial bank, savings bank or association", 
                            "count": 21, 
                            "value": 1717
                        }, 
                        {
                            "name": "Life insurance co., credit union, finance co.", 
                            "count": 26, 
                            "value": 2034
                        }, 
                        {
                            "name": "Affiliate institution", 
                            "count": 0, 
                            "value": 0
                        }, 
                        {
                            "name": "Other", 
                            "count": 514, 
                            "value": 26908
                        }
                    ]
                }, 
                {
                    "applicantincome": "50-79% of MSA/MD median", 
                    "purchasers": [
                        {
                            "name": "Fannie Mae", 
                            "count": 92, 
                            "value": 9156
                        }, 
                        {
                            "name": "Ginnie Mae", 
                            "count": 151, 
                            "value": 16200
                        }, 
                        {
                            "name": "Freddie Mac", 
                            "count": 53, 
                            "value": 4994
                        }, 
                        {
                            "name": "Farmer Mac", 
                            "count": 0, 
                            "value": 0
                        }, 
                        {
                            "name": "Private Securitization", 
                            "count": 10, 
                            "value": 1170
                        }, 
                        {
                            "name": "Commercial bank, savings bank or association", 
                            "count": 73, 
                            "value": 8131
                        }, 
                        {
                            "name": "Life insurance co., credit union, finance co.", 
                            "count": 78, 
                            "value": 7979
                        }, 
                        {
                            "name": "Affiliate institution", 
                            "count": 3, 
                            "value": 377
                        }, 
                        {
                            "name": "Other", 
                            "count": 760, 
                            "value": 55459
                        }
                    ]
                }, 
                {
                    "applicantincome": "80-99% of MSA/MD median", 
                    "purchasers": [
                        {
                            "name": "Fannie Mae", 
                            "count": 76, 
                            "value": 9543
                        }, 
                        {
                            "name": "Ginnie Mae", 
                            "count": 92, 
                            "value": 11420
                        }, 
                        {
                            "name": "Freddie Mac", 
                            "count": 34, 
                            "value": 3879
                        }, 
                        {
                            "name": "Farmer Mac", 
                            "count": 0, 
                            "value": 0
                        }, 
                        {
                            "name": "Private Securitization", 
                            "count": 1, 
                            "value": 265
                        }, 
                        {
                            "name": "Commercial bank, savings bank or association", 
                            "count": 50, 
                            "value": 6651
                        }, 
                        {
                            "name": "Life insurance co., credit union, finance co.", 
                            "count": 54, 
                            "value": 7352
                        }, 
                        {
                            "name": "Affiliate institution", 
                            "count": 8, 
                            "value": 861
                        }, 
                        {
                            "name": "Other", 
                            "count": 441, 
                            "value": 39510
                        }
                    ]
                }, 
                {
                    "applicantincome": "100-119% of MSA/MD median", 
                    "purchasers": [
                        {
                            "name": "Fannie Mae", 
                            "count": 84, 
                            "value": 10639
                        }, 
                        {
                            "name": "Ginnie Mae", 
                            "count": 88, 
                            "value": 12291
                        }, 
                        {
                            "name": "Freddie Mac", 
                            "count": 42, 
                            "value": 5224
                        }, 
                        {
                            "name": "Farmer Mac", 
                            "count": 0, 
                            "value": 0
                        }, 
                        {
                            "name": "Private Securitization", 
                            "count": 5, 
                            "value": 883
                        }, 
                        {
                            "name": "Commercial bank, savings bank or association", 
                            "count": 40, 
                            "value": 5778
                        }, 
                        {
                            "name": "Life insurance co., credit union, finance co.", 
                            "count": 60, 
                            "value": 8882
                        }, 
                        {
                            "name": "Affiliate institution", 
                            "count": 6, 
                            "value": 694
                        }, 
                        {
                            "name": "Other", 
                            "count": 417, 
                            "value": 44060
                        }
                    ]
                }, 
                {
                    "applicantincome": "120% or more of MSA/MD median", 
                    "purchasers": [
                        {
                            "name": "Fannie Mae", 
                            "count": 410, 
                            "value": 73197
                        }, 
                        {
                            "name": "Ginnie Mae", 
                            "count": 295, 
                            "value": 57044
                        }, 
                        {
                            "name": "Freddie Mac", 
                            "count": 178, 
                            "value": 32898
                        }, 
                        {
                            "name": "Farmer Mac", 
                            "count": 0, 
                            "value": 0
                        }, 
                        {
                            "name": "Private Securitization", 
                            "count": 26, 
                            "value": 5709
                        }, 
                        {
                            "name": "Commercial bank, savings bank or association", 
                            "count": 162, 
                            "value": 30857
                        }, 
                        {
                            "name": "Life insurance co., credit union, finance co.", 
                            "count": 207, 
                            "value": 39793
                        }, 
                        {
                            "name": "Affiliate institution", 
                            "count": 12, 
                            "value": 2025
                        }, 
                        {
                            "name": "Other", 
                            "count": 1584, 
                            "value": 241385
                        }
                    ]
                }, 
                {
                    "applicantincome": "income not available", 
                    "purchasers": [
                        {
                            "name": "Fannie Mae", 
                            "count": 64, 
                            "value": 10585
                        }, 
                        {
                            "name": "Ginnie Mae", 
                            "count": 351, 
                            "value": 58450
                        }, 
                        {
                            "name": "Freddie Mac", 
                            "count": 39, 
                            "value": 6832
                        }, 
                        {
                            "name": "Farmer Mac", 
                            "count": 0, 
                            "value": 0
                        }, 
                        {
                            "name": "Private Securitization", 
                            "count": 1, 
                            "value": 138
                        }, 
                        {
                            "name": "Commercial bank, savings bank or association", 
                            "count": 42, 
                            "value": 10786
                        }, 
                        {
                            "name": "Life insurance co., credit union, finance co.", 
                            "count": 29, 
                            "value": 5876
                        }, 
                        {
                            "name": "Affiliate institution", 
                            "count": 6, 
                            "value": 1404
                        }, 
                        {
                            "name": "Other", 
                            "count": 556, 
                            "value": 70944
                        }
                    ]
                }
            ]
        }
    ], 
    "censuscharacteristics": [
        {
            "characteristic": "Racial/Ethnic Composition", 
            "tractpctminorities": [
                {
                    "tractpctminority": "Less than 10% minority", 
                    "purchasers": [
                        {
                            "name": "Fannie Mae", 
                            "count": 14, 
                            "value": 1918
                        }, 
                        {
                            "name": "Ginnie Mae", 
                            "count": 22, 
                            "value": 2617
                        }, 
                        {
                            "name": "Freddie Mac", 
                            "count": 9, 
                            "value": 1117
                        }, 
                        {
                            "name": "Farmer Mac", 
                            "count": 0, 
                            "value": 0
                        }, 
                        {
                            "name": "Private Securitization", 
                            "count": 0, 
                            "value": 0
                        }, 
                        {
                            "name": "Commercial bank, savings bank or association", 
                            "count": 12, 
                            "value": 1572
                        }, 
                        {
                            "name": "Life insurance co., credit union, finance co.", 
                            "count": 10, 
                            "value": 1016
                        }, 
                        {
                            "name": "Affiliate institution", 
                            "count": 0, 
                            "value": 0
                        }, 
                        {
                            "name": "Other", 
                            "count": 91, 
                            "value": 8787
                        }
                    ]
                }, 
                {
                    "tractpctminority": "10-19% minority", 
                    "purchasers": [
                        {
                            "name": "Fannie Mae", 
                            "count": 706, 
                            "value": 109337
                        }, 
                        {
                            "name": "Ginnie Mae", 
                            "count": 904, 
                            "value": 144452
                        }, 
                        {
                            "name": "Freddie Mac", 
                            "count": 325, 
                            "value": 51301
                        }, 
                        {
                            "name": "Farmer Mac", 
                            "count": 0, 
                            "value": 0
                        }, 
                        {
                            "name": "Private Securitization", 
                            "count": 43, 
                            "value": 8125
                        }, 
                        {
                            "name": "Commercial bank, savings bank or association", 
                            "count": 351, 
                            "value": 59138
                        }, 
                        {
                            "name": "Life insurance co., credit union, finance co.", 
                            "count": 411, 
                            "value": 67368
                        }, 
                        {
                            "name": "Affiliate institution", 
                            "count": 33, 
                            "value": 5118
                        }, 
                        {
                            "name": "Other", 
                            "count": 3669, 
                            "value": 434158
                        }
                    ]
                }, 
                {
                    "tractpctminority": "20-49% minority", 
                    "purchasers": [
                        {
                            "name": "Fannie Mae", 
                            "count": 38, 
                            "value": 4141
                        }, 
                        {
                            "name": "Ginnie Mae", 
                            "count": 87, 
                            "value": 10391
                        }, 
                        {
                            "name": "Freddie Mac", 
                            "count": 21, 
                            "value": 2103
                        }, 
                        {
                            "name": "Farmer Mac", 
                            "count": 0, 
                            "value": 0
                        }, 
                        {
                            "name": "Private Securitization", 
                            "count": 1, 
                            "value": 107
                        }, 
                        {
                            "name": "Commercial bank, savings bank or association", 
                            "count": 22, 
                            "value": 2881
                        }, 
                        {
                            "name": "Life insurance co., credit union, finance co.", 
                            "count": 27, 
                            "value": 3016
                        }, 
                        {
                            "name": "Affiliate institution", 
                            "count": 2, 
                            "value": 243
                        }, 
                        {
                            "name": "Other", 
                            "count": 414, 
                            "value": 27876
                        }
                    ]
                }, 
                {
                    "tractpctminority": "50-79% minority", 
                    "purchasers": [
                        {
                            "name": "Fannie Mae", 
                            "count": 5, 
                            "value": 425
                        }, 
                        {
                            "name": "Ginnie Mae", 
                            "count": 10, 
                            "value": 1311
                        }, 
                        {
                            "name": "Freddie Mac", 
                            "count": 3, 
                            "value": 313
                        }, 
                        {
                            "name": "Farmer Mac", 
                            "count": 0, 
                            "value": 0
                        }, 
                        {
                            "name": "Private Securitization", 
                            "count": 0, 
                            "value": 0
                        }, 
                        {
                            "name": "Commercial bank, savings bank or association", 
                            "count": 3, 
                            "value": 329
                        }, 
                        {
                            "name": "Life insurance co., credit union, finance co.", 
                            "count": 6, 
                            "value": 516
                        }, 
                        {
                            "name": "Affiliate institution", 
                            "count": 0, 
                            "value": 0
                        }, 
                        {
                            "name": "Other", 
                            "count": 98, 
                            "value": 7445
                        }
                    ]
                }, 
                {
                    "tractpctminority": "80-100% minority", 
                    "purchasers": [
                        {
                            "name": "Fannie Mae", 
                            "count": 0, 
                            "value": 0
                        }, 
                        {
                            "name": "Ginnie Mae", 
                            "count": 0, 
                            "value": 0
                        }, 
                        {
                            "name": "Freddie Mac", 
                            "count": 0, 
                            "value": 0
                        }, 
                        {
                            "name": "Farmer Mac", 
                            "count": 0, 
                            "value": 0
                        }, 
                        {
                            "name": "Private Securitization", 
                            "count": 0, 
                            "value": 0
                        }, 
                        {
                            "name": "Commercial bank, savings bank or association", 
                            "count": 0, 
                            "value": 0
                        }, 
                        {
                            "name": "Life insurance co., credit union, finance co.", 
                            "count": 0, 
                            "value": 0
                        }, 
                        {
                            "name": "Affiliate institution", 
                            "count": 0, 
                            "value": 0
                        }, 
                        {
                            "name": "Other", 
                            "count": 0, 
                            "value": 0
                        }
                    ]
                }
            ]
        }, 
        {
            "characteristic": "Income", 
            "incomelevels": [
                {
                    "incomelevel": "Low income", 
                    "purchasers": [
                        {
                            "name": "Fannie Mae", 
                            "count": 0, 
                            "value": 0
                        }, 
                        {
                            "name": "Ginnie Mae", 
                            "count": 0, 
                            "value": 0
                        }, 
                        {
                            "name": "Freddie Mac", 
                            "count": 0, 
                            "value": 0
                        }, 
                        {
                            "name": "Farmer Mac", 
                            "count": 0, 
                            "value": 0
                        }, 
                        {
                            "name": "Private Securitization", 
                            "count": 0, 
                            "value": 0
                        }, 
                        {
                            "name": "Commercial bank, savings bank or association", 
                            "count": 0, 
                            "value": 0
                        }, 
                        {
                            "name": "Life insurance co., credit union, finance co.", 
                            "count": 1, 
                            "value": 51
                        }, 
                        {
                            "name": "Affiliate institution", 
                            "count": 0, 
                            "value": 0
                        }, 
                        {
                            "name": "Other", 
                            "count": 31, 
                            "value": 1918
                        }
                    ]
                }, 
                {
                    "incomelevel": "Moderate income", 
                    "purchasers": [
                        {
                            "name": "Fannie Mae", 
                            "count": 47, 
                            "value": 4974
                        }, 
                        {
                            "name": "Ginnie Mae", 
                            "count": 103, 
                            "value": 13852
                        }, 
                        {
                            "name": "Freddie Mac", 
                            "count": 26, 
                            "value": 2586
                        }, 
                        {
                            "name": "Farmer Mac", 
                            "count": 0, 
                            "value": 0
                        }, 
                        {
                            "name": "Private Securitization", 
                            "count": 4, 
                            "value": 434
                        }, 
                        {
                            "name": "Commercial bank, savings bank or association", 
                            "count": 25, 
                            "value": 3350
                        }, 
                        {
                            "name": "Life insurance co., credit union, finance co.", 
                            "count": 23, 
                            "value": 2538
                        }, 
                        {
                            "name": "Affiliate institution", 
                            "count": 1, 
                            "value": 130
                        }, 
                        {
                            "name": "Other", 
                            "count": 527, 
                            "value": 41650
                        }
                    ]
                }, 
                {
                    "incomelevel": "Middle income", 
                    "purchasers": [
                        {
                            "name": "Fannie Mae", 
                            "count": 370, 
                            "value": 50489
                        }, 
                        {
                            "name": "Ginnie Mae", 
                            "count": 550, 
                            "value": 77072
                        }, 
                        {
                            "name": "Freddie Mac", 
                            "count": 162, 
                            "value": 21453
                        }, 
                        {
                            "name": "Farmer Mac", 
                            "count": 0, 
                            "value": 0
                        }, 
                        {
                            "name": "Private Securitization", 
                            "count": 20, 
                            "value": 3462
                        }, 
                        {
                            "name": "Commercial bank, savings bank or association", 
                            "count": 216, 
                            "value": 32411
                        }, 
                        {
                            "name": "Life insurance co., credit union, finance co.", 
                            "count": 229, 
                            "value": 31438
                        }, 
                        {
                            "name": "Affiliate institution", 
                            "count": 19, 
                            "value": 2491
                        }, 
                        {
                            "name": "Other", 
                            "count": 2483, 
                            "value": 242316
                        }
                    ]
                }, 
                {
                    "incomelevel": "Upper income", 
                    "purchasers": [
                        {
                            "name": "Fannie Mae", 
                            "count": 346, 
                            "value": 60358
                        }, 
                        {
                            "name": "Ginnie Mae", 
                            "count": 370, 
                            "value": 67847
                        }, 
                        {
                            "name": "Freddie Mac", 
                            "count": 170, 
                            "value": 30795
                        }, 
                        {
                            "name": "Farmer Mac", 
                            "count": 0, 
                            "value": 0
                        }, 
                        {
                            "name": "Private Securitization", 
                            "count": 20, 
                            "value": 4336
                        }, 
                        {
                            "name": "Commercial bank, savings bank or association", 
                            "count": 147, 
                            "value": 28159
                        }, 
                        {
                            "name": "Life insurance co., credit union, finance co.", 
                            "count": 201, 
                            "value": 37889
                        }, 
                        {
                            "name": "Affiliate institution", 
                            "count": 15, 
                            "value": 2740
                        }, 
                        {
                            "name": "Other", 
                            "count": 1231, 
                            "value": 192382
                        }
                    ]
                }
            ]
        }
    ], 
    "total": {
        "purchasers": [
            {
                "name": "Fannie Mae", 
                "count": 763, 
                "value": 115821
            }, 
            {
                "name": "Ginnie Mae", 
                "count": 1023, 
                "value": 158771
            }, 
            {
                "name": "Freddie Mac", 
                "count": 358, 
                "value": 54834
            }, 
            {
                "name": "Farmer Mac", 
                "count": 0, 
                "value": 0
            }, 
            {
                "name": "Private Securitization", 
                "count": 44, 
                "value": 8232
            }, 
            {
                "name": "Commercial bank, savings bank or association", 
                "count": 388, 
                "value": 63920
            }, 
            {
                "name": "Life insurance co., credit union, finance co.", 
                "count": 454, 
                "value": 71916
            }, 
            {
                "name": "Affiliate institution", 
                "count": 35, 
                "value": 5361
            }, 
            {
                "name": "Other", 
                "count": 4307, 
                "value": 481798
            }
        ]
    }
}