{
    "table": "3-1", 
    "type": "Aggregate", 
    "desc": "Loans sold, by characteristics of borrower and census tract in which property is located and by type of purchaser (includes originations and purchased loans)", 
    "year": "2012", 
    "msa": {
        "id": "13820", 
        "name": "Birmingham-Hoover", 
        "state": "AL", 
        "state_name": "Alabama"
    }, 
    "borrowercharacteristics": [
        {
            "characteristic": "Race", 
            "races": [
                {
                    "race": "American Indian/Alaska Native", 
                    "purchasers": [
                        {
                            "name": "Fannie Mae", 
                            "count": 12, 
                            "value": 1755.0
                        }, 
                        {
                            "name": "Ginnie Mae", 
                            "count": 9, 
                            "value": 1576.0
                        }, 
                        {
                            "name": "Freddie Mac", 
                            "count": 5, 
                            "value": 674.0
                        }, 
                        {
                            "name": "Farmer Mac", 
                            "count": 0, 
                            "value": 0
                        }, 
                        {
                            "name": "Private Securitization", 
                            "count": 3, 
                            "value": 776.0
                        }, 
                        {
                            "name": "Commercial bank, savings bank or association", 
                            "count": 4, 
                            "value": 873.0
                        }, 
                        {
                            "name": "Life insurance co., credit union, finance co.", 
                            "count": 3, 
                            "value": 683.0
                        }, 
                        {
                            "name": "Affiliate institution", 
                            "count": 4, 
                            "value": 360.0
                        }, 
                        {
                            "name": "Other", 
                            "count": 85, 
                            "value": 7227.0
                        }
                    ]
                }, 
                {
                    "race": "Asian", 
                    "purchasers": [
                        {
                            "name": "Fannie Mae", 
                            "count": 3, 
                            "value": 618.0
                        }, 
                        {
                            "name": "Ginnie Mae", 
                            "count": 8, 
                            "value": 927.0
                        }, 
                        {
                            "name": "Freddie Mac", 
                            "count": 1, 
                            "value": 60.0
                        }, 
                        {
                            "name": "Farmer Mac", 
                            "count": 0, 
                            "value": 0
                        }, 
                        {
                            "name": "Private Securitization", 
                            "count": 1, 
                            "value": 60.0
                        }, 
                        {
                            "name": "Commercial bank, savings bank or association", 
                            "count": 3, 
                            "value": 415.0
                        }, 
                        {
                            "name": "Life insurance co., credit union, finance co.", 
                            "count": 1, 
                            "value": 162.0
                        }, 
                        {
                            "name": "Affiliate institution", 
                            "count": 1, 
                            "value": 51.0
                        }, 
                        {
                            "name": "Other", 
                            "count": 99, 
                            "value": 10791.0
                        }
                    ]
                }, 
                {
                    "race": "Black or African American", 
                    "purchasers": [
                        {
                            "name": "Fannie Mae", 
                            "count": 152, 
                            "value": 31138.0
                        }, 
                        {
                            "name": "Ginnie Mae", 
                            "count": 31, 
                            "value": 5245.0
                        }, 
                        {
                            "name": "Freddie Mac", 
                            "count": 46, 
                            "value": 8981.0
                        }, 
                        {
                            "name": "Farmer Mac", 
                            "count": 0, 
                            "value": 0
                        }, 
                        {
                            "name": "Private Securitization", 
                            "count": 6, 
                            "value": 1845.0
                        }, 
                        {
                            "name": "Commercial bank, savings bank or association", 
                            "count": 46, 
                            "value": 9971.0
                        }, 
                        {
                            "name": "Life insurance co., credit union, finance co.", 
                            "count": 32, 
                            "value": 5946.0
                        }, 
                        {
                            "name": "Affiliate institution", 
                            "count": 10, 
                            "value": 1975.0
                        }, 
                        {
                            "name": "Other", 
                            "count": 412, 
                            "value": 82551.0
                        }
                    ]
                }, 
                {
                    "race": "Native Hawaiian or Other Pacific Islander", 
                    "purchasers": [
                        {
                            "name": "Fannie Mae", 
                            "count": 557, 
                            "value": 80422.0
                        }, 
                        {
                            "name": "Ginnie Mae", 
                            "count": 1365, 
                            "value": 196570.0
                        }, 
                        {
                            "name": "Freddie Mac", 
                            "count": 200, 
                            "value": 31106.0
                        }, 
                        {
                            "name": "Farmer Mac", 
                            "count": 0, 
                            "value": 0
                        }, 
                        {
                            "name": "Private Securitization", 
                            "count": 35, 
                            "value": 4911.0
                        }, 
                        {
                            "name": "Commercial bank, savings bank or association", 
                            "count": 342, 
                            "value": 55258.0
                        }, 
                        {
                            "name": "Life insurance co., credit union, finance co.", 
                            "count": 272, 
                            "value": 35605.0
                        }, 
                        {
                            "name": "Affiliate institution", 
                            "count": 83, 
                            "value": 8941.0
                        }, 
                        {
                            "name": "Other", 
                            "count": 5734, 
                            "value": 603267.0
                        }
                    ]
                }, 
                {
                    "race": "White", 
                    "purchasers": [
                        {
                            "name": "Fannie Mae", 
                            "count": 8, 
                            "value": 1842.0
                        }, 
                        {
                            "name": "Ginnie Mae", 
                            "count": 2, 
                            "value": 250.0
                        }, 
                        {
                            "name": "Freddie Mac", 
                            "count": 5, 
                            "value": 1654.0
                        }, 
                        {
                            "name": "Farmer Mac", 
                            "count": 0, 
                            "value": 0
                        }, 
                        {
                            "name": "Private Securitization", 
                            "count": 1, 
                            "value": 250.0
                        }, 
                        {
                            "name": "Commercial bank, savings bank or association", 
                            "count": 1, 
                            "value": 376.0
                        }, 
                        {
                            "name": "Life insurance co., credit union, finance co.", 
                            "count": 1, 
                            "value": 136.0
                        }, 
                        {
                            "name": "Affiliate institution", 
                            "count": 2, 
                            "value": 179.0
                        }, 
                        {
                            "name": "Other", 
                            "count": 33, 
                            "value": 4282.0
                        }
                    ]
                }, 
                {
                    "race": "2 or more minority races", 
                    "purchasers": [
                        {
                            "name": "Fannie Mae", 
                            "count": 7781, 
                            "value": 1499533.0
                        }, 
                        {
                            "name": "Ginnie Mae", 
                            "count": 4594, 
                            "value": 712085.0
                        }, 
                        {
                            "name": "Freddie Mac", 
                            "count": 2810, 
                            "value": 508326.0
                        }, 
                        {
                            "name": "Farmer Mac", 
                            "count": 0, 
                            "value": 0
                        }, 
                        {
                            "name": "Private Securitization", 
                            "count": 833, 
                            "value": 175894.0
                        }, 
                        {
                            "name": "Commercial bank, savings bank or association", 
                            "count": 3114, 
                            "value": 593077.0
                        }, 
                        {
                            "name": "Life insurance co., credit union, finance co.", 
                            "count": 2484, 
                            "value": 440558.0
                        }, 
                        {
                            "name": "Affiliate institution", 
                            "count": 533, 
                            "value": 86195.0
                        }, 
                        {
                            "name": "Other", 
                            "count": 25469, 
                            "value": 3987439.0
                        }
                    ]
                }, 
                {
                    "race": "Joint (White/Minority Race", 
                    "purchasers": [
                        {
                            "name": "Fannie Mae", 
                            "count": 47, 
                            "value": 9446.0
                        }, 
                        {
                            "name": "Ginnie Mae", 
                            "count": 38, 
                            "value": 6722.0
                        }, 
                        {
                            "name": "Freddie Mac", 
                            "count": 14, 
                            "value": 1824.0
                        }, 
                        {
                            "name": "Farmer Mac", 
                            "count": 0, 
                            "value": 0
                        }, 
                        {
                            "name": "Private Securitization", 
                            "count": 5, 
                            "value": 967.0
                        }, 
                        {
                            "name": "Commercial bank, savings bank or association", 
                            "count": 22, 
                            "value": 4496.0
                        }, 
                        {
                            "name": "Life insurance co., credit union, finance co.", 
                            "count": 16, 
                            "value": 3266.0
                        }, 
                        {
                            "name": "Affiliate institution", 
                            "count": 5, 
                            "value": 826.0
                        }, 
                        {
                            "name": "Other", 
                            "count": 192, 
                            "value": 26733.0
                        }
                    ]
                }, 
                {
                    "race": "Not Available", 
                    "purchasers": [
                        {
                            "name": "Fannie Mae", 
                            "count": 2740, 
                            "value": 616145.0
                        }, 
                        {
                            "name": "Ginnie Mae", 
                            "count": 1624, 
                            "value": 260970.0
                        }, 
                        {
                            "name": "Freddie Mac", 
                            "count": 1333, 
                            "value": 263918.0
                        }, 
                        {
                            "name": "Farmer Mac", 
                            "count": 0, 
                            "value": 0
                        }, 
                        {
                            "name": "Private Securitization", 
                            "count": 101, 
                            "value": 23050.0
                        }, 
                        {
                            "name": "Commercial bank, savings bank or association", 
                            "count": 378, 
                            "value": 74567.0
                        }, 
                        {
                            "name": "Life insurance co., credit union, finance co.", 
                            "count": 105, 
                            "value": 17764.0
                        }, 
                        {
                            "name": "Affiliate institution", 
                            "count": 159, 
                            "value": 31302.0
                        }, 
                        {
                            "name": "Other", 
                            "count": 5637, 
                            "value": 1044946.0
                        }
                    ]
                }
            ]
        }, 
        {
            "characteristic": "Ethnicity", 
            "ethnicities": [
                {
                    "ethnicity": "Hispanic or Latino", 
                    "purchasers": [
                        {
                            "name": "Fannie Mae", 
                            "count": 54, 
                            "value": 8205
                        }, 
                        {
                            "name": "Ginnie Mae", 
                            "count": 66, 
                            "value": 9739
                        }, 
                        {
                            "name": "Freddie Mac", 
                            "count": 24, 
                            "value": 2676
                        }, 
                        {
                            "name": "Farmer Mac", 
                            "count": 0, 
                            "value": 0
                        }, 
                        {
                            "name": "Private Securitization", 
                            "count": 9, 
                            "value": 1617
                        }, 
                        {
                            "name": "Commercial bank, savings bank or association", 
                            "count": 31, 
                            "value": 4102
                        }, 
                        {
                            "name": "Life insurance co., credit union, finance co.", 
                            "count": 15, 
                            "value": 2251
                        }, 
                        {
                            "name": "Affiliate institution", 
                            "count": 10, 
                            "value": 1259
                        }, 
                        {
                            "name": "Other", 
                            "count": 408, 
                            "value": 49125
                        }
                    ]
                }, 
                {
                    "ethnicity": "Not Hispanic or Latino", 
                    "purchasers": [
                        {
                            "name": "Fannie Mae", 
                            "count": 8480, 
                            "value": 1612776
                        }, 
                        {
                            "name": "Ginnie Mae", 
                            "count": 5968, 
                            "value": 911159
                        }, 
                        {
                            "name": "Freddie Mac", 
                            "count": 3051, 
                            "value": 549810
                        }, 
                        {
                            "name": "Farmer Mac", 
                            "count": 0, 
                            "value": 0
                        }, 
                        {
                            "name": "Private Securitization", 
                            "count": 873, 
                            "value": 183104
                        }, 
                        {
                            "name": "Commercial bank, savings bank or association", 
                            "count": 3422, 
                            "value": 641985
                        }, 
                        {
                            "name": "Life insurance co., credit union, finance co.", 
                            "count": 2752, 
                            "value": 474332
                        }, 
                        {
                            "name": "Affiliate institution", 
                            "count": 592, 
                            "value": 93235
                        }, 
                        {
                            "name": "Other", 
                            "count": 30954, 
                            "value": 4611542
                        }
                    ]
                }, 
                {
                    "ethnicity": "Joint (Hispanic or Latino/Not Hispanic or Latino", 
                    "purchasers": [
                        {
                            "name": "Fannie Mae", 
                            "count": 41, 
                            "value": 7913
                        }, 
                        {
                            "name": "Ginnie Mae", 
                            "count": 26, 
                            "value": 5102
                        }, 
                        {
                            "name": "Freddie Mac", 
                            "count": 12, 
                            "value": 2069
                        }, 
                        {
                            "name": "Farmer Mac", 
                            "count": 0, 
                            "value": 0
                        }, 
                        {
                            "name": "Private Securitization", 
                            "count": 2, 
                            "value": 318
                        }, 
                        {
                            "name": "Commercial bank, savings bank or association", 
                            "count": 20, 
                            "value": 4789
                        }, 
                        {
                            "name": "Life insurance co., credit union, finance co.", 
                            "count": 6, 
                            "value": 917
                        }, 
                        {
                            "name": "Affiliate institution", 
                            "count": 2, 
                            "value": 376
                        }, 
                        {
                            "name": "Other", 
                            "count": 142, 
                            "value": 24079
                        }
                    ]
                }, 
                {
                    "ethnicity": "Ethnicity Not Available", 
                    "purchasers": [
                        {
                            "name": "Fannie Mae", 
                            "count": 2725, 
                            "value": 612005
                        }, 
                        {
                            "name": "Ginnie Mae", 
                            "count": 1611, 
                            "value": 258345
                        }, 
                        {
                            "name": "Freddie Mac", 
                            "count": 1327, 
                            "value": 261988
                        }, 
                        {
                            "name": "Farmer Mac", 
                            "count": 0, 
                            "value": 0
                        }, 
                        {
                            "name": "Private Securitization", 
                            "count": 101, 
                            "value": 22714
                        }, 
                        {
                            "name": "Commercial bank, savings bank or association", 
                            "count": 437, 
                            "value": 88157
                        }, 
                        {
                            "name": "Life insurance co., credit union, finance co.", 
                            "count": 141, 
                            "value": 26620
                        }, 
                        {
                            "name": "Affiliate institution", 
                            "count": 193, 
                            "value": 34959
                        }, 
                        {
                            "name": "Other", 
                            "count": 6157, 
                            "value": 1082490
                        }
                    ]
                }
            ]
        }, 
        {
            "characteristic": "Minority Status", 
            "minoritystatuses": [
                {
                    "minoritystatus": "White Non-Hispanic", 
                    "purchasers": [
                        {
                            "name": "Fannie Mae", 
                            "count": 10435, 
                            "value": 2101301
                        }, 
                        {
                            "name": "Ginnie Mae", 
                            "count": 6138, 
                            "value": 960691
                        }, 
                        {
                            "name": "Freddie Mac", 
                            "count": 4110, 
                            "value": 767929
                        }, 
                        {
                            "name": "Farmer Mac", 
                            "count": 0, 
                            "value": 0
                        }, 
                        {
                            "name": "Private Securitization", 
                            "count": 923, 
                            "value": 197009
                        }, 
                        {
                            "name": "Commercial bank, savings bank or association", 
                            "count": 3439, 
                            "value": 658432
                        }, 
                        {
                            "name": "Life insurance co., credit union, finance co.", 
                            "count": 2569, 
                            "value": 455170
                        }, 
                        {
                            "name": "Affiliate institution", 
                            "count": 681, 
                            "value": 115970
                        }, 
                        {
                            "name": "Other", 
                            "count": 30661, 
                            "value": 4966507
                        }
                    ]
                }, 
                {
                    "minoritystatus": "Others, Including Hispanic", 
                    "purchasers": [
                        {
                            "name": "Fannie Mae", 
                            "count": 865, 
                            "value": 139598
                        }, 
                        {
                            "name": "Ginnie Mae", 
                            "count": 1533, 
                            "value": 223654
                        }, 
                        {
                            "name": "Freddie Mac", 
                            "count": 304, 
                            "value": 48614
                        }, 
                        {
                            "name": "Farmer Mac", 
                            "count": 0, 
                            "value": 0
                        }, 
                        {
                            "name": "Private Securitization", 
                            "count": 62, 
                            "value": 10744
                        }, 
                        {
                            "name": "Commercial bank, savings bank or association", 
                            "count": 471, 
                            "value": 80601
                        }, 
                        {
                            "name": "Life insurance co., credit union, finance co.", 
                            "count": 345, 
                            "value": 48950
                        }, 
                        {
                            "name": "Affiliate institution", 
                            "count": 116, 
                            "value": 13859
                        }, 
                        {
                            "name": "Other", 
                            "count": 7000, 
                            "value": 800729
                        }
                    ]
                }
            ]
        }, 
        {
            "characteristic": "Applicant Income", 
            "applicantincomes": [
                {
                    "applicantincome": "Less than 50% of MSA/MD median", 
                    "purchasers": [
                        {
                            "name": "Fannie Mae", 
                            "count": 563, 
                            "value": 53729
                        }, 
                        {
                            "name": "Ginnie Mae", 
                            "count": 682, 
                            "value": 64633
                        }, 
                        {
                            "name": "Freddie Mac", 
                            "count": 248, 
                            "value": 23050
                        }, 
                        {
                            "name": "Farmer Mac", 
                            "count": 0, 
                            "value": 0
                        }, 
                        {
                            "name": "Private Securitization", 
                            "count": 66, 
                            "value": 6262
                        }, 
                        {
                            "name": "Commercial bank, savings bank or association", 
                            "count": 297, 
                            "value": 28375
                        }, 
                        {
                            "name": "Life insurance co., credit union, finance co.", 
                            "count": 280, 
                            "value": 25772
                        }, 
                        {
                            "name": "Affiliate institution", 
                            "count": 74, 
                            "value": 7032
                        }, 
                        {
                            "name": "Other", 
                            "count": 5448, 
                            "value": 361934
                        }
                    ]
                }, 
                {
                    "applicantincome": "50-79% of MSA/MD median", 
                    "purchasers": [
                        {
                            "name": "Fannie Mae", 
                            "count": 1415, 
                            "value": 174529
                        }, 
                        {
                            "name": "Ginnie Mae", 
                            "count": 1551, 
                            "value": 200480
                        }, 
                        {
                            "name": "Freddie Mac", 
                            "count": 529, 
                            "value": 61606
                        }, 
                        {
                            "name": "Farmer Mac", 
                            "count": 0, 
                            "value": 0
                        }, 
                        {
                            "name": "Private Securitization", 
                            "count": 166, 
                            "value": 21880
                        }, 
                        {
                            "name": "Commercial bank, savings bank or association", 
                            "count": 771, 
                            "value": 103514
                        }, 
                        {
                            "name": "Life insurance co., credit union, finance co.", 
                            "count": 662, 
                            "value": 84046
                        }, 
                        {
                            "name": "Affiliate institution", 
                            "count": 172, 
                            "value": 19922
                        }, 
                        {
                            "name": "Other", 
                            "count": 7715, 
                            "value": 765969
                        }
                    ]
                }, 
                {
                    "applicantincome": "80-99% of MSA/MD median", 
                    "purchasers": [
                        {
                            "name": "Fannie Mae", 
                            "count": 1073, 
                            "value": 154887
                        }, 
                        {
                            "name": "Ginnie Mae", 
                            "count": 800, 
                            "value": 121248
                        }, 
                        {
                            "name": "Freddie Mac", 
                            "count": 403, 
                            "value": 57755
                        }, 
                        {
                            "name": "Farmer Mac", 
                            "count": 0, 
                            "value": 0
                        }, 
                        {
                            "name": "Private Securitization", 
                            "count": 111, 
                            "value": 16484
                        }, 
                        {
                            "name": "Commercial bank, savings bank or association", 
                            "count": 421, 
                            "value": 66640
                        }, 
                        {
                            "name": "Life insurance co., credit union, finance co.", 
                            "count": 397, 
                            "value": 58559
                        }, 
                        {
                            "name": "Affiliate institution", 
                            "count": 69, 
                            "value": 8468
                        }, 
                        {
                            "name": "Other", 
                            "count": 4059, 
                            "value": 491125
                        }
                    ]
                }, 
                {
                    "applicantincome": "100-119% of MSA/MD median", 
                    "purchasers": [
                        {
                            "name": "Fannie Mae", 
                            "count": 1006, 
                            "value": 163681
                        }, 
                        {
                            "name": "Ginnie Mae", 
                            "count": 653, 
                            "value": 109936
                        }, 
                        {
                            "name": "Freddie Mac", 
                            "count": 409, 
                            "value": 62436
                        }, 
                        {
                            "name": "Farmer Mac", 
                            "count": 0, 
                            "value": 0
                        }, 
                        {
                            "name": "Private Securitization", 
                            "count": 95, 
                            "value": 17367
                        }, 
                        {
                            "name": "Commercial bank, savings bank or association", 
                            "count": 417, 
                            "value": 72358
                        }, 
                        {
                            "name": "Life insurance co., credit union, finance co.", 
                            "count": 319, 
                            "value": 51320
                        }, 
                        {
                            "name": "Affiliate institution", 
                            "count": 83, 
                            "value": 11151
                        }, 
                        {
                            "name": "Other", 
                            "count": 3331, 
                            "value": 460244
                        }
                    ]
                }, 
                {
                    "applicantincome": "120% or more of MSA/MD median", 
                    "purchasers": [
                        {
                            "name": "Fannie Mae", 
                            "count": 5490, 
                            "value": 1265458
                        }, 
                        {
                            "name": "Ginnie Mae", 
                            "count": 1228, 
                            "value": 246928
                        }, 
                        {
                            "name": "Freddie Mac", 
                            "count": 1890, 
                            "value": 411681
                        }, 
                        {
                            "name": "Farmer Mac", 
                            "count": 0, 
                            "value": 0
                        }, 
                        {
                            "name": "Private Securitization", 
                            "count": 545, 
                            "value": 145238
                        }, 
                        {
                            "name": "Commercial bank, savings bank or association", 
                            "count": 1677, 
                            "value": 407251
                        }, 
                        {
                            "name": "Life insurance co., credit union, finance co.", 
                            "count": 1133, 
                            "value": 262768
                        }, 
                        {
                            "name": "Affiliate institution", 
                            "count": 383, 
                            "value": 80030
                        }, 
                        {
                            "name": "Other", 
                            "count": 12653, 
                            "value": 2809026
                        }
                    ]
                }, 
                {
                    "applicantincome": "income not available", 
                    "purchasers": [
                        {
                            "name": "Fannie Mae", 
                            "count": 1753, 
                            "value": 428615
                        }, 
                        {
                            "name": "Ginnie Mae", 
                            "count": 2757, 
                            "value": 441120
                        }, 
                        {
                            "name": "Freddie Mac", 
                            "count": 935, 
                            "value": 200015
                        }, 
                        {
                            "name": "Farmer Mac", 
                            "count": 0, 
                            "value": 0
                        }, 
                        {
                            "name": "Private Securitization", 
                            "count": 2, 
                            "value": 522
                        }, 
                        {
                            "name": "Commercial bank, savings bank or association", 
                            "count": 327, 
                            "value": 60895
                        }, 
                        {
                            "name": "Life insurance co., credit union, finance co.", 
                            "count": 123, 
                            "value": 21655
                        }, 
                        {
                            "name": "Affiliate institution", 
                            "count": 16, 
                            "value": 3226
                        }, 
                        {
                            "name": "Other", 
                            "count": 4455, 
                            "value": 878938
                        }
                    ]
                }
            ]
        }
    ], 
    "censuscharacteristics": [
        {
            "characteristic": "Racial/Ethnic Composition", 
            "tractpctminorities": [
                {
                    "tractpctminority": "Less than 10% minority", 
                    "purchasers": [
                        {
                            "name": "Fannie Mae", 
                            "count": 2810, 
                            "value": 616453
                        }, 
                        {
                            "name": "Ginnie Mae", 
                            "count": 1396, 
                            "value": 226829
                        }, 
                        {
                            "name": "Freddie Mac", 
                            "count": 1093, 
                            "value": 230596
                        }, 
                        {
                            "name": "Farmer Mac", 
                            "count": 0, 
                            "value": 0
                        }, 
                        {
                            "name": "Private Securitization", 
                            "count": 342, 
                            "value": 83777
                        }, 
                        {
                            "name": "Commercial bank, savings bank or association", 
                            "count": 974, 
                            "value": 215071
                        }, 
                        {
                            "name": "Life insurance co., credit union, finance co.", 
                            "count": 747, 
                            "value": 145944
                        }, 
                        {
                            "name": "Affiliate institution", 
                            "count": 163, 
                            "value": 33811
                        }, 
                        {
                            "name": "Other", 
                            "count": 8649, 
                            "value": 1546521
                        }
                    ]
                }, 
                {
                    "tractpctminority": "10-19% minority", 
                    "purchasers": [
                        {
                            "name": "Fannie Mae", 
                            "count": 7741, 
                            "value": 1502064
                        }, 
                        {
                            "name": "Ginnie Mae", 
                            "count": 5299, 
                            "value": 846680
                        }, 
                        {
                            "name": "Freddie Mac", 
                            "count": 3038, 
                            "value": 553931
                        }, 
                        {
                            "name": "Farmer Mac", 
                            "count": 0, 
                            "value": 0
                        }, 
                        {
                            "name": "Private Securitization", 
                            "count": 612, 
                            "value": 119995
                        }, 
                        {
                            "name": "Commercial bank, savings bank or association", 
                            "count": 2692, 
                            "value": 494034
                        }, 
                        {
                            "name": "Life insurance co., credit union, finance co.", 
                            "count": 1954, 
                            "value": 335751
                        }, 
                        {
                            "name": "Affiliate institution", 
                            "count": 538, 
                            "value": 87719
                        }, 
                        {
                            "name": "Other", 
                            "count": 22853, 
                            "value": 3582416
                        }
                    ]
                }, 
                {
                    "tractpctminority": "20-49% minority", 
                    "purchasers": [
                        {
                            "name": "Fannie Mae", 
                            "count": 522, 
                            "value": 104772
                        }, 
                        {
                            "name": "Ginnie Mae", 
                            "count": 695, 
                            "value": 82909
                        }, 
                        {
                            "name": "Freddie Mac", 
                            "count": 216, 
                            "value": 26188
                        }, 
                        {
                            "name": "Farmer Mac", 
                            "count": 0, 
                            "value": 0
                        }, 
                        {
                            "name": "Private Securitization", 
                            "count": 22, 
                            "value": 3241
                        }, 
                        {
                            "name": "Commercial bank, savings bank or association", 
                            "count": 191, 
                            "value": 24687
                        }, 
                        {
                            "name": "Life insurance co., credit union, finance co.", 
                            "count": 158, 
                            "value": 18851
                        }, 
                        {
                            "name": "Affiliate institution", 
                            "count": 56, 
                            "value": 5487
                        }, 
                        {
                            "name": "Other", 
                            "count": 3449, 
                            "value": 458790
                        }
                    ]
                }, 
                {
                    "tractpctminority": "50-79% minority", 
                    "purchasers": [
                        {
                            "name": "Fannie Mae", 
                            "count": 227, 
                            "value": 17610
                        }, 
                        {
                            "name": "Ginnie Mae", 
                            "count": 281, 
                            "value": 27927
                        }, 
                        {
                            "name": "Freddie Mac", 
                            "count": 67, 
                            "value": 5828
                        }, 
                        {
                            "name": "Farmer Mac", 
                            "count": 0, 
                            "value": 0
                        }, 
                        {
                            "name": "Private Securitization", 
                            "count": 9, 
                            "value": 740
                        }, 
                        {
                            "name": "Commercial bank, savings bank or association", 
                            "count": 53, 
                            "value": 5241
                        }, 
                        {
                            "name": "Life insurance co., credit union, finance co.", 
                            "count": 55, 
                            "value": 3574
                        }, 
                        {
                            "name": "Affiliate institution", 
                            "count": 40, 
                            "value": 2812
                        }, 
                        {
                            "name": "Other", 
                            "count": 2710, 
                            "value": 179509
                        }
                    ]
                }, 
                {
                    "tractpctminority": "80-100% minority", 
                    "purchasers": [
                        {
                            "name": "Fannie Mae", 
                            "count": 0, 
                            "value": 0
                        }, 
                        {
                            "name": "Ginnie Mae", 
                            "count": 0, 
                            "value": 0
                        }, 
                        {
                            "name": "Freddie Mac", 
                            "count": 0, 
                            "value": 0
                        }, 
                        {
                            "name": "Farmer Mac", 
                            "count": 0, 
                            "value": 0
                        }, 
                        {
                            "name": "Private Securitization", 
                            "count": 0, 
                            "value": 0
                        }, 
                        {
                            "name": "Commercial bank, savings bank or association", 
                            "count": 0, 
                            "value": 0
                        }, 
                        {
                            "name": "Life insurance co., credit union, finance co.", 
                            "count": 0, 
                            "value": 0
                        }, 
                        {
                            "name": "Affiliate institution", 
                            "count": 0, 
                            "value": 0
                        }, 
                        {
                            "name": "Other", 
                            "count": 0, 
                            "value": 0
                        }
                    ]
                }
            ]
        }, 
        {
            "characteristic": "Income", 
            "incomelevels": [
                {
                    "incomelevel": "Low income", 
                    "purchasers": [
                        {
                            "name": "Fannie Mae", 
                            "count": 72, 
                            "value": 6238
                        }, 
                        {
                            "name": "Ginnie Mae", 
                            "count": 63, 
                            "value": 5904
                        }, 
                        {
                            "name": "Freddie Mac", 
                            "count": 25, 
                            "value": 2249
                        }, 
                        {
                            "name": "Farmer Mac", 
                            "count": 0, 
                            "value": 0
                        }, 
                        {
                            "name": "Private Securitization", 
                            "count": 1, 
                            "value": 71
                        }, 
                        {
                            "name": "Commercial bank, savings bank or association", 
                            "count": 12, 
                            "value": 1383
                        }, 
                        {
                            "name": "Life insurance co., credit union, finance co.", 
                            "count": 17, 
                            "value": 1248
                        }, 
                        {
                            "name": "Affiliate institution", 
                            "count": 14, 
                            "value": 1045
                        }, 
                        {
                            "name": "Other", 
                            "count": 1005, 
                            "value": 51056
                        }
                    ]
                }, 
                {
                    "incomelevel": "Moderate income", 
                    "purchasers": [
                        {
                            "name": "Fannie Mae", 
                            "count": 663, 
                            "value": 83703
                        }, 
                        {
                            "name": "Ginnie Mae", 
                            "count": 686, 
                            "value": 80092
                        }, 
                        {
                            "name": "Freddie Mac", 
                            "count": 253, 
                            "value": 31569
                        }, 
                        {
                            "name": "Farmer Mac", 
                            "count": 0, 
                            "value": 0
                        }, 
                        {
                            "name": "Private Securitization", 
                            "count": 79, 
                            "value": 10865
                        }, 
                        {
                            "name": "Commercial bank, savings bank or association", 
                            "count": 233, 
                            "value": 31609
                        }, 
                        {
                            "name": "Life insurance co., credit union, finance co.", 
                            "count": 180, 
                            "value": 21628
                        }, 
                        {
                            "name": "Affiliate institution", 
                            "count": 65, 
                            "value": 5596
                        }, 
                        {
                            "name": "Other", 
                            "count": 5300, 
                            "value": 503459
                        }
                    ]
                }, 
                {
                    "incomelevel": "Middle income", 
                    "purchasers": [
                        {
                            "name": "Fannie Mae", 
                            "count": 3146, 
                            "value": 502907
                        }, 
                        {
                            "name": "Ginnie Mae", 
                            "count": 3520, 
                            "value": 486128
                        }, 
                        {
                            "name": "Freddie Mac", 
                            "count": 1329, 
                            "value": 187475
                        }, 
                        {
                            "name": "Farmer Mac", 
                            "count": 0, 
                            "value": 0
                        }, 
                        {
                            "name": "Private Securitization", 
                            "count": 264, 
                            "value": 39942
                        }, 
                        {
                            "name": "Commercial bank, savings bank or association", 
                            "count": 1335, 
                            "value": 196504
                        }, 
                        {
                            "name": "Life insurance co., credit union, finance co.", 
                            "count": 1068, 
                            "value": 144773
                        }, 
                        {
                            "name": "Affiliate institution", 
                            "count": 255, 
                            "value": 33237
                        }, 
                        {
                            "name": "Other", 
                            "count": 15374, 
                            "value": 1820564
                        }
                    ]
                }, 
                {
                    "incomelevel": "Upper income", 
                    "purchasers": [
                        {
                            "name": "Fannie Mae", 
                            "count": 7419, 
                            "value": 1648051
                        }, 
                        {
                            "name": "Ginnie Mae", 
                            "count": 3402, 
                            "value": 612221
                        }, 
                        {
                            "name": "Freddie Mac", 
                            "count": 2807, 
                            "value": 595250
                        }, 
                        {
                            "name": "Farmer Mac", 
                            "count": 0, 
                            "value": 0
                        }, 
                        {
                            "name": "Private Securitization", 
                            "count": 641, 
                            "value": 156875
                        }, 
                        {
                            "name": "Commercial bank, savings bank or association", 
                            "count": 2328, 
                            "value": 509175
                        }, 
                        {
                            "name": "Life insurance co., credit union, finance co.", 
                            "count": 1649, 
                            "value": 336471
                        }, 
                        {
                            "name": "Affiliate institution", 
                            "count": 463, 
                            "value": 89951
                        }, 
                        {
                            "name": "Other", 
                            "count": 15976, 
                            "value": 3391376
                        }
                    ]
                }
            ]
        }
    ], 
    "total": {
        "purchasers": [
            {
                "name": "Fannie Mae", 
                "count": 11300, 
                "value": 2240899
            }, 
            {
                "name": "Ginnie Mae", 
                "count": 7671, 
                "value": 1184345
            }, 
            {
                "name": "Freddie Mac", 
                "count": 4414, 
                "value": 816543
            }, 
            {
                "name": "Farmer Mac", 
                "count": 0, 
                "value": 0
            }, 
            {
                "name": "Private Securitization", 
                "count": 985, 
                "value": 207753
            }, 
            {
                "name": "Commercial bank, savings bank or association", 
                "count": 3910, 
                "value": 739033
            }, 
            {
                "name": "Life insurance co., credit union, finance co.", 
                "count": 2914, 
                "value": 504120
            }, 
            {
                "name": "Affiliate institution", 
                "count": 797, 
                "value": 129829
            }, 
            {
                "name": "Other", 
                "count": 37661, 
                "value": 5767236
            }
        ]
    }
}