{
    "table": "3-1", 
    "type": "Aggregate", 
    "desc": "Loans sold, by characteristics of borrower and census tract in which property is located and by type of purchaser (includes originations and purchased loans),", 
    "year": "2012", 
    "msa": {
        "id": "25260", 
        "name": "Hanford-Corcoran", 
        "state": "CA", 
        "state_name": "California"
    }, 
    "borrowercharacteristics": [
        {
            "characteristic": "Race", 
            "races": [
                {
                    "race": "American Indian/Alaska Native", 
                    "purchasers": [
                        {
                            "name": "Fannie Mae", 
                            "count": 2, 
                            "value": 148.0
                        }, 
                        {
                            "name": "Ginnie Mae", 
                            "count": 1, 
                            "value": 302.0
                        }, 
                        {
                            "name": "Freddie Mac", 
                            "count": 4, 
                            "value": 605.0
                        }, 
                        {
                            "name": "Farmer Mac", 
                            "count": 0, 
                            "value": 0
                        }, 
                        {
                            "name": "Private Securitization", 
                            "count": 0, 
                            "value": 0
                        }, 
                        {
                            "name": "Commercial bank, savings bank or association", 
                            "count": 1, 
                            "value": 241.0
                        }, 
                        {
                            "name": "Life insurance co., credit union, finance co.", 
                            "count": 0, 
                            "value": 0
                        }, 
                        {
                            "name": "Affiliate institution", 
                            "count": 0, 
                            "value": 0
                        }, 
                        {
                            "name": "Other", 
                            "count": 12, 
                            "value": 1714.0
                        }
                    ]
                }, 
                {
                    "race": "Asian", 
                    "purchasers": [
                        {
                            "name": "Fannie Mae", 
                            "count": 2, 
                            "value": 262.0
                        }, 
                        {
                            "name": "Ginnie Mae", 
                            "count": 6, 
                            "value": 1295.0
                        }, 
                        {
                            "name": "Freddie Mac", 
                            "count": 0, 
                            "value": 0
                        }, 
                        {
                            "name": "Farmer Mac", 
                            "count": 0, 
                            "value": 0
                        }, 
                        {
                            "name": "Private Securitization", 
                            "count": 0, 
                            "value": 0
                        }, 
                        {
                            "name": "Commercial bank, savings bank or association", 
                            "count": 3, 
                            "value": 496.0
                        }, 
                        {
                            "name": "Life insurance co., credit union, finance co.", 
                            "count": 4, 
                            "value": 659.0
                        }, 
                        {
                            "name": "Affiliate institution", 
                            "count": 0, 
                            "value": 0
                        }, 
                        {
                            "name": "Other", 
                            "count": 20, 
                            "value": 3691.0
                        }
                    ]
                }, 
                {
                    "race": "Black or African American", 
                    "purchasers": [
                        {
                            "name": "Fannie Mae", 
                            "count": 41, 
                            "value": 7467.0
                        }, 
                        {
                            "name": "Ginnie Mae", 
                            "count": 33, 
                            "value": 6083.0
                        }, 
                        {
                            "name": "Freddie Mac", 
                            "count": 22, 
                            "value": 4194.0
                        }, 
                        {
                            "name": "Farmer Mac", 
                            "count": 0, 
                            "value": 0
                        }, 
                        {
                            "name": "Private Securitization", 
                            "count": 0, 
                            "value": 0
                        }, 
                        {
                            "name": "Commercial bank, savings bank or association", 
                            "count": 6, 
                            "value": 1211.0
                        }, 
                        {
                            "name": "Life insurance co., credit union, finance co.", 
                            "count": 5, 
                            "value": 912.0
                        }, 
                        {
                            "name": "Affiliate institution", 
                            "count": 4, 
                            "value": 822.0
                        }, 
                        {
                            "name": "Other", 
                            "count": 93, 
                            "value": 16890.0
                        }
                    ]
                }, 
                {
                    "race": "Native Hawaiian or Other Pacific Islander", 
                    "purchasers": [
                        {
                            "name": "Fannie Mae", 
                            "count": 10, 
                            "value": 1857.0
                        }, 
                        {
                            "name": "Ginnie Mae", 
                            "count": 28, 
                            "value": 5836.0
                        }, 
                        {
                            "name": "Freddie Mac", 
                            "count": 5, 
                            "value": 781.0
                        }, 
                        {
                            "name": "Farmer Mac", 
                            "count": 0, 
                            "value": 0
                        }, 
                        {
                            "name": "Private Securitization", 
                            "count": 0, 
                            "value": 0
                        }, 
                        {
                            "name": "Commercial bank, savings bank or association", 
                            "count": 4, 
                            "value": 869.0
                        }, 
                        {
                            "name": "Life insurance co., credit union, finance co.", 
                            "count": 1, 
                            "value": 180.0
                        }, 
                        {
                            "name": "Affiliate institution", 
                            "count": 3, 
                            "value": 573.0
                        }, 
                        {
                            "name": "Other", 
                            "count": 73, 
                            "value": 15560.0
                        }
                    ]
                }, 
                {
                    "race": "White", 
                    "purchasers": [
                        {
                            "name": "Fannie Mae", 
                            "count": 4, 
                            "value": 1072.0
                        }, 
                        {
                            "name": "Ginnie Mae", 
                            "count": 6, 
                            "value": 1121.0
                        }, 
                        {
                            "name": "Freddie Mac", 
                            "count": 1, 
                            "value": 167.0
                        }, 
                        {
                            "name": "Farmer Mac", 
                            "count": 0, 
                            "value": 0
                        }, 
                        {
                            "name": "Private Securitization", 
                            "count": 0, 
                            "value": 0
                        }, 
                        {
                            "name": "Commercial bank, savings bank or association", 
                            "count": 1, 
                            "value": 205.0
                        }, 
                        {
                            "name": "Life insurance co., credit union, finance co.", 
                            "count": 0, 
                            "value": 0
                        }, 
                        {
                            "name": "Affiliate institution", 
                            "count": 0, 
                            "value": 0
                        }, 
                        {
                            "name": "Other", 
                            "count": 19, 
                            "value": 3036.0
                        }
                    ]
                }, 
                {
                    "race": "2 or more minority races", 
                    "purchasers": [
                        {
                            "name": "Fannie Mae", 
                            "count": 649, 
                            "value": 106019.0
                        }, 
                        {
                            "name": "Ginnie Mae", 
                            "count": 856, 
                            "value": 148078.0
                        }, 
                        {
                            "name": "Freddie Mac", 
                            "count": 272, 
                            "value": 44822.0
                        }, 
                        {
                            "name": "Farmer Mac", 
                            "count": 0, 
                            "value": 0
                        }, 
                        {
                            "name": "Private Securitization", 
                            "count": 2, 
                            "value": 186.0
                        }, 
                        {
                            "name": "Commercial bank, savings bank or association", 
                            "count": 219, 
                            "value": 38801.0
                        }, 
                        {
                            "name": "Life insurance co., credit union, finance co.", 
                            "count": 142, 
                            "value": 22003.0
                        }, 
                        {
                            "name": "Affiliate institution", 
                            "count": 74, 
                            "value": 12621.0
                        }, 
                        {
                            "name": "Other", 
                            "count": 1992, 
                            "value": 317362.0
                        }
                    ]
                }, 
                {
                    "race": "Joint (White/Minority Race", 
                    "purchasers": [
                        {
                            "name": "Fannie Mae", 
                            "count": 20, 
                            "value": 3232.0
                        }, 
                        {
                            "name": "Ginnie Mae", 
                            "count": 29, 
                            "value": 5839.0
                        }, 
                        {
                            "name": "Freddie Mac", 
                            "count": 2, 
                            "value": 418.0
                        }, 
                        {
                            "name": "Farmer Mac", 
                            "count": 0, 
                            "value": 0
                        }, 
                        {
                            "name": "Private Securitization", 
                            "count": 0, 
                            "value": 0
                        }, 
                        {
                            "name": "Commercial bank, savings bank or association", 
                            "count": 5, 
                            "value": 944.0
                        }, 
                        {
                            "name": "Life insurance co., credit union, finance co.", 
                            "count": 1, 
                            "value": 139.0
                        }, 
                        {
                            "name": "Affiliate institution", 
                            "count": 5, 
                            "value": 934.0
                        }, 
                        {
                            "name": "Other", 
                            "count": 73, 
                            "value": 13707.0
                        }
                    ]
                }, 
                {
                    "race": "Not Available", 
                    "purchasers": [
                        {
                            "name": "Fannie Mae", 
                            "count": 203, 
                            "value": 47062.0
                        }, 
                        {
                            "name": "Ginnie Mae", 
                            "count": 223, 
                            "value": 43650.0
                        }, 
                        {
                            "name": "Freddie Mac", 
                            "count": 100, 
                            "value": 17233.0
                        }, 
                        {
                            "name": "Farmer Mac", 
                            "count": 0, 
                            "value": 0
                        }, 
                        {
                            "name": "Private Securitization", 
                            "count": 0, 
                            "value": 0
                        }, 
                        {
                            "name": "Commercial bank, savings bank or association", 
                            "count": 45, 
                            "value": 8932.0
                        }, 
                        {
                            "name": "Life insurance co., credit union, finance co.", 
                            "count": 13, 
                            "value": 2829.0
                        }, 
                        {
                            "name": "Affiliate institution", 
                            "count": 37, 
                            "value": 6440.0
                        }, 
                        {
                            "name": "Other", 
                            "count": 547, 
                            "value": 90814.0
                        }
                    ]
                }
            ]
        }, 
        {
            "characteristic": "Ethnicity", 
            "ethnicities": [
                {
                    "ethnicity": "Hispanic or Latino", 
                    "purchasers": [
                        {
                            "name": "Fannie Mae", 
                            "count": 157, 
                            "value": 21735
                        }, 
                        {
                            "name": "Ginnie Mae", 
                            "count": 334, 
                            "value": 50089
                        }, 
                        {
                            "name": "Freddie Mac", 
                            "count": 84, 
                            "value": 12040
                        }, 
                        {
                            "name": "Farmer Mac", 
                            "count": 0, 
                            "value": 0
                        }, 
                        {
                            "name": "Private Securitization", 
                            "count": 0, 
                            "value": 0
                        }, 
                        {
                            "name": "Commercial bank, savings bank or association", 
                            "count": 69, 
                            "value": 10428
                        }, 
                        {
                            "name": "Life insurance co., credit union, finance co.", 
                            "count": 67, 
                            "value": 8495
                        }, 
                        {
                            "name": "Affiliate institution", 
                            "count": 22, 
                            "value": 3311
                        }, 
                        {
                            "name": "Other", 
                            "count": 769, 
                            "value": 101026
                        }
                    ]
                }, 
                {
                    "ethnicity": "Not Hispanic or Latino", 
                    "purchasers": [
                        {
                            "name": "Fannie Mae", 
                            "count": 562, 
                            "value": 96505
                        }, 
                        {
                            "name": "Ginnie Mae", 
                            "count": 578, 
                            "value": 109770
                        }, 
                        {
                            "name": "Freddie Mac", 
                            "count": 210, 
                            "value": 36509
                        }, 
                        {
                            "name": "Farmer Mac", 
                            "count": 0, 
                            "value": 0
                        }, 
                        {
                            "name": "Private Securitization", 
                            "count": 2, 
                            "value": 186
                        }, 
                        {
                            "name": "Commercial bank, savings bank or association", 
                            "count": 162, 
                            "value": 30897
                        }, 
                        {
                            "name": "Life insurance co., credit union, finance co.", 
                            "count": 78, 
                            "value": 13488
                        }, 
                        {
                            "name": "Affiliate institution", 
                            "count": 60, 
                            "value": 10778
                        }, 
                        {
                            "name": "Other", 
                            "count": 1482, 
                            "value": 261223
                        }
                    ]
                }, 
                {
                    "ethnicity": "Joint (Hispanic or Latino/Not Hispanic or Latino", 
                    "purchasers": [
                        {
                            "name": "Fannie Mae", 
                            "count": 37, 
                            "value": 6288
                        }, 
                        {
                            "name": "Ginnie Mae", 
                            "count": 56, 
                            "value": 10437
                        }, 
                        {
                            "name": "Freddie Mac", 
                            "count": 24, 
                            "value": 4305
                        }, 
                        {
                            "name": "Farmer Mac", 
                            "count": 0, 
                            "value": 0
                        }, 
                        {
                            "name": "Private Securitization", 
                            "count": 0, 
                            "value": 0
                        }, 
                        {
                            "name": "Commercial bank, savings bank or association", 
                            "count": 7, 
                            "value": 1154
                        }, 
                        {
                            "name": "Life insurance co., credit union, finance co.", 
                            "count": 8, 
                            "value": 1449
                        }, 
                        {
                            "name": "Affiliate institution", 
                            "count": 6, 
                            "value": 958
                        }, 
                        {
                            "name": "Other", 
                            "count": 117, 
                            "value": 21845
                        }
                    ]
                }, 
                {
                    "ethnicity": "Ethnicity Not Available", 
                    "purchasers": [
                        {
                            "name": "Fannie Mae", 
                            "count": 175, 
                            "value": 42591
                        }, 
                        {
                            "name": "Ginnie Mae", 
                            "count": 214, 
                            "value": 41908
                        }, 
                        {
                            "name": "Freddie Mac", 
                            "count": 88, 
                            "value": 15366
                        }, 
                        {
                            "name": "Farmer Mac", 
                            "count": 0, 
                            "value": 0
                        }, 
                        {
                            "name": "Private Securitization", 
                            "count": 0, 
                            "value": 0
                        }, 
                        {
                            "name": "Commercial bank, savings bank or association", 
                            "count": 46, 
                            "value": 9220
                        }, 
                        {
                            "name": "Life insurance co., credit union, finance co.", 
                            "count": 13, 
                            "value": 3290
                        }, 
                        {
                            "name": "Affiliate institution", 
                            "count": 35, 
                            "value": 6343
                        }, 
                        {
                            "name": "Other", 
                            "count": 461, 
                            "value": 78680
                        }
                    ]
                }
            ]
        }, 
        {
            "characteristic": "Minority Status", 
            "minoritystatuses": [
                {
                    "minoritystatus": "White Non-Hispanic", 
                    "purchasers": [
                        {
                            "name": "Fannie Mae", 
                            "count": 660, 
                            "value": 125499
                        }, 
                        {
                            "name": "Ginnie Mae", 
                            "count": 696, 
                            "value": 132457
                        }, 
                        {
                            "name": "Freddie Mac", 
                            "count": 270, 
                            "value": 46550
                        }, 
                        {
                            "name": "Farmer Mac", 
                            "count": 0, 
                            "value": 0
                        }, 
                        {
                            "name": "Private Securitization", 
                            "count": 2, 
                            "value": 186
                        }, 
                        {
                            "name": "Commercial bank, savings bank or association", 
                            "count": 189, 
                            "value": 36244
                        }, 
                        {
                            "name": "Life insurance co., credit union, finance co.", 
                            "count": 82, 
                            "value": 15085
                        }, 
                        {
                            "name": "Affiliate institution", 
                            "count": 83, 
                            "value": 14792
                        }, 
                        {
                            "name": "Other", 
                            "count": 1689, 
                            "value": 290921
                        }
                    ]
                }, 
                {
                    "minoritystatus": "Others, Including Hispanic", 
                    "purchasers": [
                        {
                            "name": "Fannie Mae", 
                            "count": 271, 
                            "value": 41620
                        }, 
                        {
                            "name": "Ginnie Mae", 
                            "count": 486, 
                            "value": 79747
                        }, 
                        {
                            "name": "Freddie Mac", 
                            "count": 136, 
                            "value": 21670
                        }, 
                        {
                            "name": "Farmer Mac", 
                            "count": 0, 
                            "value": 0
                        }, 
                        {
                            "name": "Private Securitization", 
                            "count": 0, 
                            "value": 0
                        }, 
                        {
                            "name": "Commercial bank, savings bank or association", 
                            "count": 95, 
                            "value": 15455
                        }, 
                        {
                            "name": "Life insurance co., credit union, finance co.", 
                            "count": 84, 
                            "value": 11637
                        }, 
                        {
                            "name": "Affiliate institution", 
                            "count": 40, 
                            "value": 6598
                        }, 
                        {
                            "name": "Other", 
                            "count": 1140, 
                            "value": 171853
                        }
                    ]
                }
            ]
        }, 
        {
            "characteristic": "Applicant Income", 
            "applicantincomes": [
                {
                    "applicantincome": "Less than 50% of MSA/MD median", 
                    "purchasers": [
                        {
                            "name": "Fannie Mae", 
                            "count": 54, 
                            "value": 5743
                        }, 
                        {
                            "name": "Ginnie Mae", 
                            "count": 63, 
                            "value": 5720
                        }, 
                        {
                            "name": "Freddie Mac", 
                            "count": 16, 
                            "value": 1884
                        }, 
                        {
                            "name": "Farmer Mac", 
                            "count": 0, 
                            "value": 0
                        }, 
                        {
                            "name": "Private Securitization", 
                            "count": 1, 
                            "value": 53
                        }, 
                        {
                            "name": "Commercial bank, savings bank or association", 
                            "count": 20, 
                            "value": 2126
                        }, 
                        {
                            "name": "Life insurance co., credit union, finance co.", 
                            "count": 15, 
                            "value": 1597
                        }, 
                        {
                            "name": "Affiliate institution", 
                            "count": 8, 
                            "value": 1029
                        }, 
                        {
                            "name": "Other", 
                            "count": 192, 
                            "value": 17334
                        }
                    ]
                }, 
                {
                    "applicantincome": "50-79% of MSA/MD median", 
                    "purchasers": [
                        {
                            "name": "Fannie Mae", 
                            "count": 117, 
                            "value": 14481
                        }, 
                        {
                            "name": "Ginnie Mae", 
                            "count": 178, 
                            "value": 22653
                        }, 
                        {
                            "name": "Freddie Mac", 
                            "count": 54, 
                            "value": 6633
                        }, 
                        {
                            "name": "Farmer Mac", 
                            "count": 0, 
                            "value": 0
                        }, 
                        {
                            "name": "Private Securitization", 
                            "count": 0, 
                            "value": 0
                        }, 
                        {
                            "name": "Commercial bank, savings bank or association", 
                            "count": 34, 
                            "value": 4590
                        }, 
                        {
                            "name": "Life insurance co., credit union, finance co.", 
                            "count": 40, 
                            "value": 4449
                        }, 
                        {
                            "name": "Affiliate institution", 
                            "count": 15, 
                            "value": 1793
                        }, 
                        {
                            "name": "Other", 
                            "count": 426, 
                            "value": 48414
                        }
                    ]
                }, 
                {
                    "applicantincome": "80-99% of MSA/MD median", 
                    "purchasers": [
                        {
                            "name": "Fannie Mae", 
                            "count": 81, 
                            "value": 11434
                        }, 
                        {
                            "name": "Ginnie Mae", 
                            "count": 123, 
                            "value": 19562
                        }, 
                        {
                            "name": "Freddie Mac", 
                            "count": 34, 
                            "value": 5123
                        }, 
                        {
                            "name": "Farmer Mac", 
                            "count": 0, 
                            "value": 0
                        }, 
                        {
                            "name": "Private Securitization", 
                            "count": 0, 
                            "value": 0
                        }, 
                        {
                            "name": "Commercial bank, savings bank or association", 
                            "count": 26, 
                            "value": 4100
                        }, 
                        {
                            "name": "Life insurance co., credit union, finance co.", 
                            "count": 25, 
                            "value": 3127
                        }, 
                        {
                            "name": "Affiliate institution", 
                            "count": 7, 
                            "value": 1007
                        }, 
                        {
                            "name": "Other", 
                            "count": 312, 
                            "value": 42824
                        }
                    ]
                }, 
                {
                    "applicantincome": "100-119% of MSA/MD median", 
                    "purchasers": [
                        {
                            "name": "Fannie Mae", 
                            "count": 82, 
                            "value": 12978
                        }, 
                        {
                            "name": "Ginnie Mae", 
                            "count": 106, 
                            "value": 18734
                        }, 
                        {
                            "name": "Freddie Mac", 
                            "count": 36, 
                            "value": 4998
                        }, 
                        {
                            "name": "Farmer Mac", 
                            "count": 0, 
                            "value": 0
                        }, 
                        {
                            "name": "Private Securitization", 
                            "count": 1, 
                            "value": 133
                        }, 
                        {
                            "name": "Commercial bank, savings bank or association", 
                            "count": 22, 
                            "value": 3915
                        }, 
                        {
                            "name": "Life insurance co., credit union, finance co.", 
                            "count": 13, 
                            "value": 2363
                        }, 
                        {
                            "name": "Affiliate institution", 
                            "count": 10, 
                            "value": 1565
                        }, 
                        {
                            "name": "Other", 
                            "count": 276, 
                            "value": 42817
                        }
                    ]
                }, 
                {
                    "applicantincome": "120% or more of MSA/MD median", 
                    "purchasers": [
                        {
                            "name": "Fannie Mae", 
                            "count": 553, 
                            "value": 102704
                        }, 
                        {
                            "name": "Ginnie Mae", 
                            "count": 280, 
                            "value": 58474
                        }, 
                        {
                            "name": "Freddie Mac", 
                            "count": 243, 
                            "value": 45269
                        }, 
                        {
                            "name": "Farmer Mac", 
                            "count": 0, 
                            "value": 0
                        }, 
                        {
                            "name": "Private Securitization", 
                            "count": 0, 
                            "value": 0
                        }, 
                        {
                            "name": "Commercial bank, savings bank or association", 
                            "count": 124, 
                            "value": 24752
                        }, 
                        {
                            "name": "Life insurance co., credit union, finance co.", 
                            "count": 52, 
                            "value": 10683
                        }, 
                        {
                            "name": "Affiliate institution", 
                            "count": 77, 
                            "value": 14511
                        }, 
                        {
                            "name": "Other", 
                            "count": 1246, 
                            "value": 240332
                        }
                    ]
                }, 
                {
                    "applicantincome": "income not available", 
                    "purchasers": [
                        {
                            "name": "Fannie Mae", 
                            "count": 44, 
                            "value": 19779
                        }, 
                        {
                            "name": "Ginnie Mae", 
                            "count": 432, 
                            "value": 87061
                        }, 
                        {
                            "name": "Freddie Mac", 
                            "count": 23, 
                            "value": 4313
                        }, 
                        {
                            "name": "Farmer Mac", 
                            "count": 0, 
                            "value": 0
                        }, 
                        {
                            "name": "Private Securitization", 
                            "count": 0, 
                            "value": 0
                        }, 
                        {
                            "name": "Commercial bank, savings bank or association", 
                            "count": 58, 
                            "value": 12216
                        }, 
                        {
                            "name": "Life insurance co., credit union, finance co.", 
                            "count": 21, 
                            "value": 4503
                        }, 
                        {
                            "name": "Affiliate institution", 
                            "count": 6, 
                            "value": 1485
                        }, 
                        {
                            "name": "Other", 
                            "count": 377, 
                            "value": 71053
                        }
                    ]
                }
            ]
        }
    ], 
    "censuscharacteristics": [
        {
            "characteristic": "Racial/Ethnic Composition", 
            "tractpctminorities": [
                {
                    "tractpctminority": "Less than 10% minority", 
                    "purchasers": [
                        {
                            "name": "Fannie Mae", 
                            "count": 0, 
                            "value": 0
                        }, 
                        {
                            "name": "Ginnie Mae", 
                            "count": 0, 
                            "value": 0
                        }, 
                        {
                            "name": "Freddie Mac", 
                            "count": 0, 
                            "value": 0
                        }, 
                        {
                            "name": "Farmer Mac", 
                            "count": 0, 
                            "value": 0
                        }, 
                        {
                            "name": "Private Securitization", 
                            "count": 0, 
                            "value": 0
                        }, 
                        {
                            "name": "Commercial bank, savings bank or association", 
                            "count": 0, 
                            "value": 0
                        }, 
                        {
                            "name": "Life insurance co., credit union, finance co.", 
                            "count": 0, 
                            "value": 0
                        }, 
                        {
                            "name": "Affiliate institution", 
                            "count": 0, 
                            "value": 0
                        }, 
                        {
                            "name": "Other", 
                            "count": 0, 
                            "value": 0
                        }
                    ]
                }, 
                {
                    "tractpctminority": "10-19% minority", 
                    "purchasers": [
                        {
                            "name": "Fannie Mae", 
                            "count": 282, 
                            "value": 49945
                        }, 
                        {
                            "name": "Ginnie Mae", 
                            "count": 221, 
                            "value": 40705
                        }, 
                        {
                            "name": "Freddie Mac", 
                            "count": 130, 
                            "value": 23632
                        }, 
                        {
                            "name": "Farmer Mac", 
                            "count": 0, 
                            "value": 0
                        }, 
                        {
                            "name": "Private Securitization", 
                            "count": 0, 
                            "value": 0
                        }, 
                        {
                            "name": "Commercial bank, savings bank or association", 
                            "count": 78, 
                            "value": 14654
                        }, 
                        {
                            "name": "Life insurance co., credit union, finance co.", 
                            "count": 40, 
                            "value": 6431
                        }, 
                        {
                            "name": "Affiliate institution", 
                            "count": 38, 
                            "value": 6524
                        }, 
                        {
                            "name": "Other", 
                            "count": 720, 
                            "value": 126564
                        }
                    ]
                }, 
                {
                    "tractpctminority": "20-49% minority", 
                    "purchasers": [
                        {
                            "name": "Fannie Mae", 
                            "count": 565, 
                            "value": 99587
                        }, 
                        {
                            "name": "Ginnie Mae", 
                            "count": 855, 
                            "value": 159515
                        }, 
                        {
                            "name": "Freddie Mac", 
                            "count": 227, 
                            "value": 39343
                        }, 
                        {
                            "name": "Farmer Mac", 
                            "count": 0, 
                            "value": 0
                        }, 
                        {
                            "name": "Private Securitization", 
                            "count": 2, 
                            "value": 186
                        }, 
                        {
                            "name": "Commercial bank, savings bank or association", 
                            "count": 177, 
                            "value": 33890
                        }, 
                        {
                            "name": "Life insurance co., credit union, finance co.", 
                            "count": 105, 
                            "value": 18131
                        }, 
                        {
                            "name": "Affiliate institution", 
                            "count": 68, 
                            "value": 12760
                        }, 
                        {
                            "name": "Other", 
                            "count": 1757, 
                            "value": 297176
                        }
                    ]
                }, 
                {
                    "tractpctminority": "50-79% minority", 
                    "purchasers": [
                        {
                            "name": "Fannie Mae", 
                            "count": 84, 
                            "value": 17587
                        }, 
                        {
                            "name": "Ginnie Mae", 
                            "count": 106, 
                            "value": 11984
                        }, 
                        {
                            "name": "Freddie Mac", 
                            "count": 49, 
                            "value": 5245
                        }, 
                        {
                            "name": "Farmer Mac", 
                            "count": 0, 
                            "value": 0
                        }, 
                        {
                            "name": "Private Securitization", 
                            "count": 0, 
                            "value": 0
                        }, 
                        {
                            "name": "Commercial bank, savings bank or association", 
                            "count": 29, 
                            "value": 3155
                        }, 
                        {
                            "name": "Life insurance co., credit union, finance co.", 
                            "count": 21, 
                            "value": 2160
                        }, 
                        {
                            "name": "Affiliate institution", 
                            "count": 17, 
                            "value": 2106
                        }, 
                        {
                            "name": "Other", 
                            "count": 352, 
                            "value": 39034
                        }
                    ]
                }, 
                {
                    "tractpctminority": "80-100% minority", 
                    "purchasers": [
                        {
                            "name": "Fannie Mae", 
                            "count": 0, 
                            "value": 0
                        }, 
                        {
                            "name": "Ginnie Mae", 
                            "count": 0, 
                            "value": 0
                        }, 
                        {
                            "name": "Freddie Mac", 
                            "count": 0, 
                            "value": 0
                        }, 
                        {
                            "name": "Farmer Mac", 
                            "count": 0, 
                            "value": 0
                        }, 
                        {
                            "name": "Private Securitization", 
                            "count": 0, 
                            "value": 0
                        }, 
                        {
                            "name": "Commercial bank, savings bank or association", 
                            "count": 0, 
                            "value": 0
                        }, 
                        {
                            "name": "Life insurance co., credit union, finance co.", 
                            "count": 0, 
                            "value": 0
                        }, 
                        {
                            "name": "Affiliate institution", 
                            "count": 0, 
                            "value": 0
                        }, 
                        {
                            "name": "Other", 
                            "count": 0, 
                            "value": 0
                        }
                    ]
                }
            ]
        }, 
        {
            "characteristic": "Income", 
            "incomelevels": [
                {
                    "incomelevel": "Low income", 
                    "purchasers": [
                        {
                            "name": "Fannie Mae", 
                            "count": 0, 
                            "value": 0
                        }, 
                        {
                            "name": "Ginnie Mae", 
                            "count": 0, 
                            "value": 0
                        }, 
                        {
                            "name": "Freddie Mac", 
                            "count": 0, 
                            "value": 0
                        }, 
                        {
                            "name": "Farmer Mac", 
                            "count": 0, 
                            "value": 0
                        }, 
                        {
                            "name": "Private Securitization", 
                            "count": 0, 
                            "value": 0
                        }, 
                        {
                            "name": "Commercial bank, savings bank or association", 
                            "count": 0, 
                            "value": 0
                        }, 
                        {
                            "name": "Life insurance co., credit union, finance co.", 
                            "count": 0, 
                            "value": 0
                        }, 
                        {
                            "name": "Affiliate institution", 
                            "count": 0, 
                            "value": 0
                        }, 
                        {
                            "name": "Other", 
                            "count": 0, 
                            "value": 0
                        }
                    ]
                }, 
                {
                    "incomelevel": "Moderate income", 
                    "purchasers": [
                        {
                            "name": "Fannie Mae", 
                            "count": 114, 
                            "value": 21401
                        }, 
                        {
                            "name": "Ginnie Mae", 
                            "count": 147, 
                            "value": 17844
                        }, 
                        {
                            "name": "Freddie Mac", 
                            "count": 63, 
                            "value": 7069
                        }, 
                        {
                            "name": "Farmer Mac", 
                            "count": 0, 
                            "value": 0
                        }, 
                        {
                            "name": "Private Securitization", 
                            "count": 0, 
                            "value": 0
                        }, 
                        {
                            "name": "Commercial bank, savings bank or association", 
                            "count": 39, 
                            "value": 4585
                        }, 
                        {
                            "name": "Life insurance co., credit union, finance co.", 
                            "count": 26, 
                            "value": 3101
                        }, 
                        {
                            "name": "Affiliate institution", 
                            "count": 23, 
                            "value": 2929
                        }, 
                        {
                            "name": "Other", 
                            "count": 461, 
                            "value": 52439
                        }
                    ]
                }, 
                {
                    "incomelevel": "Middle income", 
                    "purchasers": [
                        {
                            "name": "Fannie Mae", 
                            "count": 221, 
                            "value": 34435
                        }, 
                        {
                            "name": "Ginnie Mae", 
                            "count": 244, 
                            "value": 36091
                        }, 
                        {
                            "name": "Freddie Mac", 
                            "count": 95, 
                            "value": 15232
                        }, 
                        {
                            "name": "Farmer Mac", 
                            "count": 0, 
                            "value": 0
                        }, 
                        {
                            "name": "Private Securitization", 
                            "count": 0, 
                            "value": 0
                        }, 
                        {
                            "name": "Commercial bank, savings bank or association", 
                            "count": 62, 
                            "value": 10913
                        }, 
                        {
                            "name": "Life insurance co., credit union, finance co.", 
                            "count": 52, 
                            "value": 7104
                        }, 
                        {
                            "name": "Affiliate institution", 
                            "count": 22, 
                            "value": 3050
                        }, 
                        {
                            "name": "Other", 
                            "count": 685, 
                            "value": 100522
                        }
                    ]
                }, 
                {
                    "incomelevel": "Upper income", 
                    "purchasers": [
                        {
                            "name": "Fannie Mae", 
                            "count": 596, 
                            "value": 111283
                        }, 
                        {
                            "name": "Ginnie Mae", 
                            "count": 791, 
                            "value": 158269
                        }, 
                        {
                            "name": "Freddie Mac", 
                            "count": 248, 
                            "value": 45919
                        }, 
                        {
                            "name": "Farmer Mac", 
                            "count": 0, 
                            "value": 0
                        }, 
                        {
                            "name": "Private Securitization", 
                            "count": 2, 
                            "value": 186
                        }, 
                        {
                            "name": "Commercial bank, savings bank or association", 
                            "count": 183, 
                            "value": 36201
                        }, 
                        {
                            "name": "Life insurance co., credit union, finance co.", 
                            "count": 88, 
                            "value": 16517
                        }, 
                        {
                            "name": "Affiliate institution", 
                            "count": 78, 
                            "value": 15411
                        }, 
                        {
                            "name": "Other", 
                            "count": 1683, 
                            "value": 309813
                        }
                    ]
                }
            ]
        }
    ], 
    "total": {
        "purchasers": [
            {
                "name": "Fannie Mae", 
                "count": 931, 
                "value": 167119
            }, 
            {
                "name": "Ginnie Mae", 
                "count": 1182, 
                "value": 212204
            }, 
            {
                "name": "Freddie Mac", 
                "count": 406, 
                "value": 68220
            }, 
            {
                "name": "Farmer Mac", 
                "count": 0, 
                "value": 0
            }, 
            {
                "name": "Private Securitization", 
                "count": 2, 
                "value": 186
            }, 
            {
                "name": "Commercial bank, savings bank or association", 
                "count": 284, 
                "value": 51699
            }, 
            {
                "name": "Life insurance co., credit union, finance co.", 
                "count": 166, 
                "value": 26722
            }, 
            {
                "name": "Affiliate institution", 
                "count": 123, 
                "value": 21390
            }, 
            {
                "name": "Other", 
                "count": 2829, 
                "value": 462774
            }
        ]
    }
}