{
    "table": "3-1", 
    "type": "Aggregate", 
    "desc": "Loans sold, by characteristics of borrower and census tract in which property is located and by type of purchaser (includes originations and purchased loans),", 
    "year": "2012", 
    "msa": {
        "id": "19460", 
        "name": "Decatur", 
        "state": "AL", 
        "state_name": "Alabama"
    }, 
    "borrowercharacteristics": [
        {
            "characteristic": "Race", 
            "races": [
                {
                    "race": "American Indian/Alaska Native", 
                    "purchasers": [
                        {
                            "name": "Fannie Mae", 
                            "count": 2, 
                            "value": 360.0
                        }, 
                        {
                            "name": "Ginnie Mae", 
                            "count": 3, 
                            "value": 258.0
                        }, 
                        {
                            "name": "Freddie Mac", 
                            "count": 1, 
                            "value": 86.0
                        }, 
                        {
                            "name": "Farmer Mac", 
                            "count": 0, 
                            "value": 0
                        }, 
                        {
                            "name": "Private Securitization", 
                            "count": 0, 
                            "value": 0
                        }, 
                        {
                            "name": "Commercial bank, savings bank or association", 
                            "count": 0, 
                            "value": 0
                        }, 
                        {
                            "name": "Life insurance co., credit union, finance co.", 
                            "count": 0, 
                            "value": 0
                        }, 
                        {
                            "name": "Affiliate institution", 
                            "count": 0, 
                            "value": 0
                        }, 
                        {
                            "name": "Other", 
                            "count": 21, 
                            "value": 1718.0
                        }
                    ]
                }, 
                {
                    "race": "Asian", 
                    "purchasers": [
                        {
                            "name": "Fannie Mae", 
                            "count": 2, 
                            "value": 159.0
                        }, 
                        {
                            "name": "Ginnie Mae", 
                            "count": 0, 
                            "value": 0
                        }, 
                        {
                            "name": "Freddie Mac", 
                            "count": 1, 
                            "value": 134.0
                        }, 
                        {
                            "name": "Farmer Mac", 
                            "count": 0, 
                            "value": 0
                        }, 
                        {
                            "name": "Private Securitization", 
                            "count": 0, 
                            "value": 0
                        }, 
                        {
                            "name": "Commercial bank, savings bank or association", 
                            "count": 0, 
                            "value": 0
                        }, 
                        {
                            "name": "Life insurance co., credit union, finance co.", 
                            "count": 2, 
                            "value": 72.0
                        }, 
                        {
                            "name": "Affiliate institution", 
                            "count": 0, 
                            "value": 0
                        }, 
                        {
                            "name": "Other", 
                            "count": 36, 
                            "value": 2919.0
                        }
                    ]
                }, 
                {
                    "race": "Black or African American", 
                    "purchasers": [
                        {
                            "name": "Fannie Mae", 
                            "count": 4, 
                            "value": 724.0
                        }, 
                        {
                            "name": "Ginnie Mae", 
                            "count": 1, 
                            "value": 96.0
                        }, 
                        {
                            "name": "Freddie Mac", 
                            "count": 1, 
                            "value": 90.0
                        }, 
                        {
                            "name": "Farmer Mac", 
                            "count": 0, 
                            "value": 0
                        }, 
                        {
                            "name": "Private Securitization", 
                            "count": 0, 
                            "value": 0
                        }, 
                        {
                            "name": "Commercial bank, savings bank or association", 
                            "count": 2, 
                            "value": 157.0
                        }, 
                        {
                            "name": "Life insurance co., credit union, finance co.", 
                            "count": 2, 
                            "value": 277.0
                        }, 
                        {
                            "name": "Affiliate institution", 
                            "count": 0, 
                            "value": 0
                        }, 
                        {
                            "name": "Other", 
                            "count": 24, 
                            "value": 2750.0
                        }
                    ]
                }, 
                {
                    "race": "Native Hawaiian or Other Pacific Islander", 
                    "purchasers": [
                        {
                            "name": "Fannie Mae", 
                            "count": 31, 
                            "value": 3218.0
                        }, 
                        {
                            "name": "Ginnie Mae", 
                            "count": 63, 
                            "value": 7203.0
                        }, 
                        {
                            "name": "Freddie Mac", 
                            "count": 10, 
                            "value": 1184.0
                        }, 
                        {
                            "name": "Farmer Mac", 
                            "count": 0, 
                            "value": 0
                        }, 
                        {
                            "name": "Private Securitization", 
                            "count": 2, 
                            "value": 122.0
                        }, 
                        {
                            "name": "Commercial bank, savings bank or association", 
                            "count": 14, 
                            "value": 1806.0
                        }, 
                        {
                            "name": "Life insurance co., credit union, finance co.", 
                            "count": 26, 
                            "value": 2397.0
                        }, 
                        {
                            "name": "Affiliate institution", 
                            "count": 2, 
                            "value": 365.0
                        }, 
                        {
                            "name": "Other", 
                            "count": 394, 
                            "value": 27765.0
                        }
                    ]
                }, 
                {
                    "race": "White", 
                    "purchasers": [
                        {
                            "name": "Fannie Mae", 
                            "count": 1, 
                            "value": 46.0
                        }, 
                        {
                            "name": "Ginnie Mae", 
                            "count": 1, 
                            "value": 275.0
                        }, 
                        {
                            "name": "Freddie Mac", 
                            "count": 0, 
                            "value": 0
                        }, 
                        {
                            "name": "Farmer Mac", 
                            "count": 0, 
                            "value": 0
                        }, 
                        {
                            "name": "Private Securitization", 
                            "count": 0, 
                            "value": 0
                        }, 
                        {
                            "name": "Commercial bank, savings bank or association", 
                            "count": 0, 
                            "value": 0
                        }, 
                        {
                            "name": "Life insurance co., credit union, finance co.", 
                            "count": 0, 
                            "value": 0
                        }, 
                        {
                            "name": "Affiliate institution", 
                            "count": 0, 
                            "value": 0
                        }, 
                        {
                            "name": "Other", 
                            "count": 4, 
                            "value": 332.0
                        }
                    ]
                }, 
                {
                    "race": "2 or more minority races", 
                    "purchasers": [
                        {
                            "name": "Fannie Mae", 
                            "count": 921, 
                            "value": 127970.0
                        }, 
                        {
                            "name": "Ginnie Mae", 
                            "count": 815, 
                            "value": 110901.0
                        }, 
                        {
                            "name": "Freddie Mac", 
                            "count": 256, 
                            "value": 32553.0
                        }, 
                        {
                            "name": "Farmer Mac", 
                            "count": 0, 
                            "value": 0
                        }, 
                        {
                            "name": "Private Securitization", 
                            "count": 13, 
                            "value": 2219.0
                        }, 
                        {
                            "name": "Commercial bank, savings bank or association", 
                            "count": 375, 
                            "value": 58960.0
                        }, 
                        {
                            "name": "Life insurance co., credit union, finance co.", 
                            "count": 683, 
                            "value": 90718.0
                        }, 
                        {
                            "name": "Affiliate institution", 
                            "count": 62, 
                            "value": 6946.0
                        }, 
                        {
                            "name": "Other", 
                            "count": 4138, 
                            "value": 425261.0
                        }
                    ]
                }, 
                {
                    "race": "Joint (White/Minority Race", 
                    "purchasers": [
                        {
                            "name": "Fannie Mae", 
                            "count": 11, 
                            "value": 1536.0
                        }, 
                        {
                            "name": "Ginnie Mae", 
                            "count": 13, 
                            "value": 2077.0
                        }, 
                        {
                            "name": "Freddie Mac", 
                            "count": 0, 
                            "value": 0
                        }, 
                        {
                            "name": "Farmer Mac", 
                            "count": 0, 
                            "value": 0
                        }, 
                        {
                            "name": "Private Securitization", 
                            "count": 0, 
                            "value": 0
                        }, 
                        {
                            "name": "Commercial bank, savings bank or association", 
                            "count": 4, 
                            "value": 658.0
                        }, 
                        {
                            "name": "Life insurance co., credit union, finance co.", 
                            "count": 6, 
                            "value": 1180.0
                        }, 
                        {
                            "name": "Affiliate institution", 
                            "count": 2, 
                            "value": 318.0
                        }, 
                        {
                            "name": "Other", 
                            "count": 57, 
                            "value": 6370.0
                        }
                    ]
                }, 
                {
                    "race": "Not Available", 
                    "purchasers": [
                        {
                            "name": "Fannie Mae", 
                            "count": 150, 
                            "value": 21808.0
                        }, 
                        {
                            "name": "Ginnie Mae", 
                            "count": 166, 
                            "value": 24299.0
                        }, 
                        {
                            "name": "Freddie Mac", 
                            "count": 161, 
                            "value": 22606.0
                        }, 
                        {
                            "name": "Farmer Mac", 
                            "count": 0, 
                            "value": 0
                        }, 
                        {
                            "name": "Private Securitization", 
                            "count": 1, 
                            "value": 178.0
                        }, 
                        {
                            "name": "Commercial bank, savings bank or association", 
                            "count": 21, 
                            "value": 3787.0
                        }, 
                        {
                            "name": "Life insurance co., credit union, finance co.", 
                            "count": 8, 
                            "value": 770.0
                        }, 
                        {
                            "name": "Affiliate institution", 
                            "count": 18, 
                            "value": 2201.0
                        }, 
                        {
                            "name": "Other", 
                            "count": 664, 
                            "value": 69941.0
                        }
                    ]
                }
            ]
        }, 
        {
            "characteristic": "Ethnicity", 
            "ethnicities": [
                {
                    "ethnicity": "Hispanic or Latino", 
                    "purchasers": [
                        {
                            "name": "Fannie Mae", 
                            "count": 6, 
                            "value": 950
                        }, 
                        {
                            "name": "Ginnie Mae", 
                            "count": 15, 
                            "value": 1378
                        }, 
                        {
                            "name": "Freddie Mac", 
                            "count": 3, 
                            "value": 274
                        }, 
                        {
                            "name": "Farmer Mac", 
                            "count": 0, 
                            "value": 0
                        }, 
                        {
                            "name": "Private Securitization", 
                            "count": 0, 
                            "value": 0
                        }, 
                        {
                            "name": "Commercial bank, savings bank or association", 
                            "count": 5, 
                            "value": 837
                        }, 
                        {
                            "name": "Life insurance co., credit union, finance co.", 
                            "count": 6, 
                            "value": 495
                        }, 
                        {
                            "name": "Affiliate institution", 
                            "count": 0, 
                            "value": 0
                        }, 
                        {
                            "name": "Other", 
                            "count": 72, 
                            "value": 6091
                        }
                    ]
                }, 
                {
                    "ethnicity": "Not Hispanic or Latino", 
                    "purchasers": [
                        {
                            "name": "Fannie Mae", 
                            "count": 967, 
                            "value": 133220
                        }, 
                        {
                            "name": "Ginnie Mae", 
                            "count": 885, 
                            "value": 119761
                        }, 
                        {
                            "name": "Freddie Mac", 
                            "count": 267, 
                            "value": 33941
                        }, 
                        {
                            "name": "Farmer Mac", 
                            "count": 0, 
                            "value": 0
                        }, 
                        {
                            "name": "Private Securitization", 
                            "count": 15, 
                            "value": 2341
                        }, 
                        {
                            "name": "Commercial bank, savings bank or association", 
                            "count": 391, 
                            "value": 61201
                        }, 
                        {
                            "name": "Life insurance co., credit union, finance co.", 
                            "count": 715, 
                            "value": 94151
                        }, 
                        {
                            "name": "Affiliate institution", 
                            "count": 62, 
                            "value": 7075
                        }, 
                        {
                            "name": "Other", 
                            "count": 4483, 
                            "value": 455764
                        }
                    ]
                }, 
                {
                    "ethnicity": "Joint (Hispanic or Latino/Not Hispanic or Latino", 
                    "purchasers": [
                        {
                            "name": "Fannie Mae", 
                            "count": 5, 
                            "value": 968
                        }, 
                        {
                            "name": "Ginnie Mae", 
                            "count": 2, 
                            "value": 375
                        }, 
                        {
                            "name": "Freddie Mac", 
                            "count": 0, 
                            "value": 0
                        }, 
                        {
                            "name": "Farmer Mac", 
                            "count": 0, 
                            "value": 0
                        }, 
                        {
                            "name": "Private Securitization", 
                            "count": 0, 
                            "value": 0
                        }, 
                        {
                            "name": "Commercial bank, savings bank or association", 
                            "count": 2, 
                            "value": 202
                        }, 
                        {
                            "name": "Life insurance co., credit union, finance co.", 
                            "count": 2, 
                            "value": 377
                        }, 
                        {
                            "name": "Affiliate institution", 
                            "count": 0, 
                            "value": 0
                        }, 
                        {
                            "name": "Other", 
                            "count": 19, 
                            "value": 2203
                        }
                    ]
                }, 
                {
                    "ethnicity": "Ethnicity Not Available", 
                    "purchasers": [
                        {
                            "name": "Fannie Mae", 
                            "count": 144, 
                            "value": 20683
                        }, 
                        {
                            "name": "Ginnie Mae", 
                            "count": 160, 
                            "value": 23595
                        }, 
                        {
                            "name": "Freddie Mac", 
                            "count": 160, 
                            "value": 22438
                        }, 
                        {
                            "name": "Farmer Mac", 
                            "count": 0, 
                            "value": 0
                        }, 
                        {
                            "name": "Private Securitization", 
                            "count": 1, 
                            "value": 178
                        }, 
                        {
                            "name": "Commercial bank, savings bank or association", 
                            "count": 18, 
                            "value": 3128
                        }, 
                        {
                            "name": "Life insurance co., credit union, finance co.", 
                            "count": 4, 
                            "value": 391
                        }, 
                        {
                            "name": "Affiliate institution", 
                            "count": 22, 
                            "value": 2755
                        }, 
                        {
                            "name": "Other", 
                            "count": 764, 
                            "value": 72998
                        }
                    ]
                }
            ]
        }, 
        {
            "characteristic": "Minority Status", 
            "minoritystatuses": [
                {
                    "minoritystatus": "White Non-Hispanic", 
                    "purchasers": [
                        {
                            "name": "Fannie Mae", 
                            "count": 1061, 
                            "value": 148074
                        }, 
                        {
                            "name": "Ginnie Mae", 
                            "count": 966, 
                            "value": 133752
                        }, 
                        {
                            "name": "Freddie Mac", 
                            "count": 415, 
                            "value": 54971
                        }, 
                        {
                            "name": "Farmer Mac", 
                            "count": 0, 
                            "value": 0
                        }, 
                        {
                            "name": "Private Securitization", 
                            "count": 14, 
                            "value": 2397
                        }, 
                        {
                            "name": "Commercial bank, savings bank or association", 
                            "count": 389, 
                            "value": 61708
                        }, 
                        {
                            "name": "Life insurance co., credit union, finance co.", 
                            "count": 683, 
                            "value": 90616
                        }, 
                        {
                            "name": "Affiliate institution", 
                            "count": 80, 
                            "value": 9147
                        }, 
                        {
                            "name": "Other", 
                            "count": 4729, 
                            "value": 487884
                        }
                    ]
                }, 
                {
                    "minoritystatus": "Others, Including Hispanic", 
                    "purchasers": [
                        {
                            "name": "Fannie Mae", 
                            "count": 61, 
                            "value": 7747
                        }, 
                        {
                            "name": "Ginnie Mae", 
                            "count": 96, 
                            "value": 11357
                        }, 
                        {
                            "name": "Freddie Mac", 
                            "count": 15, 
                            "value": 1682
                        }, 
                        {
                            "name": "Farmer Mac", 
                            "count": 0, 
                            "value": 0
                        }, 
                        {
                            "name": "Private Securitization", 
                            "count": 2, 
                            "value": 122
                        }, 
                        {
                            "name": "Commercial bank, savings bank or association", 
                            "count": 27, 
                            "value": 3660
                        }, 
                        {
                            "name": "Life insurance co., credit union, finance co.", 
                            "count": 44, 
                            "value": 4798
                        }, 
                        {
                            "name": "Affiliate institution", 
                            "count": 4, 
                            "value": 683
                        }, 
                        {
                            "name": "Other", 
                            "count": 609, 
                            "value": 49172
                        }
                    ]
                }
            ]
        }, 
        {
            "characteristic": "Applicant Income", 
            "applicantincomes": [
                {
                    "applicantincome": "Less than 50% of MSA/MD median", 
                    "purchasers": [
                        {
                            "name": "Fannie Mae", 
                            "count": 57, 
                            "value": 4038
                        }, 
                        {
                            "name": "Ginnie Mae", 
                            "count": 93, 
                            "value": 7286
                        }, 
                        {
                            "name": "Freddie Mac", 
                            "count": 15, 
                            "value": 1153
                        }, 
                        {
                            "name": "Farmer Mac", 
                            "count": 0, 
                            "value": 0
                        }, 
                        {
                            "name": "Private Securitization", 
                            "count": 0, 
                            "value": 0
                        }, 
                        {
                            "name": "Commercial bank, savings bank or association", 
                            "count": 23, 
                            "value": 1657
                        }, 
                        {
                            "name": "Life insurance co., credit union, finance co.", 
                            "count": 85, 
                            "value": 6661
                        }, 
                        {
                            "name": "Affiliate institution", 
                            "count": 8, 
                            "value": 592
                        }, 
                        {
                            "name": "Other", 
                            "count": 843, 
                            "value": 43508
                        }
                    ]
                }, 
                {
                    "applicantincome": "50-79% of MSA/MD median", 
                    "purchasers": [
                        {
                            "name": "Fannie Mae", 
                            "count": 151, 
                            "value": 14050
                        }, 
                        {
                            "name": "Ginnie Mae", 
                            "count": 195, 
                            "value": 21221
                        }, 
                        {
                            "name": "Freddie Mac", 
                            "count": 64, 
                            "value": 5913
                        }, 
                        {
                            "name": "Farmer Mac", 
                            "count": 0, 
                            "value": 0
                        }, 
                        {
                            "name": "Private Securitization", 
                            "count": 5, 
                            "value": 630
                        }, 
                        {
                            "name": "Commercial bank, savings bank or association", 
                            "count": 59, 
                            "value": 6516
                        }, 
                        {
                            "name": "Life insurance co., credit union, finance co.", 
                            "count": 181, 
                            "value": 18452
                        }, 
                        {
                            "name": "Affiliate institution", 
                            "count": 13, 
                            "value": 1069
                        }, 
                        {
                            "name": "Other", 
                            "count": 1168, 
                            "value": 81741
                        }
                    ]
                }, 
                {
                    "applicantincome": "80-99% of MSA/MD median", 
                    "purchasers": [
                        {
                            "name": "Fannie Mae", 
                            "count": 167, 
                            "value": 18385
                        }, 
                        {
                            "name": "Ginnie Mae", 
                            "count": 137, 
                            "value": 17444
                        }, 
                        {
                            "name": "Freddie Mac", 
                            "count": 35, 
                            "value": 3349
                        }, 
                        {
                            "name": "Farmer Mac", 
                            "count": 0, 
                            "value": 0
                        }, 
                        {
                            "name": "Private Securitization", 
                            "count": 1, 
                            "value": 168
                        }, 
                        {
                            "name": "Commercial bank, savings bank or association", 
                            "count": 63, 
                            "value": 7753
                        }, 
                        {
                            "name": "Life insurance co., credit union, finance co.", 
                            "count": 108, 
                            "value": 13620
                        }, 
                        {
                            "name": "Affiliate institution", 
                            "count": 10, 
                            "value": 857
                        }, 
                        {
                            "name": "Other", 
                            "count": 633, 
                            "value": 56164
                        }
                    ]
                }, 
                {
                    "applicantincome": "100-119% of MSA/MD median", 
                    "purchasers": [
                        {
                            "name": "Fannie Mae", 
                            "count": 134, 
                            "value": 16486
                        }, 
                        {
                            "name": "Ginnie Mae", 
                            "count": 103, 
                            "value": 14344
                        }, 
                        {
                            "name": "Freddie Mac", 
                            "count": 44, 
                            "value": 4977
                        }, 
                        {
                            "name": "Farmer Mac", 
                            "count": 0, 
                            "value": 0
                        }, 
                        {
                            "name": "Private Securitization", 
                            "count": 3, 
                            "value": 296
                        }, 
                        {
                            "name": "Commercial bank, savings bank or association", 
                            "count": 47, 
                            "value": 6837
                        }, 
                        {
                            "name": "Life insurance co., credit union, finance co.", 
                            "count": 97, 
                            "value": 12543
                        }, 
                        {
                            "name": "Affiliate institution", 
                            "count": 12, 
                            "value": 1134
                        }, 
                        {
                            "name": "Other", 
                            "count": 527, 
                            "value": 54406
                        }
                    ]
                }, 
                {
                    "applicantincome": "120% or more of MSA/MD median", 
                    "purchasers": [
                        {
                            "name": "Fannie Mae", 
                            "count": 552, 
                            "value": 93990
                        }, 
                        {
                            "name": "Ginnie Mae", 
                            "count": 235, 
                            "value": 41243
                        }, 
                        {
                            "name": "Freddie Mac", 
                            "count": 147, 
                            "value": 22312
                        }, 
                        {
                            "name": "Farmer Mac", 
                            "count": 0, 
                            "value": 0
                        }, 
                        {
                            "name": "Private Securitization", 
                            "count": 6, 
                            "value": 1142
                        }, 
                        {
                            "name": "Commercial bank, savings bank or association", 
                            "count": 193, 
                            "value": 36917
                        }, 
                        {
                            "name": "Life insurance co., credit union, finance co.", 
                            "count": 251, 
                            "value": 43311
                        }, 
                        {
                            "name": "Affiliate institution", 
                            "count": 39, 
                            "value": 5818
                        }, 
                        {
                            "name": "Other", 
                            "count": 1669, 
                            "value": 241531
                        }
                    ]
                }, 
                {
                    "applicantincome": "income not available", 
                    "purchasers": [
                        {
                            "name": "Fannie Mae", 
                            "count": 61, 
                            "value": 8872
                        }, 
                        {
                            "name": "Ginnie Mae", 
                            "count": 299, 
                            "value": 43571
                        }, 
                        {
                            "name": "Freddie Mac", 
                            "count": 125, 
                            "value": 18949
                        }, 
                        {
                            "name": "Farmer Mac", 
                            "count": 0, 
                            "value": 0
                        }, 
                        {
                            "name": "Private Securitization", 
                            "count": 1, 
                            "value": 283
                        }, 
                        {
                            "name": "Commercial bank, savings bank or association", 
                            "count": 31, 
                            "value": 5688
                        }, 
                        {
                            "name": "Life insurance co., credit union, finance co.", 
                            "count": 5, 
                            "value": 827
                        }, 
                        {
                            "name": "Affiliate institution", 
                            "count": 2, 
                            "value": 360
                        }, 
                        {
                            "name": "Other", 
                            "count": 498, 
                            "value": 59706
                        }
                    ]
                }
            ]
        }
    ], 
    "censuscharacteristics": [
        {
            "characteristic": "Racial/Ethnic Composition", 
            "tractpctminorities": [
                {
                    "tractpctminority": "Less than 10% minority", 
                    "purchasers": [
                        {
                            "name": "Fannie Mae", 
                            "count": 475, 
                            "value": 71122
                        }, 
                        {
                            "name": "Ginnie Mae", 
                            "count": 389, 
                            "value": 57376
                        }, 
                        {
                            "name": "Freddie Mac", 
                            "count": 209, 
                            "value": 29647
                        }, 
                        {
                            "name": "Farmer Mac", 
                            "count": 0, 
                            "value": 0
                        }, 
                        {
                            "name": "Private Securitization", 
                            "count": 8, 
                            "value": 1560
                        }, 
                        {
                            "name": "Commercial bank, savings bank or association", 
                            "count": 197, 
                            "value": 33106
                        }, 
                        {
                            "name": "Life insurance co., credit union, finance co.", 
                            "count": 308, 
                            "value": 43175
                        }, 
                        {
                            "name": "Affiliate institution", 
                            "count": 38, 
                            "value": 4801
                        }, 
                        {
                            "name": "Other", 
                            "count": 2104, 
                            "value": 230711
                        }
                    ]
                }, 
                {
                    "tractpctminority": "10-19% minority", 
                    "purchasers": [
                        {
                            "name": "Fannie Mae", 
                            "count": 588, 
                            "value": 78884
                        }, 
                        {
                            "name": "Ginnie Mae", 
                            "count": 592, 
                            "value": 78920
                        }, 
                        {
                            "name": "Freddie Mac", 
                            "count": 195, 
                            "value": 24176
                        }, 
                        {
                            "name": "Farmer Mac", 
                            "count": 0, 
                            "value": 0
                        }, 
                        {
                            "name": "Private Securitization", 
                            "count": 6, 
                            "value": 753
                        }, 
                        {
                            "name": "Commercial bank, savings bank or association", 
                            "count": 190, 
                            "value": 28783
                        }, 
                        {
                            "name": "Life insurance co., credit union, finance co.", 
                            "count": 368, 
                            "value": 47525
                        }, 
                        {
                            "name": "Affiliate institution", 
                            "count": 42, 
                            "value": 4743
                        }, 
                        {
                            "name": "Other", 
                            "count": 2652, 
                            "value": 265753
                        }
                    ]
                }, 
                {
                    "tractpctminority": "20-49% minority", 
                    "purchasers": [
                        {
                            "name": "Fannie Mae", 
                            "count": 59, 
                            "value": 5815
                        }, 
                        {
                            "name": "Ginnie Mae", 
                            "count": 79, 
                            "value": 8717
                        }, 
                        {
                            "name": "Freddie Mac", 
                            "count": 26, 
                            "value": 2830
                        }, 
                        {
                            "name": "Farmer Mac", 
                            "count": 0, 
                            "value": 0
                        }, 
                        {
                            "name": "Private Securitization", 
                            "count": 2, 
                            "value": 206
                        }, 
                        {
                            "name": "Commercial bank, savings bank or association", 
                            "count": 29, 
                            "value": 3479
                        }, 
                        {
                            "name": "Life insurance co., credit union, finance co.", 
                            "count": 50, 
                            "value": 4680
                        }, 
                        {
                            "name": "Affiliate institution", 
                            "count": 4, 
                            "value": 286
                        }, 
                        {
                            "name": "Other", 
                            "count": 540, 
                            "value": 38970
                        }
                    ]
                }, 
                {
                    "tractpctminority": "50-79% minority", 
                    "purchasers": [
                        {
                            "name": "Fannie Mae", 
                            "count": 0, 
                            "value": 0
                        }, 
                        {
                            "name": "Ginnie Mae", 
                            "count": 2, 
                            "value": 96
                        }, 
                        {
                            "name": "Freddie Mac", 
                            "count": 0, 
                            "value": 0
                        }, 
                        {
                            "name": "Farmer Mac", 
                            "count": 0, 
                            "value": 0
                        }, 
                        {
                            "name": "Private Securitization", 
                            "count": 0, 
                            "value": 0
                        }, 
                        {
                            "name": "Commercial bank, savings bank or association", 
                            "count": 0, 
                            "value": 0
                        }, 
                        {
                            "name": "Life insurance co., credit union, finance co.", 
                            "count": 1, 
                            "value": 34
                        }, 
                        {
                            "name": "Affiliate institution", 
                            "count": 0, 
                            "value": 0
                        }, 
                        {
                            "name": "Other", 
                            "count": 42, 
                            "value": 1622
                        }
                    ]
                }, 
                {
                    "tractpctminority": "80-100% minority", 
                    "purchasers": [
                        {
                            "name": "Fannie Mae", 
                            "count": 0, 
                            "value": 0
                        }, 
                        {
                            "name": "Ginnie Mae", 
                            "count": 0, 
                            "value": 0
                        }, 
                        {
                            "name": "Freddie Mac", 
                            "count": 0, 
                            "value": 0
                        }, 
                        {
                            "name": "Farmer Mac", 
                            "count": 0, 
                            "value": 0
                        }, 
                        {
                            "name": "Private Securitization", 
                            "count": 0, 
                            "value": 0
                        }, 
                        {
                            "name": "Commercial bank, savings bank or association", 
                            "count": 0, 
                            "value": 0
                        }, 
                        {
                            "name": "Life insurance co., credit union, finance co.", 
                            "count": 0, 
                            "value": 0
                        }, 
                        {
                            "name": "Affiliate institution", 
                            "count": 0, 
                            "value": 0
                        }, 
                        {
                            "name": "Other", 
                            "count": 0, 
                            "value": 0
                        }
                    ]
                }
            ]
        }, 
        {
            "characteristic": "Income", 
            "incomelevels": [
                {
                    "incomelevel": "Low income", 
                    "purchasers": [
                        {
                            "name": "Fannie Mae", 
                            "count": 0, 
                            "value": 0
                        }, 
                        {
                            "name": "Ginnie Mae", 
                            "count": 2, 
                            "value": 96
                        }, 
                        {
                            "name": "Freddie Mac", 
                            "count": 0, 
                            "value": 0
                        }, 
                        {
                            "name": "Farmer Mac", 
                            "count": 0, 
                            "value": 0
                        }, 
                        {
                            "name": "Private Securitization", 
                            "count": 0, 
                            "value": 0
                        }, 
                        {
                            "name": "Commercial bank, savings bank or association", 
                            "count": 0, 
                            "value": 0
                        }, 
                        {
                            "name": "Life insurance co., credit union, finance co.", 
                            "count": 1, 
                            "value": 34
                        }, 
                        {
                            "name": "Affiliate institution", 
                            "count": 0, 
                            "value": 0
                        }, 
                        {
                            "name": "Other", 
                            "count": 42, 
                            "value": 1622
                        }
                    ]
                }, 
                {
                    "incomelevel": "Moderate income", 
                    "purchasers": [
                        {
                            "name": "Fannie Mae", 
                            "count": 96, 
                            "value": 9242
                        }, 
                        {
                            "name": "Ginnie Mae", 
                            "count": 140, 
                            "value": 15348
                        }, 
                        {
                            "name": "Freddie Mac", 
                            "count": 43, 
                            "value": 4093
                        }, 
                        {
                            "name": "Farmer Mac", 
                            "count": 0, 
                            "value": 0
                        }, 
                        {
                            "name": "Private Securitization", 
                            "count": 3, 
                            "value": 324
                        }, 
                        {
                            "name": "Commercial bank, savings bank or association", 
                            "count": 38, 
                            "value": 4490
                        }, 
                        {
                            "name": "Life insurance co., credit union, finance co.", 
                            "count": 97, 
                            "value": 9739
                        }, 
                        {
                            "name": "Affiliate institution", 
                            "count": 14, 
                            "value": 960
                        }, 
                        {
                            "name": "Other", 
                            "count": 742, 
                            "value": 53686
                        }
                    ]
                }, 
                {
                    "incomelevel": "Middle income", 
                    "purchasers": [
                        {
                            "name": "Fannie Mae", 
                            "count": 532, 
                            "value": 72224
                        }, 
                        {
                            "name": "Ginnie Mae", 
                            "count": 554, 
                            "value": 72480
                        }, 
                        {
                            "name": "Freddie Mac", 
                            "count": 206, 
                            "value": 27306
                        }, 
                        {
                            "name": "Farmer Mac", 
                            "count": 0, 
                            "value": 0
                        }, 
                        {
                            "name": "Private Securitization", 
                            "count": 5, 
                            "value": 844
                        }, 
                        {
                            "name": "Commercial bank, savings bank or association", 
                            "count": 204, 
                            "value": 30196
                        }, 
                        {
                            "name": "Life insurance co., credit union, finance co.", 
                            "count": 358, 
                            "value": 45354
                        }, 
                        {
                            "name": "Affiliate institution", 
                            "count": 34, 
                            "value": 3779
                        }, 
                        {
                            "name": "Other", 
                            "count": 2974, 
                            "value": 283927
                        }
                    ]
                }, 
                {
                    "incomelevel": "Upper income", 
                    "purchasers": [
                        {
                            "name": "Fannie Mae", 
                            "count": 494, 
                            "value": 74355
                        }, 
                        {
                            "name": "Ginnie Mae", 
                            "count": 366, 
                            "value": 57185
                        }, 
                        {
                            "name": "Freddie Mac", 
                            "count": 181, 
                            "value": 25254
                        }, 
                        {
                            "name": "Farmer Mac", 
                            "count": 0, 
                            "value": 0
                        }, 
                        {
                            "name": "Private Securitization", 
                            "count": 8, 
                            "value": 1351
                        }, 
                        {
                            "name": "Commercial bank, savings bank or association", 
                            "count": 174, 
                            "value": 30682
                        }, 
                        {
                            "name": "Life insurance co., credit union, finance co.", 
                            "count": 271, 
                            "value": 40287
                        }, 
                        {
                            "name": "Affiliate institution", 
                            "count": 36, 
                            "value": 5091
                        }, 
                        {
                            "name": "Other", 
                            "count": 1580, 
                            "value": 197821
                        }
                    ]
                }
            ]
        }
    ], 
    "total": {
        "purchasers": [
            {
                "name": "Fannie Mae", 
                "count": 1122, 
                "value": 155821
            }, 
            {
                "name": "Ginnie Mae", 
                "count": 1062, 
                "value": 145109
            }, 
            {
                "name": "Freddie Mac", 
                "count": 430, 
                "value": 56653
            }, 
            {
                "name": "Farmer Mac", 
                "count": 0, 
                "value": 0
            }, 
            {
                "name": "Private Securitization", 
                "count": 16, 
                "value": 2519
            }, 
            {
                "name": "Commercial bank, savings bank or association", 
                "count": 416, 
                "value": 65368
            }, 
            {
                "name": "Life insurance co., credit union, finance co.", 
                "count": 727, 
                "value": 95414
            }, 
            {
                "name": "Affiliate institution", 
                "count": 84, 
                "value": 9830
            }, 
            {
                "name": "Other", 
                "count": 5338, 
                "value": 537056
            }
        ]
    }
}