{
    "table": "3-2", 
    "type": "Aggregate", 
    "desc": "Pricing Information for First and Junior Lien Loans Sold by Type of Purchaser (includes originations only).", 
    "year": "2012", 
    "msa": {
        "id": "13820", 
        "name": "Birmingham-Hoover", 
        "state": "AL", 
        "state_name": "Alabama"
    }, 
    "pricinginformation": [
        {
            "pricing": "No reported pricing data", 
            "purchasers": [
                {
                    "name": "Fannie Mae", 
                    "first lien count": 7305, 
                    "first lien value": 1440488, 
                    "junior lien count": 12, 
                    "junior lien value": 2800
                }, 
                {
                    "name": "Ginnie Mae", 
                    "first lien count": 3397, 
                    "first lien value": 523851, 
                    "junior lien count": 1, 
                    "junior lien value": 3423
                }, 
                {
                    "name": "Freddie Mac", 
                    "first lien count": 2530, 
                    "first lien value": 448220, 
                    "junior lien count": 1, 
                    "junior lien value": 150
                }, 
                {
                    "name": "Farmer Mac", 
                    "first lien count": 0, 
                    "first lien value": 0, 
                    "junior lien count": 0, 
                    "junior lien value": 0
                }, 
                {
                    "name": "Private Securitization", 
                    "first lien count": 984, 
                    "first lien value": 207528, 
                    "junior lien count": 0, 
                    "junior lien value": 0
                }, 
                {
                    "name": "Commercial bank, savings bank or association", 
                    "first lien count": 3616, 
                    "first lien value": 688947, 
                    "junior lien count": 1, 
                    "junior lien value": 150
                }, 
                {
                    "name": "Life insurance co., credit union, finance co.", 
                    "first lien count": 2659, 
                    "first lien value": 472795, 
                    "junior lien count": 49, 
                    "junior lien value": 901
                }, 
                {
                    "name": "Affiliate institution", 
                    "first lien count": 692, 
                    "first lien value": 106943, 
                    "junior lien count": 0, 
                    "junior lien value": 0
                }, 
                {
                    "name": "Other", 
                    "first lien count": 30640, 
                    "first lien value": 5163837, 
                    "junior lien count": 806, 
                    "junior lien value": 38844
                }
            ]
        }, 
        {
            "pricing": "reported pricing data", 
            "purchasers": [
                {
                    "name": "Fannie Mae", 
                    "first lien count": 105, 
                    "first lien value": 12388, 
                    "junior lien count": 0, 
                    "junior lien value": 0
                }, 
                {
                    "name": "Ginnie Mae", 
                    "first lien count": 127, 
                    "first lien value": 12013, 
                    "junior lien count": 0, 
                    "junior lien value": 0
                }, 
                {
                    "name": "Freddie Mac", 
                    "first lien count": 43, 
                    "first lien value": 5008, 
                    "junior lien count": 0, 
                    "junior lien value": 0
                }, 
                {
                    "name": "Farmer Mac", 
                    "first lien count": 0, 
                    "first lien value": 0, 
                    "junior lien count": 0, 
                    "junior lien value": 0
                }, 
                {
                    "name": "Private Securitization", 
                    "first lien count": 1, 
                    "first lien value": 225, 
                    "junior lien count": 0, 
                    "junior lien value": 0
                }, 
                {
                    "name": "Commercial bank, savings bank or association", 
                    "first lien count": 49, 
                    "first lien value": 6212, 
                    "junior lien count": 0, 
                    "junior lien value": 0
                }, 
                {
                    "name": "Life insurance co., credit union, finance co.", 
                    "first lien count": 91, 
                    "first lien value": 12297, 
                    "junior lien count": 0, 
                    "junior lien value": 0
                }, 
                {
                    "name": "Affiliate institution", 
                    "first lien count": 10, 
                    "first lien value": 1013, 
                    "junior lien count": 1, 
                    "junior lien value": 21
                }, 
                {
                    "name": "Other", 
                    "first lien count": 1100, 
                    "first lien value": 78782, 
                    "junior lien count": 61, 
                    "junior lien value": 2164
                }
            ]
        }
    ], 
    "points": [
        {
            "point": "1.50 - 1.99", 
            "purchasers": [
                {
                    "name": "Fannie Mae", 
                    "first lien count": 80, 
                    "first lien value": 10033, 
                    "junior lien count": 0, 
                    "junior lien value": 0
                }, 
                {
                    "name": "Ginnie Mae", 
                    "first lien count": 46, 
                    "first lien value": 4680, 
                    "junior lien count": 0, 
                    "junior lien value": 0
                }, 
                {
                    "name": "Freddie Mac", 
                    "first lien count": 37, 
                    "first lien value": 4250, 
                    "junior lien count": 0, 
                    "junior lien value": 0
                }, 
                {
                    "name": "Farmer Mac", 
                    "first lien count": 0, 
                    "first lien value": 0, 
                    "junior lien count": 0, 
                    "junior lien value": 0
                }, 
                {
                    "name": "Private Securitization", 
                    "first lien count": 1, 
                    "first lien value": 225, 
                    "junior lien count": 0, 
                    "junior lien value": 0
                }, 
                {
                    "name": "Commercial bank, savings bank or association", 
                    "first lien count": 33, 
                    "first lien value": 4230, 
                    "junior lien count": 0, 
                    "junior lien value": 0
                }, 
                {
                    "name": "Life insurance co., credit union, finance co.", 
                    "first lien count": 58, 
                    "first lien value": 8829, 
                    "junior lien count": 0, 
                    "junior lien value": 0
                }, 
                {
                    "name": "Affiliate institution", 
                    "first lien count": 9, 
                    "first lien value": 960, 
                    "junior lien count": 0, 
                    "junior lien value": 0
                }, 
                {
                    "name": "Other", 
                    "first lien count": 120, 
                    "first lien value": 15360, 
                    "junior lien count": 0, 
                    "junior lien value": 0
                }
            ]
        }, 
        {
            "point": "2.00 - 2.49", 
            "purchasers": [
                {
                    "name": "Fannie Mae", 
                    "first lien count": 21, 
                    "first lien value": 1765, 
                    "junior lien count": 0, 
                    "junior lien value": 0
                }, 
                {
                    "name": "Ginnie Mae", 
                    "first lien count": 15, 
                    "first lien value": 1423, 
                    "junior lien count": 0, 
                    "junior lien value": 0
                }, 
                {
                    "name": "Freddie Mac", 
                    "first lien count": 4, 
                    "first lien value": 472, 
                    "junior lien count": 0, 
                    "junior lien value": 0
                }, 
                {
                    "name": "Farmer Mac", 
                    "first lien count": 0, 
                    "first lien value": 0, 
                    "junior lien count": 0, 
                    "junior lien value": 0
                }, 
                {
                    "name": "Private Securitization", 
                    "first lien count": 0, 
                    "first lien value": 0, 
                    "junior lien count": 0, 
                    "junior lien value": 0
                }, 
                {
                    "name": "Commercial bank, savings bank or association", 
                    "first lien count": 5, 
                    "first lien value": 617, 
                    "junior lien count": 0, 
                    "junior lien value": 0
                }, 
                {
                    "name": "Life insurance co., credit union, finance co.", 
                    "first lien count": 6, 
                    "first lien value": 502, 
                    "junior lien count": 0, 
                    "junior lien value": 0
                }, 
                {
                    "name": "Affiliate institution", 
                    "first lien count": 0, 
                    "first lien value": 0, 
                    "junior lien count": 0, 
                    "junior lien value": 0
                }, 
                {
                    "name": "Other", 
                    "first lien count": 59, 
                    "first lien value": 8534, 
                    "junior lien count": 0, 
                    "junior lien value": 0
                }
            ]
        }, 
        {
            "point": "2.50 - 2.99", 
            "purchasers": [
                {
                    "name": "Fannie Mae", 
                    "first lien count": 4, 
                    "first lien value": 590, 
                    "junior lien count": 0, 
                    "junior lien value": 0
                }, 
                {
                    "name": "Ginnie Mae", 
                    "first lien count": 18, 
                    "first lien value": 1650, 
                    "junior lien count": 0, 
                    "junior lien value": 0
                }, 
                {
                    "name": "Freddie Mac", 
                    "first lien count": 2, 
                    "first lien value": 286, 
                    "junior lien count": 0, 
                    "junior lien value": 0
                }, 
                {
                    "name": "Farmer Mac", 
                    "first lien count": 0, 
                    "first lien value": 0, 
                    "junior lien count": 0, 
                    "junior lien value": 0
                }, 
                {
                    "name": "Private Securitization", 
                    "first lien count": 0, 
                    "first lien value": 0, 
                    "junior lien count": 0, 
                    "junior lien value": 0
                }, 
                {
                    "name": "Commercial bank, savings bank or association", 
                    "first lien count": 1, 
                    "first lien value": 162, 
                    "junior lien count": 0, 
                    "junior lien value": 0
                }, 
                {
                    "name": "Life insurance co., credit union, finance co.", 
                    "first lien count": 2, 
                    "first lien value": 184, 
                    "junior lien count": 0, 
                    "junior lien value": 0
                }, 
                {
                    "name": "Affiliate institution", 
                    "first lien count": 1, 
                    "first lien value": 53, 
                    "junior lien count": 0, 
                    "junior lien value": 0
                }, 
                {
                    "name": "Other", 
                    "first lien count": 79, 
                    "first lien value": 9708, 
                    "junior lien count": 0, 
                    "junior lien value": 0
                }
            ]
        }, 
        {
            "point": "3.00 - 3.49", 
            "purchasers": [
                {
                    "name": "Fannie Mae", 
                    "first lien count": 0, 
                    "first lien value": 0, 
                    "junior lien count": 0, 
                    "junior lien value": 0
                }, 
                {
                    "name": "Ginnie Mae", 
                    "first lien count": 10, 
                    "first lien value": 1187, 
                    "junior lien count": 0, 
                    "junior lien value": 0
                }, 
                {
                    "name": "Freddie Mac", 
                    "first lien count": 0, 
                    "first lien value": 0, 
                    "junior lien count": 0, 
                    "junior lien value": 0
                }, 
                {
                    "name": "Farmer Mac", 
                    "first lien count": 0, 
                    "first lien value": 0, 
                    "junior lien count": 0, 
                    "junior lien value": 0
                }, 
                {
                    "name": "Private Securitization", 
                    "first lien count": 0, 
                    "first lien value": 0, 
                    "junior lien count": 0, 
                    "junior lien value": 0
                }, 
                {
                    "name": "Commercial bank, savings bank or association", 
                    "first lien count": 3, 
                    "first lien value": 215, 
                    "junior lien count": 0, 
                    "junior lien value": 0
                }, 
                {
                    "name": "Life insurance co., credit union, finance co.", 
                    "first lien count": 7, 
                    "first lien value": 1639, 
                    "junior lien count": 0, 
                    "junior lien value": 0
                }, 
                {
                    "name": "Affiliate institution", 
                    "first lien count": 0, 
                    "first lien value": 0, 
                    "junior lien count": 0, 
                    "junior lien value": 0
                }, 
                {
                    "name": "Other", 
                    "first lien count": 100, 
                    "first lien value": 8735, 
                    "junior lien count": 0, 
                    "junior lien value": 0
                }
            ]
        }, 
        {
            "point": "3.50 - 4.49", 
            "purchasers": [
                {
                    "name": "Fannie Mae", 
                    "first lien count": 0, 
                    "first lien value": 0, 
                    "junior lien count": 0, 
                    "junior lien value": 0
                }, 
                {
                    "name": "Ginnie Mae", 
                    "first lien count": 32, 
                    "first lien value": 2591, 
                    "junior lien count": 0, 
                    "junior lien value": 0
                }, 
                {
                    "name": "Freddie Mac", 
                    "first lien count": 0, 
                    "first lien value": 0, 
                    "junior lien count": 0, 
                    "junior lien value": 0
                }, 
                {
                    "name": "Farmer Mac", 
                    "first lien count": 0, 
                    "first lien value": 0, 
                    "junior lien count": 0, 
                    "junior lien value": 0
                }, 
                {
                    "name": "Private Securitization", 
                    "first lien count": 0, 
                    "first lien value": 0, 
                    "junior lien count": 0, 
                    "junior lien value": 0
                }, 
                {
                    "name": "Commercial bank, savings bank or association", 
                    "first lien count": 6, 
                    "first lien value": 910, 
                    "junior lien count": 0, 
                    "junior lien value": 0
                }, 
                {
                    "name": "Life insurance co., credit union, finance co.", 
                    "first lien count": 17, 
                    "first lien value": 1083, 
                    "junior lien count": 0, 
                    "junior lien value": 0
                }, 
                {
                    "name": "Affiliate institution", 
                    "first lien count": 0, 
                    "first lien value": 0, 
                    "junior lien count": 1, 
                    "junior lien value": 21
                }, 
                {
                    "name": "Other", 
                    "first lien count": 193, 
                    "first lien value": 14680, 
                    "junior lien count": 24, 
                    "junior lien value": 1245
                }
            ]
        }, 
        {
            "point": "4.50 - 5.49", 
            "purchasers": [
                {
                    "name": "Fannie Mae", 
                    "first lien count": 0, 
                    "first lien value": 0, 
                    "junior lien count": 0, 
                    "junior lien value": 0
                }, 
                {
                    "name": "Ginnie Mae", 
                    "first lien count": 6, 
                    "first lien value": 482, 
                    "junior lien count": 0, 
                    "junior lien value": 0
                }, 
                {
                    "name": "Freddie Mac", 
                    "first lien count": 0, 
                    "first lien value": 0, 
                    "junior lien count": 0, 
                    "junior lien value": 0
                }, 
                {
                    "name": "Farmer Mac", 
                    "first lien count": 0, 
                    "first lien value": 0, 
                    "junior lien count": 0, 
                    "junior lien value": 0
                }, 
                {
                    "name": "Private Securitization", 
                    "first lien count": 0, 
                    "first lien value": 0, 
                    "junior lien count": 0, 
                    "junior lien value": 0
                }, 
                {
                    "name": "Commercial bank, savings bank or association", 
                    "first lien count": 1, 
                    "first lien value": 78, 
                    "junior lien count": 0, 
                    "junior lien value": 0
                }, 
                {
                    "name": "Life insurance co., credit union, finance co.", 
                    "first lien count": 1, 
                    "first lien value": 60, 
                    "junior lien count": 0, 
                    "junior lien value": 0
                }, 
                {
                    "name": "Affiliate institution", 
                    "first lien count": 0, 
                    "first lien value": 0, 
                    "junior lien count": 0, 
                    "junior lien value": 0
                }, 
                {
                    "name": "Other", 
                    "first lien count": 147, 
                    "first lien value": 6828, 
                    "junior lien count": 15, 
                    "junior lien value": 418
                }
            ]
        }, 
        {
            "point": "5.50 - 6.49", 
            "purchasers": [
                {
                    "name": "Fannie Mae", 
                    "first lien count": 0, 
                    "first lien value": 0, 
                    "junior lien count": 0, 
                    "junior lien value": 0
                }, 
                {
                    "name": "Ginnie Mae", 
                    "first lien count": 0, 
                    "first lien value": 0, 
                    "junior lien count": 0, 
                    "junior lien value": 0
                }, 
                {
                    "name": "Freddie Mac", 
                    "first lien count": 0, 
                    "first lien value": 0, 
                    "junior lien count": 0, 
                    "junior lien value": 0
                }, 
                {
                    "name": "Farmer Mac", 
                    "first lien count": 0, 
                    "first lien value": 0, 
                    "junior lien count": 0, 
                    "junior lien value": 0
                }, 
                {
                    "name": "Private Securitization", 
                    "first lien count": 0, 
                    "first lien value": 0, 
                    "junior lien count": 0, 
                    "junior lien value": 0
                }, 
                {
                    "name": "Commercial bank, savings bank or association", 
                    "first lien count": 0, 
                    "first lien value": 0, 
                    "junior lien count": 0, 
                    "junior lien value": 0
                }, 
                {
                    "name": "Life insurance co., credit union, finance co.", 
                    "first lien count": 0, 
                    "first lien value": 0, 
                    "junior lien count": 0, 
                    "junior lien value": 0
                }, 
                {
                    "name": "Affiliate institution", 
                    "first lien count": 0, 
                    "first lien value": 0, 
                    "junior lien count": 0, 
                    "junior lien value": 0
                }, 
                {
                    "name": "Other", 
                    "first lien count": 106, 
                    "first lien value": 3899, 
                    "junior lien count": 9, 
                    "junior lien value": 248
                }
            ]
        }, 
        {
            "point": "6.5 or more", 
            "purchasers": [
                {
                    "name": "Fannie Mae", 
                    "first lien count": 0, 
                    "first lien value": 0, 
                    "junior lien count": 0, 
                    "junior lien value": 0
                }, 
                {
                    "name": "Ginnie Mae", 
                    "first lien count": 0, 
                    "first lien value": 0, 
                    "junior lien count": 0, 
                    "junior lien value": 0
                }, 
                {
                    "name": "Freddie Mac", 
                    "first lien count": 0, 
                    "first lien value": 0, 
                    "junior lien count": 0, 
                    "junior lien value": 0
                }, 
                {
                    "name": "Farmer Mac", 
                    "first lien count": 0, 
                    "first lien value": 0, 
                    "junior lien count": 0, 
                    "junior lien value": 0
                }, 
                {
                    "name": "Private Securitization", 
                    "first lien count": 0, 
                    "first lien value": 0, 
                    "junior lien count": 0, 
                    "junior lien value": 0
                }, 
                {
                    "name": "Commercial bank, savings bank or association", 
                    "first lien count": 0, 
                    "first lien value": 0, 
                    "junior lien count": 0, 
                    "junior lien value": 0
                }, 
                {
                    "name": "Life insurance co., credit union, finance co.", 
                    "first lien count": 0, 
                    "first lien value": 0, 
                    "junior lien count": 0, 
                    "junior lien value": 0
                }, 
                {
                    "name": "Affiliate institution", 
                    "first lien count": 0, 
                    "first lien value": 0, 
                    "junior lien count": 0, 
                    "junior lien value": 0
                }, 
                {
                    "name": "Other", 
                    "first lien count": 296, 
                    "first lien value": 11038, 
                    "junior lien count": 13, 
                    "junior lien value": 253
                }
            ]
        }, 
        {
            "point": "mean", 
            "purchasers": [
                {
                    "name": "Fannie Mae", 
                    "first lien": 352.46, 
                    "junior lien": 0
                }, 
                {
                    "name": "Ginnie Mae", 
                    "first lien": 268.79, 
                    "junior lien": 0
                }, 
                {
                    "name": "Freddie Mac", 
                    "first lien": 265.61, 
                    "junior lien": 0
                }, 
                {
                    "name": "Farmer Mac", 
                    "first lien": 0, 
                    "junior lien": 0
                }, 
                {
                    "name": "Private Securitization", 
                    "first lien": 765.89, 
                    "junior lien": 0
                }, 
                {
                    "name": "Commercial bank, savings bank or association", 
                    "first lien": 324.71, 
                    "junior lien": 0
                }, 
                {
                    "name": "Life insurance co., credit union, finance co.", 
                    "first lien": 186.91, 
                    "junior lien": 0
                }, 
                {
                    "name": "Affiliate institution", 
                    "first lien": 441.86, 
                    "junior lien": 434.44
                }, 
                {
                    "name": "Other", 
                    "first lien": 22.03, 
                    "junior lien": 88.08
                }
            ]
        }, 
        {
            "point": "median", 
            "purchasers": [
                {
                    "name": "Fannie Mae", 
                    "first lien": 1.7, 
                    "junior lien": 4.19
                }, 
                {
                    "name": "Ginnie Mae", 
                    "first lien": 1.95, 
                    "junior lien": 0
                }, 
                {
                    "name": "Freddie Mac", 
                    "first lien": 1.69, 
                    "junior lien": 3.92
                }, 
                {
                    "name": "Farmer Mac", 
                    "first lien": 1.58, 
                    "junior lien": 4.72
                }, 
                {
                    "name": "Private Securitization", 
                    "first lien": 1.77, 
                    "junior lien": 4.27
                }, 
                {
                    "name": "Commercial bank, savings bank or association", 
                    "first lien": 1.71, 
                    "junior lien": 4.19
                }, 
                {
                    "name": "Life insurance co., credit union, finance co.", 
                    "first lien": 2.01, 
                    "junior lien": 4.36
                }, 
                {
                    "name": "Affiliate institution", 
                    "first lien": 1.74, 
                    "junior lien": 4.49
                }, 
                {
                    "name": "Other", 
                    "first lien": 2.63, 
                    "junior lien": 4.6
                }
            ]
        }
    ], 
    "hoepa": {
        "pricing": "hoepa loans", 
        "purchasers": [
            {
                "name": "Fannie Mae", 
                "first lien count": 0, 
                "first lien value": 0, 
                "junior lien count": 0, 
                "junior lien value": 0
            }, 
            {
                "name": "Ginnie Mae", 
                "first lien count": 0, 
                "first lien value": 0, 
                "junior lien count": 0, 
                "junior lien value": 0
            }, 
            {
                "name": "Freddie Mac", 
                "first lien count": 0, 
                "first lien value": 0, 
                "junior lien count": 0, 
                "junior lien value": 0
            }, 
            {
                "name": "Farmer Mac", 
                "first lien count": 0, 
                "first lien value": 0, 
                "junior lien count": 0, 
                "junior lien value": 0
            }, 
            {
                "name": "Private Securitization", 
                "first lien count": 0, 
                "first lien value": 0, 
                "junior lien count": 0, 
                "junior lien value": 0
            }, 
            {
                "name": "Commercial bank, savings bank or association", 
                "first lien count": 0, 
                "first lien value": 0, 
                "junior lien count": 0, 
                "junior lien value": 0
            }, 
            {
                "name": "Life insurance co., credit union, finance co.", 
                "first lien count": 0, 
                "first lien value": 0, 
                "junior lien count": 0, 
                "junior lien value": 0
            }, 
            {
                "name": "Affiliate institution", 
                "first lien count": 0, 
                "first lien value": 0, 
                "junior lien count": 0, 
                "junior lien value": 0
            }, 
            {
                "name": "Other", 
                "first lien count": 30, 
                "first lien value": 760, 
                "junior lien count": 2, 
                "junior lien value": 15
            }
        ]
    }
}