{
    "table": "3-1", 
    "type": "Aggregate", 
    "desc": "Loans sold, by characteristics of borrower and census tract in which property is located and by type of purchaser (includes originations and purchased loans),", 
    "year": "2012", 
    "msa": {
        "id": "22660", 
        "name": "Fort-Collins-Loveland", 
        "state": "CO", 
        "state_name": "Colorado"
    }, 
    "borrowercharacteristics": [
        {
            "characteristic": "Race", 
            "races": [
                {
                    "race": "American Indian/Alaska Native", 
                    "purchasers": [
                        {
                            "name": "Fannie Mae", 
                            "count": 7, 
                            "value": 1235.0
                        }, 
                        {
                            "name": "Ginnie Mae", 
                            "count": 7, 
                            "value": 1875.0
                        }, 
                        {
                            "name": "Freddie Mac", 
                            "count": 3, 
                            "value": 846.0
                        }, 
                        {
                            "name": "Farmer Mac", 
                            "count": 0, 
                            "value": 0
                        }, 
                        {
                            "name": "Private Securitization", 
                            "count": 0, 
                            "value": 0
                        }, 
                        {
                            "name": "Commercial bank, savings bank or association", 
                            "count": 0, 
                            "value": 0
                        }, 
                        {
                            "name": "Life insurance co., credit union, finance co.", 
                            "count": 2, 
                            "value": 585.0
                        }, 
                        {
                            "name": "Affiliate institution", 
                            "count": 2, 
                            "value": 341.0
                        }, 
                        {
                            "name": "Other", 
                            "count": 21, 
                            "value": 3954.0
                        }
                    ]
                }, 
                {
                    "race": "Asian", 
                    "purchasers": [
                        {
                            "name": "Fannie Mae", 
                            "count": 7, 
                            "value": 1955.0
                        }, 
                        {
                            "name": "Ginnie Mae", 
                            "count": 6, 
                            "value": 1399.0
                        }, 
                        {
                            "name": "Freddie Mac", 
                            "count": 1, 
                            "value": 88.0
                        }, 
                        {
                            "name": "Farmer Mac", 
                            "count": 0, 
                            "value": 0
                        }, 
                        {
                            "name": "Private Securitization", 
                            "count": 0, 
                            "value": 0
                        }, 
                        {
                            "name": "Commercial bank, savings bank or association", 
                            "count": 5, 
                            "value": 1276.0
                        }, 
                        {
                            "name": "Life insurance co., credit union, finance co.", 
                            "count": 1, 
                            "value": 417.0
                        }, 
                        {
                            "name": "Affiliate institution", 
                            "count": 0, 
                            "value": 0
                        }, 
                        {
                            "name": "Other", 
                            "count": 28, 
                            "value": 4823.0
                        }
                    ]
                }, 
                {
                    "race": "Black or African American", 
                    "purchasers": [
                        {
                            "name": "Fannie Mae", 
                            "count": 112, 
                            "value": 22581.0
                        }, 
                        {
                            "name": "Ginnie Mae", 
                            "count": 17, 
                            "value": 3592.0
                        }, 
                        {
                            "name": "Freddie Mac", 
                            "count": 50, 
                            "value": 11093.0
                        }, 
                        {
                            "name": "Farmer Mac", 
                            "count": 0, 
                            "value": 0
                        }, 
                        {
                            "name": "Private Securitization", 
                            "count": 2, 
                            "value": 505.0
                        }, 
                        {
                            "name": "Commercial bank, savings bank or association", 
                            "count": 29, 
                            "value": 6329.0
                        }, 
                        {
                            "name": "Life insurance co., credit union, finance co.", 
                            "count": 7, 
                            "value": 1566.0
                        }, 
                        {
                            "name": "Affiliate institution", 
                            "count": 1, 
                            "value": 198.0
                        }, 
                        {
                            "name": "Other", 
                            "count": 134, 
                            "value": 26078.0
                        }
                    ]
                }, 
                {
                    "race": "Native Hawaiian or Other Pacific Islander", 
                    "purchasers": [
                        {
                            "name": "Fannie Mae", 
                            "count": 7, 
                            "value": 1626.0
                        }, 
                        {
                            "name": "Ginnie Mae", 
                            "count": 9, 
                            "value": 2222.0
                        }, 
                        {
                            "name": "Freddie Mac", 
                            "count": 1, 
                            "value": 160.0
                        }, 
                        {
                            "name": "Farmer Mac", 
                            "count": 0, 
                            "value": 0
                        }, 
                        {
                            "name": "Private Securitization", 
                            "count": 1, 
                            "value": 141.0
                        }, 
                        {
                            "name": "Commercial bank, savings bank or association", 
                            "count": 5, 
                            "value": 1268.0
                        }, 
                        {
                            "name": "Life insurance co., credit union, finance co.", 
                            "count": 1, 
                            "value": 200.0
                        }, 
                        {
                            "name": "Affiliate institution", 
                            "count": 0, 
                            "value": 0
                        }, 
                        {
                            "name": "Other", 
                            "count": 40, 
                            "value": 8656.0
                        }
                    ]
                }, 
                {
                    "race": "White", 
                    "purchasers": [
                        {
                            "name": "Fannie Mae", 
                            "count": 4, 
                            "value": 479.0
                        }, 
                        {
                            "name": "Ginnie Mae", 
                            "count": 5, 
                            "value": 1032.0
                        }, 
                        {
                            "name": "Freddie Mac", 
                            "count": 1, 
                            "value": 177.0
                        }, 
                        {
                            "name": "Farmer Mac", 
                            "count": 0, 
                            "value": 0
                        }, 
                        {
                            "name": "Private Securitization", 
                            "count": 0, 
                            "value": 0
                        }, 
                        {
                            "name": "Commercial bank, savings bank or association", 
                            "count": 4, 
                            "value": 770.0
                        }, 
                        {
                            "name": "Life insurance co., credit union, finance co.", 
                            "count": 1, 
                            "value": 229.0
                        }, 
                        {
                            "name": "Affiliate institution", 
                            "count": 1, 
                            "value": 230.0
                        }, 
                        {
                            "name": "Other", 
                            "count": 12, 
                            "value": 2237.0
                        }
                    ]
                }, 
                {
                    "race": "2 or more minority races", 
                    "purchasers": [
                        {
                            "name": "Fannie Mae", 
                            "count": 5975, 
                            "value": 1252619.0
                        }, 
                        {
                            "name": "Ginnie Mae", 
                            "count": 2072, 
                            "value": 435198.0
                        }, 
                        {
                            "name": "Freddie Mac", 
                            "count": 1992, 
                            "value": 406217.0
                        }, 
                        {
                            "name": "Farmer Mac", 
                            "count": 2, 
                            "value": 723.0
                        }, 
                        {
                            "name": "Private Securitization", 
                            "count": 81, 
                            "value": 15995.0
                        }, 
                        {
                            "name": "Commercial bank, savings bank or association", 
                            "count": 2964, 
                            "value": 666153.0
                        }, 
                        {
                            "name": "Life insurance co., credit union, finance co.", 
                            "count": 687, 
                            "value": 149141.0
                        }, 
                        {
                            "name": "Affiliate institution", 
                            "count": 458, 
                            "value": 86609.0
                        }, 
                        {
                            "name": "Other", 
                            "count": 9318, 
                            "value": 1922634.0
                        }
                    ]
                }, 
                {
                    "race": "Joint (White/Minority Race", 
                    "purchasers": [
                        {
                            "name": "Fannie Mae", 
                            "count": 89, 
                            "value": 19928.0
                        }, 
                        {
                            "name": "Ginnie Mae", 
                            "count": 36, 
                            "value": 9049.0
                        }, 
                        {
                            "name": "Freddie Mac", 
                            "count": 23, 
                            "value": 4381.0
                        }, 
                        {
                            "name": "Farmer Mac", 
                            "count": 0, 
                            "value": 0
                        }, 
                        {
                            "name": "Private Securitization", 
                            "count": 2, 
                            "value": 412.0
                        }, 
                        {
                            "name": "Commercial bank, savings bank or association", 
                            "count": 45, 
                            "value": 12212.0
                        }, 
                        {
                            "name": "Life insurance co., credit union, finance co.", 
                            "count": 10, 
                            "value": 2618.0
                        }, 
                        {
                            "name": "Affiliate institution", 
                            "count": 10, 
                            "value": 2472.0
                        }, 
                        {
                            "name": "Other", 
                            "count": 118, 
                            "value": 28465.0
                        }
                    ]
                }, 
                {
                    "race": "Not Available", 
                    "purchasers": [
                        {
                            "name": "Fannie Mae", 
                            "count": 2212, 
                            "value": 470053.0
                        }, 
                        {
                            "name": "Ginnie Mae", 
                            "count": 565, 
                            "value": 192669.0
                        }, 
                        {
                            "name": "Freddie Mac", 
                            "count": 729, 
                            "value": 154586.0
                        }, 
                        {
                            "name": "Farmer Mac", 
                            "count": 0, 
                            "value": 0
                        }, 
                        {
                            "name": "Private Securitization", 
                            "count": 17, 
                            "value": 3174.0
                        }, 
                        {
                            "name": "Commercial bank, savings bank or association", 
                            "count": 553, 
                            "value": 125323.0
                        }, 
                        {
                            "name": "Life insurance co., credit union, finance co.", 
                            "count": 79, 
                            "value": 18887.0
                        }, 
                        {
                            "name": "Affiliate institution", 
                            "count": 532, 
                            "value": 118254.0
                        }, 
                        {
                            "name": "Other", 
                            "count": 2449, 
                            "value": 513275.0
                        }
                    ]
                }
            ]
        }, 
        {
            "characteristic": "Ethnicity", 
            "ethnicities": [
                {
                    "ethnicity": "Hispanic or Latino", 
                    "purchasers": [
                        {
                            "name": "Fannie Mae", 
                            "count": 104, 
                            "value": 19032
                        }, 
                        {
                            "name": "Ginnie Mae", 
                            "count": 83, 
                            "value": 16030
                        }, 
                        {
                            "name": "Freddie Mac", 
                            "count": 43, 
                            "value": 7014
                        }, 
                        {
                            "name": "Farmer Mac", 
                            "count": 0, 
                            "value": 0
                        }, 
                        {
                            "name": "Private Securitization", 
                            "count": 4, 
                            "value": 939
                        }, 
                        {
                            "name": "Commercial bank, savings bank or association", 
                            "count": 60, 
                            "value": 12172
                        }, 
                        {
                            "name": "Life insurance co., credit union, finance co.", 
                            "count": 12, 
                            "value": 2457
                        }, 
                        {
                            "name": "Affiliate institution", 
                            "count": 6, 
                            "value": 1188
                        }, 
                        {
                            "name": "Other", 
                            "count": 334, 
                            "value": 51050
                        }
                    ]
                }, 
                {
                    "ethnicity": "Not Hispanic or Latino", 
                    "purchasers": [
                        {
                            "name": "Fannie Mae", 
                            "count": 6010, 
                            "value": 1262805
                        }, 
                        {
                            "name": "Ginnie Mae", 
                            "count": 2021, 
                            "value": 426024
                        }, 
                        {
                            "name": "Freddie Mac", 
                            "count": 1982, 
                            "value": 407255
                        }, 
                        {
                            "name": "Farmer Mac", 
                            "count": 1, 
                            "value": 339
                        }, 
                        {
                            "name": "Private Securitization", 
                            "count": 78, 
                            "value": 15443
                        }, 
                        {
                            "name": "Commercial bank, savings bank or association", 
                            "count": 2950, 
                            "value": 665806
                        }, 
                        {
                            "name": "Life insurance co., credit union, finance co.", 
                            "count": 680, 
                            "value": 148755
                        }, 
                        {
                            "name": "Affiliate institution", 
                            "count": 450, 
                            "value": 86076
                        }, 
                        {
                            "name": "Other", 
                            "count": 9199, 
                            "value": 1926540
                        }
                    ]
                }, 
                {
                    "ethnicity": "Joint (Hispanic or Latino/Not Hispanic or Latino", 
                    "purchasers": [
                        {
                            "name": "Fannie Mae", 
                            "count": 133, 
                            "value": 30614
                        }, 
                        {
                            "name": "Ginnie Mae", 
                            "count": 65, 
                            "value": 15327
                        }, 
                        {
                            "name": "Freddie Mac", 
                            "count": 43, 
                            "value": 8657
                        }, 
                        {
                            "name": "Farmer Mac", 
                            "count": 1, 
                            "value": 384
                        }, 
                        {
                            "name": "Private Securitization", 
                            "count": 4, 
                            "value": 1044
                        }, 
                        {
                            "name": "Commercial bank, savings bank or association", 
                            "count": 53, 
                            "value": 12351
                        }, 
                        {
                            "name": "Life insurance co., credit union, finance co.", 
                            "count": 22, 
                            "value": 4692
                        }, 
                        {
                            "name": "Affiliate institution", 
                            "count": 7, 
                            "value": 1056
                        }, 
                        {
                            "name": "Other", 
                            "count": 192, 
                            "value": 37028
                        }
                    ]
                }, 
                {
                    "ethnicity": "Ethnicity Not Available", 
                    "purchasers": [
                        {
                            "name": "Fannie Mae", 
                            "count": 2166, 
                            "value": 458025
                        }, 
                        {
                            "name": "Ginnie Mae", 
                            "count": 548, 
                            "value": 189655
                        }, 
                        {
                            "name": "Freddie Mac", 
                            "count": 732, 
                            "value": 154622
                        }, 
                        {
                            "name": "Farmer Mac", 
                            "count": 0, 
                            "value": 0
                        }, 
                        {
                            "name": "Private Securitization", 
                            "count": 17, 
                            "value": 2801
                        }, 
                        {
                            "name": "Commercial bank, savings bank or association", 
                            "count": 542, 
                            "value": 123002
                        }, 
                        {
                            "name": "Life insurance co., credit union, finance co.", 
                            "count": 74, 
                            "value": 17739
                        }, 
                        {
                            "name": "Affiliate institution", 
                            "count": 541, 
                            "value": 119784
                        }, 
                        {
                            "name": "Other", 
                            "count": 2395, 
                            "value": 495504
                        }
                    ]
                }
            ]
        }, 
        {
            "characteristic": "Minority Status", 
            "minoritystatuses": [
                {
                    "minoritystatus": "White Non-Hispanic", 
                    "purchasers": [
                        {
                            "name": "Fannie Mae", 
                            "count": 7966, 
                            "value": 1676832
                        }, 
                        {
                            "name": "Ginnie Mae", 
                            "count": 2498, 
                            "value": 598972
                        }, 
                        {
                            "name": "Freddie Mac", 
                            "count": 2640, 
                            "value": 546184
                        }, 
                        {
                            "name": "Farmer Mac", 
                            "count": 1, 
                            "value": 339
                        }, 
                        {
                            "name": "Private Securitization", 
                            "count": 91, 
                            "value": 17326
                        }, 
                        {
                            "name": "Commercial bank, savings bank or association", 
                            "count": 3409, 
                            "value": 768210
                        }, 
                        {
                            "name": "Life insurance co., credit union, finance co.", 
                            "count": 731, 
                            "value": 160568
                        }, 
                        {
                            "name": "Affiliate institution", 
                            "count": 978, 
                            "value": 202880
                        }, 
                        {
                            "name": "Other", 
                            "count": 11272, 
                            "value": 2352518
                        }
                    ]
                }, 
                {
                    "minoritystatus": "Others, Including Hispanic", 
                    "purchasers": [
                        {
                            "name": "Fannie Mae", 
                            "count": 447, 
                            "value": 93644
                        }, 
                        {
                            "name": "Ginnie Mae", 
                            "count": 219, 
                            "value": 48064
                        }, 
                        {
                            "name": "Freddie Mac", 
                            "count": 160, 
                            "value": 31364
                        }, 
                        {
                            "name": "Farmer Mac", 
                            "count": 1, 
                            "value": 384
                        }, 
                        {
                            "name": "Private Securitization", 
                            "count": 12, 
                            "value": 2901
                        }, 
                        {
                            "name": "Commercial bank, savings bank or association", 
                            "count": 196, 
                            "value": 45121
                        }, 
                        {
                            "name": "Life insurance co., credit union, finance co.", 
                            "count": 57, 
                            "value": 13075
                        }, 
                        {
                            "name": "Affiliate institution", 
                            "count": 26, 
                            "value": 5224
                        }, 
                        {
                            "name": "Other", 
                            "count": 848, 
                            "value": 157604
                        }
                    ]
                }
            ]
        }, 
        {
            "characteristic": "Applicant Income", 
            "applicantincomes": [
                {
                    "applicantincome": "Less than 50% of MSA/MD median", 
                    "purchasers": [
                        {
                            "name": "Fannie Mae", 
                            "count": 657, 
                            "value": 86209
                        }, 
                        {
                            "name": "Ginnie Mae", 
                            "count": 193, 
                            "value": 28822
                        }, 
                        {
                            "name": "Freddie Mac", 
                            "count": 215, 
                            "value": 27792
                        }, 
                        {
                            "name": "Farmer Mac", 
                            "count": 0, 
                            "value": 0
                        }, 
                        {
                            "name": "Private Securitization", 
                            "count": 15, 
                            "value": 2161
                        }, 
                        {
                            "name": "Commercial bank, savings bank or association", 
                            "count": 288, 
                            "value": 41163
                        }, 
                        {
                            "name": "Life insurance co., credit union, finance co.", 
                            "count": 69, 
                            "value": 9806
                        }, 
                        {
                            "name": "Affiliate institution", 
                            "count": 73, 
                            "value": 9383
                        }, 
                        {
                            "name": "Other", 
                            "count": 1401, 
                            "value": 167931
                        }
                    ]
                }, 
                {
                    "applicantincome": "50-79% of MSA/MD median", 
                    "purchasers": [
                        {
                            "name": "Fannie Mae", 
                            "count": 1536, 
                            "value": 258676
                        }, 
                        {
                            "name": "Ginnie Mae", 
                            "count": 635, 
                            "value": 122148
                        }, 
                        {
                            "name": "Freddie Mac", 
                            "count": 465, 
                            "value": 77454
                        }, 
                        {
                            "name": "Farmer Mac", 
                            "count": 0, 
                            "value": 0
                        }, 
                        {
                            "name": "Private Securitization", 
                            "count": 19, 
                            "value": 2768
                        }, 
                        {
                            "name": "Commercial bank, savings bank or association", 
                            "count": 801, 
                            "value": 149480
                        }, 
                        {
                            "name": "Life insurance co., credit union, finance co.", 
                            "count": 153, 
                            "value": 27987
                        }, 
                        {
                            "name": "Affiliate institution", 
                            "count": 180, 
                            "value": 30765
                        }, 
                        {
                            "name": "Other", 
                            "count": 2407, 
                            "value": 383722
                        }
                    ]
                }, 
                {
                    "applicantincome": "80-99% of MSA/MD median", 
                    "purchasers": [
                        {
                            "name": "Fannie Mae", 
                            "count": 1045, 
                            "value": 204224
                        }, 
                        {
                            "name": "Ginnie Mae", 
                            "count": 285, 
                            "value": 60396
                        }, 
                        {
                            "name": "Freddie Mac", 
                            "count": 322, 
                            "value": 61174
                        }, 
                        {
                            "name": "Farmer Mac", 
                            "count": 0, 
                            "value": 0
                        }, 
                        {
                            "name": "Private Securitization", 
                            "count": 13, 
                            "value": 2327
                        }, 
                        {
                            "name": "Commercial bank, savings bank or association", 
                            "count": 491, 
                            "value": 104393
                        }, 
                        {
                            "name": "Life insurance co., credit union, finance co.", 
                            "count": 106, 
                            "value": 21989
                        }, 
                        {
                            "name": "Affiliate institution", 
                            "count": 124, 
                            "value": 22903
                        }, 
                        {
                            "name": "Other", 
                            "count": 1349, 
                            "value": 244180
                        }
                    ]
                }, 
                {
                    "applicantincome": "100-119% of MSA/MD median", 
                    "purchasers": [
                        {
                            "name": "Fannie Mae", 
                            "count": 991, 
                            "value": 216468
                        }, 
                        {
                            "name": "Ginnie Mae", 
                            "count": 221, 
                            "value": 51388
                        }, 
                        {
                            "name": "Freddie Mac", 
                            "count": 327, 
                            "value": 66594
                        }, 
                        {
                            "name": "Farmer Mac", 
                            "count": 0, 
                            "value": 0
                        }, 
                        {
                            "name": "Private Securitization", 
                            "count": 14, 
                            "value": 2873
                        }, 
                        {
                            "name": "Commercial bank, savings bank or association", 
                            "count": 416, 
                            "value": 97221
                        }, 
                        {
                            "name": "Life insurance co., credit union, finance co.", 
                            "count": 81, 
                            "value": 18574
                        }, 
                        {
                            "name": "Affiliate institution", 
                            "count": 121, 
                            "value": 26018
                        }, 
                        {
                            "name": "Other", 
                            "count": 1243, 
                            "value": 251751
                        }
                    ]
                }, 
                {
                    "applicantincome": "120% or more of MSA/MD median", 
                    "purchasers": [
                        {
                            "name": "Fannie Mae", 
                            "count": 3617, 
                            "value": 881614
                        }, 
                        {
                            "name": "Ginnie Mae", 
                            "count": 396, 
                            "value": 104768
                        }, 
                        {
                            "name": "Freddie Mac", 
                            "count": 1084, 
                            "value": 260131
                        }, 
                        {
                            "name": "Farmer Mac", 
                            "count": 2, 
                            "value": 723
                        }, 
                        {
                            "name": "Private Securitization", 
                            "count": 40, 
                            "value": 9718
                        }, 
                        {
                            "name": "Commercial bank, savings bank or association", 
                            "count": 1342, 
                            "value": 359267
                        }, 
                        {
                            "name": "Life insurance co., credit union, finance co.", 
                            "count": 300, 
                            "value": 78443
                        }, 
                        {
                            "name": "Affiliate institution", 
                            "count": 489, 
                            "value": 115299
                        }, 
                        {
                            "name": "Other", 
                            "count": 4654, 
                            "value": 1192813
                        }
                    ]
                }, 
                {
                    "applicantincome": "income not available", 
                    "purchasers": [
                        {
                            "name": "Fannie Mae", 
                            "count": 567, 
                            "value": 123285
                        }, 
                        {
                            "name": "Ginnie Mae", 
                            "count": 987, 
                            "value": 279514
                        }, 
                        {
                            "name": "Freddie Mac", 
                            "count": 387, 
                            "value": 84403
                        }, 
                        {
                            "name": "Farmer Mac", 
                            "count": 0, 
                            "value": 0
                        }, 
                        {
                            "name": "Private Securitization", 
                            "count": 2, 
                            "value": 380
                        }, 
                        {
                            "name": "Commercial bank, savings bank or association", 
                            "count": 267, 
                            "value": 61807
                        }, 
                        {
                            "name": "Life insurance co., credit union, finance co.", 
                            "count": 79, 
                            "value": 16844
                        }, 
                        {
                            "name": "Affiliate institution", 
                            "count": 17, 
                            "value": 3736
                        }, 
                        {
                            "name": "Other", 
                            "count": 1066, 
                            "value": 269725
                        }
                    ]
                }
            ]
        }
    ], 
    "censuscharacteristics": [
        {
            "characteristic": "Racial/Ethnic Composition", 
            "tractpctminorities": [
                {
                    "tractpctminority": "Less than 10% minority", 
                    "purchasers": [
                        {
                            "name": "Fannie Mae", 
                            "count": 1235, 
                            "value": 291831
                        }, 
                        {
                            "name": "Ginnie Mae", 
                            "count": 224, 
                            "value": 56022
                        }, 
                        {
                            "name": "Freddie Mac", 
                            "count": 405, 
                            "value": 90835
                        }, 
                        {
                            "name": "Farmer Mac", 
                            "count": 2, 
                            "value": 723
                        }, 
                        {
                            "name": "Private Securitization", 
                            "count": 10, 
                            "value": 2344
                        }, 
                        {
                            "name": "Commercial bank, savings bank or association", 
                            "count": 411, 
                            "value": 106473
                        }, 
                        {
                            "name": "Life insurance co., credit union, finance co.", 
                            "count": 86, 
                            "value": 21571
                        }, 
                        {
                            "name": "Affiliate institution", 
                            "count": 105, 
                            "value": 23610
                        }, 
                        {
                            "name": "Other", 
                            "count": 1702, 
                            "value": 386201
                        }
                    ]
                }, 
                {
                    "tractpctminority": "10-19% minority", 
                    "purchasers": [
                        {
                            "name": "Fannie Mae", 
                            "count": 7156, 
                            "value": 1475236
                        }, 
                        {
                            "name": "Ginnie Mae", 
                            "count": 2483, 
                            "value": 589427
                        }, 
                        {
                            "name": "Freddie Mac", 
                            "count": 2394, 
                            "value": 486596
                        }, 
                        {
                            "name": "Farmer Mac", 
                            "count": 0, 
                            "value": 0
                        }, 
                        {
                            "name": "Private Securitization", 
                            "count": 91, 
                            "value": 17528
                        }, 
                        {
                            "name": "Commercial bank, savings bank or association", 
                            "count": 3180, 
                            "value": 704524
                        }, 
                        {
                            "name": "Life insurance co., credit union, finance co.", 
                            "count": 698, 
                            "value": 151509
                        }, 
                        {
                            "name": "Affiliate institution", 
                            "count": 896, 
                            "value": 184119
                        }, 
                        {
                            "name": "Other", 
                            "count": 10354, 
                            "value": 2115505
                        }
                    ]
                }, 
                {
                    "tractpctminority": "20-49% minority", 
                    "purchasers": [
                        {
                            "name": "Fannie Mae", 
                            "count": 22, 
                            "value": 3409
                        }, 
                        {
                            "name": "Ginnie Mae", 
                            "count": 10, 
                            "value": 1587
                        }, 
                        {
                            "name": "Freddie Mac", 
                            "count": 1, 
                            "value": 117
                        }, 
                        {
                            "name": "Farmer Mac", 
                            "count": 0, 
                            "value": 0
                        }, 
                        {
                            "name": "Private Securitization", 
                            "count": 2, 
                            "value": 355
                        }, 
                        {
                            "name": "Commercial bank, savings bank or association", 
                            "count": 14, 
                            "value": 2334
                        }, 
                        {
                            "name": "Life insurance co., credit union, finance co.", 
                            "count": 4, 
                            "value": 563
                        }, 
                        {
                            "name": "Affiliate institution", 
                            "count": 3, 
                            "value": 375
                        }, 
                        {
                            "name": "Other", 
                            "count": 64, 
                            "value": 8416
                        }
                    ]
                }, 
                {
                    "tractpctminority": "50-79% minority", 
                    "purchasers": [
                        {
                            "name": "Fannie Mae", 
                            "count": 0, 
                            "value": 0
                        }, 
                        {
                            "name": "Ginnie Mae", 
                            "count": 0, 
                            "value": 0
                        }, 
                        {
                            "name": "Freddie Mac", 
                            "count": 0, 
                            "value": 0
                        }, 
                        {
                            "name": "Farmer Mac", 
                            "count": 0, 
                            "value": 0
                        }, 
                        {
                            "name": "Private Securitization", 
                            "count": 0, 
                            "value": 0
                        }, 
                        {
                            "name": "Commercial bank, savings bank or association", 
                            "count": 0, 
                            "value": 0
                        }, 
                        {
                            "name": "Life insurance co., credit union, finance co.", 
                            "count": 0, 
                            "value": 0
                        }, 
                        {
                            "name": "Affiliate institution", 
                            "count": 0, 
                            "value": 0
                        }, 
                        {
                            "name": "Other", 
                            "count": 0, 
                            "value": 0
                        }
                    ]
                }, 
                {
                    "tractpctminority": "80-100% minority", 
                    "purchasers": [
                        {
                            "name": "Fannie Mae", 
                            "count": 0, 
                            "value": 0
                        }, 
                        {
                            "name": "Ginnie Mae", 
                            "count": 0, 
                            "value": 0
                        }, 
                        {
                            "name": "Freddie Mac", 
                            "count": 0, 
                            "value": 0
                        }, 
                        {
                            "name": "Farmer Mac", 
                            "count": 0, 
                            "value": 0
                        }, 
                        {
                            "name": "Private Securitization", 
                            "count": 0, 
                            "value": 0
                        }, 
                        {
                            "name": "Commercial bank, savings bank or association", 
                            "count": 0, 
                            "value": 0
                        }, 
                        {
                            "name": "Life insurance co., credit union, finance co.", 
                            "count": 0, 
                            "value": 0
                        }, 
                        {
                            "name": "Affiliate institution", 
                            "count": 0, 
                            "value": 0
                        }, 
                        {
                            "name": "Other", 
                            "count": 0, 
                            "value": 0
                        }
                    ]
                }
            ]
        }, 
        {
            "characteristic": "Income", 
            "incomelevels": [
                {
                    "incomelevel": "Low income", 
                    "purchasers": [
                        {
                            "name": "Fannie Mae", 
                            "count": 46, 
                            "value": 8883
                        }, 
                        {
                            "name": "Ginnie Mae", 
                            "count": 14, 
                            "value": 2995
                        }, 
                        {
                            "name": "Freddie Mac", 
                            "count": 18, 
                            "value": 2509
                        }, 
                        {
                            "name": "Farmer Mac", 
                            "count": 0, 
                            "value": 0
                        }, 
                        {
                            "name": "Private Securitization", 
                            "count": 0, 
                            "value": 0
                        }, 
                        {
                            "name": "Commercial bank, savings bank or association", 
                            "count": 19, 
                            "value": 3475
                        }, 
                        {
                            "name": "Life insurance co., credit union, finance co.", 
                            "count": 3, 
                            "value": 420
                        }, 
                        {
                            "name": "Affiliate institution", 
                            "count": 6, 
                            "value": 866
                        }, 
                        {
                            "name": "Other", 
                            "count": 109, 
                            "value": 15345
                        }
                    ]
                }, 
                {
                    "incomelevel": "Moderate income", 
                    "purchasers": [
                        {
                            "name": "Fannie Mae", 
                            "count": 1146, 
                            "value": 184826
                        }, 
                        {
                            "name": "Ginnie Mae", 
                            "count": 467, 
                            "value": 115390
                        }, 
                        {
                            "name": "Freddie Mac", 
                            "count": 368, 
                            "value": 57938
                        }, 
                        {
                            "name": "Farmer Mac", 
                            "count": 0, 
                            "value": 0
                        }, 
                        {
                            "name": "Private Securitization", 
                            "count": 13, 
                            "value": 2348
                        }, 
                        {
                            "name": "Commercial bank, savings bank or association", 
                            "count": 493, 
                            "value": 84627
                        }, 
                        {
                            "name": "Life insurance co., credit union, finance co.", 
                            "count": 120, 
                            "value": 20282
                        }, 
                        {
                            "name": "Affiliate institution", 
                            "count": 165, 
                            "value": 27047
                        }, 
                        {
                            "name": "Other", 
                            "count": 1935, 
                            "value": 332682
                        }
                    ]
                }, 
                {
                    "incomelevel": "Middle income", 
                    "purchasers": [
                        {
                            "name": "Fannie Mae", 
                            "count": 4005, 
                            "value": 782102
                        }, 
                        {
                            "name": "Ginnie Mae", 
                            "count": 1499, 
                            "value": 302462
                        }, 
                        {
                            "name": "Freddie Mac", 
                            "count": 1291, 
                            "value": 244954
                        }, 
                        {
                            "name": "Farmer Mac", 
                            "count": 0, 
                            "value": 0
                        }, 
                        {
                            "name": "Private Securitization", 
                            "count": 60, 
                            "value": 11637
                        }, 
                        {
                            "name": "Commercial bank, savings bank or association", 
                            "count": 1693, 
                            "value": 354945
                        }, 
                        {
                            "name": "Life insurance co., credit union, finance co.", 
                            "count": 372, 
                            "value": 77338
                        }, 
                        {
                            "name": "Affiliate institution", 
                            "count": 445, 
                            "value": 86905
                        }, 
                        {
                            "name": "Other", 
                            "count": 5972, 
                            "value": 1143489
                        }
                    ]
                }, 
                {
                    "incomelevel": "Upper income", 
                    "purchasers": [
                        {
                            "name": "Fannie Mae", 
                            "count": 3216, 
                            "value": 794665
                        }, 
                        {
                            "name": "Ginnie Mae", 
                            "count": 737, 
                            "value": 226189
                        }, 
                        {
                            "name": "Freddie Mac", 
                            "count": 1122, 
                            "value": 271987
                        }, 
                        {
                            "name": "Farmer Mac", 
                            "count": 2, 
                            "value": 723
                        }, 
                        {
                            "name": "Private Securitization", 
                            "count": 30, 
                            "value": 6242
                        }, 
                        {
                            "name": "Commercial bank, savings bank or association", 
                            "count": 1400, 
                            "value": 370284
                        }, 
                        {
                            "name": "Life insurance co., credit union, finance co.", 
                            "count": 292, 
                            "value": 75287
                        }, 
                        {
                            "name": "Affiliate institution", 
                            "count": 388, 
                            "value": 93286
                        }, 
                        {
                            "name": "Other", 
                            "count": 4102, 
                            "value": 1017786
                        }
                    ]
                }
            ]
        }
    ], 
    "total": {
        "purchasers": [
            {
                "name": "Fannie Mae", 
                "count": 8413, 
                "value": 1770476
            }, 
            {
                "name": "Ginnie Mae", 
                "count": 2717, 
                "value": 647036
            }, 
            {
                "name": "Freddie Mac", 
                "count": 2800, 
                "value": 577548
            }, 
            {
                "name": "Farmer Mac", 
                "count": 2, 
                "value": 723
            }, 
            {
                "name": "Private Securitization", 
                "count": 103, 
                "value": 20227
            }, 
            {
                "name": "Commercial bank, savings bank or association", 
                "count": 3605, 
                "value": 813331
            }, 
            {
                "name": "Life insurance co., credit union, finance co.", 
                "count": 788, 
                "value": 173643
            }, 
            {
                "name": "Affiliate institution", 
                "count": 1004, 
                "value": 208104
            }, 
            {
                "name": "Other", 
                "count": 12120, 
                "value": 2510122
            }
        ]
    }
}