{
    "table": "4-2", 
    "type": "Aggregate", 
    "desc": "Disposition of applications for conventional home-purchase loans 1- to 4- family and manufactured home dwellings, by race, ethnicity, gender and income of applicant", 
    "year": "2012", 
    "report-date": "04/03/2015", 
    "msa": {
        "id": "33860", 
        "name": "Montgomery", 
        "state": "AL", 
        "state_name": "Alabama"
    }, 
    "races": [
        {
            "race": "American Indian/Alaska Native", 
            "dispositions": [
                {
                    "disposition": "Applications Received", 
                    "count": 2, 
                    "value": 288
                }, 
                {
                    "disposition": "Loans Originated", 
                    "count": 2, 
                    "value": 288
                }, 
                {
                    "disposition": "Apps. Approved But Not Accepted", 
                    "count": 0, 
                    "value": 0
                }, 
                {
                    "disposition": "Aplications Denied", 
                    "count": 0, 
                    "value": 0
                }, 
                {
                    "disposition": "Applications Withdrawn", 
                    "count": 0, 
                    "value": 0
                }, 
                {
                    "disposition": "Files Closed For Incompleteness", 
                    "count": 0, 
                    "value": 0
                }
            ], 
            "genders": [
                {
                    "gender": "Male", 
                    "dispositions": [
                        {
                            "disposition": "Applications Received", 
                            "count": 1, 
                            "value": 252
                        }, 
                        {
                            "disposition": "Loans Originated", 
                            "count": 1, 
                            "value": 252
                        }, 
                        {
                            "disposition": "Apps. Approved But Not Accepted", 
                            "count": 0, 
                            "value": 0
                        }, 
                        {
                            "disposition": "Aplications Denied", 
                            "count": 0, 
                            "value": 0
                        }, 
                        {
                            "disposition": "Applications Withdrawn", 
                            "count": 0, 
                            "value": 0
                        }, 
                        {
                            "disposition": "Files Closed For Incompleteness", 
                            "count": 0, 
                            "value": 0
                        }
                    ]
                }, 
                {
                    "gender": "Female", 
                    "dispositions": [
                        {
                            "disposition": "Applications Received", 
                            "count": 1, 
                            "value": 36
                        }, 
                        {
                            "disposition": "Loans Originated", 
                            "count": 1, 
                            "value": 36
                        }, 
                        {
                            "disposition": "Apps. Approved But Not Accepted", 
                            "count": 0, 
                            "value": 0
                        }, 
                        {
                            "disposition": "Aplications Denied", 
                            "count": 0, 
                            "value": 0
                        }, 
                        {
                            "disposition": "Applications Withdrawn", 
                            "count": 0, 
                            "value": 0
                        }, 
                        {
                            "disposition": "Files Closed For Incompleteness", 
                            "count": 0, 
                            "value": 0
                        }
                    ]
                }, 
                {
                    "gender": "Joint (Male/Female)", 
                    "dispositions": [
                        {
                            "disposition": "Applications Received", 
                            "count": 0, 
                            "value": 0
                        }, 
                        {
                            "disposition": "Loans Originated", 
                            "count": 0, 
                            "value": 0
                        }, 
                        {
                            "disposition": "Apps. Approved But Not Accepted", 
                            "count": 0, 
                            "value": 0
                        }, 
                        {
                            "disposition": "Aplications Denied", 
                            "count": 0, 
                            "value": 0
                        }, 
                        {
                            "disposition": "Applications Withdrawn", 
                            "count": 0, 
                            "value": 0
                        }, 
                        {
                            "disposition": "Files Closed For Incompleteness", 
                            "count": 0, 
                            "value": 0
                        }
                    ]
                }
            ]
        }, 
        {
            "race": "Asian", 
            "dispositions": [
                {
                    "disposition": "Applications Received", 
                    "count": 4, 
                    "value": 682
                }, 
                {
                    "disposition": "Loans Originated", 
                    "count": 1, 
                    "value": 127
                }, 
                {
                    "disposition": "Apps. Approved But Not Accepted", 
                    "count": 0, 
                    "value": 0
                }, 
                {
                    "disposition": "Aplications Denied", 
                    "count": 1, 
                    "value": 20
                }, 
                {
                    "disposition": "Applications Withdrawn", 
                    "count": 1, 
                    "value": 475
                }, 
                {
                    "disposition": "Files Closed For Incompleteness", 
                    "count": 1, 
                    "value": 60
                }
            ], 
            "genders": [
                {
                    "gender": "Male", 
                    "dispositions": [
                        {
                            "disposition": "Applications Received", 
                            "count": 1, 
                            "value": 475
                        }, 
                        {
                            "disposition": "Loans Originated", 
                            "count": 0, 
                            "value": 0
                        }, 
                        {
                            "disposition": "Apps. Approved But Not Accepted", 
                            "count": 0, 
                            "value": 0
                        }, 
                        {
                            "disposition": "Aplications Denied", 
                            "count": 0, 
                            "value": 0
                        }, 
                        {
                            "disposition": "Applications Withdrawn", 
                            "count": 1, 
                            "value": 475
                        }, 
                        {
                            "disposition": "Files Closed For Incompleteness", 
                            "count": 0, 
                            "value": 0
                        }
                    ]
                }, 
                {
                    "gender": "Female", 
                    "dispositions": [
                        {
                            "disposition": "Applications Received", 
                            "count": 2, 
                            "value": 187
                        }, 
                        {
                            "disposition": "Loans Originated", 
                            "count": 1, 
                            "value": 127
                        }, 
                        {
                            "disposition": "Apps. Approved But Not Accepted", 
                            "count": 0, 
                            "value": 0
                        }, 
                        {
                            "disposition": "Aplications Denied", 
                            "count": 0, 
                            "value": 0
                        }, 
                        {
                            "disposition": "Applications Withdrawn", 
                            "count": 0, 
                            "value": 0
                        }, 
                        {
                            "disposition": "Files Closed For Incompleteness", 
                            "count": 1, 
                            "value": 60
                        }
                    ]
                }, 
                {
                    "gender": "Joint (Male/Female)", 
                    "dispositions": [
                        {
                            "disposition": "Applications Received", 
                            "count": 1, 
                            "value": 20
                        }, 
                        {
                            "disposition": "Loans Originated", 
                            "count": 0, 
                            "value": 0
                        }, 
                        {
                            "disposition": "Apps. Approved But Not Accepted", 
                            "count": 0, 
                            "value": 0
                        }, 
                        {
                            "disposition": "Aplications Denied", 
                            "count": 1, 
                            "value": 20
                        }, 
                        {
                            "disposition": "Applications Withdrawn", 
                            "count": 0, 
                            "value": 0
                        }, 
                        {
                            "disposition": "Files Closed For Incompleteness", 
                            "count": 0, 
                            "value": 0
                        }
                    ]
                }
            ]
        }, 
        {
            "race": "Black or African American", 
            "dispositions": [
                {
                    "disposition": "Applications Received", 
                    "count": 46, 
                    "value": 7884
                }, 
                {
                    "disposition": "Loans Originated", 
                    "count": 41, 
                    "value": 7346
                }, 
                {
                    "disposition": "Apps. Approved But Not Accepted", 
                    "count": 2, 
                    "value": 182
                }, 
                {
                    "disposition": "Aplications Denied", 
                    "count": 1, 
                    "value": 144
                }, 
                {
                    "disposition": "Applications Withdrawn", 
                    "count": 2, 
                    "value": 212
                }, 
                {
                    "disposition": "Files Closed For Incompleteness", 
                    "count": 0, 
                    "value": 0
                }
            ], 
            "genders": [
                {
                    "gender": "Male", 
                    "dispositions": [
                        {
                            "disposition": "Applications Received", 
                            "count": 17, 
                            "value": 3433
                        }, 
                        {
                            "disposition": "Loans Originated", 
                            "count": 16, 
                            "value": 3295
                        }, 
                        {
                            "disposition": "Apps. Approved But Not Accepted", 
                            "count": 1, 
                            "value": 138
                        }, 
                        {
                            "disposition": "Aplications Denied", 
                            "count": 0, 
                            "value": 0
                        }, 
                        {
                            "disposition": "Applications Withdrawn", 
                            "count": 0, 
                            "value": 0
                        }, 
                        {
                            "disposition": "Files Closed For Incompleteness", 
                            "count": 0, 
                            "value": 0
                        }
                    ]
                }, 
                {
                    "gender": "Female", 
                    "dispositions": [
                        {
                            "disposition": "Applications Received", 
                            "count": 13, 
                            "value": 1622
                        }, 
                        {
                            "disposition": "Loans Originated", 
                            "count": 10, 
                            "value": 1384
                        }, 
                        {
                            "disposition": "Apps. Approved But Not Accepted", 
                            "count": 1, 
                            "value": 44
                        }, 
                        {
                            "disposition": "Aplications Denied", 
                            "count": 1, 
                            "value": 144
                        }, 
                        {
                            "disposition": "Applications Withdrawn", 
                            "count": 1, 
                            "value": 50
                        }, 
                        {
                            "disposition": "Files Closed For Incompleteness", 
                            "count": 0, 
                            "value": 0
                        }
                    ]
                }, 
                {
                    "gender": "Joint (Male/Female)", 
                    "dispositions": [
                        {
                            "disposition": "Applications Received", 
                            "count": 16, 
                            "value": 2829
                        }, 
                        {
                            "disposition": "Loans Originated", 
                            "count": 15, 
                            "value": 2667
                        }, 
                        {
                            "disposition": "Apps. Approved But Not Accepted", 
                            "count": 0, 
                            "value": 0
                        }, 
                        {
                            "disposition": "Aplications Denied", 
                            "count": 0, 
                            "value": 0
                        }, 
                        {
                            "disposition": "Applications Withdrawn", 
                            "count": 1, 
                            "value": 162
                        }, 
                        {
                            "disposition": "Files Closed For Incompleteness", 
                            "count": 0, 
                            "value": 0
                        }
                    ]
                }
            ]
        }, 
        {
            "race": "Native Hawaiian or Other Pacific Islander", 
            "dispositions": [
                {
                    "disposition": "Applications Received", 
                    "count": 509, 
                    "value": 34689
                }, 
                {
                    "disposition": "Loans Originated", 
                    "count": 195, 
                    "value": 15761
                }, 
                {
                    "disposition": "Apps. Approved But Not Accepted", 
                    "count": 45, 
                    "value": 1955
                }, 
                {
                    "disposition": "Aplications Denied", 
                    "count": 224, 
                    "value": 13148
                }, 
                {
                    "disposition": "Applications Withdrawn", 
                    "count": 40, 
                    "value": 3563
                }, 
                {
                    "disposition": "Files Closed For Incompleteness", 
                    "count": 5, 
                    "value": 262
                }
            ], 
            "genders": [
                {
                    "gender": "Male", 
                    "dispositions": [
                        {
                            "disposition": "Applications Received", 
                            "count": 192, 
                            "value": 12290
                        }, 
                        {
                            "disposition": "Loans Originated", 
                            "count": 83, 
                            "value": 5589
                        }, 
                        {
                            "disposition": "Apps. Approved But Not Accepted", 
                            "count": 18, 
                            "value": 819
                        }, 
                        {
                            "disposition": "Aplications Denied", 
                            "count": 69, 
                            "value": 4142
                        }, 
                        {
                            "disposition": "Applications Withdrawn", 
                            "count": 19, 
                            "value": 1485
                        }, 
                        {
                            "disposition": "Files Closed For Incompleteness", 
                            "count": 3, 
                            "value": 255
                        }
                    ]
                }, 
                {
                    "gender": "Female", 
                    "dispositions": [
                        {
                            "disposition": "Applications Received", 
                            "count": 236, 
                            "value": 15032
                        }, 
                        {
                            "disposition": "Loans Originated", 
                            "count": 84, 
                            "value": 7307
                        }, 
                        {
                            "disposition": "Apps. Approved But Not Accepted", 
                            "count": 23, 
                            "value": 804
                        }, 
                        {
                            "disposition": "Aplications Denied", 
                            "count": 110, 
                            "value": 5619
                        }, 
                        {
                            "disposition": "Applications Withdrawn", 
                            "count": 18, 
                            "value": 1298
                        }, 
                        {
                            "disposition": "Files Closed For Incompleteness", 
                            "count": 1, 
                            "value": 4
                        }
                    ]
                }, 
                {
                    "gender": "Joint (Male/Female)", 
                    "dispositions": [
                        {
                            "disposition": "Applications Received", 
                            "count": 78, 
                            "value": 7174
                        }, 
                        {
                            "disposition": "Loans Originated", 
                            "count": 27, 
                            "value": 2748
                        }, 
                        {
                            "disposition": "Apps. Approved But Not Accepted", 
                            "count": 4, 
                            "value": 332
                        }, 
                        {
                            "disposition": "Aplications Denied", 
                            "count": 43, 
                            "value": 3311
                        }, 
                        {
                            "disposition": "Applications Withdrawn", 
                            "count": 3, 
                            "value": 780
                        }, 
                        {
                            "disposition": "Files Closed For Incompleteness", 
                            "count": 1, 
                            "value": 3
                        }
                    ]
                }
            ]
        }, 
        {
            "race": "White", 
            "dispositions": [
                {
                    "disposition": "Applications Received", 
                    "count": 3, 
                    "value": 416
                }, 
                {
                    "disposition": "Loans Originated", 
                    "count": 2, 
                    "value": 347
                }, 
                {
                    "disposition": "Apps. Approved But Not Accepted", 
                    "count": 1, 
                    "value": 69
                }, 
                {
                    "disposition": "Aplications Denied", 
                    "count": 0, 
                    "value": 0
                }, 
                {
                    "disposition": "Applications Withdrawn", 
                    "count": 0, 
                    "value": 0
                }, 
                {
                    "disposition": "Files Closed For Incompleteness", 
                    "count": 0, 
                    "value": 0
                }
            ], 
            "genders": [
                {
                    "gender": "Male", 
                    "dispositions": [
                        {
                            "disposition": "Applications Received", 
                            "count": 1, 
                            "value": 92
                        }, 
                        {
                            "disposition": "Loans Originated", 
                            "count": 1, 
                            "value": 92
                        }, 
                        {
                            "disposition": "Apps. Approved But Not Accepted", 
                            "count": 0, 
                            "value": 0
                        }, 
                        {
                            "disposition": "Aplications Denied", 
                            "count": 0, 
                            "value": 0
                        }, 
                        {
                            "disposition": "Applications Withdrawn", 
                            "count": 0, 
                            "value": 0
                        }, 
                        {
                            "disposition": "Files Closed For Incompleteness", 
                            "count": 0, 
                            "value": 0
                        }
                    ]
                }, 
                {
                    "gender": "Female", 
                    "dispositions": [
                        {
                            "disposition": "Applications Received", 
                            "count": 1, 
                            "value": 69
                        }, 
                        {
                            "disposition": "Loans Originated", 
                            "count": 0, 
                            "value": 0
                        }, 
                        {
                            "disposition": "Apps. Approved But Not Accepted", 
                            "count": 1, 
                            "value": 69
                        }, 
                        {
                            "disposition": "Aplications Denied", 
                            "count": 0, 
                            "value": 0
                        }, 
                        {
                            "disposition": "Applications Withdrawn", 
                            "count": 0, 
                            "value": 0
                        }, 
                        {
                            "disposition": "Files Closed For Incompleteness", 
                            "count": 0, 
                            "value": 0
                        }
                    ]
                }, 
                {
                    "gender": "Joint (Male/Female)", 
                    "dispositions": [
                        {
                            "disposition": "Applications Received", 
                            "count": 1, 
                            "value": 255
                        }, 
                        {
                            "disposition": "Loans Originated", 
                            "count": 1, 
                            "value": 255
                        }, 
                        {
                            "disposition": "Apps. Approved But Not Accepted", 
                            "count": 0, 
                            "value": 0
                        }, 
                        {
                            "disposition": "Aplications Denied", 
                            "count": 0, 
                            "value": 0
                        }, 
                        {
                            "disposition": "Applications Withdrawn", 
                            "count": 0, 
                            "value": 0
                        }, 
                        {
                            "disposition": "Files Closed For Incompleteness", 
                            "count": 0, 
                            "value": 0
                        }
                    ]
                }
            ]
        }, 
        {
            "race": "2 or more minority races", 
            "dispositions": [
                {
                    "disposition": "Applications Received", 
                    "count": 1490, 
                    "value": 207509
                }, 
                {
                    "disposition": "Loans Originated", 
                    "count": 969, 
                    "value": 151135
                }, 
                {
                    "disposition": "Apps. Approved But Not Accepted", 
                    "count": 104, 
                    "value": 8759
                }, 
                {
                    "disposition": "Aplications Denied", 
                    "count": 268, 
                    "value": 24733
                }, 
                {
                    "disposition": "Applications Withdrawn", 
                    "count": 124, 
                    "value": 19278
                }, 
                {
                    "disposition": "Files Closed For Incompleteness", 
                    "count": 25, 
                    "value": 3604
                }
            ], 
            "genders": [
                {
                    "gender": "Male", 
                    "dispositions": [
                        {
                            "disposition": "Applications Received", 
                            "count": 584, 
                            "value": 77120
                        }, 
                        {
                            "disposition": "Loans Originated", 
                            "count": 372, 
                            "value": 56087
                        }, 
                        {
                            "disposition": "Apps. Approved But Not Accepted", 
                            "count": 44, 
                            "value": 3363
                        }, 
                        {
                            "disposition": "Aplications Denied", 
                            "count": 115, 
                            "value": 11278
                        }, 
                        {
                            "disposition": "Applications Withdrawn", 
                            "count": 42, 
                            "value": 5219
                        }, 
                        {
                            "disposition": "Files Closed For Incompleteness", 
                            "count": 11, 
                            "value": 1173
                        }
                    ]
                }, 
                {
                    "gender": "Female", 
                    "dispositions": [
                        {
                            "disposition": "Applications Received", 
                            "count": 342, 
                            "value": 35798
                        }, 
                        {
                            "disposition": "Loans Originated", 
                            "count": 214, 
                            "value": 24653
                        }, 
                        {
                            "disposition": "Apps. Approved But Not Accepted", 
                            "count": 22, 
                            "value": 1542
                        }, 
                        {
                            "disposition": "Aplications Denied", 
                            "count": 67, 
                            "value": 4594
                        }, 
                        {
                            "disposition": "Applications Withdrawn", 
                            "count": 34, 
                            "value": 4258
                        }, 
                        {
                            "disposition": "Files Closed For Incompleteness", 
                            "count": 5, 
                            "value": 751
                        }
                    ]
                }, 
                {
                    "gender": "Joint (Male/Female)", 
                    "dispositions": [
                        {
                            "disposition": "Applications Received", 
                            "count": 563, 
                            "value": 94400
                        }, 
                        {
                            "disposition": "Loans Originated", 
                            "count": 382, 
                            "value": 70204
                        }, 
                        {
                            "disposition": "Apps. Approved But Not Accepted", 
                            "count": 38, 
                            "value": 3854
                        }, 
                        {
                            "disposition": "Aplications Denied", 
                            "count": 86, 
                            "value": 8861
                        }, 
                        {
                            "disposition": "Applications Withdrawn", 
                            "count": 48, 
                            "value": 9801
                        }, 
                        {
                            "disposition": "Files Closed For Incompleteness", 
                            "count": 9, 
                            "value": 1680
                        }
                    ]
                }
            ]
        }, 
        {
            "race": "Joint (White/Minority Race", 
            "dispositions": [
                {
                    "disposition": "Applications Received", 
                    "count": 18, 
                    "value": 2020
                }, 
                {
                    "disposition": "Loans Originated", 
                    "count": 7, 
                    "value": 908
                }, 
                {
                    "disposition": "Apps. Approved But Not Accepted", 
                    "count": 2, 
                    "value": 94
                }, 
                {
                    "disposition": "Aplications Denied", 
                    "count": 6, 
                    "value": 534
                }, 
                {
                    "disposition": "Applications Withdrawn", 
                    "count": 3, 
                    "value": 484
                }, 
                {
                    "disposition": "Files Closed For Incompleteness", 
                    "count": 0, 
                    "value": 0
                }
            ], 
            "genders": [
                {
                    "gender": "Male", 
                    "dispositions": [
                        {
                            "disposition": "Applications Received", 
                            "count": 0, 
                            "value": 0
                        }, 
                        {
                            "disposition": "Loans Originated", 
                            "count": 0, 
                            "value": 0
                        }, 
                        {
                            "disposition": "Apps. Approved But Not Accepted", 
                            "count": 0, 
                            "value": 0
                        }, 
                        {
                            "disposition": "Aplications Denied", 
                            "count": 0, 
                            "value": 0
                        }, 
                        {
                            "disposition": "Applications Withdrawn", 
                            "count": 0, 
                            "value": 0
                        }, 
                        {
                            "disposition": "Files Closed For Incompleteness", 
                            "count": 0, 
                            "value": 0
                        }
                    ]
                }, 
                {
                    "gender": "Female", 
                    "dispositions": [
                        {
                            "disposition": "Applications Received", 
                            "count": 1, 
                            "value": 35
                        }, 
                        {
                            "disposition": "Loans Originated", 
                            "count": 0, 
                            "value": 0
                        }, 
                        {
                            "disposition": "Apps. Approved But Not Accepted", 
                            "count": 0, 
                            "value": 0
                        }, 
                        {
                            "disposition": "Aplications Denied", 
                            "count": 1, 
                            "value": 35
                        }, 
                        {
                            "disposition": "Applications Withdrawn", 
                            "count": 0, 
                            "value": 0
                        }, 
                        {
                            "disposition": "Files Closed For Incompleteness", 
                            "count": 0, 
                            "value": 0
                        }
                    ]
                }, 
                {
                    "gender": "Joint (Male/Female)", 
                    "dispositions": [
                        {
                            "disposition": "Applications Received", 
                            "count": 17, 
                            "value": 1985
                        }, 
                        {
                            "disposition": "Loans Originated", 
                            "count": 7, 
                            "value": 908
                        }, 
                        {
                            "disposition": "Apps. Approved But Not Accepted", 
                            "count": 2, 
                            "value": 94
                        }, 
                        {
                            "disposition": "Aplications Denied", 
                            "count": 5, 
                            "value": 499
                        }, 
                        {
                            "disposition": "Applications Withdrawn", 
                            "count": 3, 
                            "value": 484
                        }, 
                        {
                            "disposition": "Files Closed For Incompleteness", 
                            "count": 0, 
                            "value": 0
                        }
                    ]
                }
            ]
        }, 
        {
            "race": "Not Available", 
            "dispositions": [
                {
                    "disposition": "Applications Received", 
                    "count": 240, 
                    "value": 26637
                }, 
                {
                    "disposition": "Loans Originated", 
                    "count": 114, 
                    "value": 17146
                }, 
                {
                    "disposition": "Apps. Approved But Not Accepted", 
                    "count": 21, 
                    "value": 1737
                }, 
                {
                    "disposition": "Aplications Denied", 
                    "count": 70, 
                    "value": 4979
                }, 
                {
                    "disposition": "Applications Withdrawn", 
                    "count": 30, 
                    "value": 2168
                }, 
                {
                    "disposition": "Files Closed For Incompleteness", 
                    "count": 5, 
                    "value": 607
                }
            ], 
            "genders": [
                {
                    "gender": "Male", 
                    "dispositions": [
                        {
                            "disposition": "Applications Received", 
                            "count": 58, 
                            "value": 3786
                        }, 
                        {
                            "disposition": "Loans Originated", 
                            "count": 17, 
                            "value": 1795
                        }, 
                        {
                            "disposition": "Apps. Approved But Not Accepted", 
                            "count": 7, 
                            "value": 316
                        }, 
                        {
                            "disposition": "Aplications Denied", 
                            "count": 17, 
                            "value": 1031
                        }, 
                        {
                            "disposition": "Applications Withdrawn", 
                            "count": 17, 
                            "value": 644
                        }, 
                        {
                            "disposition": "Files Closed For Incompleteness", 
                            "count": 0, 
                            "value": 0
                        }
                    ]
                }, 
                {
                    "gender": "Female", 
                    "dispositions": [
                        {
                            "disposition": "Applications Received", 
                            "count": 32, 
                            "value": 2146
                        }, 
                        {
                            "disposition": "Loans Originated", 
                            "count": 7, 
                            "value": 666
                        }, 
                        {
                            "disposition": "Apps. Approved But Not Accepted", 
                            "count": 5, 
                            "value": 449
                        }, 
                        {
                            "disposition": "Aplications Denied", 
                            "count": 15, 
                            "value": 843
                        }, 
                        {
                            "disposition": "Applications Withdrawn", 
                            "count": 4, 
                            "value": 88
                        }, 
                        {
                            "disposition": "Files Closed For Incompleteness", 
                            "count": 1, 
                            "value": 100
                        }
                    ]
                }, 
                {
                    "gender": "Joint (Male/Female)", 
                    "dispositions": [
                        {
                            "disposition": "Applications Received", 
                            "count": 23, 
                            "value": 2626
                        }, 
                        {
                            "disposition": "Loans Originated", 
                            "count": 6, 
                            "value": 1203
                        }, 
                        {
                            "disposition": "Apps. Approved But Not Accepted", 
                            "count": 4, 
                            "value": 558
                        }, 
                        {
                            "disposition": "Aplications Denied", 
                            "count": 13, 
                            "value": 865
                        }, 
                        {
                            "disposition": "Applications Withdrawn", 
                            "count": 0, 
                            "value": 0
                        }, 
                        {
                            "disposition": "Files Closed For Incompleteness", 
                            "count": 0, 
                            "value": 0
                        }
                    ]
                }
            ]
        }
    ], 
    "ethnicities": [
        {
            "ethnicity": "Hispanic or Latino", 
            "dispositions": [
                {
                    "disposition": "Applications Received", 
                    "count": 20, 
                    "value": 2714
                }, 
                {
                    "disposition": "Loans Originated", 
                    "count": 12, 
                    "value": 1716
                }, 
                {
                    "disposition": "Apps. Approved But Not Accepted", 
                    "count": 0, 
                    "value": 0
                }, 
                {
                    "disposition": "Aplications Denied", 
                    "count": 4, 
                    "value": 417
                }, 
                {
                    "disposition": "Applications Withdrawn", 
                    "count": 2, 
                    "value": 293
                }, 
                {
                    "disposition": "Files Closed For Incompleteness", 
                    "count": 2, 
                    "value": 288
                }
            ], 
            "genders": [
                {
                    "gender": "Male", 
                    "dispositions": [
                        {
                            "disposition": "Applications Received", 
                            "count": 10, 
                            "value": 10
                        }, 
                        {
                            "disposition": "Loans Originated", 
                            "count": 6, 
                            "value": 1045
                        }, 
                        {
                            "disposition": "Apps. Approved But Not Accepted", 
                            "count": 0, 
                            "value": 0
                        }, 
                        {
                            "disposition": "Aplications Denied", 
                            "count": 2, 
                            "value": 351
                        }, 
                        {
                            "disposition": "Applications Withdrawn", 
                            "count": 2, 
                            "value": 293
                        }, 
                        {
                            "disposition": "Files Closed For Incompleteness", 
                            "count": 0, 
                            "value": 0
                        }
                    ]
                }, 
                {
                    "gender": "Female", 
                    "dispositions": [
                        {
                            "disposition": "Applications Received", 
                            "count": 5, 
                            "value": 5
                        }, 
                        {
                            "disposition": "Loans Originated", 
                            "count": 3, 
                            "value": 185
                        }, 
                        {
                            "disposition": "Apps. Approved But Not Accepted", 
                            "count": 0, 
                            "value": 0
                        }, 
                        {
                            "disposition": "Aplications Denied", 
                            "count": 1, 
                            "value": 25
                        }, 
                        {
                            "disposition": "Applications Withdrawn", 
                            "count": 0, 
                            "value": 0
                        }, 
                        {
                            "disposition": "Files Closed For Incompleteness", 
                            "count": 1, 
                            "value": 60
                        }
                    ]
                }, 
                {
                    "gender": "Joint (Male/Female)", 
                    "dispositions": [
                        {
                            "disposition": "Applications Received", 
                            "count": 4, 
                            "value": 4
                        }, 
                        {
                            "disposition": "Loans Originated", 
                            "count": 2, 
                            "value": 459
                        }, 
                        {
                            "disposition": "Apps. Approved But Not Accepted", 
                            "count": 0, 
                            "value": 0
                        }, 
                        {
                            "disposition": "Aplications Denied", 
                            "count": 1, 
                            "value": 41
                        }, 
                        {
                            "disposition": "Applications Withdrawn", 
                            "count": 0, 
                            "value": 0
                        }, 
                        {
                            "disposition": "Files Closed For Incompleteness", 
                            "count": 1, 
                            "value": 228
                        }
                    ]
                }
            ]
        }, 
        {
            "ethnicity": "Not Hispanic or Latino", 
            "dispositions": [
                {
                    "disposition": "Applications Received", 
                    "count": 1927, 
                    "value": 244982
                }, 
                {
                    "disposition": "Loans Originated", 
                    "count": 1187, 
                    "value": 173262
                }, 
                {
                    "disposition": "Apps. Approved But Not Accepted", 
                    "count": 124, 
                    "value": 9590
                }, 
                {
                    "disposition": "Aplications Denied", 
                    "count": 422, 
                    "value": 34878
                }, 
                {
                    "disposition": "Applications Withdrawn", 
                    "count": 165, 
                    "value": 23554
                }, 
                {
                    "disposition": "Files Closed For Incompleteness", 
                    "count": 29, 
                    "value": 3698
                }
            ], 
            "genders": [
                {
                    "gender": "Male", 
                    "dispositions": [
                        {
                            "disposition": "Applications Received", 
                            "count": 734, 
                            "value": 734
                        }, 
                        {
                            "disposition": "Loans Originated", 
                            "count": 455, 
                            "value": 63528
                        }, 
                        {
                            "disposition": "Apps. Approved But Not Accepted", 
                            "count": 46, 
                            "value": 3479
                        }, 
                        {
                            "disposition": "Aplications Denied", 
                            "count": 161, 
                            "value": 14187
                        }, 
                        {
                            "disposition": "Applications Withdrawn", 
                            "count": 59, 
                            "value": 6855
                        }, 
                        {
                            "disposition": "Files Closed For Incompleteness", 
                            "count": 13, 
                            "value": 1388
                        }
                    ]
                }, 
                {
                    "gender": "Female", 
                    "dispositions": [
                        {
                            "disposition": "Applications Received", 
                            "count": 546, 
                            "value": 546
                        }, 
                        {
                            "disposition": "Loans Originated", 
                            "count": 303, 
                            "value": 33326
                        }, 
                        {
                            "disposition": "Apps. Approved But Not Accepted", 
                            "count": 40, 
                            "value": 2235
                        }, 
                        {
                            "disposition": "Aplications Denied", 
                            "count": 144, 
                            "value": 9076
                        }, 
                        {
                            "disposition": "Applications Withdrawn", 
                            "count": 52, 
                            "value": 5574
                        }, 
                        {
                            "disposition": "Files Closed For Incompleteness", 
                            "count": 7, 
                            "value": 855
                        }
                    ]
                }, 
                {
                    "gender": "Joint (Male/Female)", 
                    "dispositions": [
                        {
                            "disposition": "Applications Received", 
                            "count": 644, 
                            "value": 644
                        }, 
                        {
                            "disposition": "Loans Originated", 
                            "count": 427, 
                            "value": 76100
                        }, 
                        {
                            "disposition": "Apps. Approved But Not Accepted", 
                            "count": 38, 
                            "value": 3876
                        }, 
                        {
                            "disposition": "Aplications Denied", 
                            "count": 116, 
                            "value": 11612
                        }, 
                        {
                            "disposition": "Applications Withdrawn", 
                            "count": 54, 
                            "value": 11125
                        }, 
                        {
                            "disposition": "Files Closed For Incompleteness", 
                            "count": 9, 
                            "value": 1455
                        }
                    ]
                }
            ]
        }, 
        {
            "ethnicity": "Joint (Hispanic or Latino/Not Hispanic or Latino", 
            "dispositions": [
                {
                    "disposition": "Applications Received", 
                    "count": 5, 
                    "value": 895
                }, 
                {
                    "disposition": "Loans Originated", 
                    "count": 3, 
                    "value": 604
                }, 
                {
                    "disposition": "Apps. Approved But Not Accepted", 
                    "count": 0, 
                    "value": 0
                }, 
                {
                    "disposition": "Aplications Denied", 
                    "count": 2, 
                    "value": 291
                }, 
                {
                    "disposition": "Applications Withdrawn", 
                    "count": 0, 
                    "value": 0
                }, 
                {
                    "disposition": "Files Closed For Incompleteness", 
                    "count": 0, 
                    "value": 0
                }
            ], 
            "genders": [
                {
                    "gender": "Male", 
                    "dispositions": [
                        {
                            "disposition": "Applications Received", 
                            "count": 1, 
                            "value": 1
                        }, 
                        {
                            "disposition": "Loans Originated", 
                            "count": 1, 
                            "value": 217
                        }, 
                        {
                            "disposition": "Apps. Approved But Not Accepted", 
                            "count": 0, 
                            "value": 0
                        }, 
                        {
                            "disposition": "Aplications Denied", 
                            "count": 0, 
                            "value": 0
                        }, 
                        {
                            "disposition": "Applications Withdrawn", 
                            "count": 0, 
                            "value": 0
                        }, 
                        {
                            "disposition": "Files Closed For Incompleteness", 
                            "count": 0, 
                            "value": 0
                        }
                    ]
                }, 
                {
                    "gender": "Female", 
                    "dispositions": [
                        {
                            "disposition": "Applications Received", 
                            "count": 0, 
                            "value": 0
                        }, 
                        {
                            "disposition": "Loans Originated", 
                            "count": 0, 
                            "value": 0
                        }, 
                        {
                            "disposition": "Apps. Approved But Not Accepted", 
                            "count": 0, 
                            "value": 0
                        }, 
                        {
                            "disposition": "Aplications Denied", 
                            "count": 0, 
                            "value": 0
                        }, 
                        {
                            "disposition": "Applications Withdrawn", 
                            "count": 0, 
                            "value": 0
                        }, 
                        {
                            "disposition": "Files Closed For Incompleteness", 
                            "count": 0, 
                            "value": 0
                        }
                    ]
                }, 
                {
                    "gender": "Joint (Male/Female)", 
                    "dispositions": [
                        {
                            "disposition": "Applications Received", 
                            "count": 4, 
                            "value": 4
                        }, 
                        {
                            "disposition": "Loans Originated", 
                            "count": 2, 
                            "value": 387
                        }, 
                        {
                            "disposition": "Apps. Approved But Not Accepted", 
                            "count": 0, 
                            "value": 0
                        }, 
                        {
                            "disposition": "Aplications Denied", 
                            "count": 2, 
                            "value": 291
                        }, 
                        {
                            "disposition": "Applications Withdrawn", 
                            "count": 0, 
                            "value": 0
                        }, 
                        {
                            "disposition": "Files Closed For Incompleteness", 
                            "count": 0, 
                            "value": 0
                        }
                    ]
                }
            ]
        }, 
        {
            "ethnicity": "Ethnicity Not Available", 
            "dispositions": [
                {
                    "disposition": "Applications Received", 
                    "count": 360, 
                    "value": 31534
                }, 
                {
                    "disposition": "Loans Originated", 
                    "count": 129, 
                    "value": 17476
                }, 
                {
                    "disposition": "Apps. Approved But Not Accepted", 
                    "count": 51, 
                    "value": 3206
                }, 
                {
                    "disposition": "Aplications Denied", 
                    "count": 142, 
                    "value": 7972
                }, 
                {
                    "disposition": "Applications Withdrawn", 
                    "count": 33, 
                    "value": 2333
                }, 
                {
                    "disposition": "Files Closed For Incompleteness", 
                    "count": 5, 
                    "value": 547
                }
            ], 
            "genders": [
                {
                    "gender": "Male", 
                    "dispositions": [
                        {
                            "disposition": "Applications Received", 
                            "count": 109, 
                            "value": 109
                        }, 
                        {
                            "disposition": "Loans Originated", 
                            "count": 28, 
                            "value": 2320
                        }, 
                        {
                            "disposition": "Apps. Approved But Not Accepted", 
                            "count": 24, 
                            "value": 1157
                        }, 
                        {
                            "disposition": "Aplications Denied", 
                            "count": 38, 
                            "value": 1913
                        }, 
                        {
                            "disposition": "Applications Withdrawn", 
                            "count": 18, 
                            "value": 675
                        }, 
                        {
                            "disposition": "Files Closed For Incompleteness", 
                            "count": 1, 
                            "value": 40
                        }
                    ]
                }, 
                {
                    "gender": "Female", 
                    "dispositions": [
                        {
                            "disposition": "Applications Received", 
                            "count": 77, 
                            "value": 77
                        }, 
                        {
                            "disposition": "Loans Originated", 
                            "count": 11, 
                            "value": 662
                        }, 
                        {
                            "disposition": "Apps. Approved But Not Accepted", 
                            "count": 12, 
                            "value": 673
                        }, 
                        {
                            "disposition": "Aplications Denied", 
                            "count": 49, 
                            "value": 2134
                        }, 
                        {
                            "disposition": "Applications Withdrawn", 
                            "count": 5, 
                            "value": 120
                        }, 
                        {
                            "disposition": "Files Closed For Incompleteness", 
                            "count": 0, 
                            "value": 0
                        }
                    ]
                }, 
                {
                    "gender": "Joint (Male/Female)", 
                    "dispositions": [
                        {
                            "disposition": "Applications Received", 
                            "count": 47, 
                            "value": 47
                        }, 
                        {
                            "disposition": "Loans Originated", 
                            "count": 7, 
                            "value": 1039
                        }, 
                        {
                            "disposition": "Apps. Approved But Not Accepted", 
                            "count": 10, 
                            "value": 962
                        }, 
                        {
                            "disposition": "Aplications Denied", 
                            "count": 29, 
                            "value": 1612
                        }, 
                        {
                            "disposition": "Applications Withdrawn", 
                            "count": 1, 
                            "value": 102
                        }, 
                        {
                            "disposition": "Files Closed For Incompleteness", 
                            "count": 0, 
                            "value": 0
                        }
                    ]
                }
            ]
        }
    ], 
    "minoritystatuses": [
        {
            "minoritystatus": "White Non-Hispanic", 
            "dispositions": [
                {
                    "disposition": "Applications Received", 
                    "count": 1708, 
                    "value": 230715
                }, 
                {
                    "disposition": "Loans Originated", 
                    "count": 1069, 
                    "value": 166054
                }, 
                {
                    "disposition": "Apps. Approved But Not Accepted", 
                    "count": 125, 
                    "value": 10496
                }, 
                {
                    "disposition": "Aplications Denied", 
                    "count": 333, 
                    "value": 29029
                }, 
                {
                    "disposition": "Applications Withdrawn", 
                    "count": 152, 
                    "value": 21153
                }, 
                {
                    "disposition": "Files Closed For Incompleteness", 
                    "count": 29, 
                    "value": 3983
                }
            ], 
            "genders": [
                {
                    "gender": "Male", 
                    "dispositions": [
                        {
                            "disposition": "Applications Received", 
                            "count": 79725, 
                            "value": 0
                        }, 
                        {
                            "disposition": "Loans Originated", 
                            "count": 383, 
                            "value": 56713
                        }, 
                        {
                            "disposition": "Apps. Approved But Not Accepted", 
                            "count": 51, 
                            "value": 3679
                        }, 
                        {
                            "disposition": "Aplications Denied", 
                            "count": 130, 
                            "value": 11958
                        }, 
                        {
                            "disposition": "Applications Withdrawn", 
                            "count": 57, 
                            "value": 5570
                        }, 
                        {
                            "disposition": "Files Closed For Incompleteness", 
                            "count": 11, 
                            "value": 1173
                        }
                    ]
                }, 
                {
                    "gender": "Female", 
                    "dispositions": [
                        {
                            "disposition": "Applications Received", 
                            "count": 38130, 
                            "value": 0
                        }, 
                        {
                            "disposition": "Loans Originated", 
                            "count": 218, 
                            "value": 25134
                        }, 
                        {
                            "disposition": "Apps. Approved But Not Accepted", 
                            "count": 27, 
                            "value": 1991
                        }, 
                        {
                            "disposition": "Aplications Denied", 
                            "count": 82, 
                            "value": 5437
                        }, 
                        {
                            "disposition": "Applications Withdrawn", 
                            "count": 38, 
                            "value": 4346
                        }, 
                        {
                            "disposition": "Files Closed For Incompleteness", 
                            "count": 6, 
                            "value": 851
                        }
                    ]
                }, 
                {
                    "gender": "Joint (Male/Female)", 
                    "dispositions": [
                        {
                            "disposition": "Applications Received", 
                            "count": 96198, 
                            "value": 0
                        }, 
                        {
                            "disposition": "Loans Originated", 
                            "count": 384, 
                            "value": 70561
                        }, 
                        {
                            "disposition": "Apps. Approved But Not Accepted", 
                            "count": 42, 
                            "value": 4412
                        }, 
                        {
                            "disposition": "Aplications Denied", 
                            "count": 96, 
                            "value": 9394
                        }, 
                        {
                            "disposition": "Applications Withdrawn", 
                            "count": 48, 
                            "value": 9801
                        }, 
                        {
                            "disposition": "Files Closed For Incompleteness", 
                            "count": 8, 
                            "value": 1452
                        }
                    ]
                }
            ]
        }, 
        {
            "minoritystatus": "Others, Including Hispanic", 
            "dispositions": [
                {
                    "disposition": "Applications Received", 
                    "count": 604, 
                    "value": 49410
                }, 
                {
                    "disposition": "Loans Originated", 
                    "count": 262, 
                    "value": 27004
                }, 
                {
                    "disposition": "Apps. Approved But Not Accepted", 
                    "count": 50, 
                    "value": 2300
                }, 
                {
                    "disposition": "Aplications Denied", 
                    "count": 237, 
                    "value": 14529
                }, 
                {
                    "disposition": "Applications Withdrawn", 
                    "count": 48, 
                    "value": 5027
                }, 
                {
                    "disposition": "Files Closed For Incompleteness", 
                    "count": 7, 
                    "value": 550
                }
            ], 
            "genders": [
                {
                    "gender": "Male", 
                    "dispositions": [
                        {
                            "disposition": "Applications Received", 
                            "count": 18577, 
                            "value": 0
                        }, 
                        {
                            "disposition": "Loans Originated", 
                            "count": 107, 
                            "value": 10397
                        }, 
                        {
                            "disposition": "Apps. Approved But Not Accepted", 
                            "count": 19, 
                            "value": 957
                        }, 
                        {
                            "disposition": "Aplications Denied", 
                            "count": 71, 
                            "value": 4493
                        }, 
                        {
                            "disposition": "Applications Withdrawn", 
                            "count": 22, 
                            "value": 2253
                        }, 
                        {
                            "disposition": "Files Closed For Incompleteness", 
                            "count": 3, 
                            "value": 255
                        }
                    ]
                }, 
                {
                    "gender": "Female", 
                    "dispositions": [
                        {
                            "disposition": "Applications Received", 
                            "count": 17423, 
                            "value": 0
                        }, 
                        {
                            "disposition": "Loans Originated", 
                            "count": 99, 
                            "value": 9039
                        }, 
                        {
                            "disposition": "Apps. Approved But Not Accepted", 
                            "count": 25, 
                            "value": 917
                        }, 
                        {
                            "disposition": "Aplications Denied", 
                            "count": 112, 
                            "value": 5798
                        }, 
                        {
                            "disposition": "Applications Withdrawn", 
                            "count": 19, 
                            "value": 1348
                        }, 
                        {
                            "disposition": "Files Closed For Incompleteness", 
                            "count": 2, 
                            "value": 64
                        }
                    ]
                }, 
                {
                    "gender": "Joint (Male/Female)", 
                    "dispositions": [
                        {
                            "disposition": "Applications Received", 
                            "count": 13790, 
                            "value": 0
                        }, 
                        {
                            "disposition": "Loans Originated", 
                            "count": 54, 
                            "value": 7424
                        }, 
                        {
                            "disposition": "Apps. Approved But Not Accepted", 
                            "count": 6, 
                            "value": 426
                        }, 
                        {
                            "disposition": "Aplications Denied", 
                            "count": 52, 
                            "value": 4162
                        }, 
                        {
                            "disposition": "Applications Withdrawn", 
                            "count": 7, 
                            "value": 1426
                        }, 
                        {
                            "disposition": "Files Closed For Incompleteness", 
                            "count": 2, 
                            "value": 231
                        }
                    ]
                }
            ]
        }
    ], 
    "incomes": [
        {
            "income": "Less than 50% of MSA/MD median", 
            "dispositions": [
                {
                    "disposition": "Applications Received", 
                    "count": 456, 
                    "value": 21803
                }, 
                {
                    "disposition": "Loans Originated", 
                    "count": 160, 
                    "value": 8415
                }, 
                {
                    "disposition": "Apps. Approved But Not Accepted", 
                    "count": 47, 
                    "value": 1722
                }, 
                {
                    "disposition": "Aplications Denied", 
                    "count": 228, 
                    "value": 10471
                }, 
                {
                    "disposition": "Applications Withdrawn", 
                    "count": 14, 
                    "value": 741
                }, 
                {
                    "disposition": "Files Closed For Incompleteness", 
                    "count": 7, 
                    "value": 454
                }
            ]
        }, 
        {
            "income": "50-79% of MSA/MD median", 
            "dispositions": [
                {
                    "disposition": "Applications Received", 
                    "count": 527, 
                    "value": 38959
                }, 
                {
                    "disposition": "Loans Originated", 
                    "count": 266, 
                    "value": 23170
                }, 
                {
                    "disposition": "Apps. Approved But Not Accepted", 
                    "count": 66, 
                    "value": 3275
                }, 
                {
                    "disposition": "Aplications Denied", 
                    "count": 158, 
                    "value": 10025
                }, 
                {
                    "disposition": "Applications Withdrawn", 
                    "count": 31, 
                    "value": 2128
                }, 
                {
                    "disposition": "Files Closed For Incompleteness", 
                    "count": 6, 
                    "value": 361
                }
            ]
        }, 
        {
            "income": "80-99% of MSA/MD median", 
            "dispositions": [
                {
                    "disposition": "Applications Received", 
                    "count": 275, 
                    "value": 29346
                }, 
                {
                    "disposition": "Loans Originated", 
                    "count": 165, 
                    "value": 19617
                }, 
                {
                    "disposition": "Apps. Approved But Not Accepted", 
                    "count": 22, 
                    "value": 1740
                }, 
                {
                    "disposition": "Aplications Denied", 
                    "count": 58, 
                    "value": 4714
                }, 
                {
                    "disposition": "Applications Withdrawn", 
                    "count": 24, 
                    "value": 2722
                }, 
                {
                    "disposition": "Files Closed For Incompleteness", 
                    "count": 6, 
                    "value": 553
                }
            ]
        }, 
        {
            "income": "100-119% of MSA/MD median", 
            "dispositions": [
                {
                    "disposition": "Applications Received", 
                    "count": 185, 
                    "value": 24153
                }, 
                {
                    "disposition": "Loans Originated", 
                    "count": 119, 
                    "value": 16406
                }, 
                {
                    "disposition": "Apps. Approved But Not Accepted", 
                    "count": 13, 
                    "value": 1251
                }, 
                {
                    "disposition": "Aplications Denied", 
                    "count": 33, 
                    "value": 3380
                }, 
                {
                    "disposition": "Applications Withdrawn", 
                    "count": 19, 
                    "value": 3048
                }, 
                {
                    "disposition": "Files Closed For Incompleteness", 
                    "count": 1, 
                    "value": 68
                }
            ]
        }, 
        {
            "income": "120% or more of MSA/MD median", 
            "dispositions": [
                {
                    "disposition": "Applications Received", 
                    "count": 794, 
                    "value": 157390
                }, 
                {
                    "disposition": "Loans Originated", 
                    "count": 578, 
                    "value": 118180
                }, 
                {
                    "disposition": "Apps. Approved But Not Accepted", 
                    "count": 26, 
                    "value": 4750
                }, 
                {
                    "disposition": "Aplications Denied", 
                    "count": 84, 
                    "value": 14340
                }, 
                {
                    "disposition": "Applications Withdrawn", 
                    "count": 92, 
                    "value": 17357
                }, 
                {
                    "disposition": "Files Closed For Incompleteness", 
                    "count": 14, 
                    "value": 2763
                }
            ]
        }, 
        {
            "income": "Income not available", 
            "dispositions": [
                {
                    "disposition": "Applications Received", 
                    "count": 74, 
                    "value": 8415
                }, 
                {
                    "disposition": "Loans Originated", 
                    "count": 43, 
                    "value": 7270
                }, 
                {
                    "disposition": "Apps. Approved But Not Accepted", 
                    "count": 1, 
                    "value": 58
                }, 
                {
                    "disposition": "Aplications Denied", 
                    "count": 8, 
                    "value": 569
                }, 
                {
                    "disposition": "Applications Withdrawn", 
                    "count": 20, 
                    "value": 184
                }, 
                {
                    "disposition": "Files Closed For Incompleteness", 
                    "count": 2, 
                    "value": 334
                }
            ]
        }
    ], 
    "total": [
        {
            "disposition": "Applications Received", 
            "count": 0, 
            "value": 0
        }, 
        {
            "disposition": "Loans Originated", 
            "count": 1331, 
            "value": 193058
        }, 
        {
            "disposition": "Apps. Approved But Not Accepted", 
            "count": 175, 
            "value": 12796
        }, 
        {
            "disposition": "Aplications Denied", 
            "count": 570, 
            "value": 43558
        }, 
        {
            "disposition": "Applications Withdrawn", 
            "count": 200, 
            "value": 26180
        }, 
        {
            "disposition": "Files Closed For Incompleteness", 
            "count": 36, 
            "value": 4533
        }
    ]
}