{
    "table": "3-1", 
    "type": "Aggregate", 
    "desc": "Loans sold, by characteristics of borrower and census tract in which property is located and by type of purchaser (includes originations and purchased loans)", 
    "year": "2012", 
    "msa": {
        "id": "22900", 
        "name": "Fort-Smith", 
        "state": "AR", 
        "state_name": "Arkansas"
    }, 
    "borrowercharacteristics": [
        {
            "characteristic": "Race", 
            "races": [
                {
                    "race": "American Indian/Alaska Native", 
                    "purchasers": [
                        {
                            "name": "Fannie Mae", 
                            "count": 6, 
                            "value": 555.0
                        }, 
                        {
                            "name": "Ginnie Mae", 
                            "count": 9, 
                            "value": 1027.0
                        }, 
                        {
                            "name": "Freddie Mac", 
                            "count": 5, 
                            "value": 405.0
                        }, 
                        {
                            "name": "Farmer Mac", 
                            "count": 0, 
                            "value": 0
                        }, 
                        {
                            "name": "Private Securitization", 
                            "count": 0, 
                            "value": 0
                        }, 
                        {
                            "name": "Commercial bank, savings bank or association", 
                            "count": 6, 
                            "value": 603.0
                        }, 
                        {
                            "name": "Life insurance co., credit union, finance co.", 
                            "count": 2, 
                            "value": 173.0
                        }, 
                        {
                            "name": "Affiliate institution", 
                            "count": 1, 
                            "value": 145.0
                        }, 
                        {
                            "name": "Other", 
                            "count": 36, 
                            "value": 4319.0
                        }
                    ]
                }, 
                {
                    "race": "Asian", 
                    "purchasers": [
                        {
                            "name": "Fannie Mae", 
                            "count": 19, 
                            "value": 2250.0
                        }, 
                        {
                            "name": "Ginnie Mae", 
                            "count": 51, 
                            "value": 4772.0
                        }, 
                        {
                            "name": "Freddie Mac", 
                            "count": 2, 
                            "value": 273.0
                        }, 
                        {
                            "name": "Farmer Mac", 
                            "count": 0, 
                            "value": 0
                        }, 
                        {
                            "name": "Private Securitization", 
                            "count": 0, 
                            "value": 0
                        }, 
                        {
                            "name": "Commercial bank, savings bank or association", 
                            "count": 25, 
                            "value": 2339.0
                        }, 
                        {
                            "name": "Life insurance co., credit union, finance co.", 
                            "count": 11, 
                            "value": 1070.0
                        }, 
                        {
                            "name": "Affiliate institution", 
                            "count": 6, 
                            "value": 512.0
                        }, 
                        {
                            "name": "Other", 
                            "count": 170, 
                            "value": 11767.0
                        }
                    ]
                }, 
                {
                    "race": "Black or African American", 
                    "purchasers": [
                        {
                            "name": "Fannie Mae", 
                            "count": 33, 
                            "value": 3842.0
                        }, 
                        {
                            "name": "Ginnie Mae", 
                            "count": 29, 
                            "value": 3155.0
                        }, 
                        {
                            "name": "Freddie Mac", 
                            "count": 6, 
                            "value": 619.0
                        }, 
                        {
                            "name": "Farmer Mac", 
                            "count": 0, 
                            "value": 0
                        }, 
                        {
                            "name": "Private Securitization", 
                            "count": 0, 
                            "value": 0
                        }, 
                        {
                            "name": "Commercial bank, savings bank or association", 
                            "count": 15, 
                            "value": 1729.0
                        }, 
                        {
                            "name": "Life insurance co., credit union, finance co.", 
                            "count": 10, 
                            "value": 1279.0
                        }, 
                        {
                            "name": "Affiliate institution", 
                            "count": 13, 
                            "value": 1036.0
                        }, 
                        {
                            "name": "Other", 
                            "count": 124, 
                            "value": 11586.0
                        }
                    ]
                }, 
                {
                    "race": "Native Hawaiian or Other Pacific Islander", 
                    "purchasers": [
                        {
                            "name": "Fannie Mae", 
                            "count": 12, 
                            "value": 1364.0
                        }, 
                        {
                            "name": "Ginnie Mae", 
                            "count": 22, 
                            "value": 2827.0
                        }, 
                        {
                            "name": "Freddie Mac", 
                            "count": 2, 
                            "value": 171.0
                        }, 
                        {
                            "name": "Farmer Mac", 
                            "count": 0, 
                            "value": 0
                        }, 
                        {
                            "name": "Private Securitization", 
                            "count": 0, 
                            "value": 0
                        }, 
                        {
                            "name": "Commercial bank, savings bank or association", 
                            "count": 24, 
                            "value": 3366.0
                        }, 
                        {
                            "name": "Life insurance co., credit union, finance co.", 
                            "count": 3, 
                            "value": 347.0
                        }, 
                        {
                            "name": "Affiliate institution", 
                            "count": 5, 
                            "value": 760.0
                        }, 
                        {
                            "name": "Other", 
                            "count": 112, 
                            "value": 8119.0
                        }
                    ]
                }, 
                {
                    "race": "White", 
                    "purchasers": [
                        {
                            "name": "Fannie Mae", 
                            "count": 0, 
                            "value": 0
                        }, 
                        {
                            "name": "Ginnie Mae", 
                            "count": 4, 
                            "value": 517.0
                        }, 
                        {
                            "name": "Freddie Mac", 
                            "count": 0, 
                            "value": 0
                        }, 
                        {
                            "name": "Farmer Mac", 
                            "count": 0, 
                            "value": 0
                        }, 
                        {
                            "name": "Private Securitization", 
                            "count": 0, 
                            "value": 0
                        }, 
                        {
                            "name": "Commercial bank, savings bank or association", 
                            "count": 1, 
                            "value": 192.0
                        }, 
                        {
                            "name": "Life insurance co., credit union, finance co.", 
                            "count": 1, 
                            "value": 42.0
                        }, 
                        {
                            "name": "Affiliate institution", 
                            "count": 0, 
                            "value": 0
                        }, 
                        {
                            "name": "Other", 
                            "count": 7, 
                            "value": 409.0
                        }
                    ]
                }, 
                {
                    "race": "2 or more minority races", 
                    "purchasers": [
                        {
                            "name": "Fannie Mae", 
                            "count": 1450, 
                            "value": 185621.0
                        }, 
                        {
                            "name": "Ginnie Mae", 
                            "count": 1472, 
                            "value": 174845.0
                        }, 
                        {
                            "name": "Freddie Mac", 
                            "count": 290, 
                            "value": 36793.0
                        }, 
                        {
                            "name": "Farmer Mac", 
                            "count": 0, 
                            "value": 0
                        }, 
                        {
                            "name": "Private Securitization", 
                            "count": 10, 
                            "value": 1557.0
                        }, 
                        {
                            "name": "Commercial bank, savings bank or association", 
                            "count": 946, 
                            "value": 120910.0
                        }, 
                        {
                            "name": "Life insurance co., credit union, finance co.", 
                            "count": 463, 
                            "value": 59592.0
                        }, 
                        {
                            "name": "Affiliate institution", 
                            "count": 318, 
                            "value": 39525.0
                        }, 
                        {
                            "name": "Other", 
                            "count": 5530, 
                            "value": 512869.0
                        }
                    ]
                }, 
                {
                    "race": "Joint (White/Minority Race", 
                    "purchasers": [
                        {
                            "name": "Fannie Mae", 
                            "count": 22, 
                            "value": 2775.0
                        }, 
                        {
                            "name": "Ginnie Mae", 
                            "count": 46, 
                            "value": 6463.0
                        }, 
                        {
                            "name": "Freddie Mac", 
                            "count": 10, 
                            "value": 1535.0
                        }, 
                        {
                            "name": "Farmer Mac", 
                            "count": 0, 
                            "value": 0
                        }, 
                        {
                            "name": "Private Securitization", 
                            "count": 1, 
                            "value": 92.0
                        }, 
                        {
                            "name": "Commercial bank, savings bank or association", 
                            "count": 23, 
                            "value": 2834.0
                        }, 
                        {
                            "name": "Life insurance co., credit union, finance co.", 
                            "count": 6, 
                            "value": 751.0
                        }, 
                        {
                            "name": "Affiliate institution", 
                            "count": 3, 
                            "value": 233.0
                        }, 
                        {
                            "name": "Other", 
                            "count": 186, 
                            "value": 16482.0
                        }
                    ]
                }, 
                {
                    "race": "Not Available", 
                    "purchasers": [
                        {
                            "name": "Fannie Mae", 
                            "count": 239, 
                            "value": 34228.0
                        }, 
                        {
                            "name": "Ginnie Mae", 
                            "count": 321, 
                            "value": 39768.0
                        }, 
                        {
                            "name": "Freddie Mac", 
                            "count": 147, 
                            "value": 20655.0
                        }, 
                        {
                            "name": "Farmer Mac", 
                            "count": 0, 
                            "value": 0
                        }, 
                        {
                            "name": "Private Securitization", 
                            "count": 2, 
                            "value": 275.0
                        }, 
                        {
                            "name": "Commercial bank, savings bank or association", 
                            "count": 31, 
                            "value": 4441.0
                        }, 
                        {
                            "name": "Life insurance co., credit union, finance co.", 
                            "count": 4, 
                            "value": 578.0
                        }, 
                        {
                            "name": "Affiliate institution", 
                            "count": 18, 
                            "value": 2930.0
                        }, 
                        {
                            "name": "Other", 
                            "count": 1153, 
                            "value": 128618.0
                        }
                    ]
                }
            ]
        }, 
        {
            "characteristic": "Ethnicity", 
            "ethnicities": [
                {
                    "ethnicity": "Hispanic or Latino", 
                    "purchasers": [
                        {
                            "name": "Fannie Mae", 
                            "count": 35, 
                            "value": 2683
                        }, 
                        {
                            "name": "Ginnie Mae", 
                            "count": 109, 
                            "value": 9611
                        }, 
                        {
                            "name": "Freddie Mac", 
                            "count": 9, 
                            "value": 1033
                        }, 
                        {
                            "name": "Farmer Mac", 
                            "count": 0, 
                            "value": 0
                        }, 
                        {
                            "name": "Private Securitization", 
                            "count": 0, 
                            "value": 0
                        }, 
                        {
                            "name": "Commercial bank, savings bank or association", 
                            "count": 40, 
                            "value": 3576
                        }, 
                        {
                            "name": "Life insurance co., credit union, finance co.", 
                            "count": 11, 
                            "value": 998
                        }, 
                        {
                            "name": "Affiliate institution", 
                            "count": 21, 
                            "value": 1143
                        }, 
                        {
                            "name": "Other", 
                            "count": 323, 
                            "value": 21633
                        }
                    ]
                }, 
                {
                    "ethnicity": "Not Hispanic or Latino", 
                    "purchasers": [
                        {
                            "name": "Fannie Mae", 
                            "count": 1498, 
                            "value": 192731
                        }, 
                        {
                            "name": "Ginnie Mae", 
                            "count": 1506, 
                            "value": 181706
                        }, 
                        {
                            "name": "Freddie Mac", 
                            "count": 306, 
                            "value": 38891
                        }, 
                        {
                            "name": "Farmer Mac", 
                            "count": 0, 
                            "value": 0
                        }, 
                        {
                            "name": "Private Securitization", 
                            "count": 10, 
                            "value": 1549
                        }, 
                        {
                            "name": "Commercial bank, savings bank or association", 
                            "count": 997, 
                            "value": 128343
                        }, 
                        {
                            "name": "Life insurance co., credit union, finance co.", 
                            "count": 479, 
                            "value": 61098
                        }, 
                        {
                            "name": "Affiliate institution", 
                            "count": 319, 
                            "value": 40056
                        }, 
                        {
                            "name": "Other", 
                            "count": 5498, 
                            "value": 521899
                        }
                    ]
                }, 
                {
                    "ethnicity": "Joint (Hispanic or Latino/Not Hispanic or Latino", 
                    "purchasers": [
                        {
                            "name": "Fannie Mae", 
                            "count": 16, 
                            "value": 2260
                        }, 
                        {
                            "name": "Ginnie Mae", 
                            "count": 17, 
                            "value": 2037
                        }, 
                        {
                            "name": "Freddie Mac", 
                            "count": 4, 
                            "value": 566
                        }, 
                        {
                            "name": "Farmer Mac", 
                            "count": 0, 
                            "value": 0
                        }, 
                        {
                            "name": "Private Securitization", 
                            "count": 0, 
                            "value": 0
                        }, 
                        {
                            "name": "Commercial bank, savings bank or association", 
                            "count": 7, 
                            "value": 995
                        }, 
                        {
                            "name": "Life insurance co., credit union, finance co.", 
                            "count": 6, 
                            "value": 1158
                        }, 
                        {
                            "name": "Affiliate institution", 
                            "count": 3, 
                            "value": 466
                        }, 
                        {
                            "name": "Other", 
                            "count": 56, 
                            "value": 5750
                        }
                    ]
                }, 
                {
                    "ethnicity": "Ethnicity Not Available", 
                    "purchasers": [
                        {
                            "name": "Fannie Mae", 
                            "count": 232, 
                            "value": 32961
                        }, 
                        {
                            "name": "Ginnie Mae", 
                            "count": 322, 
                            "value": 40020
                        }, 
                        {
                            "name": "Freddie Mac", 
                            "count": 143, 
                            "value": 19961
                        }, 
                        {
                            "name": "Farmer Mac", 
                            "count": 0, 
                            "value": 0
                        }, 
                        {
                            "name": "Private Securitization", 
                            "count": 3, 
                            "value": 375
                        }, 
                        {
                            "name": "Commercial bank, savings bank or association", 
                            "count": 27, 
                            "value": 3500
                        }, 
                        {
                            "name": "Life insurance co., credit union, finance co.", 
                            "count": 4, 
                            "value": 578
                        }, 
                        {
                            "name": "Affiliate institution", 
                            "count": 21, 
                            "value": 3476
                        }, 
                        {
                            "name": "Other", 
                            "count": 1441, 
                            "value": 144887
                        }
                    ]
                }
            ]
        }, 
        {
            "characteristic": "Minority Status", 
            "minoritystatuses": [
                {
                    "minoritystatus": "White Non-Hispanic", 
                    "purchasers": [
                        {
                            "name": "Fannie Mae", 
                            "count": 1641, 
                            "value": 215544
                        }, 
                        {
                            "name": "Ginnie Mae", 
                            "count": 1679, 
                            "value": 204267
                        }, 
                        {
                            "name": "Freddie Mac", 
                            "count": 430, 
                            "value": 56397
                        }, 
                        {
                            "name": "Farmer Mac", 
                            "count": 0, 
                            "value": 0
                        }, 
                        {
                            "name": "Private Securitization", 
                            "count": 12, 
                            "value": 1832
                        }, 
                        {
                            "name": "Commercial bank, savings bank or association", 
                            "count": 933, 
                            "value": 121141
                        }, 
                        {
                            "name": "Life insurance co., credit union, finance co.", 
                            "count": 452, 
                            "value": 58268
                        }, 
                        {
                            "name": "Affiliate institution", 
                            "count": 313, 
                            "value": 40911
                        }, 
                        {
                            "name": "Other", 
                            "count": 6357, 
                            "value": 619519
                        }
                    ]
                }, 
                {
                    "minoritystatus": "Others, Including Hispanic", 
                    "purchasers": [
                        {
                            "name": "Fannie Mae", 
                            "count": 140, 
                            "value": 15091
                        }, 
                        {
                            "name": "Ginnie Mae", 
                            "count": 275, 
                            "value": 29107
                        }, 
                        {
                            "name": "Freddie Mac", 
                            "count": 32, 
                            "value": 4054
                        }, 
                        {
                            "name": "Farmer Mac", 
                            "count": 0, 
                            "value": 0
                        }, 
                        {
                            "name": "Private Securitization", 
                            "count": 1, 
                            "value": 92
                        }, 
                        {
                            "name": "Commercial bank, savings bank or association", 
                            "count": 138, 
                            "value": 15273
                        }, 
                        {
                            "name": "Life insurance co., credit union, finance co.", 
                            "count": 48, 
                            "value": 5564
                        }, 
                        {
                            "name": "Affiliate institution", 
                            "count": 51, 
                            "value": 4230
                        }, 
                        {
                            "name": "Other", 
                            "count": 961, 
                            "value": 74650
                        }
                    ]
                }
            ]
        }, 
        {
            "characteristic": "Applicant Income", 
            "applicantincomes": [
                {
                    "applicantincome": "Less than 50% of MSA/MD median", 
                    "purchasers": [
                        {
                            "name": "Fannie Mae", 
                            "count": 107, 
                            "value": 7468
                        }, 
                        {
                            "name": "Ginnie Mae", 
                            "count": 159, 
                            "value": 11490
                        }, 
                        {
                            "name": "Freddie Mac", 
                            "count": 18, 
                            "value": 1111
                        }, 
                        {
                            "name": "Farmer Mac", 
                            "count": 0, 
                            "value": 0
                        }, 
                        {
                            "name": "Private Securitization", 
                            "count": 1, 
                            "value": 100
                        }, 
                        {
                            "name": "Commercial bank, savings bank or association", 
                            "count": 91, 
                            "value": 6076
                        }, 
                        {
                            "name": "Life insurance co., credit union, finance co.", 
                            "count": 41, 
                            "value": 2795
                        }, 
                        {
                            "name": "Affiliate institution", 
                            "count": 25, 
                            "value": 1181
                        }, 
                        {
                            "name": "Other", 
                            "count": 976, 
                            "value": 51097
                        }
                    ]
                }, 
                {
                    "applicantincome": "50-79% of MSA/MD median", 
                    "purchasers": [
                        {
                            "name": "Fannie Mae", 
                            "count": 231, 
                            "value": 19975
                        }, 
                        {
                            "name": "Ginnie Mae", 
                            "count": 363, 
                            "value": 33556
                        }, 
                        {
                            "name": "Freddie Mac", 
                            "count": 45, 
                            "value": 4155
                        }, 
                        {
                            "name": "Farmer Mac", 
                            "count": 0, 
                            "value": 0
                        }, 
                        {
                            "name": "Private Securitization", 
                            "count": 0, 
                            "value": 0
                        }, 
                        {
                            "name": "Commercial bank, savings bank or association", 
                            "count": 218, 
                            "value": 21316
                        }, 
                        {
                            "name": "Life insurance co., credit union, finance co.", 
                            "count": 85, 
                            "value": 7795
                        }, 
                        {
                            "name": "Affiliate institution", 
                            "count": 48, 
                            "value": 2977
                        }, 
                        {
                            "name": "Other", 
                            "count": 1272, 
                            "value": 82556
                        }
                    ]
                }, 
                {
                    "applicantincome": "80-99% of MSA/MD median", 
                    "purchasers": [
                        {
                            "name": "Fannie Mae", 
                            "count": 201, 
                            "value": 19986
                        }, 
                        {
                            "name": "Ginnie Mae", 
                            "count": 259, 
                            "value": 27286
                        }, 
                        {
                            "name": "Freddie Mac", 
                            "count": 40, 
                            "value": 3640
                        }, 
                        {
                            "name": "Farmer Mac", 
                            "count": 0, 
                            "value": 0
                        }, 
                        {
                            "name": "Private Securitization", 
                            "count": 1, 
                            "value": 56
                        }, 
                        {
                            "name": "Commercial bank, savings bank or association", 
                            "count": 169, 
                            "value": 18054
                        }, 
                        {
                            "name": "Life insurance co., credit union, finance co.", 
                            "count": 56, 
                            "value": 5825
                        }, 
                        {
                            "name": "Affiliate institution", 
                            "count": 34, 
                            "value": 2727
                        }, 
                        {
                            "name": "Other", 
                            "count": 838, 
                            "value": 64116
                        }
                    ]
                }, 
                {
                    "applicantincome": "100-119% of MSA/MD median", 
                    "purchasers": [
                        {
                            "name": "Fannie Mae", 
                            "count": 165, 
                            "value": 17939
                        }, 
                        {
                            "name": "Ginnie Mae", 
                            "count": 197, 
                            "value": 24094
                        }, 
                        {
                            "name": "Freddie Mac", 
                            "count": 36, 
                            "value": 4105
                        }, 
                        {
                            "name": "Farmer Mac", 
                            "count": 0, 
                            "value": 0
                        }, 
                        {
                            "name": "Private Securitization", 
                            "count": 1, 
                            "value": 92
                        }, 
                        {
                            "name": "Commercial bank, savings bank or association", 
                            "count": 116, 
                            "value": 14189
                        }, 
                        {
                            "name": "Life insurance co., credit union, finance co.", 
                            "count": 52, 
                            "value": 5949
                        }, 
                        {
                            "name": "Affiliate institution", 
                            "count": 40, 
                            "value": 3537
                        }, 
                        {
                            "name": "Other", 
                            "count": 690, 
                            "value": 54595
                        }
                    ]
                }, 
                {
                    "applicantincome": "120% or more of MSA/MD median", 
                    "purchasers": [
                        {
                            "name": "Fannie Mae", 
                            "count": 934, 
                            "value": 143902
                        }, 
                        {
                            "name": "Ginnie Mae", 
                            "count": 525, 
                            "value": 81511
                        }, 
                        {
                            "name": "Freddie Mac", 
                            "count": 204, 
                            "value": 30792
                        }, 
                        {
                            "name": "Farmer Mac", 
                            "count": 0, 
                            "value": 0
                        }, 
                        {
                            "name": "Private Securitization", 
                            "count": 10, 
                            "value": 1676
                        }, 
                        {
                            "name": "Commercial bank, savings bank or association", 
                            "count": 417, 
                            "value": 68256
                        }, 
                        {
                            "name": "Life insurance co., credit union, finance co.", 
                            "count": 249, 
                            "value": 38980
                        }, 
                        {
                            "name": "Affiliate institution", 
                            "count": 210, 
                            "value": 33436
                        }, 
                        {
                            "name": "Other", 
                            "count": 2642, 
                            "value": 321754
                        }
                    ]
                }, 
                {
                    "applicantincome": "income not available", 
                    "purchasers": [
                        {
                            "name": "Fannie Mae", 
                            "count": 143, 
                            "value": 21365
                        }, 
                        {
                            "name": "Ginnie Mae", 
                            "count": 451, 
                            "value": 55437
                        }, 
                        {
                            "name": "Freddie Mac", 
                            "count": 119, 
                            "value": 16648
                        }, 
                        {
                            "name": "Farmer Mac", 
                            "count": 0, 
                            "value": 0
                        }, 
                        {
                            "name": "Private Securitization", 
                            "count": 0, 
                            "value": 0
                        }, 
                        {
                            "name": "Commercial bank, savings bank or association", 
                            "count": 60, 
                            "value": 8523
                        }, 
                        {
                            "name": "Life insurance co., credit union, finance co.", 
                            "count": 17, 
                            "value": 2488
                        }, 
                        {
                            "name": "Affiliate institution", 
                            "count": 7, 
                            "value": 1283
                        }, 
                        {
                            "name": "Other", 
                            "count": 900, 
                            "value": 120051
                        }
                    ]
                }
            ]
        }
    ], 
    "censuscharacteristics": [
        {
            "characteristic": "Racial/Ethnic Composition", 
            "tractpctminorities": [
                {
                    "tractpctminority": "Less than 10% minority", 
                    "purchasers": [
                        {
                            "name": "Fannie Mae", 
                            "count": 549, 
                            "value": 72116
                        }, 
                        {
                            "name": "Ginnie Mae", 
                            "count": 639, 
                            "value": 81783
                        }, 
                        {
                            "name": "Freddie Mac", 
                            "count": 158, 
                            "value": 19593
                        }, 
                        {
                            "name": "Farmer Mac", 
                            "count": 0, 
                            "value": 0
                        }, 
                        {
                            "name": "Private Securitization", 
                            "count": 2, 
                            "value": 275
                        }, 
                        {
                            "name": "Commercial bank, savings bank or association", 
                            "count": 372, 
                            "value": 47855
                        }, 
                        {
                            "name": "Life insurance co., credit union, finance co.", 
                            "count": 162, 
                            "value": 20754
                        }, 
                        {
                            "name": "Affiliate institution", 
                            "count": 110, 
                            "value": 15259
                        }, 
                        {
                            "name": "Other", 
                            "count": 2303, 
                            "value": 221857
                        }
                    ]
                }, 
                {
                    "tractpctminority": "10-19% minority", 
                    "purchasers": [
                        {
                            "name": "Fannie Mae", 
                            "count": 1181, 
                            "value": 154609
                        }, 
                        {
                            "name": "Ginnie Mae", 
                            "count": 1199, 
                            "value": 142313
                        }, 
                        {
                            "name": "Freddie Mac", 
                            "count": 297, 
                            "value": 40302
                        }, 
                        {
                            "name": "Farmer Mac", 
                            "count": 0, 
                            "value": 0
                        }, 
                        {
                            "name": "Private Securitization", 
                            "count": 11, 
                            "value": 1649
                        }, 
                        {
                            "name": "Commercial bank, savings bank or association", 
                            "count": 657, 
                            "value": 85630
                        }, 
                        {
                            "name": "Life insurance co., credit union, finance co.", 
                            "count": 329, 
                            "value": 42490
                        }, 
                        {
                            "name": "Affiliate institution", 
                            "count": 230, 
                            "value": 28733
                        }, 
                        {
                            "name": "Other", 
                            "count": 4580, 
                            "value": 446457
                        }
                    ]
                }, 
                {
                    "tractpctminority": "20-49% minority", 
                    "purchasers": [
                        {
                            "name": "Fannie Mae", 
                            "count": 51, 
                            "value": 3910
                        }, 
                        {
                            "name": "Ginnie Mae", 
                            "count": 116, 
                            "value": 9278
                        }, 
                        {
                            "name": "Freddie Mac", 
                            "count": 7, 
                            "value": 556
                        }, 
                        {
                            "name": "Farmer Mac", 
                            "count": 0, 
                            "value": 0
                        }, 
                        {
                            "name": "Private Securitization", 
                            "count": 0, 
                            "value": 0
                        }, 
                        {
                            "name": "Commercial bank, savings bank or association", 
                            "count": 42, 
                            "value": 2929
                        }, 
                        {
                            "name": "Life insurance co., credit union, finance co.", 
                            "count": 9, 
                            "value": 588
                        }, 
                        {
                            "name": "Affiliate institution", 
                            "count": 24, 
                            "value": 1149
                        }, 
                        {
                            "name": "Other", 
                            "count": 435, 
                            "value": 25855
                        }
                    ]
                }, 
                {
                    "tractpctminority": "50-79% minority", 
                    "purchasers": [
                        {
                            "name": "Fannie Mae", 
                            "count": 0, 
                            "value": 0
                        }, 
                        {
                            "name": "Ginnie Mae", 
                            "count": 0, 
                            "value": 0
                        }, 
                        {
                            "name": "Freddie Mac", 
                            "count": 0, 
                            "value": 0
                        }, 
                        {
                            "name": "Farmer Mac", 
                            "count": 0, 
                            "value": 0
                        }, 
                        {
                            "name": "Private Securitization", 
                            "count": 0, 
                            "value": 0
                        }, 
                        {
                            "name": "Commercial bank, savings bank or association", 
                            "count": 0, 
                            "value": 0
                        }, 
                        {
                            "name": "Life insurance co., credit union, finance co.", 
                            "count": 0, 
                            "value": 0
                        }, 
                        {
                            "name": "Affiliate institution", 
                            "count": 0, 
                            "value": 0
                        }, 
                        {
                            "name": "Other", 
                            "count": 0, 
                            "value": 0
                        }
                    ]
                }, 
                {
                    "tractpctminority": "80-100% minority", 
                    "purchasers": [
                        {
                            "name": "Fannie Mae", 
                            "count": 0, 
                            "value": 0
                        }, 
                        {
                            "name": "Ginnie Mae", 
                            "count": 0, 
                            "value": 0
                        }, 
                        {
                            "name": "Freddie Mac", 
                            "count": 0, 
                            "value": 0
                        }, 
                        {
                            "name": "Farmer Mac", 
                            "count": 0, 
                            "value": 0
                        }, 
                        {
                            "name": "Private Securitization", 
                            "count": 0, 
                            "value": 0
                        }, 
                        {
                            "name": "Commercial bank, savings bank or association", 
                            "count": 0, 
                            "value": 0
                        }, 
                        {
                            "name": "Life insurance co., credit union, finance co.", 
                            "count": 0, 
                            "value": 0
                        }, 
                        {
                            "name": "Affiliate institution", 
                            "count": 0, 
                            "value": 0
                        }, 
                        {
                            "name": "Other", 
                            "count": 0, 
                            "value": 0
                        }
                    ]
                }
            ]
        }, 
        {
            "characteristic": "Income", 
            "incomelevels": [
                {
                    "incomelevel": "Low income", 
                    "purchasers": [
                        {
                            "name": "Fannie Mae", 
                            "count": 0, 
                            "value": 0
                        }, 
                        {
                            "name": "Ginnie Mae", 
                            "count": 0, 
                            "value": 0
                        }, 
                        {
                            "name": "Freddie Mac", 
                            "count": 0, 
                            "value": 0
                        }, 
                        {
                            "name": "Farmer Mac", 
                            "count": 0, 
                            "value": 0
                        }, 
                        {
                            "name": "Private Securitization", 
                            "count": 0, 
                            "value": 0
                        }, 
                        {
                            "name": "Commercial bank, savings bank or association", 
                            "count": 0, 
                            "value": 0
                        }, 
                        {
                            "name": "Life insurance co., credit union, finance co.", 
                            "count": 0, 
                            "value": 0
                        }, 
                        {
                            "name": "Affiliate institution", 
                            "count": 0, 
                            "value": 0
                        }, 
                        {
                            "name": "Other", 
                            "count": 0, 
                            "value": 0
                        }
                    ]
                }, 
                {
                    "incomelevel": "Moderate income", 
                    "purchasers": [
                        {
                            "name": "Fannie Mae", 
                            "count": 215, 
                            "value": 20133
                        }, 
                        {
                            "name": "Ginnie Mae", 
                            "count": 326, 
                            "value": 31127
                        }, 
                        {
                            "name": "Freddie Mac", 
                            "count": 54, 
                            "value": 4974
                        }, 
                        {
                            "name": "Farmer Mac", 
                            "count": 0, 
                            "value": 0
                        }, 
                        {
                            "name": "Private Securitization", 
                            "count": 0, 
                            "value": 0
                        }, 
                        {
                            "name": "Commercial bank, savings bank or association", 
                            "count": 169, 
                            "value": 14962
                        }, 
                        {
                            "name": "Life insurance co., credit union, finance co.", 
                            "count": 66, 
                            "value": 5667
                        }, 
                        {
                            "name": "Affiliate institution", 
                            "count": 59, 
                            "value": 5465
                        }, 
                        {
                            "name": "Other", 
                            "count": 1441, 
                            "value": 104920
                        }
                    ]
                }, 
                {
                    "incomelevel": "Middle income", 
                    "purchasers": [
                        {
                            "name": "Fannie Mae", 
                            "count": 970, 
                            "value": 125311
                        }, 
                        {
                            "name": "Ginnie Mae", 
                            "count": 1128, 
                            "value": 135650
                        }, 
                        {
                            "name": "Freddie Mac", 
                            "count": 244, 
                            "value": 30885
                        }, 
                        {
                            "name": "Farmer Mac", 
                            "count": 0, 
                            "value": 0
                        }, 
                        {
                            "name": "Private Securitization", 
                            "count": 6, 
                            "value": 722
                        }, 
                        {
                            "name": "Commercial bank, savings bank or association", 
                            "count": 595, 
                            "value": 76162
                        }, 
                        {
                            "name": "Life insurance co., credit union, finance co.", 
                            "count": 246, 
                            "value": 30182
                        }, 
                        {
                            "name": "Affiliate institution", 
                            "count": 203, 
                            "value": 23186
                        }, 
                        {
                            "name": "Other", 
                            "count": 4483, 
                            "value": 408806
                        }
                    ]
                }, 
                {
                    "incomelevel": "Upper income", 
                    "purchasers": [
                        {
                            "name": "Fannie Mae", 
                            "count": 596, 
                            "value": 85191
                        }, 
                        {
                            "name": "Ginnie Mae", 
                            "count": 500, 
                            "value": 66597
                        }, 
                        {
                            "name": "Freddie Mac", 
                            "count": 164, 
                            "value": 24592
                        }, 
                        {
                            "name": "Farmer Mac", 
                            "count": 0, 
                            "value": 0
                        }, 
                        {
                            "name": "Private Securitization", 
                            "count": 7, 
                            "value": 1202
                        }, 
                        {
                            "name": "Commercial bank, savings bank or association", 
                            "count": 307, 
                            "value": 45290
                        }, 
                        {
                            "name": "Life insurance co., credit union, finance co.", 
                            "count": 188, 
                            "value": 27983
                        }, 
                        {
                            "name": "Affiliate institution", 
                            "count": 102, 
                            "value": 16490
                        }, 
                        {
                            "name": "Other", 
                            "count": 1394, 
                            "value": 180443
                        }
                    ]
                }
            ]
        }
    ], 
    "total": {
        "purchasers": [
            {
                "name": "Fannie Mae", 
                "count": 1781, 
                "value": 230635
            }, 
            {
                "name": "Ginnie Mae", 
                "count": 1954, 
                "value": 233374
            }, 
            {
                "name": "Freddie Mac", 
                "count": 462, 
                "value": 60451
            }, 
            {
                "name": "Farmer Mac", 
                "count": 0, 
                "value": 0
            }, 
            {
                "name": "Private Securitization", 
                "count": 13, 
                "value": 1924
            }, 
            {
                "name": "Commercial bank, savings bank or association", 
                "count": 1071, 
                "value": 136414
            }, 
            {
                "name": "Life insurance co., credit union, finance co.", 
                "count": 500, 
                "value": 63832
            }, 
            {
                "name": "Affiliate institution", 
                "count": 364, 
                "value": 45141
            }, 
            {
                "name": "Other", 
                "count": 7318, 
                "value": 694169
            }
        ]
    }
}