{
    "table": "3-1", 
    "type": "Aggregate", 
    "desc": "Loans sold, by characteristics of borrower and census tract in which property is located and by type of purchaser (includes originations and purchased loans),", 
    "year": "2012", 
    "msa": {
        "id": "35300", 
        "name": "New-Haven-Milford", 
        "state": "CT", 
        "state_name": "Connecticut"
    }, 
    "borrowercharacteristics": [
        {
            "characteristic": "Race", 
            "races": [
                {
                    "race": "American Indian/Alaska Native", 
                    "purchasers": [
                        {
                            "name": "Fannie Mae", 
                            "count": 14, 
                            "value": 2630.0
                        }, 
                        {
                            "name": "Ginnie Mae", 
                            "count": 8, 
                            "value": 1936.0
                        }, 
                        {
                            "name": "Freddie Mac", 
                            "count": 7, 
                            "value": 1220.0
                        }, 
                        {
                            "name": "Farmer Mac", 
                            "count": 0, 
                            "value": 0
                        }, 
                        {
                            "name": "Private Securitization", 
                            "count": 1, 
                            "value": 180.0
                        }, 
                        {
                            "name": "Commercial bank, savings bank or association", 
                            "count": 4, 
                            "value": 604.0
                        }, 
                        {
                            "name": "Life insurance co., credit union, finance co.", 
                            "count": 1, 
                            "value": 228.0
                        }, 
                        {
                            "name": "Affiliate institution", 
                            "count": 2, 
                            "value": 643.0
                        }, 
                        {
                            "name": "Other", 
                            "count": 38, 
                            "value": 7474.0
                        }
                    ]
                }, 
                {
                    "race": "Asian", 
                    "purchasers": [
                        {
                            "name": "Fannie Mae", 
                            "count": 11, 
                            "value": 1789.0
                        }, 
                        {
                            "name": "Ginnie Mae", 
                            "count": 6, 
                            "value": 1129.0
                        }, 
                        {
                            "name": "Freddie Mac", 
                            "count": 4, 
                            "value": 746.0
                        }, 
                        {
                            "name": "Farmer Mac", 
                            "count": 0, 
                            "value": 0
                        }, 
                        {
                            "name": "Private Securitization", 
                            "count": 0, 
                            "value": 0
                        }, 
                        {
                            "name": "Commercial bank, savings bank or association", 
                            "count": 2, 
                            "value": 283.0
                        }, 
                        {
                            "name": "Life insurance co., credit union, finance co.", 
                            "count": 0, 
                            "value": 0
                        }, 
                        {
                            "name": "Affiliate institution", 
                            "count": 0, 
                            "value": 0
                        }, 
                        {
                            "name": "Other", 
                            "count": 41, 
                            "value": 5214.0
                        }
                    ]
                }, 
                {
                    "race": "Black or African American", 
                    "purchasers": [
                        {
                            "name": "Fannie Mae", 
                            "count": 247, 
                            "value": 57268.0
                        }, 
                        {
                            "name": "Ginnie Mae", 
                            "count": 67, 
                            "value": 14091.0
                        }, 
                        {
                            "name": "Freddie Mac", 
                            "count": 173, 
                            "value": 41871.0
                        }, 
                        {
                            "name": "Farmer Mac", 
                            "count": 0, 
                            "value": 0
                        }, 
                        {
                            "name": "Private Securitization", 
                            "count": 1, 
                            "value": 125.0
                        }, 
                        {
                            "name": "Commercial bank, savings bank or association", 
                            "count": 105, 
                            "value": 27289.0
                        }, 
                        {
                            "name": "Life insurance co., credit union, finance co.", 
                            "count": 28, 
                            "value": 6530.0
                        }, 
                        {
                            "name": "Affiliate institution", 
                            "count": 37, 
                            "value": 7542.0
                        }, 
                        {
                            "name": "Other", 
                            "count": 671, 
                            "value": 150653.0
                        }
                    ]
                }, 
                {
                    "race": "Native Hawaiian or Other Pacific Islander", 
                    "purchasers": [
                        {
                            "name": "Fannie Mae", 
                            "count": 177, 
                            "value": 28273.0
                        }, 
                        {
                            "name": "Ginnie Mae", 
                            "count": 214, 
                            "value": 37016.0
                        }, 
                        {
                            "name": "Freddie Mac", 
                            "count": 88, 
                            "value": 14755.0
                        }, 
                        {
                            "name": "Farmer Mac", 
                            "count": 0, 
                            "value": 0
                        }, 
                        {
                            "name": "Private Securitization", 
                            "count": 1, 
                            "value": 150.0
                        }, 
                        {
                            "name": "Commercial bank, savings bank or association", 
                            "count": 105, 
                            "value": 17962.0
                        }, 
                        {
                            "name": "Life insurance co., credit union, finance co.", 
                            "count": 31, 
                            "value": 5942.0
                        }, 
                        {
                            "name": "Affiliate institution", 
                            "count": 30, 
                            "value": 4554.0
                        }, 
                        {
                            "name": "Other", 
                            "count": 1049, 
                            "value": 146202.0
                        }
                    ]
                }, 
                {
                    "race": "White", 
                    "purchasers": [
                        {
                            "name": "Fannie Mae", 
                            "count": 6, 
                            "value": 1185.0
                        }, 
                        {
                            "name": "Ginnie Mae", 
                            "count": 2, 
                            "value": 382.0
                        }, 
                        {
                            "name": "Freddie Mac", 
                            "count": 11, 
                            "value": 2141.0
                        }, 
                        {
                            "name": "Farmer Mac", 
                            "count": 0, 
                            "value": 0
                        }, 
                        {
                            "name": "Private Securitization", 
                            "count": 0, 
                            "value": 0
                        }, 
                        {
                            "name": "Commercial bank, savings bank or association", 
                            "count": 1, 
                            "value": 210.0
                        }, 
                        {
                            "name": "Life insurance co., credit union, finance co.", 
                            "count": 0, 
                            "value": 0
                        }, 
                        {
                            "name": "Affiliate institution", 
                            "count": 1, 
                            "value": 243.0
                        }, 
                        {
                            "name": "Other", 
                            "count": 32, 
                            "value": 6407.0
                        }
                    ]
                }, 
                {
                    "race": "2 or more minority races", 
                    "purchasers": [
                        {
                            "name": "Fannie Mae", 
                            "count": 6358, 
                            "value": 1278234.0
                        }, 
                        {
                            "name": "Ginnie Mae", 
                            "count": 2358, 
                            "value": 482192.0
                        }, 
                        {
                            "name": "Freddie Mac", 
                            "count": 3379, 
                            "value": 689270.0
                        }, 
                        {
                            "name": "Farmer Mac", 
                            "count": 0, 
                            "value": 0
                        }, 
                        {
                            "name": "Private Securitization", 
                            "count": 86, 
                            "value": 19689.0
                        }, 
                        {
                            "name": "Commercial bank, savings bank or association", 
                            "count": 2282, 
                            "value": 502415.0
                        }, 
                        {
                            "name": "Life insurance co., credit union, finance co.", 
                            "count": 667, 
                            "value": 140674.0
                        }, 
                        {
                            "name": "Affiliate institution", 
                            "count": 1147, 
                            "value": 235996.0
                        }, 
                        {
                            "name": "Other", 
                            "count": 15544, 
                            "value": 2985889.0
                        }
                    ]
                }, 
                {
                    "race": "Joint (White/Minority Race", 
                    "purchasers": [
                        {
                            "name": "Fannie Mae", 
                            "count": 70, 
                            "value": 16889.0
                        }, 
                        {
                            "name": "Ginnie Mae", 
                            "count": 47, 
                            "value": 10124.0
                        }, 
                        {
                            "name": "Freddie Mac", 
                            "count": 46, 
                            "value": 11302.0
                        }, 
                        {
                            "name": "Farmer Mac", 
                            "count": 0, 
                            "value": 0
                        }, 
                        {
                            "name": "Private Securitization", 
                            "count": 2, 
                            "value": 521.0
                        }, 
                        {
                            "name": "Commercial bank, savings bank or association", 
                            "count": 30, 
                            "value": 6819.0
                        }, 
                        {
                            "name": "Life insurance co., credit union, finance co.", 
                            "count": 31, 
                            "value": 7080.0
                        }, 
                        {
                            "name": "Affiliate institution", 
                            "count": 13, 
                            "value": 2654.0
                        }, 
                        {
                            "name": "Other", 
                            "count": 211, 
                            "value": 46836.0
                        }
                    ]
                }, 
                {
                    "race": "Not Available", 
                    "purchasers": [
                        {
                            "name": "Fannie Mae", 
                            "count": 1942, 
                            "value": 428963.0
                        }, 
                        {
                            "name": "Ginnie Mae", 
                            "count": 904, 
                            "value": 180168.0
                        }, 
                        {
                            "name": "Freddie Mac", 
                            "count": 990, 
                            "value": 220882.0
                        }, 
                        {
                            "name": "Farmer Mac", 
                            "count": 0, 
                            "value": 0
                        }, 
                        {
                            "name": "Private Securitization", 
                            "count": 45, 
                            "value": 7761.0
                        }, 
                        {
                            "name": "Commercial bank, savings bank or association", 
                            "count": 402, 
                            "value": 80488.0
                        }, 
                        {
                            "name": "Life insurance co., credit union, finance co.", 
                            "count": 76, 
                            "value": 18352.0
                        }, 
                        {
                            "name": "Affiliate institution", 
                            "count": 407, 
                            "value": 99028.0
                        }, 
                        {
                            "name": "Other", 
                            "count": 4218, 
                            "value": 1020572.0
                        }
                    ]
                }
            ]
        }, 
        {
            "characteristic": "Ethnicity", 
            "ethnicities": [
                {
                    "ethnicity": "Hispanic or Latino", 
                    "purchasers": [
                        {
                            "name": "Fannie Mae", 
                            "count": 196, 
                            "value": 32340
                        }, 
                        {
                            "name": "Ginnie Mae", 
                            "count": 289, 
                            "value": 49451
                        }, 
                        {
                            "name": "Freddie Mac", 
                            "count": 96, 
                            "value": 16753
                        }, 
                        {
                            "name": "Farmer Mac", 
                            "count": 0, 
                            "value": 0
                        }, 
                        {
                            "name": "Private Securitization", 
                            "count": 2, 
                            "value": 441
                        }, 
                        {
                            "name": "Commercial bank, savings bank or association", 
                            "count": 174, 
                            "value": 26279
                        }, 
                        {
                            "name": "Life insurance co., credit union, finance co.", 
                            "count": 50, 
                            "value": 7076
                        }, 
                        {
                            "name": "Affiliate institution", 
                            "count": 30, 
                            "value": 4808
                        }, 
                        {
                            "name": "Other", 
                            "count": 1090, 
                            "value": 155656
                        }
                    ]
                }, 
                {
                    "ethnicity": "Not Hispanic or Latino", 
                    "purchasers": [
                        {
                            "name": "Fannie Mae", 
                            "count": 6612, 
                            "value": 1337705
                        }, 
                        {
                            "name": "Ginnie Mae", 
                            "count": 2434, 
                            "value": 498815
                        }, 
                        {
                            "name": "Freddie Mac", 
                            "count": 3660, 
                            "value": 753713
                        }, 
                        {
                            "name": "Farmer Mac", 
                            "count": 0, 
                            "value": 0
                        }, 
                        {
                            "name": "Private Securitization", 
                            "count": 89, 
                            "value": 20058
                        }, 
                        {
                            "name": "Commercial bank, savings bank or association", 
                            "count": 2436, 
                            "value": 538967
                        }, 
                        {
                            "name": "Life insurance co., credit union, finance co.", 
                            "count": 704, 
                            "value": 152411
                        }, 
                        {
                            "name": "Affiliate institution", 
                            "count": 1180, 
                            "value": 243356
                        }, 
                        {
                            "name": "Other", 
                            "count": 16432, 
                            "value": 3165579
                        }
                    ]
                }, 
                {
                    "ethnicity": "Joint (Hispanic or Latino/Not Hispanic or Latino", 
                    "purchasers": [
                        {
                            "name": "Fannie Mae", 
                            "count": 111, 
                            "value": 23862
                        }, 
                        {
                            "name": "Ginnie Mae", 
                            "count": 76, 
                            "value": 17189
                        }, 
                        {
                            "name": "Freddie Mac", 
                            "count": 52, 
                            "value": 11142
                        }, 
                        {
                            "name": "Farmer Mac", 
                            "count": 0, 
                            "value": 0
                        }, 
                        {
                            "name": "Private Securitization", 
                            "count": 1, 
                            "value": 247
                        }, 
                        {
                            "name": "Commercial bank, savings bank or association", 
                            "count": 41, 
                            "value": 10619
                        }, 
                        {
                            "name": "Life insurance co., credit union, finance co.", 
                            "count": 11, 
                            "value": 2328
                        }, 
                        {
                            "name": "Affiliate institution", 
                            "count": 25, 
                            "value": 4476
                        }, 
                        {
                            "name": "Other", 
                            "count": 268, 
                            "value": 56219
                        }
                    ]
                }, 
                {
                    "ethnicity": "Ethnicity Not Available", 
                    "purchasers": [
                        {
                            "name": "Fannie Mae", 
                            "count": 1906, 
                            "value": 421324
                        }, 
                        {
                            "name": "Ginnie Mae", 
                            "count": 807, 
                            "value": 161583
                        }, 
                        {
                            "name": "Freddie Mac", 
                            "count": 890, 
                            "value": 200579
                        }, 
                        {
                            "name": "Farmer Mac", 
                            "count": 0, 
                            "value": 0
                        }, 
                        {
                            "name": "Private Securitization", 
                            "count": 44, 
                            "value": 7680
                        }, 
                        {
                            "name": "Commercial bank, savings bank or association", 
                            "count": 280, 
                            "value": 60205
                        }, 
                        {
                            "name": "Life insurance co., credit union, finance co.", 
                            "count": 69, 
                            "value": 16991
                        }, 
                        {
                            "name": "Affiliate institution", 
                            "count": 402, 
                            "value": 98020
                        }, 
                        {
                            "name": "Other", 
                            "count": 4014, 
                            "value": 991793
                        }
                    ]
                }
            ]
        }, 
        {
            "characteristic": "Minority Status", 
            "minoritystatuses": [
                {
                    "minoritystatus": "White Non-Hispanic", 
                    "purchasers": [
                        {
                            "name": "Fannie Mae", 
                            "count": 8019, 
                            "value": 1655784
                        }, 
                        {
                            "name": "Ginnie Mae", 
                            "count": 2919, 
                            "value": 599759
                        }, 
                        {
                            "name": "Freddie Mac", 
                            "count": 4232, 
                            "value": 884323
                        }, 
                        {
                            "name": "Farmer Mac", 
                            "count": 0, 
                            "value": 0
                        }, 
                        {
                            "name": "Private Securitization", 
                            "count": 128, 
                            "value": 26762
                        }, 
                        {
                            "name": "Commercial bank, savings bank or association", 
                            "count": 2480, 
                            "value": 547461
                        }, 
                        {
                            "name": "Life insurance co., credit union, finance co.", 
                            "count": 688, 
                            "value": 150765
                        }, 
                        {
                            "name": "Affiliate institution", 
                            "count": 1501, 
                            "value": 325895
                        }, 
                        {
                            "name": "Other", 
                            "count": 18494, 
                            "value": 3808763
                        }
                    ]
                }, 
                {
                    "minoritystatus": "Others, Including Hispanic", 
                    "purchasers": [
                        {
                            "name": "Fannie Mae", 
                            "count": 806, 
                            "value": 159447
                        }, 
                        {
                            "name": "Ginnie Mae", 
                            "count": 687, 
                            "value": 127279
                        }, 
                        {
                            "name": "Freddie Mac", 
                            "count": 466, 
                            "value": 97864
                        }, 
                        {
                            "name": "Farmer Mac", 
                            "count": 0, 
                            "value": 0
                        }, 
                        {
                            "name": "Private Securitization", 
                            "count": 8, 
                            "value": 1664
                        }, 
                        {
                            "name": "Commercial bank, savings bank or association", 
                            "count": 451, 
                            "value": 88609
                        }, 
                        {
                            "name": "Life insurance co., credit union, finance co.", 
                            "count": 146, 
                            "value": 28041
                        }, 
                        {
                            "name": "Affiliate institution", 
                            "count": 136, 
                            "value": 24765
                        }, 
                        {
                            "name": "Other", 
                            "count": 3310, 
                            "value": 560484
                        }
                    ]
                }
            ]
        }, 
        {
            "characteristic": "Applicant Income", 
            "applicantincomes": [
                {
                    "applicantincome": "Less than 50% of MSA/MD median", 
                    "purchasers": [
                        {
                            "name": "Fannie Mae", 
                            "count": 629, 
                            "value": 76582
                        }, 
                        {
                            "name": "Ginnie Mae", 
                            "count": 261, 
                            "value": 31431
                        }, 
                        {
                            "name": "Freddie Mac", 
                            "count": 295, 
                            "value": 35997
                        }, 
                        {
                            "name": "Farmer Mac", 
                            "count": 0, 
                            "value": 0
                        }, 
                        {
                            "name": "Private Securitization", 
                            "count": 14, 
                            "value": 1780
                        }, 
                        {
                            "name": "Commercial bank, savings bank or association", 
                            "count": 237, 
                            "value": 27788
                        }, 
                        {
                            "name": "Life insurance co., credit union, finance co.", 
                            "count": 81, 
                            "value": 9834
                        }, 
                        {
                            "name": "Affiliate institution", 
                            "count": 116, 
                            "value": 12754
                        }, 
                        {
                            "name": "Other", 
                            "count": 2372, 
                            "value": 258024
                        }
                    ]
                }, 
                {
                    "applicantincome": "50-79% of MSA/MD median", 
                    "purchasers": [
                        {
                            "name": "Fannie Mae", 
                            "count": 1616, 
                            "value": 243760
                        }, 
                        {
                            "name": "Ginnie Mae", 
                            "count": 734, 
                            "value": 124333
                        }, 
                        {
                            "name": "Freddie Mac", 
                            "count": 767, 
                            "value": 121327
                        }, 
                        {
                            "name": "Farmer Mac", 
                            "count": 0, 
                            "value": 0
                        }, 
                        {
                            "name": "Private Securitization", 
                            "count": 32, 
                            "value": 4513
                        }, 
                        {
                            "name": "Commercial bank, savings bank or association", 
                            "count": 673, 
                            "value": 110389
                        }, 
                        {
                            "name": "Life insurance co., credit union, finance co.", 
                            "count": 230, 
                            "value": 39702
                        }, 
                        {
                            "name": "Affiliate institution", 
                            "count": 272, 
                            "value": 39185
                        }, 
                        {
                            "name": "Other", 
                            "count": 4506, 
                            "value": 637741
                        }
                    ]
                }, 
                {
                    "applicantincome": "80-99% of MSA/MD median", 
                    "purchasers": [
                        {
                            "name": "Fannie Mae", 
                            "count": 1102, 
                            "value": 196458
                        }, 
                        {
                            "name": "Ginnie Mae", 
                            "count": 403, 
                            "value": 82466
                        }, 
                        {
                            "name": "Freddie Mac", 
                            "count": 592, 
                            "value": 109145
                        }, 
                        {
                            "name": "Farmer Mac", 
                            "count": 0, 
                            "value": 0
                        }, 
                        {
                            "name": "Private Securitization", 
                            "count": 11, 
                            "value": 1997
                        }, 
                        {
                            "name": "Commercial bank, savings bank or association", 
                            "count": 397, 
                            "value": 79548
                        }, 
                        {
                            "name": "Life insurance co., credit union, finance co.", 
                            "count": 112, 
                            "value": 22313
                        }, 
                        {
                            "name": "Affiliate institution", 
                            "count": 203, 
                            "value": 34877
                        }, 
                        {
                            "name": "Other", 
                            "count": 2733, 
                            "value": 442973
                        }
                    ]
                }, 
                {
                    "applicantincome": "100-119% of MSA/MD median", 
                    "purchasers": [
                        {
                            "name": "Fannie Mae", 
                            "count": 1025, 
                            "value": 199662
                        }, 
                        {
                            "name": "Ginnie Mae", 
                            "count": 295, 
                            "value": 65621
                        }, 
                        {
                            "name": "Freddie Mac", 
                            "count": 537, 
                            "value": 104195
                        }, 
                        {
                            "name": "Farmer Mac", 
                            "count": 0, 
                            "value": 0
                        }, 
                        {
                            "name": "Private Securitization", 
                            "count": 17, 
                            "value": 3493
                        }, 
                        {
                            "name": "Commercial bank, savings bank or association", 
                            "count": 345, 
                            "value": 77419
                        }, 
                        {
                            "name": "Life insurance co., credit union, finance co.", 
                            "count": 85, 
                            "value": 18771
                        }, 
                        {
                            "name": "Affiliate institution", 
                            "count": 192, 
                            "value": 34846
                        }, 
                        {
                            "name": "Other", 
                            "count": 2306, 
                            "value": 417446
                        }
                    ]
                }, 
                {
                    "applicantincome": "120% or more of MSA/MD median", 
                    "purchasers": [
                        {
                            "name": "Fannie Mae", 
                            "count": 3857, 
                            "value": 957322
                        }, 
                        {
                            "name": "Ginnie Mae", 
                            "count": 437, 
                            "value": 116219
                        }, 
                        {
                            "name": "Freddie Mac", 
                            "count": 2030, 
                            "value": 502109
                        }, 
                        {
                            "name": "Farmer Mac", 
                            "count": 0, 
                            "value": 0
                        }, 
                        {
                            "name": "Private Securitization", 
                            "count": 60, 
                            "value": 16436
                        }, 
                        {
                            "name": "Commercial bank, savings bank or association", 
                            "count": 1054, 
                            "value": 292119
                        }, 
                        {
                            "name": "Life insurance co., credit union, finance co.", 
                            "count": 249, 
                            "value": 71287
                        }, 
                        {
                            "name": "Affiliate institution", 
                            "count": 814, 
                            "value": 216272
                        }, 
                        {
                            "name": "Other", 
                            "count": 7423, 
                            "value": 1937022
                        }
                    ]
                }, 
                {
                    "applicantincome": "income not available", 
                    "purchasers": [
                        {
                            "name": "Fannie Mae", 
                            "count": 596, 
                            "value": 141447
                        }, 
                        {
                            "name": "Ginnie Mae", 
                            "count": 1476, 
                            "value": 306968
                        }, 
                        {
                            "name": "Freddie Mac", 
                            "count": 477, 
                            "value": 109414
                        }, 
                        {
                            "name": "Farmer Mac", 
                            "count": 0, 
                            "value": 0
                        }, 
                        {
                            "name": "Private Securitization", 
                            "count": 2, 
                            "value": 207
                        }, 
                        {
                            "name": "Commercial bank, savings bank or association", 
                            "count": 225, 
                            "value": 48807
                        }, 
                        {
                            "name": "Life insurance co., credit union, finance co.", 
                            "count": 77, 
                            "value": 16899
                        }, 
                        {
                            "name": "Affiliate institution", 
                            "count": 40, 
                            "value": 12726
                        }, 
                        {
                            "name": "Other", 
                            "count": 2464, 
                            "value": 676041
                        }
                    ]
                }
            ]
        }
    ], 
    "censuscharacteristics": [
        {
            "characteristic": "Racial/Ethnic Composition", 
            "tractpctminorities": [
                {
                    "tractpctminority": "Less than 10% minority", 
                    "purchasers": [
                        {
                            "name": "Fannie Mae", 
                            "count": 3006, 
                            "value": 700959
                        }, 
                        {
                            "name": "Ginnie Mae", 
                            "count": 708, 
                            "value": 171329
                        }, 
                        {
                            "name": "Freddie Mac", 
                            "count": 1644, 
                            "value": 388363
                        }, 
                        {
                            "name": "Farmer Mac", 
                            "count": 0, 
                            "value": 0
                        }, 
                        {
                            "name": "Private Securitization", 
                            "count": 43, 
                            "value": 9918
                        }, 
                        {
                            "name": "Commercial bank, savings bank or association", 
                            "count": 899, 
                            "value": 227365
                        }, 
                        {
                            "name": "Life insurance co., credit union, finance co.", 
                            "count": 239, 
                            "value": 64960
                        }, 
                        {
                            "name": "Affiliate institution", 
                            "count": 536, 
                            "value": 135563
                        }, 
                        {
                            "name": "Other", 
                            "count": 5969, 
                            "value": 1439204
                        }
                    ]
                }, 
                {
                    "tractpctminority": "10-19% minority", 
                    "purchasers": [
                        {
                            "name": "Fannie Mae", 
                            "count": 5294, 
                            "value": 1036118
                        }, 
                        {
                            "name": "Ginnie Mae", 
                            "count": 2380, 
                            "value": 476945
                        }, 
                        {
                            "name": "Freddie Mac", 
                            "count": 2804, 
                            "value": 556738
                        }, 
                        {
                            "name": "Farmer Mac", 
                            "count": 0, 
                            "value": 0
                        }, 
                        {
                            "name": "Private Securitization", 
                            "count": 82, 
                            "value": 17081
                        }, 
                        {
                            "name": "Commercial bank, savings bank or association", 
                            "count": 1774, 
                            "value": 371648
                        }, 
                        {
                            "name": "Life insurance co., credit union, finance co.", 
                            "count": 515, 
                            "value": 101995
                        }, 
                        {
                            "name": "Affiliate institution", 
                            "count": 1011, 
                            "value": 203088
                        }, 
                        {
                            "name": "Other", 
                            "count": 12920, 
                            "value": 2452768
                        }
                    ]
                }, 
                {
                    "tractpctminority": "20-49% minority", 
                    "purchasers": [
                        {
                            "name": "Fannie Mae", 
                            "count": 403, 
                            "value": 56090
                        }, 
                        {
                            "name": "Ginnie Mae", 
                            "count": 421, 
                            "value": 64651
                        }, 
                        {
                            "name": "Freddie Mac", 
                            "count": 201, 
                            "value": 30388
                        }, 
                        {
                            "name": "Farmer Mac", 
                            "count": 0, 
                            "value": 0
                        }, 
                        {
                            "name": "Private Securitization", 
                            "count": 10, 
                            "value": 1346
                        }, 
                        {
                            "name": "Commercial bank, savings bank or association", 
                            "count": 202, 
                            "value": 28473
                        }, 
                        {
                            "name": "Life insurance co., credit union, finance co.", 
                            "count": 67, 
                            "value": 10010
                        }, 
                        {
                            "name": "Affiliate institution", 
                            "count": 73, 
                            "value": 9518
                        }, 
                        {
                            "name": "Other", 
                            "count": 2151, 
                            "value": 380824
                        }
                    ]
                }, 
                {
                    "tractpctminority": "50-79% minority", 
                    "purchasers": [
                        {
                            "name": "Fannie Mae", 
                            "count": 122, 
                            "value": 22064
                        }, 
                        {
                            "name": "Ginnie Mae", 
                            "count": 97, 
                            "value": 14113
                        }, 
                        {
                            "name": "Freddie Mac", 
                            "count": 49, 
                            "value": 6698
                        }, 
                        {
                            "name": "Farmer Mac", 
                            "count": 0, 
                            "value": 0
                        }, 
                        {
                            "name": "Private Securitization", 
                            "count": 1, 
                            "value": 81
                        }, 
                        {
                            "name": "Commercial bank, savings bank or association", 
                            "count": 56, 
                            "value": 8584
                        }, 
                        {
                            "name": "Life insurance co., credit union, finance co.", 
                            "count": 13, 
                            "value": 1841
                        }, 
                        {
                            "name": "Affiliate institution", 
                            "count": 17, 
                            "value": 2491
                        }, 
                        {
                            "name": "Other", 
                            "count": 764, 
                            "value": 96451
                        }
                    ]
                }, 
                {
                    "tractpctminority": "80-100% minority", 
                    "purchasers": [
                        {
                            "name": "Fannie Mae", 
                            "count": 0, 
                            "value": 0
                        }, 
                        {
                            "name": "Ginnie Mae", 
                            "count": 0, 
                            "value": 0
                        }, 
                        {
                            "name": "Freddie Mac", 
                            "count": 0, 
                            "value": 0
                        }, 
                        {
                            "name": "Farmer Mac", 
                            "count": 0, 
                            "value": 0
                        }, 
                        {
                            "name": "Private Securitization", 
                            "count": 0, 
                            "value": 0
                        }, 
                        {
                            "name": "Commercial bank, savings bank or association", 
                            "count": 0, 
                            "value": 0
                        }, 
                        {
                            "name": "Life insurance co., credit union, finance co.", 
                            "count": 0, 
                            "value": 0
                        }, 
                        {
                            "name": "Affiliate institution", 
                            "count": 0, 
                            "value": 0
                        }, 
                        {
                            "name": "Other", 
                            "count": 0, 
                            "value": 0
                        }
                    ]
                }
            ]
        }, 
        {
            "characteristic": "Income", 
            "incomelevels": [
                {
                    "incomelevel": "Low income", 
                    "purchasers": [
                        {
                            "name": "Fannie Mae", 
                            "count": 108, 
                            "value": 19365
                        }, 
                        {
                            "name": "Ginnie Mae", 
                            "count": 99, 
                            "value": 13758
                        }, 
                        {
                            "name": "Freddie Mac", 
                            "count": 36, 
                            "value": 4966
                        }, 
                        {
                            "name": "Farmer Mac", 
                            "count": 0, 
                            "value": 0
                        }, 
                        {
                            "name": "Private Securitization", 
                            "count": 1, 
                            "value": 81
                        }, 
                        {
                            "name": "Commercial bank, savings bank or association", 
                            "count": 57, 
                            "value": 8319
                        }, 
                        {
                            "name": "Life insurance co., credit union, finance co.", 
                            "count": 6, 
                            "value": 785
                        }, 
                        {
                            "name": "Affiliate institution", 
                            "count": 11, 
                            "value": 1398
                        }, 
                        {
                            "name": "Other", 
                            "count": 815, 
                            "value": 162107
                        }
                    ]
                }, 
                {
                    "incomelevel": "Moderate income", 
                    "purchasers": [
                        {
                            "name": "Fannie Mae", 
                            "count": 631, 
                            "value": 84268
                        }, 
                        {
                            "name": "Ginnie Mae", 
                            "count": 652, 
                            "value": 97629
                        }, 
                        {
                            "name": "Freddie Mac", 
                            "count": 294, 
                            "value": 39724
                        }, 
                        {
                            "name": "Farmer Mac", 
                            "count": 0, 
                            "value": 0
                        }, 
                        {
                            "name": "Private Securitization", 
                            "count": 16, 
                            "value": 1790
                        }, 
                        {
                            "name": "Commercial bank, savings bank or association", 
                            "count": 300, 
                            "value": 41510
                        }, 
                        {
                            "name": "Life insurance co., credit union, finance co.", 
                            "count": 103, 
                            "value": 14588
                        }, 
                        {
                            "name": "Affiliate institution", 
                            "count": 124, 
                            "value": 15870
                        }, 
                        {
                            "name": "Other", 
                            "count": 3228, 
                            "value": 433866
                        }
                    ]
                }, 
                {
                    "incomelevel": "Middle income", 
                    "purchasers": [
                        {
                            "name": "Fannie Mae", 
                            "count": 3267, 
                            "value": 580812
                        }, 
                        {
                            "name": "Ginnie Mae", 
                            "count": 1747, 
                            "value": 337129
                        }, 
                        {
                            "name": "Freddie Mac", 
                            "count": 1677, 
                            "value": 296000
                        }, 
                        {
                            "name": "Farmer Mac", 
                            "count": 0, 
                            "value": 0
                        }, 
                        {
                            "name": "Private Securitization", 
                            "count": 36, 
                            "value": 6438
                        }, 
                        {
                            "name": "Commercial bank, savings bank or association", 
                            "count": 1096, 
                            "value": 206052
                        }, 
                        {
                            "name": "Life insurance co., credit union, finance co.", 
                            "count": 361, 
                            "value": 65648
                        }, 
                        {
                            "name": "Affiliate institution", 
                            "count": 620, 
                            "value": 106343
                        }, 
                        {
                            "name": "Other", 
                            "count": 8220, 
                            "value": 1386081
                        }
                    ]
                }, 
                {
                    "incomelevel": "Upper income", 
                    "purchasers": [
                        {
                            "name": "Fannie Mae", 
                            "count": 4819, 
                            "value": 1130786
                        }, 
                        {
                            "name": "Ginnie Mae", 
                            "count": 1108, 
                            "value": 278522
                        }, 
                        {
                            "name": "Freddie Mac", 
                            "count": 2691, 
                            "value": 641497
                        }, 
                        {
                            "name": "Farmer Mac", 
                            "count": 0, 
                            "value": 0
                        }, 
                        {
                            "name": "Private Securitization", 
                            "count": 83, 
                            "value": 20117
                        }, 
                        {
                            "name": "Commercial bank, savings bank or association", 
                            "count": 1478, 
                            "value": 380189
                        }, 
                        {
                            "name": "Life insurance co., credit union, finance co.", 
                            "count": 364, 
                            "value": 97785
                        }, 
                        {
                            "name": "Affiliate institution", 
                            "count": 882, 
                            "value": 227049
                        }, 
                        {
                            "name": "Other", 
                            "count": 9541, 
                            "value": 2387193
                        }
                    ]
                }
            ]
        }
    ], 
    "total": {
        "purchasers": [
            {
                "name": "Fannie Mae", 
                "count": 8825, 
                "value": 1815231
            }, 
            {
                "name": "Ginnie Mae", 
                "count": 3606, 
                "value": 727038
            }, 
            {
                "name": "Freddie Mac", 
                "count": 4698, 
                "value": 982187
            }, 
            {
                "name": "Farmer Mac", 
                "count": 0, 
                "value": 0
            }, 
            {
                "name": "Private Securitization", 
                "count": 136, 
                "value": 28426
            }, 
            {
                "name": "Commercial bank, savings bank or association", 
                "count": 2931, 
                "value": 636070
            }, 
            {
                "name": "Life insurance co., credit union, finance co.", 
                "count": 834, 
                "value": 178806
            }, 
            {
                "name": "Affiliate institution", 
                "count": 1637, 
                "value": 350660
            }, 
            {
                "name": "Other", 
                "count": 21804, 
                "value": 4369247
            }
        ]
    }
}