{
    "table": "3-1", 
    "type": "Aggregate", 
    "desc": "Loans sold, by characteristics of borrower and census tract in which property is located and by type of purchaser (includes originations and purchased loans)", 
    "year": "2013", 
    "msa": {
        "id": "23460", 
        "name": "Gadsden", 
        "state": "AL", 
        "state_name": "Alabama"
    }, 
    "borrowercharacteristics": [
        {
            "characteristic": "Race", 
            "races": [
                {
                    "race": "American Indian/Alaska Native", 
                    "purchasers": [
                        {
                            "name": "Fannie Mae", 
                            "count": 1, 
                            "value": 123.0
                        }, 
                        {
                            "name": "Ginnie Mae", 
                            "count": 1, 
                            "value": 179.0
                        }, 
                        {
                            "name": "Freddie Mac", 
                            "count": 0, 
                            "value": 0
                        }, 
                        {
                            "name": "Farmer Mac", 
                            "count": 0, 
                            "value": 0
                        }, 
                        {
                            "name": "Private Securitization", 
                            "count": 0, 
                            "value": 0
                        }, 
                        {
                            "name": "Commercial bank, savings bank or association", 
                            "count": 0, 
                            "value": 0
                        }, 
                        {
                            "name": "Life insurance co., credit union, finance co.", 
                            "count": 0, 
                            "value": 0
                        }, 
                        {
                            "name": "Affiliate institution", 
                            "count": 0, 
                            "value": 0
                        }, 
                        {
                            "name": "Other", 
                            "count": 4, 
                            "value": 228.0
                        }
                    ]
                }, 
                {
                    "race": "Asian", 
                    "purchasers": [
                        {
                            "name": "Fannie Mae", 
                            "count": 0, 
                            "value": 0
                        }, 
                        {
                            "name": "Ginnie Mae", 
                            "count": 2, 
                            "value": 223.0
                        }, 
                        {
                            "name": "Freddie Mac", 
                            "count": 0, 
                            "value": 0
                        }, 
                        {
                            "name": "Farmer Mac", 
                            "count": 0, 
                            "value": 0
                        }, 
                        {
                            "name": "Private Securitization", 
                            "count": 0, 
                            "value": 0
                        }, 
                        {
                            "name": "Commercial bank, savings bank or association", 
                            "count": 0, 
                            "value": 0
                        }, 
                        {
                            "name": "Life insurance co., credit union, finance co.", 
                            "count": 0, 
                            "value": 0
                        }, 
                        {
                            "name": "Affiliate institution", 
                            "count": 0, 
                            "value": 0
                        }, 
                        {
                            "name": "Other", 
                            "count": 12, 
                            "value": 1077.0
                        }
                    ]
                }, 
                {
                    "race": "Black or African American", 
                    "purchasers": [
                        {
                            "name": "Fannie Mae", 
                            "count": 1, 
                            "value": 102.0
                        }, 
                        {
                            "name": "Ginnie Mae", 
                            "count": 0, 
                            "value": 0
                        }, 
                        {
                            "name": "Freddie Mac", 
                            "count": 1, 
                            "value": 129.0
                        }, 
                        {
                            "name": "Farmer Mac", 
                            "count": 0, 
                            "value": 0
                        }, 
                        {
                            "name": "Private Securitization", 
                            "count": 0, 
                            "value": 0
                        }, 
                        {
                            "name": "Commercial bank, savings bank or association", 
                            "count": 0, 
                            "value": 0
                        }, 
                        {
                            "name": "Life insurance co., credit union, finance co.", 
                            "count": 2, 
                            "value": 217.0
                        }, 
                        {
                            "name": "Affiliate institution", 
                            "count": 0, 
                            "value": 0
                        }, 
                        {
                            "name": "Other", 
                            "count": 15, 
                            "value": 1853.0
                        }
                    ]
                }, 
                {
                    "race": "Native Hawaiian or Other Pacific Islander", 
                    "purchasers": [
                        {
                            "name": "Fannie Mae", 
                            "count": 14, 
                            "value": 1215.0
                        }, 
                        {
                            "name": "Ginnie Mae", 
                            "count": 23, 
                            "value": 3135.0
                        }, 
                        {
                            "name": "Freddie Mac", 
                            "count": 4, 
                            "value": 392.0
                        }, 
                        {
                            "name": "Farmer Mac", 
                            "count": 0, 
                            "value": 0
                        }, 
                        {
                            "name": "Private Securitization", 
                            "count": 0, 
                            "value": 0
                        }, 
                        {
                            "name": "Commercial bank, savings bank or association", 
                            "count": 5, 
                            "value": 539.0
                        }, 
                        {
                            "name": "Life insurance co., credit union, finance co.", 
                            "count": 10, 
                            "value": 938.0
                        }, 
                        {
                            "name": "Affiliate institution", 
                            "count": 2, 
                            "value": 143.0
                        }, 
                        {
                            "name": "Other", 
                            "count": 207, 
                            "value": 14303.0
                        }
                    ]
                }, 
                {
                    "race": "White", 
                    "purchasers": [
                        {
                            "name": "Fannie Mae", 
                            "count": 0, 
                            "value": 0
                        }, 
                        {
                            "name": "Ginnie Mae", 
                            "count": 0, 
                            "value": 0
                        }, 
                        {
                            "name": "Freddie Mac", 
                            "count": 0, 
                            "value": 0
                        }, 
                        {
                            "name": "Farmer Mac", 
                            "count": 0, 
                            "value": 0
                        }, 
                        {
                            "name": "Private Securitization", 
                            "count": 0, 
                            "value": 0
                        }, 
                        {
                            "name": "Commercial bank, savings bank or association", 
                            "count": 0, 
                            "value": 0
                        }, 
                        {
                            "name": "Life insurance co., credit union, finance co.", 
                            "count": 0, 
                            "value": 0
                        }, 
                        {
                            "name": "Affiliate institution", 
                            "count": 0, 
                            "value": 0
                        }, 
                        {
                            "name": "Other", 
                            "count": 1, 
                            "value": 198.0
                        }
                    ]
                }, 
                {
                    "race": "2 or more minority races", 
                    "purchasers": [
                        {
                            "name": "Fannie Mae", 
                            "count": 303, 
                            "value": 38298.0
                        }, 
                        {
                            "name": "Ginnie Mae", 
                            "count": 312, 
                            "value": 40405.0
                        }, 
                        {
                            "name": "Freddie Mac", 
                            "count": 195, 
                            "value": 25577.0
                        }, 
                        {
                            "name": "Farmer Mac", 
                            "count": 0, 
                            "value": 0
                        }, 
                        {
                            "name": "Private Securitization", 
                            "count": 6, 
                            "value": 678.0
                        }, 
                        {
                            "name": "Commercial bank, savings bank or association", 
                            "count": 115, 
                            "value": 15992.0
                        }, 
                        {
                            "name": "Life insurance co., credit union, finance co.", 
                            "count": 260, 
                            "value": 33835.0
                        }, 
                        {
                            "name": "Affiliate institution", 
                            "count": 55, 
                            "value": 5428.0
                        }, 
                        {
                            "name": "Other", 
                            "count": 2122, 
                            "value": 203010.0
                        }
                    ]
                }, 
                {
                    "race": "Joint (White/Minority Race", 
                    "purchasers": [
                        {
                            "name": "Fannie Mae", 
                            "count": 3, 
                            "value": 531.0
                        }, 
                        {
                            "name": "Ginnie Mae", 
                            "count": 3, 
                            "value": 389.0
                        }, 
                        {
                            "name": "Freddie Mac", 
                            "count": 1, 
                            "value": 115.0
                        }, 
                        {
                            "name": "Farmer Mac", 
                            "count": 0, 
                            "value": 0
                        }, 
                        {
                            "name": "Private Securitization", 
                            "count": 0, 
                            "value": 0
                        }, 
                        {
                            "name": "Commercial bank, savings bank or association", 
                            "count": 2, 
                            "value": 392.0
                        }, 
                        {
                            "name": "Life insurance co., credit union, finance co.", 
                            "count": 0, 
                            "value": 0
                        }, 
                        {
                            "name": "Affiliate institution", 
                            "count": 0, 
                            "value": 0
                        }, 
                        {
                            "name": "Other", 
                            "count": 18, 
                            "value": 2778.0
                        }
                    ]
                }, 
                {
                    "race": "Not Available", 
                    "purchasers": [
                        {
                            "name": "Fannie Mae", 
                            "count": 112, 
                            "value": 14201.0
                        }, 
                        {
                            "name": "Ginnie Mae", 
                            "count": 101, 
                            "value": 341265.0
                        }, 
                        {
                            "name": "Freddie Mac", 
                            "count": 89, 
                            "value": 10904.0
                        }, 
                        {
                            "name": "Farmer Mac", 
                            "count": 0, 
                            "value": 0
                        }, 
                        {
                            "name": "Private Securitization", 
                            "count": 1, 
                            "value": 127.0
                        }, 
                        {
                            "name": "Commercial bank, savings bank or association", 
                            "count": 18, 
                            "value": 2190.0
                        }, 
                        {
                            "name": "Life insurance co., credit union, finance co.", 
                            "count": 15, 
                            "value": 1909.0
                        }, 
                        {
                            "name": "Affiliate institution", 
                            "count": 5, 
                            "value": 645.0
                        }, 
                        {
                            "name": "Other", 
                            "count": 367, 
                            "value": 39525.0
                        }
                    ]
                }
            ]
        }, 
        {
            "characteristic": "Ethnicity", 
            "ethnicities": [
                {
                    "ethnicity": "Hispanic or Latino", 
                    "purchasers": [
                        {
                            "name": "Fannie Mae", 
                            "count": 2, 
                            "value": 143
                        }, 
                        {
                            "name": "Ginnie Mae", 
                            "count": 2, 
                            "value": 209
                        }, 
                        {
                            "name": "Freddie Mac", 
                            "count": 4, 
                            "value": 536
                        }, 
                        {
                            "name": "Farmer Mac", 
                            "count": 0, 
                            "value": 0
                        }, 
                        {
                            "name": "Private Securitization", 
                            "count": 1, 
                            "value": 79
                        }, 
                        {
                            "name": "Commercial bank, savings bank or association", 
                            "count": 1, 
                            "value": 131
                        }, 
                        {
                            "name": "Life insurance co., credit union, finance co.", 
                            "count": 1, 
                            "value": 129
                        }, 
                        {
                            "name": "Affiliate institution", 
                            "count": 1, 
                            "value": 248
                        }, 
                        {
                            "name": "Other", 
                            "count": 32, 
                            "value": 2843
                        }
                    ]
                }, 
                {
                    "ethnicity": "Not Hispanic or Latino", 
                    "purchasers": [
                        {
                            "name": "Fannie Mae", 
                            "count": 320, 
                            "value": 40271
                        }, 
                        {
                            "name": "Ginnie Mae", 
                            "count": 344, 
                            "value": 44898
                        }, 
                        {
                            "name": "Freddie Mac", 
                            "count": 193, 
                            "value": 25343
                        }, 
                        {
                            "name": "Farmer Mac", 
                            "count": 0, 
                            "value": 0
                        }, 
                        {
                            "name": "Private Securitization", 
                            "count": 5, 
                            "value": 599
                        }, 
                        {
                            "name": "Commercial bank, savings bank or association", 
                            "count": 121, 
                            "value": 16817
                        }, 
                        {
                            "name": "Life insurance co., credit union, finance co.", 
                            "count": 272, 
                            "value": 34875
                        }, 
                        {
                            "name": "Affiliate institution", 
                            "count": 56, 
                            "value": 5234
                        }, 
                        {
                            "name": "Other", 
                            "count": 2328, 
                            "value": 222098
                        }
                    ]
                }, 
                {
                    "ethnicity": "Joint (Hispanic or Latino/Not Hispanic or Latino", 
                    "purchasers": [
                        {
                            "name": "Fannie Mae", 
                            "count": 1, 
                            "value": 23
                        }, 
                        {
                            "name": "Ginnie Mae", 
                            "count": 2, 
                            "value": 113
                        }, 
                        {
                            "name": "Freddie Mac", 
                            "count": 0, 
                            "value": 0
                        }, 
                        {
                            "name": "Farmer Mac", 
                            "count": 0, 
                            "value": 0
                        }, 
                        {
                            "name": "Private Securitization", 
                            "count": 0, 
                            "value": 0
                        }, 
                        {
                            "name": "Commercial bank, savings bank or association", 
                            "count": 1, 
                            "value": 144
                        }, 
                        {
                            "name": "Life insurance co., credit union, finance co.", 
                            "count": 1, 
                            "value": 48
                        }, 
                        {
                            "name": "Affiliate institution", 
                            "count": 1, 
                            "value": 194
                        }, 
                        {
                            "name": "Other", 
                            "count": 13, 
                            "value": 1193
                        }
                    ]
                }, 
                {
                    "ethnicity": "Ethnicity Not Available", 
                    "purchasers": [
                        {
                            "name": "Fannie Mae", 
                            "count": 111, 
                            "value": 14033
                        }, 
                        {
                            "name": "Ginnie Mae", 
                            "count": 94, 
                            "value": 340376
                        }, 
                        {
                            "name": "Freddie Mac", 
                            "count": 93, 
                            "value": 11238
                        }, 
                        {
                            "name": "Farmer Mac", 
                            "count": 0, 
                            "value": 0
                        }, 
                        {
                            "name": "Private Securitization", 
                            "count": 1, 
                            "value": 127
                        }, 
                        {
                            "name": "Commercial bank, savings bank or association", 
                            "count": 17, 
                            "value": 2021
                        }, 
                        {
                            "name": "Life insurance co., credit union, finance co.", 
                            "count": 13, 
                            "value": 1847
                        }, 
                        {
                            "name": "Affiliate institution", 
                            "count": 4, 
                            "value": 540
                        }, 
                        {
                            "name": "Other", 
                            "count": 373, 
                            "value": 36838
                        }
                    ]
                }
            ]
        }, 
        {
            "characteristic": "Minority Status", 
            "minoritystatuses": [
                {
                    "minoritystatus": "White Non-Hispanic", 
                    "purchasers": [
                        {
                            "name": "Fannie Mae", 
                            "count": 413, 
                            "value": 52435
                        }, 
                        {
                            "name": "Ginnie Mae", 
                            "count": 410, 
                            "value": 381407
                        }, 
                        {
                            "name": "Freddie Mac", 
                            "count": 281, 
                            "value": 36074
                        }, 
                        {
                            "name": "Farmer Mac", 
                            "count": 0, 
                            "value": 0
                        }, 
                        {
                            "name": "Private Securitization", 
                            "count": 6, 
                            "value": 726
                        }, 
                        {
                            "name": "Commercial bank, savings bank or association", 
                            "count": 131, 
                            "value": 17907
                        }, 
                        {
                            "name": "Life insurance co., credit union, finance co.", 
                            "count": 274, 
                            "value": 35696
                        }, 
                        {
                            "name": "Affiliate institution", 
                            "count": 58, 
                            "value": 5631
                        }, 
                        {
                            "name": "Other", 
                            "count": 2449, 
                            "value": 238462
                        }
                    ]
                }, 
                {
                    "minoritystatus": "Others, Including Hispanic", 
                    "purchasers": [
                        {
                            "name": "Fannie Mae", 
                            "count": 21, 
                            "value": 2035
                        }, 
                        {
                            "name": "Ginnie Mae", 
                            "count": 32, 
                            "value": 4189
                        }, 
                        {
                            "name": "Freddie Mac", 
                            "count": 9, 
                            "value": 1043
                        }, 
                        {
                            "name": "Farmer Mac", 
                            "count": 0, 
                            "value": 0
                        }, 
                        {
                            "name": "Private Securitization", 
                            "count": 1, 
                            "value": 79
                        }, 
                        {
                            "name": "Commercial bank, savings bank or association", 
                            "count": 9, 
                            "value": 1206
                        }, 
                        {
                            "name": "Life insurance co., credit union, finance co.", 
                            "count": 13, 
                            "value": 1203
                        }, 
                        {
                            "name": "Affiliate institution", 
                            "count": 4, 
                            "value": 585
                        }, 
                        {
                            "name": "Other", 
                            "count": 297, 
                            "value": 24510
                        }
                    ]
                }
            ]
        }, 
        {
            "characteristic": "Applicant Income", 
            "applicantincomes": [
                {
                    "applicantincome": "Less than 50% of MSA/MD median", 
                    "purchasers": [
                        {
                            "name": "Fannie Mae", 
                            "count": 10, 
                            "value": 744
                        }, 
                        {
                            "name": "Ginnie Mae", 
                            "count": 12, 
                            "value": 773
                        }, 
                        {
                            "name": "Freddie Mac", 
                            "count": 6, 
                            "value": 486
                        }, 
                        {
                            "name": "Farmer Mac", 
                            "count": 0, 
                            "value": 0
                        }, 
                        {
                            "name": "Private Securitization", 
                            "count": 0, 
                            "value": 0
                        }, 
                        {
                            "name": "Commercial bank, savings bank or association", 
                            "count": 4, 
                            "value": 258
                        }, 
                        {
                            "name": "Life insurance co., credit union, finance co.", 
                            "count": 12, 
                            "value": 887
                        }, 
                        {
                            "name": "Affiliate institution", 
                            "count": 3, 
                            "value": 151
                        }, 
                        {
                            "name": "Other", 
                            "count": 255, 
                            "value": 11752
                        }
                    ]
                }, 
                {
                    "applicantincome": "50-79% of MSA/MD median", 
                    "purchasers": [
                        {
                            "name": "Fannie Mae", 
                            "count": 36, 
                            "value": 2928
                        }, 
                        {
                            "name": "Ginnie Mae", 
                            "count": 58, 
                            "value": 4985
                        }, 
                        {
                            "name": "Freddie Mac", 
                            "count": 23, 
                            "value": 2000
                        }, 
                        {
                            "name": "Farmer Mac", 
                            "count": 0, 
                            "value": 0
                        }, 
                        {
                            "name": "Private Securitization", 
                            "count": 2, 
                            "value": 112
                        }, 
                        {
                            "name": "Commercial bank, savings bank or association", 
                            "count": 22, 
                            "value": 1887
                        }, 
                        {
                            "name": "Life insurance co., credit union, finance co.", 
                            "count": 39, 
                            "value": 3699
                        }, 
                        {
                            "name": "Affiliate institution", 
                            "count": 7, 
                            "value": 687
                        }, 
                        {
                            "name": "Other", 
                            "count": 442, 
                            "value": 26801
                        }
                    ]
                }, 
                {
                    "applicantincome": "80-99% of MSA/MD median", 
                    "purchasers": [
                        {
                            "name": "Fannie Mae", 
                            "count": 47, 
                            "value": 4905
                        }, 
                        {
                            "name": "Ginnie Mae", 
                            "count": 59, 
                            "value": 6739
                        }, 
                        {
                            "name": "Freddie Mac", 
                            "count": 35, 
                            "value": 3264
                        }, 
                        {
                            "name": "Farmer Mac", 
                            "count": 0, 
                            "value": 0
                        }, 
                        {
                            "name": "Private Securitization", 
                            "count": 1, 
                            "value": 79
                        }, 
                        {
                            "name": "Commercial bank, savings bank or association", 
                            "count": 20, 
                            "value": 2175
                        }, 
                        {
                            "name": "Life insurance co., credit union, finance co.", 
                            "count": 46, 
                            "value": 4557
                        }, 
                        {
                            "name": "Affiliate institution", 
                            "count": 4, 
                            "value": 408
                        }, 
                        {
                            "name": "Other", 
                            "count": 326, 
                            "value": 25397
                        }
                    ]
                }, 
                {
                    "applicantincome": "100-119% of MSA/MD median", 
                    "purchasers": [
                        {
                            "name": "Fannie Mae", 
                            "count": 44, 
                            "value": 4486
                        }, 
                        {
                            "name": "Ginnie Mae", 
                            "count": 32, 
                            "value": 4122
                        }, 
                        {
                            "name": "Freddie Mac", 
                            "count": 26, 
                            "value": 2569
                        }, 
                        {
                            "name": "Farmer Mac", 
                            "count": 0, 
                            "value": 0
                        }, 
                        {
                            "name": "Private Securitization", 
                            "count": 0, 
                            "value": 0
                        }, 
                        {
                            "name": "Commercial bank, savings bank or association", 
                            "count": 16, 
                            "value": 2331
                        }, 
                        {
                            "name": "Life insurance co., credit union, finance co.", 
                            "count": 34, 
                            "value": 3955
                        }, 
                        {
                            "name": "Affiliate institution", 
                            "count": 4, 
                            "value": 218
                        }, 
                        {
                            "name": "Other", 
                            "count": 274, 
                            "value": 23143
                        }
                    ]
                }, 
                {
                    "applicantincome": "120% or more of MSA/MD median", 
                    "purchasers": [
                        {
                            "name": "Fannie Mae", 
                            "count": 241, 
                            "value": 33859
                        }, 
                        {
                            "name": "Ginnie Mae", 
                            "count": 122, 
                            "value": 19275
                        }, 
                        {
                            "name": "Freddie Mac", 
                            "count": 152, 
                            "value": 21760
                        }, 
                        {
                            "name": "Farmer Mac", 
                            "count": 0, 
                            "value": 0
                        }, 
                        {
                            "name": "Private Securitization", 
                            "count": 4, 
                            "value": 614
                        }, 
                        {
                            "name": "Commercial bank, savings bank or association", 
                            "count": 64, 
                            "value": 10799
                        }, 
                        {
                            "name": "Life insurance co., credit union, finance co.", 
                            "count": 145, 
                            "value": 21919
                        }, 
                        {
                            "name": "Affiliate institution", 
                            "count": 44, 
                            "value": 4752
                        }, 
                        {
                            "name": "Other", 
                            "count": 1169, 
                            "value": 142325
                        }
                    ]
                }, 
                {
                    "applicantincome": "income not available", 
                    "purchasers": [
                        {
                            "name": "Fannie Mae", 
                            "count": 56, 
                            "value": 7548
                        }, 
                        {
                            "name": "Ginnie Mae", 
                            "count": 159, 
                            "value": 349702
                        }, 
                        {
                            "name": "Freddie Mac", 
                            "count": 48, 
                            "value": 7038
                        }, 
                        {
                            "name": "Farmer Mac", 
                            "count": 0, 
                            "value": 0
                        }, 
                        {
                            "name": "Private Securitization", 
                            "count": 0, 
                            "value": 0
                        }, 
                        {
                            "name": "Commercial bank, savings bank or association", 
                            "count": 14, 
                            "value": 1663
                        }, 
                        {
                            "name": "Life insurance co., credit union, finance co.", 
                            "count": 11, 
                            "value": 1882
                        }, 
                        {
                            "name": "Affiliate institution", 
                            "count": 0, 
                            "value": 0
                        }, 
                        {
                            "name": "Other", 
                            "count": 280, 
                            "value": 33554
                        }
                    ]
                }
            ]
        }
    ], 
    "censuscharacteristics": [
        {
            "characteristic": "Racial/Ethnic Composition", 
            "tractpctminorities": [
                {
                    "tractpctminority": "Less than 10% minority", 
                    "purchasers": [
                        {
                            "name": "Fannie Mae", 
                            "count": 354, 
                            "value": 47251
                        }, 
                        {
                            "name": "Ginnie Mae", 
                            "count": 351, 
                            "value": 189955
                        }, 
                        {
                            "name": "Freddie Mac", 
                            "count": 237, 
                            "value": 31996
                        }, 
                        {
                            "name": "Farmer Mac", 
                            "count": 0, 
                            "value": 0
                        }, 
                        {
                            "name": "Private Securitization", 
                            "count": 6, 
                            "value": 754
                        }, 
                        {
                            "name": "Commercial bank, savings bank or association", 
                            "count": 109, 
                            "value": 15219
                        }, 
                        {
                            "name": "Life insurance co., credit union, finance co.", 
                            "count": 234, 
                            "value": 31494
                        }, 
                        {
                            "name": "Affiliate institution", 
                            "count": 45, 
                            "value": 5115
                        }, 
                        {
                            "name": "Other", 
                            "count": 1956, 
                            "value": 208344
                        }
                    ]
                }, 
                {
                    "tractpctminority": "10-19% minority", 
                    "purchasers": [
                        {
                            "name": "Fannie Mae", 
                            "count": 63, 
                            "value": 5908
                        }, 
                        {
                            "name": "Ginnie Mae", 
                            "count": 72, 
                            "value": 142461
                        }, 
                        {
                            "name": "Freddie Mac", 
                            "count": 45, 
                            "value": 4409
                        }, 
                        {
                            "name": "Farmer Mac", 
                            "count": 0, 
                            "value": 0
                        }, 
                        {
                            "name": "Private Securitization", 
                            "count": 1, 
                            "value": 51
                        }, 
                        {
                            "name": "Commercial bank, savings bank or association", 
                            "count": 22, 
                            "value": 3048
                        }, 
                        {
                            "name": "Life insurance co., credit union, finance co.", 
                            "count": 40, 
                            "value": 4137
                        }, 
                        {
                            "name": "Affiliate institution", 
                            "count": 14, 
                            "value": 944
                        }, 
                        {
                            "name": "Other", 
                            "count": 514, 
                            "value": 37072
                        }
                    ]
                }, 
                {
                    "tractpctminority": "20-49% minority", 
                    "purchasers": [
                        {
                            "name": "Fannie Mae", 
                            "count": 15, 
                            "value": 1092
                        }, 
                        {
                            "name": "Ginnie Mae", 
                            "count": 17, 
                            "value": 52961
                        }, 
                        {
                            "name": "Freddie Mac", 
                            "count": 6, 
                            "value": 487
                        }, 
                        {
                            "name": "Farmer Mac", 
                            "count": 0, 
                            "value": 0
                        }, 
                        {
                            "name": "Private Securitization", 
                            "count": 0, 
                            "value": 0
                        }, 
                        {
                            "name": "Commercial bank, savings bank or association", 
                            "count": 8, 
                            "value": 720
                        }, 
                        {
                            "name": "Life insurance co., credit union, finance co.", 
                            "count": 12, 
                            "value": 1109
                        }, 
                        {
                            "name": "Affiliate institution", 
                            "count": 2, 
                            "value": 104
                        }, 
                        {
                            "name": "Other", 
                            "count": 255, 
                            "value": 16724
                        }
                    ]
                }, 
                {
                    "tractpctminority": "50-79% minority", 
                    "purchasers": [
                        {
                            "name": "Fannie Mae", 
                            "count": 2, 
                            "value": 219
                        }, 
                        {
                            "name": "Ginnie Mae", 
                            "count": 2, 
                            "value": 219
                        }, 
                        {
                            "name": "Freddie Mac", 
                            "count": 2, 
                            "value": 225
                        }, 
                        {
                            "name": "Farmer Mac", 
                            "count": 0, 
                            "value": 0
                        }, 
                        {
                            "name": "Private Securitization", 
                            "count": 0, 
                            "value": 0
                        }, 
                        {
                            "name": "Commercial bank, savings bank or association", 
                            "count": 1, 
                            "value": 126
                        }, 
                        {
                            "name": "Life insurance co., credit union, finance co.", 
                            "count": 1, 
                            "value": 159
                        }, 
                        {
                            "name": "Affiliate institution", 
                            "count": 1, 
                            "value": 53
                        }, 
                        {
                            "name": "Other", 
                            "count": 21, 
                            "value": 832
                        }
                    ]
                }, 
                {
                    "tractpctminority": "80-100% minority", 
                    "purchasers": [
                        {
                            "name": "Fannie Mae", 
                            "count": 0, 
                            "value": 0
                        }, 
                        {
                            "name": "Ginnie Mae", 
                            "count": 0, 
                            "value": 0
                        }, 
                        {
                            "name": "Freddie Mac", 
                            "count": 0, 
                            "value": 0
                        }, 
                        {
                            "name": "Farmer Mac", 
                            "count": 0, 
                            "value": 0
                        }, 
                        {
                            "name": "Private Securitization", 
                            "count": 0, 
                            "value": 0
                        }, 
                        {
                            "name": "Commercial bank, savings bank or association", 
                            "count": 0, 
                            "value": 0
                        }, 
                        {
                            "name": "Life insurance co., credit union, finance co.", 
                            "count": 0, 
                            "value": 0
                        }, 
                        {
                            "name": "Affiliate institution", 
                            "count": 0, 
                            "value": 0
                        }, 
                        {
                            "name": "Other", 
                            "count": 0, 
                            "value": 0
                        }
                    ]
                }
            ]
        }, 
        {
            "characteristic": "Income", 
            "incomelevels": [
                {
                    "incomelevel": "Low income", 
                    "purchasers": [
                        {
                            "name": "Fannie Mae", 
                            "count": 2, 
                            "value": 219
                        }, 
                        {
                            "name": "Ginnie Mae", 
                            "count": 2, 
                            "value": 219
                        }, 
                        {
                            "name": "Freddie Mac", 
                            "count": 2, 
                            "value": 225
                        }, 
                        {
                            "name": "Farmer Mac", 
                            "count": 0, 
                            "value": 0
                        }, 
                        {
                            "name": "Private Securitization", 
                            "count": 0, 
                            "value": 0
                        }, 
                        {
                            "name": "Commercial bank, savings bank or association", 
                            "count": 1, 
                            "value": 126
                        }, 
                        {
                            "name": "Life insurance co., credit union, finance co.", 
                            "count": 1, 
                            "value": 159
                        }, 
                        {
                            "name": "Affiliate institution", 
                            "count": 1, 
                            "value": 53
                        }, 
                        {
                            "name": "Other", 
                            "count": 21, 
                            "value": 832
                        }
                    ]
                }, 
                {
                    "incomelevel": "Moderate income", 
                    "purchasers": [
                        {
                            "name": "Fannie Mae", 
                            "count": 35, 
                            "value": 3170
                        }, 
                        {
                            "name": "Ginnie Mae", 
                            "count": 50, 
                            "value": 190340
                        }, 
                        {
                            "name": "Freddie Mac", 
                            "count": 18, 
                            "value": 1668
                        }, 
                        {
                            "name": "Farmer Mac", 
                            "count": 0, 
                            "value": 0
                        }, 
                        {
                            "name": "Private Securitization", 
                            "count": 1, 
                            "value": 51
                        }, 
                        {
                            "name": "Commercial bank, savings bank or association", 
                            "count": 13, 
                            "value": 1365
                        }, 
                        {
                            "name": "Life insurance co., credit union, finance co.", 
                            "count": 29, 
                            "value": 2557
                        }, 
                        {
                            "name": "Affiliate institution", 
                            "count": 5, 
                            "value": 287
                        }, 
                        {
                            "name": "Other", 
                            "count": 398, 
                            "value": 22979
                        }
                    ]
                }, 
                {
                    "incomelevel": "Middle income", 
                    "purchasers": [
                        {
                            "name": "Fannie Mae", 
                            "count": 155, 
                            "value": 15710
                        }, 
                        {
                            "name": "Ginnie Mae", 
                            "count": 141, 
                            "value": 82257
                        }, 
                        {
                            "name": "Freddie Mac", 
                            "count": 90, 
                            "value": 9718
                        }, 
                        {
                            "name": "Farmer Mac", 
                            "count": 0, 
                            "value": 0
                        }, 
                        {
                            "name": "Private Securitization", 
                            "count": 2, 
                            "value": 154
                        }, 
                        {
                            "name": "Commercial bank, savings bank or association", 
                            "count": 41, 
                            "value": 5127
                        }, 
                        {
                            "name": "Life insurance co., credit union, finance co.", 
                            "count": 93, 
                            "value": 10671
                        }, 
                        {
                            "name": "Affiliate institution", 
                            "count": 19, 
                            "value": 1421
                        }, 
                        {
                            "name": "Other", 
                            "count": 1135, 
                            "value": 93675
                        }
                    ]
                }, 
                {
                    "incomelevel": "Upper income", 
                    "purchasers": [
                        {
                            "name": "Fannie Mae", 
                            "count": 242, 
                            "value": 35371
                        }, 
                        {
                            "name": "Ginnie Mae", 
                            "count": 249, 
                            "value": 112780
                        }, 
                        {
                            "name": "Freddie Mac", 
                            "count": 180, 
                            "value": 25506
                        }, 
                        {
                            "name": "Farmer Mac", 
                            "count": 0, 
                            "value": 0
                        }, 
                        {
                            "name": "Private Securitization", 
                            "count": 4, 
                            "value": 600
                        }, 
                        {
                            "name": "Commercial bank, savings bank or association", 
                            "count": 85, 
                            "value": 12495
                        }, 
                        {
                            "name": "Life insurance co., credit union, finance co.", 
                            "count": 164, 
                            "value": 23512
                        }, 
                        {
                            "name": "Affiliate institution", 
                            "count": 37, 
                            "value": 4455
                        }, 
                        {
                            "name": "Other", 
                            "count": 1192, 
                            "value": 145486
                        }
                    ]
                }
            ]
        }
    ], 
    "total": {
        "purchasers": [
            {
                "name": "Fannie Mae", 
                "count": 434, 
                "value": 54470
            }, 
            {
                "name": "Ginnie Mae", 
                "count": 442, 
                "value": 385596
            }, 
            {
                "name": "Freddie Mac", 
                "count": 290, 
                "value": 37117
            }, 
            {
                "name": "Farmer Mac", 
                "count": 0, 
                "value": 0
            }, 
            {
                "name": "Private Securitization", 
                "count": 7, 
                "value": 805
            }, 
            {
                "name": "Commercial bank, savings bank or association", 
                "count": 140, 
                "value": 19113
            }, 
            {
                "name": "Life insurance co., credit union, finance co.", 
                "count": 287, 
                "value": 36899
            }, 
            {
                "name": "Affiliate institution", 
                "count": 62, 
                "value": 6216
            }, 
            {
                "name": "Other", 
                "count": 2746, 
                "value": 262972
            }
        ]
    }
}