{
    "table": "4-1", 
    "type": "Aggregate", 
    "desc": "Disposition of applications for FHA, FSA/RHS, and VA home-purchase loans, 1- to 4- family and manufactured home dwellings, by race, ethnicity, gender and income of applicant", 
    "year": "2012", 
    "report-date": "04/03/2015", 
    "msa": {
        "id": "12540", 
        "name": "Bakersfield-Delano", 
        "state": "CA", 
        "state_name": "California"
    }, 
    "races": [
        {
            "race": "American Indian/Alaska Native", 
            "dispositions": [
                {
                    "disposition": "Applications Received", 
                    "count": 26, 
                    "value": 4940
                }, 
                {
                    "disposition": "Loans Originated", 
                    "count": 18, 
                    "value": 3456
                }, 
                {
                    "disposition": "Apps. Approved But Not Accepted", 
                    "count": 2, 
                    "value": 186
                }, 
                {
                    "disposition": "Aplications Denied", 
                    "count": 3, 
                    "value": 651
                }, 
                {
                    "disposition": "Applications Withdrawn", 
                    "count": 3, 
                    "value": 647
                }, 
                {
                    "disposition": "Files Closed For Incompleteness", 
                    "count": 0, 
                    "value": 0
                }
            ], 
            "genders": [
                {
                    "gender": "Male", 
                    "dispositions": [
                        {
                            "disposition": "Applications Received", 
                            "count": 18, 
                            "value": 3618
                        }, 
                        {
                            "disposition": "Loans Originated", 
                            "count": 12, 
                            "value": 2487
                        }, 
                        {
                            "disposition": "Apps. Approved But Not Accepted", 
                            "count": 1, 
                            "value": 133
                        }, 
                        {
                            "disposition": "Aplications Denied", 
                            "count": 2, 
                            "value": 351
                        }, 
                        {
                            "disposition": "Applications Withdrawn", 
                            "count": 3, 
                            "value": 647
                        }, 
                        {
                            "disposition": "Files Closed For Incompleteness", 
                            "count": 0, 
                            "value": 0
                        }
                    ]
                }, 
                {
                    "gender": "Female", 
                    "dispositions": [
                        {
                            "disposition": "Applications Received", 
                            "count": 6, 
                            "value": 722
                        }, 
                        {
                            "disposition": "Loans Originated", 
                            "count": 5, 
                            "value": 669
                        }, 
                        {
                            "disposition": "Apps. Approved But Not Accepted", 
                            "count": 1, 
                            "value": 53
                        }, 
                        {
                            "disposition": "Aplications Denied", 
                            "count": 0, 
                            "value": 0
                        }, 
                        {
                            "disposition": "Applications Withdrawn", 
                            "count": 0, 
                            "value": 0
                        }, 
                        {
                            "disposition": "Files Closed For Incompleteness", 
                            "count": 0, 
                            "value": 0
                        }
                    ]
                }, 
                {
                    "gender": "Joint (Male/Female)", 
                    "dispositions": [
                        {
                            "disposition": "Applications Received", 
                            "count": 2, 
                            "value": 600
                        }, 
                        {
                            "disposition": "Loans Originated", 
                            "count": 1, 
                            "value": 300
                        }, 
                        {
                            "disposition": "Apps. Approved But Not Accepted", 
                            "count": 0, 
                            "value": 0
                        }, 
                        {
                            "disposition": "Aplications Denied", 
                            "count": 1, 
                            "value": 300
                        }, 
                        {
                            "disposition": "Applications Withdrawn", 
                            "count": 0, 
                            "value": 0
                        }, 
                        {
                            "disposition": "Files Closed For Incompleteness", 
                            "count": 0, 
                            "value": 0
                        }
                    ]
                }
            ]
        }, 
        {
            "race": "Asian", 
            "dispositions": [
                {
                    "disposition": "Applications Received", 
                    "count": 53, 
                    "value": 7477
                }, 
                {
                    "disposition": "Loans Originated", 
                    "count": 32, 
                    "value": 4487
                }, 
                {
                    "disposition": "Apps. Approved But Not Accepted", 
                    "count": 6, 
                    "value": 688
                }, 
                {
                    "disposition": "Aplications Denied", 
                    "count": 9, 
                    "value": 1466
                }, 
                {
                    "disposition": "Applications Withdrawn", 
                    "count": 6, 
                    "value": 836
                }, 
                {
                    "disposition": "Files Closed For Incompleteness", 
                    "count": 0, 
                    "value": 0
                }
            ], 
            "genders": [
                {
                    "gender": "Male", 
                    "dispositions": [
                        {
                            "disposition": "Applications Received", 
                            "count": 25, 
                            "value": 3652
                        }, 
                        {
                            "disposition": "Loans Originated", 
                            "count": 18, 
                            "value": 2747
                        }, 
                        {
                            "disposition": "Apps. Approved But Not Accepted", 
                            "count": 3, 
                            "value": 382
                        }, 
                        {
                            "disposition": "Aplications Denied", 
                            "count": 3, 
                            "value": 389
                        }, 
                        {
                            "disposition": "Applications Withdrawn", 
                            "count": 1, 
                            "value": 134
                        }, 
                        {
                            "disposition": "Files Closed For Incompleteness", 
                            "count": 0, 
                            "value": 0
                        }
                    ]
                }, 
                {
                    "gender": "Female", 
                    "dispositions": [
                        {
                            "disposition": "Applications Received", 
                            "count": 14, 
                            "value": 1899
                        }, 
                        {
                            "disposition": "Loans Originated", 
                            "count": 6, 
                            "value": 578
                        }, 
                        {
                            "disposition": "Apps. Approved But Not Accepted", 
                            "count": 1, 
                            "value": 90
                        }, 
                        {
                            "disposition": "Aplications Denied", 
                            "count": 3, 
                            "value": 642
                        }, 
                        {
                            "disposition": "Applications Withdrawn", 
                            "count": 4, 
                            "value": 589
                        }, 
                        {
                            "disposition": "Files Closed For Incompleteness", 
                            "count": 0, 
                            "value": 0
                        }
                    ]
                }, 
                {
                    "gender": "Joint (Male/Female)", 
                    "dispositions": [
                        {
                            "disposition": "Applications Received", 
                            "count": 13, 
                            "value": 1769
                        }, 
                        {
                            "disposition": "Loans Originated", 
                            "count": 8, 
                            "value": 1162
                        }, 
                        {
                            "disposition": "Apps. Approved But Not Accepted", 
                            "count": 2, 
                            "value": 216
                        }, 
                        {
                            "disposition": "Aplications Denied", 
                            "count": 2, 
                            "value": 278
                        }, 
                        {
                            "disposition": "Applications Withdrawn", 
                            "count": 1, 
                            "value": 113
                        }, 
                        {
                            "disposition": "Files Closed For Incompleteness", 
                            "count": 0, 
                            "value": 0
                        }
                    ]
                }
            ]
        }, 
        {
            "race": "Black or African American", 
            "dispositions": [
                {
                    "disposition": "Applications Received", 
                    "count": 153, 
                    "value": 27756
                }, 
                {
                    "disposition": "Loans Originated", 
                    "count": 100, 
                    "value": 18573
                }, 
                {
                    "disposition": "Apps. Approved But Not Accepted", 
                    "count": 7, 
                    "value": 1073
                }, 
                {
                    "disposition": "Aplications Denied", 
                    "count": 30, 
                    "value": 5137
                }, 
                {
                    "disposition": "Applications Withdrawn", 
                    "count": 11, 
                    "value": 1970
                }, 
                {
                    "disposition": "Files Closed For Incompleteness", 
                    "count": 5, 
                    "value": 1003
                }
            ], 
            "genders": [
                {
                    "gender": "Male", 
                    "dispositions": [
                        {
                            "disposition": "Applications Received", 
                            "count": 59, 
                            "value": 10617
                        }, 
                        {
                            "disposition": "Loans Originated", 
                            "count": 39, 
                            "value": 7001
                        }, 
                        {
                            "disposition": "Apps. Approved But Not Accepted", 
                            "count": 1, 
                            "value": 184
                        }, 
                        {
                            "disposition": "Aplications Denied", 
                            "count": 13, 
                            "value": 2246
                        }, 
                        {
                            "disposition": "Applications Withdrawn", 
                            "count": 5, 
                            "value": 1009
                        }, 
                        {
                            "disposition": "Files Closed For Incompleteness", 
                            "count": 1, 
                            "value": 177
                        }
                    ]
                }, 
                {
                    "gender": "Female", 
                    "dispositions": [
                        {
                            "disposition": "Applications Received", 
                            "count": 40, 
                            "value": 7465
                        }, 
                        {
                            "disposition": "Loans Originated", 
                            "count": 26, 
                            "value": 4990
                        }, 
                        {
                            "disposition": "Apps. Approved But Not Accepted", 
                            "count": 1, 
                            "value": 275
                        }, 
                        {
                            "disposition": "Aplications Denied", 
                            "count": 8, 
                            "value": 1299
                        }, 
                        {
                            "disposition": "Applications Withdrawn", 
                            "count": 3, 
                            "value": 508
                        }, 
                        {
                            "disposition": "Files Closed For Incompleteness", 
                            "count": 2, 
                            "value": 393
                        }
                    ]
                }, 
                {
                    "gender": "Joint (Male/Female)", 
                    "dispositions": [
                        {
                            "disposition": "Applications Received", 
                            "count": 54, 
                            "value": 9674
                        }, 
                        {
                            "disposition": "Loans Originated", 
                            "count": 35, 
                            "value": 6582
                        }, 
                        {
                            "disposition": "Apps. Approved But Not Accepted", 
                            "count": 5, 
                            "value": 614
                        }, 
                        {
                            "disposition": "Aplications Denied", 
                            "count": 9, 
                            "value": 1592
                        }, 
                        {
                            "disposition": "Applications Withdrawn", 
                            "count": 3, 
                            "value": 453
                        }, 
                        {
                            "disposition": "Files Closed For Incompleteness", 
                            "count": 2, 
                            "value": 433
                        }
                    ]
                }
            ]
        }, 
        {
            "race": "Native Hawaiian or Other Pacific Islander", 
            "dispositions": [
                {
                    "disposition": "Applications Received", 
                    "count": 157, 
                    "value": 26348
                }, 
                {
                    "disposition": "Loans Originated", 
                    "count": 111, 
                    "value": 18800
                }, 
                {
                    "disposition": "Apps. Approved But Not Accepted", 
                    "count": 3, 
                    "value": 665
                }, 
                {
                    "disposition": "Aplications Denied", 
                    "count": 16, 
                    "value": 2939
                }, 
                {
                    "disposition": "Applications Withdrawn", 
                    "count": 26, 
                    "value": 3820
                }, 
                {
                    "disposition": "Files Closed For Incompleteness", 
                    "count": 1, 
                    "value": 124
                }
            ], 
            "genders": [
                {
                    "gender": "Male", 
                    "dispositions": [
                        {
                            "disposition": "Applications Received", 
                            "count": 81, 
                            "value": 13976
                        }, 
                        {
                            "disposition": "Loans Originated", 
                            "count": 59, 
                            "value": 10167
                        }, 
                        {
                            "disposition": "Apps. Approved But Not Accepted", 
                            "count": 2, 
                            "value": 546
                        }, 
                        {
                            "disposition": "Aplications Denied", 
                            "count": 8, 
                            "value": 1678
                        }, 
                        {
                            "disposition": "Applications Withdrawn", 
                            "count": 11, 
                            "value": 1461
                        }, 
                        {
                            "disposition": "Files Closed For Incompleteness", 
                            "count": 1, 
                            "value": 124
                        }
                    ]
                }, 
                {
                    "gender": "Female", 
                    "dispositions": [
                        {
                            "disposition": "Applications Received", 
                            "count": 55, 
                            "value": 8263
                        }, 
                        {
                            "disposition": "Loans Originated", 
                            "count": 37, 
                            "value": 5556
                        }, 
                        {
                            "disposition": "Apps. Approved But Not Accepted", 
                            "count": 1, 
                            "value": 119
                        }, 
                        {
                            "disposition": "Aplications Denied", 
                            "count": 7, 
                            "value": 1058
                        }, 
                        {
                            "disposition": "Applications Withdrawn", 
                            "count": 10, 
                            "value": 1530
                        }, 
                        {
                            "disposition": "Files Closed For Incompleteness", 
                            "count": 0, 
                            "value": 0
                        }
                    ]
                }, 
                {
                    "gender": "Joint (Male/Female)", 
                    "dispositions": [
                        {
                            "disposition": "Applications Received", 
                            "count": 21, 
                            "value": 4109
                        }, 
                        {
                            "disposition": "Loans Originated", 
                            "count": 15, 
                            "value": 3077
                        }, 
                        {
                            "disposition": "Apps. Approved But Not Accepted", 
                            "count": 0, 
                            "value": 0
                        }, 
                        {
                            "disposition": "Aplications Denied", 
                            "count": 1, 
                            "value": 203
                        }, 
                        {
                            "disposition": "Applications Withdrawn", 
                            "count": 5, 
                            "value": 829
                        }, 
                        {
                            "disposition": "Files Closed For Incompleteness", 
                            "count": 0, 
                            "value": 0
                        }
                    ]
                }
            ]
        }, 
        {
            "race": "White", 
            "dispositions": [
                {
                    "disposition": "Applications Received", 
                    "count": 33, 
                    "value": 5239
                }, 
                {
                    "disposition": "Loans Originated", 
                    "count": 23, 
                    "value": 3609
                }, 
                {
                    "disposition": "Apps. Approved But Not Accepted", 
                    "count": 2, 
                    "value": 418
                }, 
                {
                    "disposition": "Aplications Denied", 
                    "count": 2, 
                    "value": 341
                }, 
                {
                    "disposition": "Applications Withdrawn", 
                    "count": 6, 
                    "value": 871
                }, 
                {
                    "disposition": "Files Closed For Incompleteness", 
                    "count": 0, 
                    "value": 0
                }
            ], 
            "genders": [
                {
                    "gender": "Male", 
                    "dispositions": [
                        {
                            "disposition": "Applications Received", 
                            "count": 13, 
                            "value": 2498
                        }, 
                        {
                            "disposition": "Loans Originated", 
                            "count": 10, 
                            "value": 1903
                        }, 
                        {
                            "disposition": "Apps. Approved But Not Accepted", 
                            "count": 1, 
                            "value": 250
                        }, 
                        {
                            "disposition": "Aplications Denied", 
                            "count": 0, 
                            "value": 0
                        }, 
                        {
                            "disposition": "Applications Withdrawn", 
                            "count": 2, 
                            "value": 345
                        }, 
                        {
                            "disposition": "Files Closed For Incompleteness", 
                            "count": 0, 
                            "value": 0
                        }
                    ]
                }, 
                {
                    "gender": "Female", 
                    "dispositions": [
                        {
                            "disposition": "Applications Received", 
                            "count": 10, 
                            "value": 1165
                        }, 
                        {
                            "disposition": "Loans Originated", 
                            "count": 5, 
                            "value": 527
                        }, 
                        {
                            "disposition": "Apps. Approved But Not Accepted", 
                            "count": 1, 
                            "value": 168
                        }, 
                        {
                            "disposition": "Aplications Denied", 
                            "count": 1, 
                            "value": 171
                        }, 
                        {
                            "disposition": "Applications Withdrawn", 
                            "count": 3, 
                            "value": 299
                        }, 
                        {
                            "disposition": "Files Closed For Incompleteness", 
                            "count": 0, 
                            "value": 0
                        }
                    ]
                }, 
                {
                    "gender": "Joint (Male/Female)", 
                    "dispositions": [
                        {
                            "disposition": "Applications Received", 
                            "count": 10, 
                            "value": 1576
                        }, 
                        {
                            "disposition": "Loans Originated", 
                            "count": 8, 
                            "value": 1179
                        }, 
                        {
                            "disposition": "Apps. Approved But Not Accepted", 
                            "count": 0, 
                            "value": 0
                        }, 
                        {
                            "disposition": "Aplications Denied", 
                            "count": 1, 
                            "value": 170
                        }, 
                        {
                            "disposition": "Applications Withdrawn", 
                            "count": 1, 
                            "value": 227
                        }, 
                        {
                            "disposition": "Files Closed For Incompleteness", 
                            "count": 0, 
                            "value": 0
                        }
                    ]
                }
            ]
        }, 
        {
            "race": "2 or more minority races", 
            "dispositions": [
                {
                    "disposition": "Applications Received", 
                    "count": 5364, 
                    "value": 856290
                }, 
                {
                    "disposition": "Loans Originated", 
                    "count": 3932, 
                    "value": 639191
                }, 
                {
                    "disposition": "Apps. Approved But Not Accepted", 
                    "count": 191, 
                    "value": 27281
                }, 
                {
                    "disposition": "Aplications Denied", 
                    "count": 539, 
                    "value": 85055
                }, 
                {
                    "disposition": "Applications Withdrawn", 
                    "count": 649, 
                    "value": 97506
                }, 
                {
                    "disposition": "Files Closed For Incompleteness", 
                    "count": 53, 
                    "value": 7257
                }
            ], 
            "genders": [
                {
                    "gender": "Male", 
                    "dispositions": [
                        {
                            "disposition": "Applications Received", 
                            "count": 2568, 
                            "value": 395941
                        }, 
                        {
                            "disposition": "Loans Originated", 
                            "count": 1857, 
                            "value": 290153
                        }, 
                        {
                            "disposition": "Apps. Approved But Not Accepted", 
                            "count": 93, 
                            "value": 12777
                        }, 
                        {
                            "disposition": "Aplications Denied", 
                            "count": 260, 
                            "value": 40152
                        }, 
                        {
                            "disposition": "Applications Withdrawn", 
                            "count": 332, 
                            "value": 49339
                        }, 
                        {
                            "disposition": "Files Closed For Incompleteness", 
                            "count": 26, 
                            "value": 3520
                        }
                    ]
                }, 
                {
                    "gender": "Female", 
                    "dispositions": [
                        {
                            "disposition": "Applications Received", 
                            "count": 1084, 
                            "value": 150933
                        }, 
                        {
                            "disposition": "Loans Originated", 
                            "count": 783, 
                            "value": 109066
                        }, 
                        {
                            "disposition": "Apps. Approved But Not Accepted", 
                            "count": 49, 
                            "value": 6436
                        }, 
                        {
                            "disposition": "Aplications Denied", 
                            "count": 104, 
                            "value": 14289
                        }, 
                        {
                            "disposition": "Applications Withdrawn", 
                            "count": 138, 
                            "value": 20092
                        }, 
                        {
                            "disposition": "Files Closed For Incompleteness", 
                            "count": 10, 
                            "value": 1050
                        }
                    ]
                }, 
                {
                    "gender": "Joint (Male/Female)", 
                    "dispositions": [
                        {
                            "disposition": "Applications Received", 
                            "count": 1690, 
                            "value": 305815
                        }, 
                        {
                            "disposition": "Loans Originated", 
                            "count": 1279, 
                            "value": 237864
                        }, 
                        {
                            "disposition": "Apps. Approved But Not Accepted", 
                            "count": 47, 
                            "value": 7774
                        }, 
                        {
                            "disposition": "Aplications Denied", 
                            "count": 173, 
                            "value": 30241
                        }, 
                        {
                            "disposition": "Applications Withdrawn", 
                            "count": 175, 
                            "value": 27465
                        }, 
                        {
                            "disposition": "Files Closed For Incompleteness", 
                            "count": 16, 
                            "value": 2471
                        }
                    ]
                }
            ]
        }, 
        {
            "race": "Joint (White/Minority Race", 
            "dispositions": [
                {
                    "disposition": "Applications Received", 
                    "count": 67, 
                    "value": 12599
                }, 
                {
                    "disposition": "Loans Originated", 
                    "count": 51, 
                    "value": 9778
                }, 
                {
                    "disposition": "Apps. Approved But Not Accepted", 
                    "count": 2, 
                    "value": 474
                }, 
                {
                    "disposition": "Aplications Denied", 
                    "count": 9, 
                    "value": 1564
                }, 
                {
                    "disposition": "Applications Withdrawn", 
                    "count": 5, 
                    "value": 783
                }, 
                {
                    "disposition": "Files Closed For Incompleteness", 
                    "count": 0, 
                    "value": 0
                }
            ], 
            "genders": [
                {
                    "gender": "Male", 
                    "dispositions": [
                        {
                            "disposition": "Applications Received", 
                            "count": 1, 
                            "value": 124
                        }, 
                        {
                            "disposition": "Loans Originated", 
                            "count": 0, 
                            "value": 0
                        }, 
                        {
                            "disposition": "Apps. Approved But Not Accepted", 
                            "count": 0, 
                            "value": 0
                        }, 
                        {
                            "disposition": "Aplications Denied", 
                            "count": 0, 
                            "value": 0
                        }, 
                        {
                            "disposition": "Applications Withdrawn", 
                            "count": 1, 
                            "value": 124
                        }, 
                        {
                            "disposition": "Files Closed For Incompleteness", 
                            "count": 0, 
                            "value": 0
                        }
                    ]
                }, 
                {
                    "gender": "Female", 
                    "dispositions": [
                        {
                            "disposition": "Applications Received", 
                            "count": 3, 
                            "value": 536
                        }, 
                        {
                            "disposition": "Loans Originated", 
                            "count": 3, 
                            "value": 536
                        }, 
                        {
                            "disposition": "Apps. Approved But Not Accepted", 
                            "count": 0, 
                            "value": 0
                        }, 
                        {
                            "disposition": "Aplications Denied", 
                            "count": 0, 
                            "value": 0
                        }, 
                        {
                            "disposition": "Applications Withdrawn", 
                            "count": 0, 
                            "value": 0
                        }, 
                        {
                            "disposition": "Files Closed For Incompleteness", 
                            "count": 0, 
                            "value": 0
                        }
                    ]
                }, 
                {
                    "gender": "Joint (Male/Female)", 
                    "dispositions": [
                        {
                            "disposition": "Applications Received", 
                            "count": 63, 
                            "value": 11939
                        }, 
                        {
                            "disposition": "Loans Originated", 
                            "count": 48, 
                            "value": 9242
                        }, 
                        {
                            "disposition": "Apps. Approved But Not Accepted", 
                            "count": 2, 
                            "value": 474
                        }, 
                        {
                            "disposition": "Aplications Denied", 
                            "count": 9, 
                            "value": 1564
                        }, 
                        {
                            "disposition": "Applications Withdrawn", 
                            "count": 4, 
                            "value": 659
                        }, 
                        {
                            "disposition": "Files Closed For Incompleteness", 
                            "count": 0, 
                            "value": 0
                        }
                    ]
                }
            ]
        }, 
        {
            "race": "Not Available", 
            "dispositions": [
                {
                    "disposition": "Applications Received", 
                    "count": 387, 
                    "value": 62020
                }, 
                {
                    "disposition": "Loans Originated", 
                    "count": 258, 
                    "value": 41926
                }, 
                {
                    "disposition": "Apps. Approved But Not Accepted", 
                    "count": 10, 
                    "value": 2047
                }, 
                {
                    "disposition": "Aplications Denied", 
                    "count": 56, 
                    "value": 8877
                }, 
                {
                    "disposition": "Applications Withdrawn", 
                    "count": 56, 
                    "value": 8223
                }, 
                {
                    "disposition": "Files Closed For Incompleteness", 
                    "count": 7, 
                    "value": 947
                }
            ], 
            "genders": [
                {
                    "gender": "Male", 
                    "dispositions": [
                        {
                            "disposition": "Applications Received", 
                            "count": 90, 
                            "value": 14057
                        }, 
                        {
                            "disposition": "Loans Originated", 
                            "count": 55, 
                            "value": 8545
                        }, 
                        {
                            "disposition": "Apps. Approved But Not Accepted", 
                            "count": 2, 
                            "value": 481
                        }, 
                        {
                            "disposition": "Aplications Denied", 
                            "count": 13, 
                            "value": 2120
                        }, 
                        {
                            "disposition": "Applications Withdrawn", 
                            "count": 17, 
                            "value": 2480
                        }, 
                        {
                            "disposition": "Files Closed For Incompleteness", 
                            "count": 3, 
                            "value": 431
                        }
                    ]
                }, 
                {
                    "gender": "Female", 
                    "dispositions": [
                        {
                            "disposition": "Applications Received", 
                            "count": 50, 
                            "value": 7098
                        }, 
                        {
                            "disposition": "Loans Originated", 
                            "count": 27, 
                            "value": 4132
                        }, 
                        {
                            "disposition": "Apps. Approved But Not Accepted", 
                            "count": 2, 
                            "value": 283
                        }, 
                        {
                            "disposition": "Aplications Denied", 
                            "count": 13, 
                            "value": 1753
                        }, 
                        {
                            "disposition": "Applications Withdrawn", 
                            "count": 8, 
                            "value": 930
                        }, 
                        {
                            "disposition": "Files Closed For Incompleteness", 
                            "count": 0, 
                            "value": 0
                        }
                    ]
                }, 
                {
                    "gender": "Joint (Male/Female)", 
                    "dispositions": [
                        {
                            "disposition": "Applications Received", 
                            "count": 50, 
                            "value": 9373
                        }, 
                        {
                            "disposition": "Loans Originated", 
                            "count": 35, 
                            "value": 6398
                        }, 
                        {
                            "disposition": "Apps. Approved But Not Accepted", 
                            "count": 0, 
                            "value": 0
                        }, 
                        {
                            "disposition": "Aplications Denied", 
                            "count": 9, 
                            "value": 1671
                        }, 
                        {
                            "disposition": "Applications Withdrawn", 
                            "count": 6, 
                            "value": 1304
                        }, 
                        {
                            "disposition": "Files Closed For Incompleteness", 
                            "count": 0, 
                            "value": 0
                        }
                    ]
                }
            ]
        }
    ], 
    "ethnicities": [
        {
            "ethnicity": "Hispanic or Latino", 
            "dispositions": [
                {
                    "disposition": "Applications Received", 
                    "count": 2608, 
                    "value": 368002
                }, 
                {
                    "disposition": "Loans Originated", 
                    "count": 1849, 
                    "value": 263296
                }, 
                {
                    "disposition": "Apps. Approved But Not Accepted", 
                    "count": 89, 
                    "value": 10602
                }, 
                {
                    "disposition": "Aplications Denied", 
                    "count": 289, 
                    "value": 41028
                }, 
                {
                    "disposition": "Applications Withdrawn", 
                    "count": 353, 
                    "value": 49158
                }, 
                {
                    "disposition": "Files Closed For Incompleteness", 
                    "count": 28, 
                    "value": 3918
                }
            ], 
            "genders": [
                {
                    "gender": "Male", 
                    "dispositions": [
                        {
                            "disposition": "Applications Received", 
                            "count": 1370, 
                            "value": 1370
                        }, 
                        {
                            "disposition": "Loans Originated", 
                            "count": 971, 
                            "value": 137741
                        }, 
                        {
                            "disposition": "Apps. Approved But Not Accepted", 
                            "count": 49, 
                            "value": 5783
                        }, 
                        {
                            "disposition": "Aplications Denied", 
                            "count": 153, 
                            "value": 20579
                        }, 
                        {
                            "disposition": "Applications Withdrawn", 
                            "count": 188, 
                            "value": 25951
                        }, 
                        {
                            "disposition": "Files Closed For Incompleteness", 
                            "count": 9, 
                            "value": 984
                        }
                    ]
                }, 
                {
                    "gender": "Female", 
                    "dispositions": [
                        {
                            "disposition": "Applications Received", 
                            "count": 580, 
                            "value": 580
                        }, 
                        {
                            "disposition": "Loans Originated", 
                            "count": 419, 
                            "value": 52098
                        }, 
                        {
                            "disposition": "Apps. Approved But Not Accepted", 
                            "count": 21, 
                            "value": 2371
                        }, 
                        {
                            "disposition": "Aplications Denied", 
                            "count": 59, 
                            "value": 7744
                        }, 
                        {
                            "disposition": "Applications Withdrawn", 
                            "count": 77, 
                            "value": 10675
                        }, 
                        {
                            "disposition": "Files Closed For Incompleteness", 
                            "count": 4, 
                            "value": 463
                        }
                    ]
                }, 
                {
                    "gender": "Joint (Male/Female)", 
                    "dispositions": [
                        {
                            "disposition": "Applications Received", 
                            "count": 649, 
                            "value": 649
                        }, 
                        {
                            "disposition": "Loans Originated", 
                            "count": 452, 
                            "value": 72336
                        }, 
                        {
                            "disposition": "Apps. Approved But Not Accepted", 
                            "count": 18, 
                            "value": 2373
                        }, 
                        {
                            "disposition": "Aplications Denied", 
                            "count": 77, 
                            "value": 12705
                        }, 
                        {
                            "disposition": "Applications Withdrawn", 
                            "count": 88, 
                            "value": 12532
                        }, 
                        {
                            "disposition": "Files Closed For Incompleteness", 
                            "count": 14, 
                            "value": 2255
                        }
                    ]
                }
            ]
        }, 
        {
            "ethnicity": "Not Hispanic or Latino", 
            "dispositions": [
                {
                    "disposition": "Applications Received", 
                    "count": 3147, 
                    "value": 551778
                }, 
                {
                    "disposition": "Loans Originated", 
                    "count": 2331, 
                    "value": 416650
                }, 
                {
                    "disposition": "Apps. Approved But Not Accepted", 
                    "count": 122, 
                    "value": 19739
                }, 
                {
                    "disposition": "Aplications Denied", 
                    "count": 311, 
                    "value": 54062
                }, 
                {
                    "disposition": "Applications Withdrawn", 
                    "count": 351, 
                    "value": 56808
                }, 
                {
                    "disposition": "Files Closed For Incompleteness", 
                    "count": 32, 
                    "value": 4519
                }
            ], 
            "genders": [
                {
                    "gender": "Male", 
                    "dispositions": [
                        {
                            "disposition": "Applications Received", 
                            "count": 1421, 
                            "value": 1421
                        }, 
                        {
                            "disposition": "Loans Originated", 
                            "count": 1043, 
                            "value": 179385
                        }, 
                        {
                            "disposition": "Apps. Approved But Not Accepted", 
                            "count": 53, 
                            "value": 8614
                        }, 
                        {
                            "disposition": "Aplications Denied", 
                            "count": 130, 
                            "value": 23525
                        }, 
                        {
                            "disposition": "Applications Withdrawn", 
                            "count": 175, 
                            "value": 28085
                        }, 
                        {
                            "disposition": "Files Closed For Incompleteness", 
                            "count": 20, 
                            "value": 2916
                        }
                    ]
                }, 
                {
                    "gender": "Female", 
                    "dispositions": [
                        {
                            "disposition": "Applications Received", 
                            "count": 653, 
                            "value": 653
                        }, 
                        {
                            "disposition": "Loans Originated", 
                            "count": 458, 
                            "value": 71838
                        }, 
                        {
                            "disposition": "Apps. Approved But Not Accepted", 
                            "count": 33, 
                            "value": 4770
                        }, 
                        {
                            "disposition": "Aplications Denied", 
                            "count": 72, 
                            "value": 10914
                        }, 
                        {
                            "disposition": "Applications Withdrawn", 
                            "count": 82, 
                            "value": 12063
                        }, 
                        {
                            "disposition": "Files Closed For Incompleteness", 
                            "count": 8, 
                            "value": 980
                        }
                    ]
                }, 
                {
                    "gender": "Joint (Male/Female)", 
                    "dispositions": [
                        {
                            "disposition": "Applications Received", 
                            "count": 1058, 
                            "value": 1058
                        }, 
                        {
                            "disposition": "Loans Originated", 
                            "count": 824, 
                            "value": 164440
                        }, 
                        {
                            "disposition": "Apps. Approved But Not Accepted", 
                            "count": 36, 
                            "value": 6355
                        }, 
                        {
                            "disposition": "Aplications Denied", 
                            "count": 105, 
                            "value": 18990
                        }, 
                        {
                            "disposition": "Applications Withdrawn", 
                            "count": 90, 
                            "value": 16050
                        }, 
                        {
                            "disposition": "Files Closed For Incompleteness", 
                            "count": 3, 
                            "value": 496
                        }
                    ]
                }
            ]
        }, 
        {
            "ethnicity": "Joint (Hispanic or Latino/Not Hispanic or Latino", 
            "dispositions": [
                {
                    "disposition": "Applications Received", 
                    "count": 166, 
                    "value": 30046
                }, 
                {
                    "disposition": "Loans Originated", 
                    "count": 131, 
                    "value": 24260
                }, 
                {
                    "disposition": "Apps. Approved But Not Accepted", 
                    "count": 2, 
                    "value": 350
                }, 
                {
                    "disposition": "Aplications Denied", 
                    "count": 16, 
                    "value": 2965
                }, 
                {
                    "disposition": "Applications Withdrawn", 
                    "count": 17, 
                    "value": 2471
                }, 
                {
                    "disposition": "Files Closed For Incompleteness", 
                    "count": 0, 
                    "value": 0
                }
            ], 
            "genders": [
                {
                    "gender": "Male", 
                    "dispositions": [
                        {
                            "disposition": "Applications Received", 
                            "count": 2, 
                            "value": 2
                        }, 
                        {
                            "disposition": "Loans Originated", 
                            "count": 1, 
                            "value": 146
                        }, 
                        {
                            "disposition": "Apps. Approved But Not Accepted", 
                            "count": 0, 
                            "value": 0
                        }, 
                        {
                            "disposition": "Aplications Denied", 
                            "count": 0, 
                            "value": 0
                        }, 
                        {
                            "disposition": "Applications Withdrawn", 
                            "count": 1, 
                            "value": 183
                        }, 
                        {
                            "disposition": "Files Closed For Incompleteness", 
                            "count": 0, 
                            "value": 0
                        }
                    ]
                }, 
                {
                    "gender": "Female", 
                    "dispositions": [
                        {
                            "disposition": "Applications Received", 
                            "count": 4, 
                            "value": 4
                        }, 
                        {
                            "disposition": "Loans Originated", 
                            "count": 4, 
                            "value": 501
                        }, 
                        {
                            "disposition": "Apps. Approved But Not Accepted", 
                            "count": 0, 
                            "value": 0
                        }, 
                        {
                            "disposition": "Aplications Denied", 
                            "count": 0, 
                            "value": 0
                        }, 
                        {
                            "disposition": "Applications Withdrawn", 
                            "count": 0, 
                            "value": 0
                        }, 
                        {
                            "disposition": "Files Closed For Incompleteness", 
                            "count": 0, 
                            "value": 0
                        }
                    ]
                }, 
                {
                    "gender": "Joint (Male/Female)", 
                    "dispositions": [
                        {
                            "disposition": "Applications Received", 
                            "count": 160, 
                            "value": 160
                        }, 
                        {
                            "disposition": "Loans Originated", 
                            "count": 126, 
                            "value": 23613
                        }, 
                        {
                            "disposition": "Apps. Approved But Not Accepted", 
                            "count": 2, 
                            "value": 350
                        }, 
                        {
                            "disposition": "Aplications Denied", 
                            "count": 16, 
                            "value": 2965
                        }, 
                        {
                            "disposition": "Applications Withdrawn", 
                            "count": 16, 
                            "value": 2288
                        }, 
                        {
                            "disposition": "Files Closed For Incompleteness", 
                            "count": 0, 
                            "value": 0
                        }
                    ]
                }
            ]
        }, 
        {
            "ethnicity": "Ethnicity Not Available", 
            "dispositions": [
                {
                    "disposition": "Applications Received", 
                    "count": 319, 
                    "value": 52843
                }, 
                {
                    "disposition": "Loans Originated", 
                    "count": 214, 
                    "value": 35614
                }, 
                {
                    "disposition": "Apps. Approved But Not Accepted", 
                    "count": 10, 
                    "value": 2141
                }, 
                {
                    "disposition": "Aplications Denied", 
                    "count": 48, 
                    "value": 7975
                }, 
                {
                    "disposition": "Applications Withdrawn", 
                    "count": 41, 
                    "value": 6219
                }, 
                {
                    "disposition": "Files Closed For Incompleteness", 
                    "count": 6, 
                    "value": 894
                }
            ], 
            "genders": [
                {
                    "gender": "Male", 
                    "dispositions": [
                        {
                            "disposition": "Applications Received", 
                            "count": 62, 
                            "value": 62
                        }, 
                        {
                            "disposition": "Loans Originated", 
                            "count": 35, 
                            "value": 5731
                        }, 
                        {
                            "disposition": "Apps. Approved But Not Accepted", 
                            "count": 1, 
                            "value": 356
                        }, 
                        {
                            "disposition": "Aplications Denied", 
                            "count": 16, 
                            "value": 2832
                        }, 
                        {
                            "disposition": "Applications Withdrawn", 
                            "count": 8, 
                            "value": 1320
                        }, 
                        {
                            "disposition": "Files Closed For Incompleteness", 
                            "count": 2, 
                            "value": 352
                        }
                    ]
                }, 
                {
                    "gender": "Female", 
                    "dispositions": [
                        {
                            "disposition": "Applications Received", 
                            "count": 25, 
                            "value": 25
                        }, 
                        {
                            "disposition": "Loans Originated", 
                            "count": 11, 
                            "value": 1617
                        }, 
                        {
                            "disposition": "Apps. Approved But Not Accepted", 
                            "count": 2, 
                            "value": 283
                        }, 
                        {
                            "disposition": "Aplications Denied", 
                            "count": 5, 
                            "value": 554
                        }, 
                        {
                            "disposition": "Applications Withdrawn", 
                            "count": 7, 
                            "value": 1210
                        }, 
                        {
                            "disposition": "Files Closed For Incompleteness", 
                            "count": 0, 
                            "value": 0
                        }
                    ]
                }, 
                {
                    "gender": "Joint (Male/Female)", 
                    "dispositions": [
                        {
                            "disposition": "Applications Received", 
                            "count": 36, 
                            "value": 36
                        }, 
                        {
                            "disposition": "Loans Originated", 
                            "count": 27, 
                            "value": 5415
                        }, 
                        {
                            "disposition": "Apps. Approved But Not Accepted", 
                            "count": 0, 
                            "value": 0
                        }, 
                        {
                            "disposition": "Aplications Denied", 
                            "count": 7, 
                            "value": 1359
                        }, 
                        {
                            "disposition": "Applications Withdrawn", 
                            "count": 1, 
                            "value": 180
                        }, 
                        {
                            "disposition": "Files Closed For Incompleteness", 
                            "count": 1, 
                            "value": 153
                        }
                    ]
                }
            ]
        }
    ], 
    "minoritystatuses": [
        {
            "minoritystatus": "White Non-Hispanic", 
            "dispositions": [
                {
                    "disposition": "Applications Received", 
                    "count": 3072, 
                    "value": 536040
                }, 
                {
                    "disposition": "Loans Originated", 
                    "count": 2278, 
                    "value": 404848
                }, 
                {
                    "disposition": "Apps. Approved But Not Accepted", 
                    "count": 114, 
                    "value": 18883
                }, 
                {
                    "disposition": "Aplications Denied", 
                    "count": 302, 
                    "value": 52155
                }, 
                {
                    "disposition": "Applications Withdrawn", 
                    "count": 346, 
                    "value": 55868
                }, 
                {
                    "disposition": "Files Closed For Incompleteness", 
                    "count": 32, 
                    "value": 4286
                }
            ], 
            "genders": [
                {
                    "gender": "Male", 
                    "dispositions": [
                        {
                            "disposition": "Applications Received", 
                            "count": 225376, 
                            "value": 0
                        }, 
                        {
                            "disposition": "Loans Originated", 
                            "count": 965, 
                            "value": 164938
                        }, 
                        {
                            "disposition": "Apps. Approved But Not Accepted", 
                            "count": 47, 
                            "value": 7610
                        }, 
                        {
                            "disposition": "Aplications Denied", 
                            "count": 123, 
                            "value": 22169
                        }, 
                        {
                            "disposition": "Applications Withdrawn", 
                            "count": 164, 
                            "value": 26373
                        }, 
                        {
                            "disposition": "Files Closed For Incompleteness", 
                            "count": 20, 
                            "value": 2967
                        }
                    ]
                }, 
                {
                    "gender": "Female", 
                    "dispositions": [
                        {
                            "disposition": "Applications Received", 
                            "count": 86779, 
                            "value": 0
                        }, 
                        {
                            "disposition": "Loans Originated", 
                            "count": 397, 
                            "value": 61836
                        }, 
                        {
                            "disposition": "Apps. Approved But Not Accepted", 
                            "count": 31, 
                            "value": 4401
                        }, 
                        {
                            "disposition": "Aplications Denied", 
                            "count": 60, 
                            "value": 8816
                        }, 
                        {
                            "disposition": "Applications Withdrawn", 
                            "count": 71, 
                            "value": 10574
                        }, 
                        {
                            "disposition": "Files Closed For Incompleteness", 
                            "count": 6, 
                            "value": 587
                        }
                    ]
                }, 
                {
                    "gender": "Joint (Male/Female)", 
                    "dispositions": [
                        {
                            "disposition": "Applications Received", 
                            "count": 193066, 
                            "value": 0
                        }, 
                        {
                            "disposition": "Loans Originated", 
                            "count": 769, 
                            "value": 154236
                        }, 
                        {
                            "disposition": "Apps. Approved But Not Accepted", 
                            "count": 29, 
                            "value": 5370
                        }, 
                        {
                            "disposition": "Aplications Denied", 
                            "count": 96, 
                            "value": 17464
                        }, 
                        {
                            "disposition": "Applications Withdrawn", 
                            "count": 82, 
                            "value": 14802
                        }, 
                        {
                            "disposition": "Files Closed For Incompleteness", 
                            "count": 2, 
                            "value": 216
                        }
                    ]
                }
            ]
        }, 
        {
            "minoritystatus": "Others, Including Hispanic", 
            "dispositions": [
                {
                    "disposition": "Applications Received", 
                    "count": 3168, 
                    "value": 466629
                }, 
                {
                    "disposition": "Loans Originated", 
                    "count": 2247, 
                    "value": 334972
                }, 
                {
                    "disposition": "Apps. Approved But Not Accepted", 
                    "count": 109, 
                    "value": 13949
                }, 
                {
                    "disposition": "Aplications Denied", 
                    "count": 362, 
                    "value": 53875
                }, 
                {
                    "disposition": "Applications Withdrawn", 
                    "count": 416, 
                    "value": 58788
                }, 
                {
                    "disposition": "Files Closed For Incompleteness", 
                    "count": 34, 
                    "value": 5045
                }
            ], 
            "genders": [
                {
                    "gender": "Male", 
                    "dispositions": [
                        {
                            "disposition": "Applications Received", 
                            "count": 221962, 
                            "value": 0
                        }, 
                        {
                            "disposition": "Loans Originated", 
                            "count": 1085, 
                            "value": 158065
                        }, 
                        {
                            "disposition": "Apps. Approved But Not Accepted", 
                            "count": 56, 
                            "value": 7143
                        }, 
                        {
                            "disposition": "Aplications Denied", 
                            "count": 176, 
                            "value": 24767
                        }, 
                        {
                            "disposition": "Applications Withdrawn", 
                            "count": 208, 
                            "value": 29166
                        }, 
                        {
                            "disposition": "Files Closed For Incompleteness", 
                            "count": 11, 
                            "value": 1285
                        }
                    ]
                }, 
                {
                    "gender": "Female", 
                    "dispositions": [
                        {
                            "disposition": "Applications Received", 
                            "count": 92564, 
                            "value": 0
                        }, 
                        {
                            "disposition": "Loans Originated", 
                            "count": 495, 
                            "value": 64218
                        }, 
                        {
                            "disposition": "Apps. Approved But Not Accepted", 
                            "count": 25, 
                            "value": 3023
                        }, 
                        {
                            "disposition": "Aplications Denied", 
                            "count": 76, 
                            "value": 10396
                        }, 
                        {
                            "disposition": "Applications Withdrawn", 
                            "count": 95, 
                            "value": 13374
                        }, 
                        {
                            "disposition": "Files Closed For Incompleteness", 
                            "count": 6, 
                            "value": 856
                        }
                    ]
                }, 
                {
                    "gender": "Joint (Male/Female)", 
                    "dispositions": [
                        {
                            "disposition": "Applications Received", 
                            "count": 153692, 
                            "value": 0
                        }, 
                        {
                            "disposition": "Loans Originated", 
                            "count": 660, 
                            "value": 111568
                        }, 
                        {
                            "disposition": "Apps. Approved But Not Accepted", 
                            "count": 27, 
                            "value": 3708
                        }, 
                        {
                            "disposition": "Aplications Denied", 
                            "count": 109, 
                            "value": 18555
                        }, 
                        {
                            "disposition": "Applications Withdrawn", 
                            "count": 113, 
                            "value": 16248
                        }, 
                        {
                            "disposition": "Files Closed For Incompleteness", 
                            "count": 16, 
                            "value": 2688
                        }
                    ]
                }
            ]
        }
    ], 
    "incomes": [
        {
            "income": "Less than 50% of MSA/MD median", 
            "dispositions": [
                {
                    "disposition": "Applications Received", 
                    "count": 775, 
                    "value": 73005
                }, 
                {
                    "disposition": "Loans Originated", 
                    "count": 515, 
                    "value": 47852
                }, 
                {
                    "disposition": "Apps. Approved But Not Accepted", 
                    "count": 39, 
                    "value": 3364
                }, 
                {
                    "disposition": "Aplications Denied", 
                    "count": 110, 
                    "value": 10732
                }, 
                {
                    "disposition": "Applications Withdrawn", 
                    "count": 103, 
                    "value": 10424
                }, 
                {
                    "disposition": "Files Closed For Incompleteness", 
                    "count": 8, 
                    "value": 633
                }
            ]
        }, 
        {
            "income": "50-79% of MSA/MD median", 
            "dispositions": [
                {
                    "disposition": "Applications Received", 
                    "count": 1584, 
                    "value": 202238
                }, 
                {
                    "disposition": "Loans Originated", 
                    "count": 1119, 
                    "value": 142337
                }, 
                {
                    "disposition": "Apps. Approved But Not Accepted", 
                    "count": 62, 
                    "value": 7360
                }, 
                {
                    "disposition": "Aplications Denied", 
                    "count": 169, 
                    "value": 22337
                }, 
                {
                    "disposition": "Applications Withdrawn", 
                    "count": 208, 
                    "value": 27085
                }, 
                {
                    "disposition": "Files Closed For Incompleteness", 
                    "count": 26, 
                    "value": 3119
                }
            ]
        }, 
        {
            "income": "80-99% of MSA/MD median", 
            "dispositions": [
                {
                    "disposition": "Applications Received", 
                    "count": 1034, 
                    "value": 161776
                }, 
                {
                    "disposition": "Loans Originated", 
                    "count": 773, 
                    "value": 120406
                }, 
                {
                    "disposition": "Apps. Approved But Not Accepted", 
                    "count": 26, 
                    "value": 3800
                }, 
                {
                    "disposition": "Aplications Denied", 
                    "count": 100, 
                    "value": 17043
                }, 
                {
                    "disposition": "Applications Withdrawn", 
                    "count": 124, 
                    "value": 18571
                }, 
                {
                    "disposition": "Files Closed For Incompleteness", 
                    "count": 11, 
                    "value": 1956
                }
            ]
        }, 
        {
            "income": "100-119% of MSA/MD median", 
            "dispositions": [
                {
                    "disposition": "Applications Received", 
                    "count": 722, 
                    "value": 125196
                }, 
                {
                    "disposition": "Loans Originated", 
                    "count": 558, 
                    "value": 96846
                }, 
                {
                    "disposition": "Apps. Approved But Not Accepted", 
                    "count": 19, 
                    "value": 2898
                }, 
                {
                    "disposition": "Aplications Denied", 
                    "count": 64, 
                    "value": 11723
                }, 
                {
                    "disposition": "Applications Withdrawn", 
                    "count": 78, 
                    "value": 13304
                }, 
                {
                    "disposition": "Files Closed For Incompleteness", 
                    "count": 3, 
                    "value": 425
                }
            ]
        }, 
        {
            "income": "120% or more of MSA/MD median", 
            "dispositions": [
                {
                    "disposition": "Applications Received", 
                    "count": 2050, 
                    "value": 428997
                }, 
                {
                    "disposition": "Loans Originated", 
                    "count": 1549, 
                    "value": 330700
                }, 
                {
                    "disposition": "Apps. Approved But Not Accepted", 
                    "count": 73, 
                    "value": 14618
                }, 
                {
                    "disposition": "Aplications Denied", 
                    "count": 210, 
                    "value": 42518
                }, 
                {
                    "disposition": "Applications Withdrawn", 
                    "count": 203, 
                    "value": 38422
                }, 
                {
                    "disposition": "Files Closed For Incompleteness", 
                    "count": 15, 
                    "value": 2739
                }
            ]
        }, 
        {
            "income": "Income not available", 
            "dispositions": [
                {
                    "disposition": "Applications Received", 
                    "count": 75, 
                    "value": 11457
                }, 
                {
                    "disposition": "Loans Originated", 
                    "count": 11, 
                    "value": 1679
                }, 
                {
                    "disposition": "Apps. Approved But Not Accepted", 
                    "count": 4, 
                    "value": 792
                }, 
                {
                    "disposition": "Aplications Denied", 
                    "count": 11, 
                    "value": 1677
                }, 
                {
                    "disposition": "Applications Withdrawn", 
                    "count": 46, 
                    "value": 6850
                }, 
                {
                    "disposition": "Files Closed For Incompleteness", 
                    "count": 3, 
                    "value": 459
                }
            ]
        }
    ], 
    "total": [
        {
            "disposition": "Applications Received", 
            "count": 0, 
            "value": 0
        }, 
        {
            "disposition": "Loans Originated", 
            "count": 4525, 
            "value": 739820
        }, 
        {
            "disposition": "Apps. Approved But Not Accepted", 
            "count": 223, 
            "value": 32832
        }, 
        {
            "disposition": "Aplications Denied", 
            "count": 664, 
            "value": 106030
        }, 
        {
            "disposition": "Applications Withdrawn", 
            "count": 762, 
            "value": 114656
        }, 
        {
            "disposition": "Files Closed For Incompleteness", 
            "count": 66, 
            "value": 9331
        }
    ]
}