{
    "table": "3-1", 
    "type": "Aggregate", 
    "desc": "Loans sold, by characteristics of borrower and census tract in which property is located and by type of purchaser (includes originations and purchased loans)", 
    "year": "2013", 
    "msa": {
        "id": "20940", 
        "name": "El-Centro", 
        "state": "CA", 
        "state_name": "California"
    }, 
    "borrowercharacteristics": [
        {
            "characteristic": "Race", 
            "races": [
                {
                    "race": "American Indian/Alaska Native", 
                    "purchasers": [
                        {
                            "name": "Fannie Mae", 
                            "count": 1, 
                            "value": 370.0
                        }, 
                        {
                            "name": "Ginnie Mae", 
                            "count": 4, 
                            "value": 548.0
                        }, 
                        {
                            "name": "Freddie Mac", 
                            "count": 1, 
                            "value": 175.0
                        }, 
                        {
                            "name": "Farmer Mac", 
                            "count": 0, 
                            "value": 0
                        }, 
                        {
                            "name": "Private Securitization", 
                            "count": 0, 
                            "value": 0
                        }, 
                        {
                            "name": "Commercial bank, savings bank or association", 
                            "count": 0, 
                            "value": 0
                        }, 
                        {
                            "name": "Life insurance co., credit union, finance co.", 
                            "count": 0, 
                            "value": 0
                        }, 
                        {
                            "name": "Affiliate institution", 
                            "count": 0, 
                            "value": 0
                        }, 
                        {
                            "name": "Other", 
                            "count": 16, 
                            "value": 2207.0
                        }
                    ]
                }, 
                {
                    "race": "Asian", 
                    "purchasers": [
                        {
                            "name": "Fannie Mae", 
                            "count": 26, 
                            "value": 3703.0
                        }, 
                        {
                            "name": "Ginnie Mae", 
                            "count": 25, 
                            "value": 4048.0
                        }, 
                        {
                            "name": "Freddie Mac", 
                            "count": 12, 
                            "value": 1627.0
                        }, 
                        {
                            "name": "Farmer Mac", 
                            "count": 0, 
                            "value": 0
                        }, 
                        {
                            "name": "Private Securitization", 
                            "count": 0, 
                            "value": 0
                        }, 
                        {
                            "name": "Commercial bank, savings bank or association", 
                            "count": 2, 
                            "value": 342.0
                        }, 
                        {
                            "name": "Life insurance co., credit union, finance co.", 
                            "count": 13, 
                            "value": 2294.0
                        }, 
                        {
                            "name": "Affiliate institution", 
                            "count": 1, 
                            "value": 130.0
                        }, 
                        {
                            "name": "Other", 
                            "count": 81, 
                            "value": 11646.0
                        }
                    ]
                }, 
                {
                    "race": "Black or African American", 
                    "purchasers": [
                        {
                            "name": "Fannie Mae", 
                            "count": 36, 
                            "value": 6782.0
                        }, 
                        {
                            "name": "Ginnie Mae", 
                            "count": 8, 
                            "value": 1610.0
                        }, 
                        {
                            "name": "Freddie Mac", 
                            "count": 8, 
                            "value": 1321.0
                        }, 
                        {
                            "name": "Farmer Mac", 
                            "count": 0, 
                            "value": 0
                        }, 
                        {
                            "name": "Private Securitization", 
                            "count": 0, 
                            "value": 0
                        }, 
                        {
                            "name": "Commercial bank, savings bank or association", 
                            "count": 5, 
                            "value": 1056.0
                        }, 
                        {
                            "name": "Life insurance co., credit union, finance co.", 
                            "count": 1, 
                            "value": 316.0
                        }, 
                        {
                            "name": "Affiliate institution", 
                            "count": 0, 
                            "value": 0
                        }, 
                        {
                            "name": "Other", 
                            "count": 52, 
                            "value": 8954.0
                        }
                    ]
                }, 
                {
                    "race": "Native Hawaiian or Other Pacific Islander", 
                    "purchasers": [
                        {
                            "name": "Fannie Mae", 
                            "count": 6, 
                            "value": 865.0
                        }, 
                        {
                            "name": "Ginnie Mae", 
                            "count": 11, 
                            "value": 2084.0
                        }, 
                        {
                            "name": "Freddie Mac", 
                            "count": 5, 
                            "value": 824.0
                        }, 
                        {
                            "name": "Farmer Mac", 
                            "count": 0, 
                            "value": 0
                        }, 
                        {
                            "name": "Private Securitization", 
                            "count": 0, 
                            "value": 0
                        }, 
                        {
                            "name": "Commercial bank, savings bank or association", 
                            "count": 2, 
                            "value": 420.0
                        }, 
                        {
                            "name": "Life insurance co., credit union, finance co.", 
                            "count": 1, 
                            "value": 160.0
                        }, 
                        {
                            "name": "Affiliate institution", 
                            "count": 0, 
                            "value": 0
                        }, 
                        {
                            "name": "Other", 
                            "count": 35, 
                            "value": 5155.0
                        }
                    ]
                }, 
                {
                    "race": "White", 
                    "purchasers": [
                        {
                            "name": "Fannie Mae", 
                            "count": 7, 
                            "value": 1353.0
                        }, 
                        {
                            "name": "Ginnie Mae", 
                            "count": 3, 
                            "value": 656.0
                        }, 
                        {
                            "name": "Freddie Mac", 
                            "count": 1, 
                            "value": 163.0
                        }, 
                        {
                            "name": "Farmer Mac", 
                            "count": 0, 
                            "value": 0
                        }, 
                        {
                            "name": "Private Securitization", 
                            "count": 0, 
                            "value": 0
                        }, 
                        {
                            "name": "Commercial bank, savings bank or association", 
                            "count": 2, 
                            "value": 497.0
                        }, 
                        {
                            "name": "Life insurance co., credit union, finance co.", 
                            "count": 0, 
                            "value": 0
                        }, 
                        {
                            "name": "Affiliate institution", 
                            "count": 0, 
                            "value": 0
                        }, 
                        {
                            "name": "Other", 
                            "count": 14, 
                            "value": 2161.0
                        }
                    ]
                }, 
                {
                    "race": "2 or more minority races", 
                    "purchasers": [
                        {
                            "name": "Fannie Mae", 
                            "count": 620, 
                            "value": 98040.0
                        }, 
                        {
                            "name": "Ginnie Mae", 
                            "count": 740, 
                            "value": 119089.0
                        }, 
                        {
                            "name": "Freddie Mac", 
                            "count": 322, 
                            "value": 50022.0
                        }, 
                        {
                            "name": "Farmer Mac", 
                            "count": 0, 
                            "value": 0
                        }, 
                        {
                            "name": "Private Securitization", 
                            "count": 0, 
                            "value": 0
                        }, 
                        {
                            "name": "Commercial bank, savings bank or association", 
                            "count": 159, 
                            "value": 24098.0
                        }, 
                        {
                            "name": "Life insurance co., credit union, finance co.", 
                            "count": 71, 
                            "value": 11617.0
                        }, 
                        {
                            "name": "Affiliate institution", 
                            "count": 39, 
                            "value": 5110.0
                        }, 
                        {
                            "name": "Other", 
                            "count": 2251, 
                            "value": 333190.0
                        }
                    ]
                }, 
                {
                    "race": "Joint (White/Minority Race", 
                    "purchasers": [
                        {
                            "name": "Fannie Mae", 
                            "count": 12, 
                            "value": 1891.0
                        }, 
                        {
                            "name": "Ginnie Mae", 
                            "count": 11, 
                            "value": 2230.0
                        }, 
                        {
                            "name": "Freddie Mac", 
                            "count": 9, 
                            "value": 1427.0
                        }, 
                        {
                            "name": "Farmer Mac", 
                            "count": 0, 
                            "value": 0
                        }, 
                        {
                            "name": "Private Securitization", 
                            "count": 0, 
                            "value": 0
                        }, 
                        {
                            "name": "Commercial bank, savings bank or association", 
                            "count": 1, 
                            "value": 176.0
                        }, 
                        {
                            "name": "Life insurance co., credit union, finance co.", 
                            "count": 1, 
                            "value": 201.0
                        }, 
                        {
                            "name": "Affiliate institution", 
                            "count": 0, 
                            "value": 0
                        }, 
                        {
                            "name": "Other", 
                            "count": 20, 
                            "value": 3726.0
                        }
                    ]
                }, 
                {
                    "race": "Not Available", 
                    "purchasers": [
                        {
                            "name": "Fannie Mae", 
                            "count": 175, 
                            "value": 27335.0
                        }, 
                        {
                            "name": "Ginnie Mae", 
                            "count": 275, 
                            "value": 195594.0
                        }, 
                        {
                            "name": "Freddie Mac", 
                            "count": 89, 
                            "value": 13984.0
                        }, 
                        {
                            "name": "Farmer Mac", 
                            "count": 0, 
                            "value": 0
                        }, 
                        {
                            "name": "Private Securitization", 
                            "count": 3, 
                            "value": 569.0
                        }, 
                        {
                            "name": "Commercial bank, savings bank or association", 
                            "count": 16, 
                            "value": 2649.0
                        }, 
                        {
                            "name": "Life insurance co., credit union, finance co.", 
                            "count": 16, 
                            "value": 3318.0
                        }, 
                        {
                            "name": "Affiliate institution", 
                            "count": 22, 
                            "value": 3092.0
                        }, 
                        {
                            "name": "Other", 
                            "count": 575, 
                            "value": 111370.0
                        }
                    ]
                }
            ]
        }, 
        {
            "characteristic": "Ethnicity", 
            "ethnicities": [
                {
                    "ethnicity": "Hispanic or Latino", 
                    "purchasers": [
                        {
                            "name": "Fannie Mae", 
                            "count": 477, 
                            "value": 73041
                        }, 
                        {
                            "name": "Ginnie Mae", 
                            "count": 625, 
                            "value": 98968
                        }, 
                        {
                            "name": "Freddie Mac", 
                            "count": 227, 
                            "value": 33106
                        }, 
                        {
                            "name": "Farmer Mac", 
                            "count": 0, 
                            "value": 0
                        }, 
                        {
                            "name": "Private Securitization", 
                            "count": 0, 
                            "value": 0
                        }, 
                        {
                            "name": "Commercial bank, savings bank or association", 
                            "count": 126, 
                            "value": 18702
                        }, 
                        {
                            "name": "Life insurance co., credit union, finance co.", 
                            "count": 70, 
                            "value": 11272
                        }, 
                        {
                            "name": "Affiliate institution", 
                            "count": 30, 
                            "value": 3643
                        }, 
                        {
                            "name": "Other", 
                            "count": 1934, 
                            "value": 271440
                        }
                    ]
                }, 
                {
                    "ethnicity": "Not Hispanic or Latino", 
                    "purchasers": [
                        {
                            "name": "Fannie Mae", 
                            "count": 246, 
                            "value": 41756
                        }, 
                        {
                            "name": "Ginnie Mae", 
                            "count": 152, 
                            "value": 26353
                        }, 
                        {
                            "name": "Freddie Mac", 
                            "count": 120, 
                            "value": 19826
                        }, 
                        {
                            "name": "Farmer Mac", 
                            "count": 0, 
                            "value": 0
                        }, 
                        {
                            "name": "Private Securitization", 
                            "count": 0, 
                            "value": 0
                        }, 
                        {
                            "name": "Commercial bank, savings bank or association", 
                            "count": 47, 
                            "value": 8453
                        }, 
                        {
                            "name": "Life insurance co., credit union, finance co.", 
                            "count": 16, 
                            "value": 3161
                        }, 
                        {
                            "name": "Affiliate institution", 
                            "count": 10, 
                            "value": 1567
                        }, 
                        {
                            "name": "Other", 
                            "count": 596, 
                            "value": 98135
                        }
                    ]
                }, 
                {
                    "ethnicity": "Joint (Hispanic or Latino/Not Hispanic or Latino", 
                    "purchasers": [
                        {
                            "name": "Fannie Mae", 
                            "count": 36, 
                            "value": 6355
                        }, 
                        {
                            "name": "Ginnie Mae", 
                            "count": 36, 
                            "value": 7124
                        }, 
                        {
                            "name": "Freddie Mac", 
                            "count": 26, 
                            "value": 4806
                        }, 
                        {
                            "name": "Farmer Mac", 
                            "count": 0, 
                            "value": 0
                        }, 
                        {
                            "name": "Private Securitization", 
                            "count": 0, 
                            "value": 0
                        }, 
                        {
                            "name": "Commercial bank, savings bank or association", 
                            "count": 1, 
                            "value": 139
                        }, 
                        {
                            "name": "Life insurance co., credit union, finance co.", 
                            "count": 4, 
                            "value": 756
                        }, 
                        {
                            "name": "Affiliate institution", 
                            "count": 6, 
                            "value": 898
                        }, 
                        {
                            "name": "Other", 
                            "count": 120, 
                            "value": 20205
                        }
                    ]
                }, 
                {
                    "ethnicity": "Ethnicity Not Available", 
                    "purchasers": [
                        {
                            "name": "Fannie Mae", 
                            "count": 124, 
                            "value": 19187
                        }, 
                        {
                            "name": "Ginnie Mae", 
                            "count": 264, 
                            "value": 193414
                        }, 
                        {
                            "name": "Freddie Mac", 
                            "count": 74, 
                            "value": 11805
                        }, 
                        {
                            "name": "Farmer Mac", 
                            "count": 0, 
                            "value": 0
                        }, 
                        {
                            "name": "Private Securitization", 
                            "count": 3, 
                            "value": 569
                        }, 
                        {
                            "name": "Commercial bank, savings bank or association", 
                            "count": 13, 
                            "value": 1944
                        }, 
                        {
                            "name": "Life insurance co., credit union, finance co.", 
                            "count": 13, 
                            "value": 2717
                        }, 
                        {
                            "name": "Affiliate institution", 
                            "count": 16, 
                            "value": 2224
                        }, 
                        {
                            "name": "Other", 
                            "count": 394, 
                            "value": 88629
                        }
                    ]
                }
            ]
        }, 
        {
            "characteristic": "Minority Status", 
            "minoritystatuses": [
                {
                    "minoritystatus": "White Non-Hispanic", 
                    "purchasers": [
                        {
                            "name": "Fannie Mae", 
                            "count": 326, 
                            "value": 53043
                        }, 
                        {
                            "name": "Ginnie Mae", 
                            "count": 393, 
                            "value": 215333
                        }, 
                        {
                            "name": "Freddie Mac", 
                            "count": 182, 
                            "value": 29445
                        }, 
                        {
                            "name": "Farmer Mac", 
                            "count": 0, 
                            "value": 0
                        }, 
                        {
                            "name": "Private Securitization", 
                            "count": 3, 
                            "value": 569
                        }, 
                        {
                            "name": "Commercial bank, savings bank or association", 
                            "count": 52, 
                            "value": 8745
                        }, 
                        {
                            "name": "Life insurance co., credit union, finance co.", 
                            "count": 27, 
                            "value": 5402
                        }, 
                        {
                            "name": "Affiliate institution", 
                            "count": 26, 
                            "value": 3791
                        }, 
                        {
                            "name": "Other", 
                            "count": 902, 
                            "value": 172373
                        }
                    ]
                }, 
                {
                    "minoritystatus": "Others, Including Hispanic", 
                    "purchasers": [
                        {
                            "name": "Fannie Mae", 
                            "count": 557, 
                            "value": 87296
                        }, 
                        {
                            "name": "Ginnie Mae", 
                            "count": 684, 
                            "value": 110526
                        }, 
                        {
                            "name": "Freddie Mac", 
                            "count": 265, 
                            "value": 40098
                        }, 
                        {
                            "name": "Farmer Mac", 
                            "count": 0, 
                            "value": 0
                        }, 
                        {
                            "name": "Private Securitization", 
                            "count": 0, 
                            "value": 0
                        }, 
                        {
                            "name": "Commercial bank, savings bank or association", 
                            "count": 135, 
                            "value": 20493
                        }, 
                        {
                            "name": "Life insurance co., credit union, finance co.", 
                            "count": 76, 
                            "value": 12504
                        }, 
                        {
                            "name": "Affiliate institution", 
                            "count": 36, 
                            "value": 4541
                        }, 
                        {
                            "name": "Other", 
                            "count": 2142, 
                            "value": 306036
                        }
                    ]
                }
            ]
        }, 
        {
            "characteristic": "Applicant Income", 
            "applicantincomes": [
                {
                    "applicantincome": "Less than 50% of MSA/MD median", 
                    "purchasers": [
                        {
                            "name": "Fannie Mae", 
                            "count": 41, 
                            "value": 4584
                        }, 
                        {
                            "name": "Ginnie Mae", 
                            "count": 29, 
                            "value": 2569
                        }, 
                        {
                            "name": "Freddie Mac", 
                            "count": 22, 
                            "value": 1942
                        }, 
                        {
                            "name": "Farmer Mac", 
                            "count": 0, 
                            "value": 0
                        }, 
                        {
                            "name": "Private Securitization", 
                            "count": 0, 
                            "value": 0
                        }, 
                        {
                            "name": "Commercial bank, savings bank or association", 
                            "count": 12, 
                            "value": 934
                        }, 
                        {
                            "name": "Life insurance co., credit union, finance co.", 
                            "count": 6, 
                            "value": 478
                        }, 
                        {
                            "name": "Affiliate institution", 
                            "count": 2, 
                            "value": 172
                        }, 
                        {
                            "name": "Other", 
                            "count": 154, 
                            "value": 13450
                        }
                    ]
                }, 
                {
                    "applicantincome": "50-79% of MSA/MD median", 
                    "purchasers": [
                        {
                            "name": "Fannie Mae", 
                            "count": 88, 
                            "value": 11332
                        }, 
                        {
                            "name": "Ginnie Mae", 
                            "count": 126, 
                            "value": 14705
                        }, 
                        {
                            "name": "Freddie Mac", 
                            "count": 40, 
                            "value": 4872
                        }, 
                        {
                            "name": "Farmer Mac", 
                            "count": 0, 
                            "value": 0
                        }, 
                        {
                            "name": "Private Securitization", 
                            "count": 0, 
                            "value": 0
                        }, 
                        {
                            "name": "Commercial bank, savings bank or association", 
                            "count": 28, 
                            "value": 3168
                        }, 
                        {
                            "name": "Life insurance co., credit union, finance co.", 
                            "count": 10, 
                            "value": 1378
                        }, 
                        {
                            "name": "Affiliate institution", 
                            "count": 6, 
                            "value": 770
                        }, 
                        {
                            "name": "Other", 
                            "count": 413, 
                            "value": 42945
                        }
                    ]
                }, 
                {
                    "applicantincome": "80-99% of MSA/MD median", 
                    "purchasers": [
                        {
                            "name": "Fannie Mae", 
                            "count": 58, 
                            "value": 8058
                        }, 
                        {
                            "name": "Ginnie Mae", 
                            "count": 117, 
                            "value": 16837
                        }, 
                        {
                            "name": "Freddie Mac", 
                            "count": 33, 
                            "value": 4593
                        }, 
                        {
                            "name": "Farmer Mac", 
                            "count": 0, 
                            "value": 0
                        }, 
                        {
                            "name": "Private Securitization", 
                            "count": 0, 
                            "value": 0
                        }, 
                        {
                            "name": "Commercial bank, savings bank or association", 
                            "count": 29, 
                            "value": 3862
                        }, 
                        {
                            "name": "Life insurance co., credit union, finance co.", 
                            "count": 12, 
                            "value": 1725
                        }, 
                        {
                            "name": "Affiliate institution", 
                            "count": 3, 
                            "value": 325
                        }, 
                        {
                            "name": "Other", 
                            "count": 336, 
                            "value": 44341
                        }
                    ]
                }, 
                {
                    "applicantincome": "100-119% of MSA/MD median", 
                    "purchasers": [
                        {
                            "name": "Fannie Mae", 
                            "count": 69, 
                            "value": 9189
                        }, 
                        {
                            "name": "Ginnie Mae", 
                            "count": 83, 
                            "value": 13562
                        }, 
                        {
                            "name": "Freddie Mac", 
                            "count": 32, 
                            "value": 4538
                        }, 
                        {
                            "name": "Farmer Mac", 
                            "count": 0, 
                            "value": 0
                        }, 
                        {
                            "name": "Private Securitization", 
                            "count": 0, 
                            "value": 0
                        }, 
                        {
                            "name": "Commercial bank, savings bank or association", 
                            "count": 25, 
                            "value": 3991
                        }, 
                        {
                            "name": "Life insurance co., credit union, finance co.", 
                            "count": 10, 
                            "value": 1481
                        }, 
                        {
                            "name": "Affiliate institution", 
                            "count": 9, 
                            "value": 915
                        }, 
                        {
                            "name": "Other", 
                            "count": 217, 
                            "value": 29531
                        }
                    ]
                }, 
                {
                    "applicantincome": "120% or more of MSA/MD median", 
                    "purchasers": [
                        {
                            "name": "Fannie Mae", 
                            "count": 595, 
                            "value": 102275
                        }, 
                        {
                            "name": "Ginnie Mae", 
                            "count": 272, 
                            "value": 52822
                        }, 
                        {
                            "name": "Freddie Mac", 
                            "count": 298, 
                            "value": 49828
                        }, 
                        {
                            "name": "Farmer Mac", 
                            "count": 0, 
                            "value": 0
                        }, 
                        {
                            "name": "Private Securitization", 
                            "count": 1, 
                            "value": 172
                        }, 
                        {
                            "name": "Commercial bank, savings bank or association", 
                            "count": 83, 
                            "value": 15495
                        }, 
                        {
                            "name": "Life insurance co., credit union, finance co.", 
                            "count": 42, 
                            "value": 8486
                        }, 
                        {
                            "name": "Affiliate institution", 
                            "count": 42, 
                            "value": 6150
                        }, 
                        {
                            "name": "Other", 
                            "count": 1450, 
                            "value": 249799
                        }
                    ]
                }, 
                {
                    "applicantincome": "income not available", 
                    "purchasers": [
                        {
                            "name": "Fannie Mae", 
                            "count": 32, 
                            "value": 4901
                        }, 
                        {
                            "name": "Ginnie Mae", 
                            "count": 450, 
                            "value": 225364
                        }, 
                        {
                            "name": "Freddie Mac", 
                            "count": 22, 
                            "value": 3770
                        }, 
                        {
                            "name": "Farmer Mac", 
                            "count": 0, 
                            "value": 0
                        }, 
                        {
                            "name": "Private Securitization", 
                            "count": 2, 
                            "value": 397
                        }, 
                        {
                            "name": "Commercial bank, savings bank or association", 
                            "count": 10, 
                            "value": 1788
                        }, 
                        {
                            "name": "Life insurance co., credit union, finance co.", 
                            "count": 23, 
                            "value": 4358
                        }, 
                        {
                            "name": "Affiliate institution", 
                            "count": 0, 
                            "value": 0
                        }, 
                        {
                            "name": "Other", 
                            "count": 474, 
                            "value": 98343
                        }
                    ]
                }
            ]
        }
    ], 
    "censuscharacteristics": [
        {
            "characteristic": "Racial/Ethnic Composition", 
            "tractpctminorities": [
                {
                    "tractpctminority": "Less than 10% minority", 
                    "purchasers": [
                        {
                            "name": "Fannie Mae", 
                            "count": 0, 
                            "value": 0
                        }, 
                        {
                            "name": "Ginnie Mae", 
                            "count": 0, 
                            "value": 0
                        }, 
                        {
                            "name": "Freddie Mac", 
                            "count": 0, 
                            "value": 0
                        }, 
                        {
                            "name": "Farmer Mac", 
                            "count": 0, 
                            "value": 0
                        }, 
                        {
                            "name": "Private Securitization", 
                            "count": 0, 
                            "value": 0
                        }, 
                        {
                            "name": "Commercial bank, savings bank or association", 
                            "count": 0, 
                            "value": 0
                        }, 
                        {
                            "name": "Life insurance co., credit union, finance co.", 
                            "count": 0, 
                            "value": 0
                        }, 
                        {
                            "name": "Affiliate institution", 
                            "count": 0, 
                            "value": 0
                        }, 
                        {
                            "name": "Other", 
                            "count": 0, 
                            "value": 0
                        }
                    ]
                }, 
                {
                    "tractpctminority": "10-19% minority", 
                    "purchasers": [
                        {
                            "name": "Fannie Mae", 
                            "count": 5, 
                            "value": 1359
                        }, 
                        {
                            "name": "Ginnie Mae", 
                            "count": 0, 
                            "value": 0
                        }, 
                        {
                            "name": "Freddie Mac", 
                            "count": 0, 
                            "value": 0
                        }, 
                        {
                            "name": "Farmer Mac", 
                            "count": 0, 
                            "value": 0
                        }, 
                        {
                            "name": "Private Securitization", 
                            "count": 0, 
                            "value": 0
                        }, 
                        {
                            "name": "Commercial bank, savings bank or association", 
                            "count": 0, 
                            "value": 0
                        }, 
                        {
                            "name": "Life insurance co., credit union, finance co.", 
                            "count": 0, 
                            "value": 0
                        }, 
                        {
                            "name": "Affiliate institution", 
                            "count": 0, 
                            "value": 0
                        }, 
                        {
                            "name": "Other", 
                            "count": 10, 
                            "value": 883
                        }
                    ]
                }, 
                {
                    "tractpctminority": "20-49% minority", 
                    "purchasers": [
                        {
                            "name": "Fannie Mae", 
                            "count": 302, 
                            "value": 52809
                        }, 
                        {
                            "name": "Ginnie Mae", 
                            "count": 397, 
                            "value": 126301
                        }, 
                        {
                            "name": "Freddie Mac", 
                            "count": 127, 
                            "value": 22437
                        }, 
                        {
                            "name": "Farmer Mac", 
                            "count": 0, 
                            "value": 0
                        }, 
                        {
                            "name": "Private Securitization", 
                            "count": 0, 
                            "value": 0
                        }, 
                        {
                            "name": "Commercial bank, savings bank or association", 
                            "count": 81, 
                            "value": 12775
                        }, 
                        {
                            "name": "Life insurance co., credit union, finance co.", 
                            "count": 36, 
                            "value": 6732
                        }, 
                        {
                            "name": "Affiliate institution", 
                            "count": 12, 
                            "value": 1441
                        }, 
                        {
                            "name": "Other", 
                            "count": 962, 
                            "value": 167929
                        }
                    ]
                }, 
                {
                    "tractpctminority": "50-79% minority", 
                    "purchasers": [
                        {
                            "name": "Fannie Mae", 
                            "count": 576, 
                            "value": 86171
                        }, 
                        {
                            "name": "Ginnie Mae", 
                            "count": 680, 
                            "value": 199558
                        }, 
                        {
                            "name": "Freddie Mac", 
                            "count": 320, 
                            "value": 47106
                        }, 
                        {
                            "name": "Farmer Mac", 
                            "count": 0, 
                            "value": 0
                        }, 
                        {
                            "name": "Private Securitization", 
                            "count": 3, 
                            "value": 569
                        }, 
                        {
                            "name": "Commercial bank, savings bank or association", 
                            "count": 106, 
                            "value": 16463
                        }, 
                        {
                            "name": "Life insurance co., credit union, finance co.", 
                            "count": 67, 
                            "value": 11174
                        }, 
                        {
                            "name": "Affiliate institution", 
                            "count": 50, 
                            "value": 6891
                        }, 
                        {
                            "name": "Other", 
                            "count": 2072, 
                            "value": 309597
                        }
                    ]
                }, 
                {
                    "tractpctminority": "80-100% minority", 
                    "purchasers": [
                        {
                            "name": "Fannie Mae", 
                            "count": 0, 
                            "value": 0
                        }, 
                        {
                            "name": "Ginnie Mae", 
                            "count": 0, 
                            "value": 0
                        }, 
                        {
                            "name": "Freddie Mac", 
                            "count": 0, 
                            "value": 0
                        }, 
                        {
                            "name": "Farmer Mac", 
                            "count": 0, 
                            "value": 0
                        }, 
                        {
                            "name": "Private Securitization", 
                            "count": 0, 
                            "value": 0
                        }, 
                        {
                            "name": "Commercial bank, savings bank or association", 
                            "count": 0, 
                            "value": 0
                        }, 
                        {
                            "name": "Life insurance co., credit union, finance co.", 
                            "count": 0, 
                            "value": 0
                        }, 
                        {
                            "name": "Affiliate institution", 
                            "count": 0, 
                            "value": 0
                        }, 
                        {
                            "name": "Other", 
                            "count": 0, 
                            "value": 0
                        }
                    ]
                }
            ]
        }, 
        {
            "characteristic": "Income", 
            "incomelevels": [
                {
                    "incomelevel": "Low income", 
                    "purchasers": [
                        {
                            "name": "Fannie Mae", 
                            "count": 0, 
                            "value": 0
                        }, 
                        {
                            "name": "Ginnie Mae", 
                            "count": 0, 
                            "value": 0
                        }, 
                        {
                            "name": "Freddie Mac", 
                            "count": 0, 
                            "value": 0
                        }, 
                        {
                            "name": "Farmer Mac", 
                            "count": 0, 
                            "value": 0
                        }, 
                        {
                            "name": "Private Securitization", 
                            "count": 0, 
                            "value": 0
                        }, 
                        {
                            "name": "Commercial bank, savings bank or association", 
                            "count": 0, 
                            "value": 0
                        }, 
                        {
                            "name": "Life insurance co., credit union, finance co.", 
                            "count": 0, 
                            "value": 0
                        }, 
                        {
                            "name": "Affiliate institution", 
                            "count": 0, 
                            "value": 0
                        }, 
                        {
                            "name": "Other", 
                            "count": 0, 
                            "value": 0
                        }
                    ]
                }, 
                {
                    "incomelevel": "Moderate income", 
                    "purchasers": [
                        {
                            "name": "Fannie Mae", 
                            "count": 119, 
                            "value": 14062
                        }, 
                        {
                            "name": "Ginnie Mae", 
                            "count": 106, 
                            "value": 66067
                        }, 
                        {
                            "name": "Freddie Mac", 
                            "count": 43, 
                            "value": 5108
                        }, 
                        {
                            "name": "Farmer Mac", 
                            "count": 0, 
                            "value": 0
                        }, 
                        {
                            "name": "Private Securitization", 
                            "count": 0, 
                            "value": 0
                        }, 
                        {
                            "name": "Commercial bank, savings bank or association", 
                            "count": 29, 
                            "value": 2584
                        }, 
                        {
                            "name": "Life insurance co., credit union, finance co.", 
                            "count": 7, 
                            "value": 992
                        }, 
                        {
                            "name": "Affiliate institution", 
                            "count": 13, 
                            "value": 1414
                        }, 
                        {
                            "name": "Other", 
                            "count": 400, 
                            "value": 47703
                        }
                    ]
                }, 
                {
                    "incomelevel": "Middle income", 
                    "purchasers": [
                        {
                            "name": "Fannie Mae", 
                            "count": 426, 
                            "value": 65250
                        }, 
                        {
                            "name": "Ginnie Mae", 
                            "count": 620, 
                            "value": 103048
                        }, 
                        {
                            "name": "Freddie Mac", 
                            "count": 229, 
                            "value": 34220
                        }, 
                        {
                            "name": "Farmer Mac", 
                            "count": 0, 
                            "value": 0
                        }, 
                        {
                            "name": "Private Securitization", 
                            "count": 1, 
                            "value": 133
                        }, 
                        {
                            "name": "Commercial bank, savings bank or association", 
                            "count": 92, 
                            "value": 15424
                        }, 
                        {
                            "name": "Life insurance co., credit union, finance co.", 
                            "count": 63, 
                            "value": 9986
                        }, 
                        {
                            "name": "Affiliate institution", 
                            "count": 25, 
                            "value": 3137
                        }, 
                        {
                            "name": "Other", 
                            "count": 1701, 
                            "value": 259781
                        }
                    ]
                }, 
                {
                    "incomelevel": "Upper income", 
                    "purchasers": [
                        {
                            "name": "Fannie Mae", 
                            "count": 338, 
                            "value": 61027
                        }, 
                        {
                            "name": "Ginnie Mae", 
                            "count": 351, 
                            "value": 156744
                        }, 
                        {
                            "name": "Freddie Mac", 
                            "count": 175, 
                            "value": 30215
                        }, 
                        {
                            "name": "Farmer Mac", 
                            "count": 0, 
                            "value": 0
                        }, 
                        {
                            "name": "Private Securitization", 
                            "count": 2, 
                            "value": 436
                        }, 
                        {
                            "name": "Commercial bank, savings bank or association", 
                            "count": 66, 
                            "value": 11230
                        }, 
                        {
                            "name": "Life insurance co., credit union, finance co.", 
                            "count": 33, 
                            "value": 6928
                        }, 
                        {
                            "name": "Affiliate institution", 
                            "count": 24, 
                            "value": 3781
                        }, 
                        {
                            "name": "Other", 
                            "count": 943, 
                            "value": 170925
                        }
                    ]
                }
            ]
        }
    ], 
    "total": {
        "purchasers": [
            {
                "name": "Fannie Mae", 
                "count": 883, 
                "value": 140339
            }, 
            {
                "name": "Ginnie Mae", 
                "count": 1077, 
                "value": 325859
            }, 
            {
                "name": "Freddie Mac", 
                "count": 447, 
                "value": 69543
            }, 
            {
                "name": "Farmer Mac", 
                "count": 0, 
                "value": 0
            }, 
            {
                "name": "Private Securitization", 
                "count": 3, 
                "value": 569
            }, 
            {
                "name": "Commercial bank, savings bank or association", 
                "count": 187, 
                "value": 29238
            }, 
            {
                "name": "Life insurance co., credit union, finance co.", 
                "count": 103, 
                "value": 17906
            }, 
            {
                "name": "Affiliate institution", 
                "count": 62, 
                "value": 8332
            }, 
            {
                "name": "Other", 
                "count": 3044, 
                "value": 478409
            }
        ]
    }
}