{
    "table": "3-2", 
    "type": "Aggregate", 
    "desc": "Pricing Information for First and Junior Lien Loans Sold by Type of Purchaser (includes originations only).", 
    "year": "2012", 
    "msa": {
        "id": "45300", 
        "name": "Tampa-St.-Petersburg-Clearwater", 
        "state": "FL", 
        "state_name": "Florida"
    }, 
    "pricinginformation": [
        {
            "pricing": "No reported pricing data", 
            "purchasers": [
                {
                    "name": "Fannie Mae", 
                    "first lien count": 19583, 
                    "first lien value": 3484909, 
                    "junior lien count": 5, 
                    "junior lien value": 156
                }, 
                {
                    "name": "Ginnie Mae", 
                    "first lien count": 9960, 
                    "first lien value": 1700620, 
                    "junior lien count": 0, 
                    "junior lien value": 0
                }, 
                {
                    "name": "Freddie Mac", 
                    "first lien count": 11476, 
                    "first lien value": 2037617, 
                    "junior lien count": 0, 
                    "junior lien value": 0
                }, 
                {
                    "name": "Farmer Mac", 
                    "first lien count": 0, 
                    "first lien value": 0, 
                    "junior lien count": 0, 
                    "junior lien value": 0
                }, 
                {
                    "name": "Private Securitization", 
                    "first lien count": 323, 
                    "first lien value": 74448, 
                    "junior lien count": 0, 
                    "junior lien value": 0
                }, 
                {
                    "name": "Commercial bank, savings bank or association", 
                    "first lien count": 7462, 
                    "first lien value": 1370071, 
                    "junior lien count": 18, 
                    "junior lien value": 200
                }, 
                {
                    "name": "Life insurance co., credit union, finance co.", 
                    "first lien count": 1585, 
                    "first lien value": 314662, 
                    "junior lien count": 11, 
                    "junior lien value": 82
                }, 
                {
                    "name": "Affiliate institution", 
                    "first lien count": 2707, 
                    "first lien value": 532118, 
                    "junior lien count": 1, 
                    "junior lien value": 115
                }, 
                {
                    "name": "Other", 
                    "first lien count": 58606, 
                    "first lien value": 10973606, 
                    "junior lien count": 1639, 
                    "junior lien value": 59924
                }
            ]
        }, 
        {
            "pricing": "reported pricing data", 
            "purchasers": [
                {
                    "name": "Fannie Mae", 
                    "first lien count": 548, 
                    "first lien value": 74093, 
                    "junior lien count": 0, 
                    "junior lien value": 0
                }, 
                {
                    "name": "Ginnie Mae", 
                    "first lien count": 331, 
                    "first lien value": 36215, 
                    "junior lien count": 0, 
                    "junior lien value": 0
                }, 
                {
                    "name": "Freddie Mac", 
                    "first lien count": 210, 
                    "first lien value": 30330, 
                    "junior lien count": 0, 
                    "junior lien value": 0
                }, 
                {
                    "name": "Farmer Mac", 
                    "first lien count": 0, 
                    "first lien value": 0, 
                    "junior lien count": 0, 
                    "junior lien value": 0
                }, 
                {
                    "name": "Private Securitization", 
                    "first lien count": 3, 
                    "first lien value": 582, 
                    "junior lien count": 0, 
                    "junior lien value": 0
                }, 
                {
                    "name": "Commercial bank, savings bank or association", 
                    "first lien count": 116, 
                    "first lien value": 12105, 
                    "junior lien count": 2, 
                    "junior lien value": 10
                }, 
                {
                    "name": "Life insurance co., credit union, finance co.", 
                    "first lien count": 43, 
                    "first lien value": 4004, 
                    "junior lien count": 1, 
                    "junior lien value": 5
                }, 
                {
                    "name": "Affiliate institution", 
                    "first lien count": 23, 
                    "first lien value": 3357, 
                    "junior lien count": 2, 
                    "junior lien value": 288
                }, 
                {
                    "name": "Other", 
                    "first lien count": 653, 
                    "first lien value": 83293, 
                    "junior lien count": 121, 
                    "junior lien value": 3019
                }
            ]
        }
    ], 
    "points": [
        {
            "point": "1.50 - 1.99", 
            "purchasers": [
                {
                    "name": "Fannie Mae", 
                    "first lien count": 436, 
                    "first lien value": 60911, 
                    "junior lien count": 0, 
                    "junior lien value": 0
                }, 
                {
                    "name": "Ginnie Mae", 
                    "first lien count": 208, 
                    "first lien value": 23826, 
                    "junior lien count": 0, 
                    "junior lien value": 0
                }, 
                {
                    "name": "Freddie Mac", 
                    "first lien count": 173, 
                    "first lien value": 25578, 
                    "junior lien count": 0, 
                    "junior lien value": 0
                }, 
                {
                    "name": "Farmer Mac", 
                    "first lien count": 0, 
                    "first lien value": 0, 
                    "junior lien count": 0, 
                    "junior lien value": 0
                }, 
                {
                    "name": "Private Securitization", 
                    "first lien count": 2, 
                    "first lien value": 541, 
                    "junior lien count": 0, 
                    "junior lien value": 0
                }, 
                {
                    "name": "Commercial bank, savings bank or association", 
                    "first lien count": 96, 
                    "first lien value": 9891, 
                    "junior lien count": 0, 
                    "junior lien value": 0
                }, 
                {
                    "name": "Life insurance co., credit union, finance co.", 
                    "first lien count": 26, 
                    "first lien value": 2444, 
                    "junior lien count": 0, 
                    "junior lien value": 0
                }, 
                {
                    "name": "Affiliate institution", 
                    "first lien count": 16, 
                    "first lien value": 1886, 
                    "junior lien count": 0, 
                    "junior lien value": 0
                }, 
                {
                    "name": "Other", 
                    "first lien count": 241, 
                    "first lien value": 40667, 
                    "junior lien count": 0, 
                    "junior lien value": 0
                }
            ]
        }, 
        {
            "point": "2.00 - 2.49", 
            "purchasers": [
                {
                    "name": "Fannie Mae", 
                    "first lien count": 88, 
                    "first lien value": 9731, 
                    "junior lien count": 0, 
                    "junior lien value": 0
                }, 
                {
                    "name": "Ginnie Mae", 
                    "first lien count": 42, 
                    "first lien value": 3506, 
                    "junior lien count": 0, 
                    "junior lien value": 0
                }, 
                {
                    "name": "Freddie Mac", 
                    "first lien count": 30, 
                    "first lien value": 3898, 
                    "junior lien count": 0, 
                    "junior lien value": 0
                }, 
                {
                    "name": "Farmer Mac", 
                    "first lien count": 0, 
                    "first lien value": 0, 
                    "junior lien count": 0, 
                    "junior lien value": 0
                }, 
                {
                    "name": "Private Securitization", 
                    "first lien count": 1, 
                    "first lien value": 41, 
                    "junior lien count": 0, 
                    "junior lien value": 0
                }, 
                {
                    "name": "Commercial bank, savings bank or association", 
                    "first lien count": 18, 
                    "first lien value": 1959, 
                    "junior lien count": 0, 
                    "junior lien value": 0
                }, 
                {
                    "name": "Life insurance co., credit union, finance co.", 
                    "first lien count": 3, 
                    "first lien value": 177, 
                    "junior lien count": 0, 
                    "junior lien value": 0
                }, 
                {
                    "name": "Affiliate institution", 
                    "first lien count": 6, 
                    "first lien value": 1369, 
                    "junior lien count": 0, 
                    "junior lien value": 0
                }, 
                {
                    "name": "Other", 
                    "first lien count": 77, 
                    "first lien value": 12887, 
                    "junior lien count": 0, 
                    "junior lien value": 0
                }
            ]
        }, 
        {
            "point": "2.50 - 2.99", 
            "purchasers": [
                {
                    "name": "Fannie Mae", 
                    "first lien count": 21, 
                    "first lien value": 2959, 
                    "junior lien count": 0, 
                    "junior lien value": 0
                }, 
                {
                    "name": "Ginnie Mae", 
                    "first lien count": 26, 
                    "first lien value": 3132, 
                    "junior lien count": 0, 
                    "junior lien value": 0
                }, 
                {
                    "name": "Freddie Mac", 
                    "first lien count": 7, 
                    "first lien value": 854, 
                    "junior lien count": 0, 
                    "junior lien value": 0
                }, 
                {
                    "name": "Farmer Mac", 
                    "first lien count": 0, 
                    "first lien value": 0, 
                    "junior lien count": 0, 
                    "junior lien value": 0
                }, 
                {
                    "name": "Private Securitization", 
                    "first lien count": 0, 
                    "first lien value": 0, 
                    "junior lien count": 0, 
                    "junior lien value": 0
                }, 
                {
                    "name": "Commercial bank, savings bank or association", 
                    "first lien count": 1, 
                    "first lien value": 132, 
                    "junior lien count": 0, 
                    "junior lien value": 0
                }, 
                {
                    "name": "Life insurance co., credit union, finance co.", 
                    "first lien count": 2, 
                    "first lien value": 215, 
                    "junior lien count": 0, 
                    "junior lien value": 0
                }, 
                {
                    "name": "Affiliate institution", 
                    "first lien count": 1, 
                    "first lien value": 102, 
                    "junior lien count": 0, 
                    "junior lien value": 0
                }, 
                {
                    "name": "Other", 
                    "first lien count": 55, 
                    "first lien value": 8044, 
                    "junior lien count": 0, 
                    "junior lien value": 0
                }
            ]
        }, 
        {
            "point": "3.00 - 3.49", 
            "purchasers": [
                {
                    "name": "Fannie Mae", 
                    "first lien count": 3, 
                    "first lien value": 492, 
                    "junior lien count": 0, 
                    "junior lien value": 0
                }, 
                {
                    "name": "Ginnie Mae", 
                    "first lien count": 16, 
                    "first lien value": 1412, 
                    "junior lien count": 0, 
                    "junior lien value": 0
                }, 
                {
                    "name": "Freddie Mac", 
                    "first lien count": 0, 
                    "first lien value": 0, 
                    "junior lien count": 0, 
                    "junior lien value": 0
                }, 
                {
                    "name": "Farmer Mac", 
                    "first lien count": 0, 
                    "first lien value": 0, 
                    "junior lien count": 0, 
                    "junior lien value": 0
                }, 
                {
                    "name": "Private Securitization", 
                    "first lien count": 0, 
                    "first lien value": 0, 
                    "junior lien count": 0, 
                    "junior lien value": 0
                }, 
                {
                    "name": "Commercial bank, savings bank or association", 
                    "first lien count": 0, 
                    "first lien value": 0, 
                    "junior lien count": 0, 
                    "junior lien value": 0
                }, 
                {
                    "name": "Life insurance co., credit union, finance co.", 
                    "first lien count": 3, 
                    "first lien value": 271, 
                    "junior lien count": 0, 
                    "junior lien value": 0
                }, 
                {
                    "name": "Affiliate institution", 
                    "first lien count": 0, 
                    "first lien value": 0, 
                    "junior lien count": 0, 
                    "junior lien value": 0
                }, 
                {
                    "name": "Other", 
                    "first lien count": 70, 
                    "first lien value": 9145, 
                    "junior lien count": 0, 
                    "junior lien value": 0
                }
            ]
        }, 
        {
            "point": "3.50 - 4.49", 
            "purchasers": [
                {
                    "name": "Fannie Mae", 
                    "first lien count": 0, 
                    "first lien value": 0, 
                    "junior lien count": 0, 
                    "junior lien value": 0
                }, 
                {
                    "name": "Ginnie Mae", 
                    "first lien count": 31, 
                    "first lien value": 3512, 
                    "junior lien count": 0, 
                    "junior lien value": 0
                }, 
                {
                    "name": "Freddie Mac", 
                    "first lien count": 0, 
                    "first lien value": 0, 
                    "junior lien count": 0, 
                    "junior lien value": 0
                }, 
                {
                    "name": "Farmer Mac", 
                    "first lien count": 0, 
                    "first lien value": 0, 
                    "junior lien count": 0, 
                    "junior lien value": 0
                }, 
                {
                    "name": "Private Securitization", 
                    "first lien count": 0, 
                    "first lien value": 0, 
                    "junior lien count": 0, 
                    "junior lien value": 0
                }, 
                {
                    "name": "Commercial bank, savings bank or association", 
                    "first lien count": 1, 
                    "first lien value": 123, 
                    "junior lien count": 2, 
                    "junior lien value": 10
                }, 
                {
                    "name": "Life insurance co., credit union, finance co.", 
                    "first lien count": 6, 
                    "first lien value": 666, 
                    "junior lien count": 1, 
                    "junior lien value": 5
                }, 
                {
                    "name": "Affiliate institution", 
                    "first lien count": 0, 
                    "first lien value": 0, 
                    "junior lien count": 2, 
                    "junior lien value": 288
                }, 
                {
                    "name": "Other", 
                    "first lien count": 95, 
                    "first lien value": 7171, 
                    "junior lien count": 33, 
                    "junior lien value": 970
                }
            ]
        }, 
        {
            "point": "4.50 - 5.49", 
            "purchasers": [
                {
                    "name": "Fannie Mae", 
                    "first lien count": 0, 
                    "first lien value": 0, 
                    "junior lien count": 0, 
                    "junior lien value": 0
                }, 
                {
                    "name": "Ginnie Mae", 
                    "first lien count": 8, 
                    "first lien value": 827, 
                    "junior lien count": 0, 
                    "junior lien value": 0
                }, 
                {
                    "name": "Freddie Mac", 
                    "first lien count": 0, 
                    "first lien value": 0, 
                    "junior lien count": 0, 
                    "junior lien value": 0
                }, 
                {
                    "name": "Farmer Mac", 
                    "first lien count": 0, 
                    "first lien value": 0, 
                    "junior lien count": 0, 
                    "junior lien value": 0
                }, 
                {
                    "name": "Private Securitization", 
                    "first lien count": 0, 
                    "first lien value": 0, 
                    "junior lien count": 0, 
                    "junior lien value": 0
                }, 
                {
                    "name": "Commercial bank, savings bank or association", 
                    "first lien count": 0, 
                    "first lien value": 0, 
                    "junior lien count": 0, 
                    "junior lien value": 0
                }, 
                {
                    "name": "Life insurance co., credit union, finance co.", 
                    "first lien count": 3, 
                    "first lien value": 231, 
                    "junior lien count": 0, 
                    "junior lien value": 0
                }, 
                {
                    "name": "Affiliate institution", 
                    "first lien count": 0, 
                    "first lien value": 0, 
                    "junior lien count": 0, 
                    "junior lien value": 0
                }, 
                {
                    "name": "Other", 
                    "first lien count": 33, 
                    "first lien value": 1711, 
                    "junior lien count": 24, 
                    "junior lien value": 740
                }
            ]
        }, 
        {
            "point": "5.50 - 6.49", 
            "purchasers": [
                {
                    "name": "Fannie Mae", 
                    "first lien count": 0, 
                    "first lien value": 0, 
                    "junior lien count": 0, 
                    "junior lien value": 0
                }, 
                {
                    "name": "Ginnie Mae", 
                    "first lien count": 0, 
                    "first lien value": 0, 
                    "junior lien count": 0, 
                    "junior lien value": 0
                }, 
                {
                    "name": "Freddie Mac", 
                    "first lien count": 0, 
                    "first lien value": 0, 
                    "junior lien count": 0, 
                    "junior lien value": 0
                }, 
                {
                    "name": "Farmer Mac", 
                    "first lien count": 0, 
                    "first lien value": 0, 
                    "junior lien count": 0, 
                    "junior lien value": 0
                }, 
                {
                    "name": "Private Securitization", 
                    "first lien count": 0, 
                    "first lien value": 0, 
                    "junior lien count": 0, 
                    "junior lien value": 0
                }, 
                {
                    "name": "Commercial bank, savings bank or association", 
                    "first lien count": 0, 
                    "first lien value": 0, 
                    "junior lien count": 0, 
                    "junior lien value": 0
                }, 
                {
                    "name": "Life insurance co., credit union, finance co.", 
                    "first lien count": 0, 
                    "first lien value": 0, 
                    "junior lien count": 0, 
                    "junior lien value": 0
                }, 
                {
                    "name": "Affiliate institution", 
                    "first lien count": 0, 
                    "first lien value": 0, 
                    "junior lien count": 0, 
                    "junior lien value": 0
                }, 
                {
                    "name": "Other", 
                    "first lien count": 19, 
                    "first lien value": 979, 
                    "junior lien count": 22, 
                    "junior lien value": 556
                }
            ]
        }, 
        {
            "point": "6.5 or more", 
            "purchasers": [
                {
                    "name": "Fannie Mae", 
                    "first lien count": 0, 
                    "first lien value": 0, 
                    "junior lien count": 0, 
                    "junior lien value": 0
                }, 
                {
                    "name": "Ginnie Mae", 
                    "first lien count": 0, 
                    "first lien value": 0, 
                    "junior lien count": 0, 
                    "junior lien value": 0
                }, 
                {
                    "name": "Freddie Mac", 
                    "first lien count": 0, 
                    "first lien value": 0, 
                    "junior lien count": 0, 
                    "junior lien value": 0
                }, 
                {
                    "name": "Farmer Mac", 
                    "first lien count": 0, 
                    "first lien value": 0, 
                    "junior lien count": 0, 
                    "junior lien value": 0
                }, 
                {
                    "name": "Private Securitization", 
                    "first lien count": 0, 
                    "first lien value": 0, 
                    "junior lien count": 0, 
                    "junior lien value": 0
                }, 
                {
                    "name": "Commercial bank, savings bank or association", 
                    "first lien count": 0, 
                    "first lien value": 0, 
                    "junior lien count": 0, 
                    "junior lien value": 0
                }, 
                {
                    "name": "Life insurance co., credit union, finance co.", 
                    "first lien count": 0, 
                    "first lien value": 0, 
                    "junior lien count": 0, 
                    "junior lien value": 0
                }, 
                {
                    "name": "Affiliate institution", 
                    "first lien count": 0, 
                    "first lien value": 0, 
                    "junior lien count": 0, 
                    "junior lien value": 0
                }, 
                {
                    "name": "Other", 
                    "first lien count": 63, 
                    "first lien value": 2689, 
                    "junior lien count": 42, 
                    "junior lien value": 753
                }
            ]
        }, 
        {
            "point": "mean", 
            "purchasers": [
                {
                    "name": "Fannie Mae", 
                    "first lien": 20.75, 
                    "junior lien": 0
                }, 
                {
                    "name": "Ginnie Mae", 
                    "first lien": 31.44, 
                    "junior lien": 0
                }, 
                {
                    "name": "Freddie Mac", 
                    "first lien": 15.69, 
                    "junior lien": 0
                }, 
                {
                    "name": "Farmer Mac", 
                    "first lien": 0, 
                    "junior lien": 0
                }, 
                {
                    "name": "Private Securitization", 
                    "first lien": 70.43, 
                    "junior lien": 0
                }, 
                {
                    "name": "Commercial bank, savings bank or association", 
                    "first lien": 32.56, 
                    "junior lien": 18.75
                }, 
                {
                    "name": "Life insurance co., credit union, finance co.", 
                    "first lien": 114.33, 
                    "junior lien": 861.47
                }, 
                {
                    "name": "Affiliate institution", 
                    "first lien": 46.62, 
                    "junior lien": 51.67
                }, 
                {
                    "name": "Other", 
                    "first lien": 10.67, 
                    "junior lien": 16.07
                }
            ]
        }, 
        {
            "point": "median", 
            "purchasers": [
                {
                    "name": "Fannie Mae", 
                    "first lien": 1.7, 
                    "junior lien": 4.02
                }, 
                {
                    "name": "Ginnie Mae", 
                    "first lien": 1.94, 
                    "junior lien": 0
                }, 
                {
                    "name": "Freddie Mac", 
                    "first lien": 1.7, 
                    "junior lien": 0
                }, 
                {
                    "name": "Farmer Mac", 
                    "first lien": 1.57, 
                    "junior lien": 0
                }, 
                {
                    "name": "Private Securitization", 
                    "first lien": 1.84, 
                    "junior lien": 0
                }, 
                {
                    "name": "Commercial bank, savings bank or association", 
                    "first lien": 1.72, 
                    "junior lien": 4.65
                }, 
                {
                    "name": "Life insurance co., credit union, finance co.", 
                    "first lien": 2.02, 
                    "junior lien": 4.15
                }, 
                {
                    "name": "Affiliate institution", 
                    "first lien": 1.74, 
                    "junior lien": 4.48
                }, 
                {
                    "name": "Other", 
                    "first lien": 2.6, 
                    "junior lien": 4.61
                }
            ]
        }
    ], 
    "hoepa": {
        "pricing": "hoepa loans", 
        "purchasers": [
            {
                "name": "Fannie Mae", 
                "first lien count": 0, 
                "first lien value": 0, 
                "junior lien count": 0, 
                "junior lien value": 0
            }, 
            {
                "name": "Ginnie Mae", 
                "first lien count": 0, 
                "first lien value": 0, 
                "junior lien count": 0, 
                "junior lien value": 0
            }, 
            {
                "name": "Freddie Mac", 
                "first lien count": 0, 
                "first lien value": 0, 
                "junior lien count": 0, 
                "junior lien value": 0
            }, 
            {
                "name": "Farmer Mac", 
                "first lien count": 0, 
                "first lien value": 0, 
                "junior lien count": 0, 
                "junior lien value": 0
            }, 
            {
                "name": "Private Securitization", 
                "first lien count": 0, 
                "first lien value": 0, 
                "junior lien count": 0, 
                "junior lien value": 0
            }, 
            {
                "name": "Commercial bank, savings bank or association", 
                "first lien count": 0, 
                "first lien value": 0, 
                "junior lien count": 0, 
                "junior lien value": 0
            }, 
            {
                "name": "Life insurance co., credit union, finance co.", 
                "first lien count": 0, 
                "first lien value": 0, 
                "junior lien count": 0, 
                "junior lien value": 0
            }, 
            {
                "name": "Affiliate institution", 
                "first lien count": 0, 
                "first lien value": 0, 
                "junior lien count": 0, 
                "junior lien value": 0
            }, 
            {
                "name": "Other", 
                "first lien count": 1, 
                "first lien value": 30, 
                "junior lien count": 0, 
                "junior lien value": 0
            }
        ]
    }
}