{
    "table": "4-1", 
    "type": "Aggregate", 
    "desc": "Disposition of applications for FHA, FSA/RHS, and VA home-purchase loans, 1- to 4-family and manufactured home dwellings, by race, ethnicity, gender and income of applicant", 
    "year": "2012", 
    "msa": {
        "id": "27260", 
        "name": "Jacksonville", 
        "state": "FL", 
        "state_name": "Florida"
    }, 
    "races": [
        {
            "race": "American Indian/Alaska Native", 
            "dispositions": [
                {
                    "disposition": "Applications Received", 
                    "count": 34, 
                    "value": 6182
                }, 
                {
                    "disposition": "Loans Originated", 
                    "count": 0, 
                    "value": 4722
                }, 
                {
                    "disposition": "Apps. Approved But Not Accepted", 
                    "count": 0, 
                    "value": 249
                }, 
                {
                    "disposition": "Aplications Denied", 
                    "count": 0, 
                    "value": 402
                }, 
                {
                    "disposition": "Applications Withdrawn", 
                    "count": 0, 
                    "value": 468
                }, 
                {
                    "disposition": "Files Closed For Incompleteness", 
                    "count": 0, 
                    "value": 375
                }
            ], 
            "genders": [
                {
                    "gender": "Male", 
                    "dispositions": [
                        {
                            "disposition": "Applications Received", 
                            "count": 0, 
                            "value": 0
                        }, 
                        {
                            "disposition": "Loans Originated", 
                            "count": 14, 
                            "value": 2865
                        }, 
                        {
                            "disposition": "Apps. Approved But Not Accepted", 
                            "count": 0, 
                            "value": 0
                        }, 
                        {
                            "disposition": "Aplications Denied", 
                            "count": 2, 
                            "value": 278
                        }, 
                        {
                            "disposition": "Applications Withdrawn", 
                            "count": 0, 
                            "value": 0
                        }, 
                        {
                            "disposition": "Files Closed For Incompleteness", 
                            "count": 2, 
                            "value": 373
                        }
                    ]
                }, 
                {
                    "gender": "Female", 
                    "dispositions": [
                        {
                            "disposition": "Applications Received", 
                            "count": 0, 
                            "value": 0
                        }, 
                        {
                            "disposition": "Loans Originated", 
                            "count": 7, 
                            "value": 1091
                        }, 
                        {
                            "disposition": "Apps. Approved But Not Accepted", 
                            "count": 0, 
                            "value": 0
                        }, 
                        {
                            "disposition": "Aplications Denied", 
                            "count": 1, 
                            "value": 121
                        }, 
                        {
                            "disposition": "Applications Withdrawn", 
                            "count": 2, 
                            "value": 272
                        }, 
                        {
                            "disposition": "Files Closed For Incompleteness", 
                            "count": 0, 
                            "value": 0
                        }
                    ]
                }, 
                {
                    "gender": "Joint (Male/Female)", 
                    "dispositions": [
                        {
                            "disposition": "Applications Received", 
                            "count": 0, 
                            "value": 0
                        }, 
                        {
                            "disposition": "Loans Originated", 
                            "count": 4, 
                            "value": 741
                        }, 
                        {
                            "disposition": "Apps. Approved But Not Accepted", 
                            "count": 0, 
                            "value": 0
                        }, 
                        {
                            "disposition": "Aplications Denied", 
                            "count": 0, 
                            "value": 0
                        }, 
                        {
                            "disposition": "Applications Withdrawn", 
                            "count": 1, 
                            "value": 193
                        }, 
                        {
                            "disposition": "Files Closed For Incompleteness", 
                            "count": 0, 
                            "value": 0
                        }
                    ]
                }
            ]
        }, 
        {
            "race": "Asian", 
            "dispositions": [
                {
                    "disposition": "Applications Received", 
                    "count": 20, 
                    "value": 2549
                }, 
                {
                    "disposition": "Loans Originated", 
                    "count": 0, 
                    "value": 1353
                }, 
                {
                    "disposition": "Apps. Approved But Not Accepted", 
                    "count": 0, 
                    "value": 0
                }, 
                {
                    "disposition": "Aplications Denied", 
                    "count": 0, 
                    "value": 934
                }, 
                {
                    "disposition": "Applications Withdrawn", 
                    "count": 0, 
                    "value": 282
                }, 
                {
                    "disposition": "Files Closed For Incompleteness", 
                    "count": 0, 
                    "value": 0
                }
            ], 
            "genders": [
                {
                    "gender": "Male", 
                    "dispositions": [
                        {
                            "disposition": "Applications Received", 
                            "count": 0, 
                            "value": 0
                        }, 
                        {
                            "disposition": "Loans Originated", 
                            "count": 5, 
                            "value": 705
                        }, 
                        {
                            "disposition": "Apps. Approved But Not Accepted", 
                            "count": 0, 
                            "value": 0
                        }, 
                        {
                            "disposition": "Aplications Denied", 
                            "count": 4, 
                            "value": 548
                        }, 
                        {
                            "disposition": "Applications Withdrawn", 
                            "count": 1, 
                            "value": 155
                        }, 
                        {
                            "disposition": "Files Closed For Incompleteness", 
                            "count": 0, 
                            "value": 0
                        }
                    ]
                }, 
                {
                    "gender": "Female", 
                    "dispositions": [
                        {
                            "disposition": "Applications Received", 
                            "count": 0, 
                            "value": 0
                        }, 
                        {
                            "disposition": "Loans Originated", 
                            "count": 6, 
                            "value": 637
                        }, 
                        {
                            "disposition": "Apps. Approved But Not Accepted", 
                            "count": 0, 
                            "value": 0
                        }, 
                        {
                            "disposition": "Aplications Denied", 
                            "count": 2, 
                            "value": 279
                        }, 
                        {
                            "disposition": "Applications Withdrawn", 
                            "count": 0, 
                            "value": 0
                        }, 
                        {
                            "disposition": "Files Closed For Incompleteness", 
                            "count": 0, 
                            "value": 0
                        }
                    ]
                }, 
                {
                    "gender": "Joint (Male/Female)", 
                    "dispositions": [
                        {
                            "disposition": "Applications Received", 
                            "count": 0, 
                            "value": 0
                        }, 
                        {
                            "disposition": "Loans Originated", 
                            "count": 0, 
                            "value": 0
                        }, 
                        {
                            "disposition": "Apps. Approved But Not Accepted", 
                            "count": 0, 
                            "value": 0
                        }, 
                        {
                            "disposition": "Aplications Denied", 
                            "count": 1, 
                            "value": 100
                        }, 
                        {
                            "disposition": "Applications Withdrawn", 
                            "count": 1, 
                            "value": 125
                        }, 
                        {
                            "disposition": "Files Closed For Incompleteness", 
                            "count": 0, 
                            "value": 0
                        }
                    ]
                }
            ]
        }, 
        {
            "race": "Black or African American", 
            "dispositions": [
                {
                    "disposition": "Applications Received", 
                    "count": 225, 
                    "value": 35970
                }, 
                {
                    "disposition": "Loans Originated", 
                    "count": 0, 
                    "value": 24111
                }, 
                {
                    "disposition": "Apps. Approved But Not Accepted", 
                    "count": 0, 
                    "value": 1237
                }, 
                {
                    "disposition": "Aplications Denied", 
                    "count": 0, 
                    "value": 7243
                }, 
                {
                    "disposition": "Applications Withdrawn", 
                    "count": 0, 
                    "value": 3054
                }, 
                {
                    "disposition": "Files Closed For Incompleteness", 
                    "count": 0, 
                    "value": 550
                }
            ], 
            "genders": [
                {
                    "gender": "Male", 
                    "dispositions": [
                        {
                            "disposition": "Applications Received", 
                            "count": 0, 
                            "value": 0
                        }, 
                        {
                            "disposition": "Loans Originated", 
                            "count": 81, 
                            "value": 13131
                        }, 
                        {
                            "disposition": "Apps. Approved But Not Accepted", 
                            "count": 6, 
                            "value": 580
                        }, 
                        {
                            "disposition": "Aplications Denied", 
                            "count": 18, 
                            "value": 2669
                        }, 
                        {
                            "disposition": "Applications Withdrawn", 
                            "count": 13, 
                            "value": 2088
                        }, 
                        {
                            "disposition": "Files Closed For Incompleteness", 
                            "count": 1, 
                            "value": 284
                        }
                    ]
                }, 
                {
                    "gender": "Female", 
                    "dispositions": [
                        {
                            "disposition": "Applications Received", 
                            "count": 0, 
                            "value": 0
                        }, 
                        {
                            "disposition": "Loans Originated", 
                            "count": 39, 
                            "value": 5636
                        }, 
                        {
                            "disposition": "Apps. Approved But Not Accepted", 
                            "count": 3, 
                            "value": 316
                        }, 
                        {
                            "disposition": "Aplications Denied", 
                            "count": 16, 
                            "value": 2730
                        }, 
                        {
                            "disposition": "Applications Withdrawn", 
                            "count": 4, 
                            "value": 382
                        }, 
                        {
                            "disposition": "Files Closed For Incompleteness", 
                            "count": 2, 
                            "value": 91
                        }
                    ]
                }, 
                {
                    "gender": "Joint (Male/Female)", 
                    "dispositions": [
                        {
                            "disposition": "Applications Received", 
                            "count": 0, 
                            "value": 0
                        }, 
                        {
                            "disposition": "Loans Originated", 
                            "count": 26, 
                            "value": 5198
                        }, 
                        {
                            "disposition": "Apps. Approved But Not Accepted", 
                            "count": 0, 
                            "value": 0
                        }, 
                        {
                            "disposition": "Aplications Denied", 
                            "count": 11, 
                            "value": 1799
                        }, 
                        {
                            "disposition": "Applications Withdrawn", 
                            "count": 3, 
                            "value": 564
                        }, 
                        {
                            "disposition": "Files Closed For Incompleteness", 
                            "count": 1, 
                            "value": 171
                        }
                    ]
                }
            ]
        }, 
        {
            "race": "Native Hawaiian or Other Pacific Islander", 
            "dispositions": [
                {
                    "disposition": "Applications Received", 
                    "count": 1523, 
                    "value": 227250
                }, 
                {
                    "disposition": "Loans Originated", 
                    "count": 0, 
                    "value": 146115
                }, 
                {
                    "disposition": "Apps. Approved But Not Accepted", 
                    "count": 0, 
                    "value": 8911
                }, 
                {
                    "disposition": "Aplications Denied", 
                    "count": 0, 
                    "value": 53370
                }, 
                {
                    "disposition": "Applications Withdrawn", 
                    "count": 0, 
                    "value": 15252
                }, 
                {
                    "disposition": "Files Closed For Incompleteness", 
                    "count": 0, 
                    "value": 5125
                }
            ], 
            "genders": [
                {
                    "gender": "Male", 
                    "dispositions": [
                        {
                            "disposition": "Applications Received", 
                            "count": 0, 
                            "value": 0
                        }, 
                        {
                            "disposition": "Loans Originated", 
                            "count": 427, 
                            "value": 65655
                        }, 
                        {
                            "disposition": "Apps. Approved But Not Accepted", 
                            "count": 25, 
                            "value": 3597
                        }, 
                        {
                            "disposition": "Aplications Denied", 
                            "count": 158, 
                            "value": 23336
                        }, 
                        {
                            "disposition": "Applications Withdrawn", 
                            "count": 35, 
                            "value": 5171
                        }, 
                        {
                            "disposition": "Files Closed For Incompleteness", 
                            "count": 21, 
                            "value": 2876
                        }
                    ]
                }, 
                {
                    "gender": "Female", 
                    "dispositions": [
                        {
                            "disposition": "Applications Received", 
                            "count": 0, 
                            "value": 0
                        }, 
                        {
                            "disposition": "Loans Originated", 
                            "count": 381, 
                            "value": 51984
                        }, 
                        {
                            "disposition": "Apps. Approved But Not Accepted", 
                            "count": 21, 
                            "value": 3010
                        }, 
                        {
                            "disposition": "Aplications Denied", 
                            "count": 159, 
                            "value": 20232
                        }, 
                        {
                            "disposition": "Applications Withdrawn", 
                            "count": 61, 
                            "value": 7546
                        }, 
                        {
                            "disposition": "Files Closed For Incompleteness", 
                            "count": 14, 
                            "value": 1468
                        }
                    ]
                }, 
                {
                    "gender": "Joint (Male/Female)", 
                    "dispositions": [
                        {
                            "disposition": "Applications Received", 
                            "count": 0, 
                            "value": 0
                        }, 
                        {
                            "disposition": "Loans Originated", 
                            "count": 137, 
                            "value": 27482
                        }, 
                        {
                            "disposition": "Apps. Approved But Not Accepted", 
                            "count": 5, 
                            "value": 1139
                        }, 
                        {
                            "disposition": "Aplications Denied", 
                            "count": 52, 
                            "value": 8647
                        }, 
                        {
                            "disposition": "Applications Withdrawn", 
                            "count": 11, 
                            "value": 2080
                        }, 
                        {
                            "disposition": "Files Closed For Incompleteness", 
                            "count": 5, 
                            "value": 741
                        }
                    ]
                }
            ]
        }, 
        {
            "race": "White", 
            "dispositions": [
                {
                    "disposition": "Applications Received", 
                    "count": 40, 
                    "value": 6163
                }, 
                {
                    "disposition": "Loans Originated", 
                    "count": 0, 
                    "value": 5030
                }, 
                {
                    "disposition": "Apps. Approved But Not Accepted", 
                    "count": 0, 
                    "value": 465
                }, 
                {
                    "disposition": "Aplications Denied", 
                    "count": 0, 
                    "value": 443
                }, 
                {
                    "disposition": "Applications Withdrawn", 
                    "count": 0, 
                    "value": 129
                }, 
                {
                    "disposition": "Files Closed For Incompleteness", 
                    "count": 0, 
                    "value": 136
                }
            ], 
            "genders": [
                {
                    "gender": "Male", 
                    "dispositions": [
                        {
                            "disposition": "Applications Received", 
                            "count": 0, 
                            "value": 0
                        }, 
                        {
                            "disposition": "Loans Originated", 
                            "count": 11, 
                            "value": 1961
                        }, 
                        {
                            "disposition": "Apps. Approved But Not Accepted", 
                            "count": 2, 
                            "value": 284
                        }, 
                        {
                            "disposition": "Aplications Denied", 
                            "count": 1, 
                            "value": 130
                        }, 
                        {
                            "disposition": "Applications Withdrawn", 
                            "count": 0, 
                            "value": 0
                        }, 
                        {
                            "disposition": "Files Closed For Incompleteness", 
                            "count": 1, 
                            "value": 135
                        }
                    ]
                }, 
                {
                    "gender": "Female", 
                    "dispositions": [
                        {
                            "disposition": "Applications Received", 
                            "count": 0, 
                            "value": 0
                        }, 
                        {
                            "disposition": "Loans Originated", 
                            "count": 12, 
                            "value": 1613
                        }, 
                        {
                            "disposition": "Apps. Approved But Not Accepted", 
                            "count": 1, 
                            "value": 178
                        }, 
                        {
                            "disposition": "Aplications Denied", 
                            "count": 2, 
                            "value": 201
                        }, 
                        {
                            "disposition": "Applications Withdrawn", 
                            "count": 0, 
                            "value": 0
                        }, 
                        {
                            "disposition": "Files Closed For Incompleteness", 
                            "count": 0, 
                            "value": 0
                        }
                    ]
                }, 
                {
                    "gender": "Joint (Male/Female)", 
                    "dispositions": [
                        {
                            "disposition": "Applications Received", 
                            "count": 0, 
                            "value": 0
                        }, 
                        {
                            "disposition": "Loans Originated", 
                            "count": 8, 
                            "value": 1425
                        }, 
                        {
                            "disposition": "Apps. Approved But Not Accepted", 
                            "count": 0, 
                            "value": 0
                        }, 
                        {
                            "disposition": "Aplications Denied", 
                            "count": 1, 
                            "value": 108
                        }, 
                        {
                            "disposition": "Applications Withdrawn", 
                            "count": 1, 
                            "value": 128
                        }, 
                        {
                            "disposition": "Files Closed For Incompleteness", 
                            "count": 0, 
                            "value": 0
                        }
                    ]
                }
            ]
        }, 
        {
            "race": "2 or more minority races", 
            "dispositions": [
                {
                    "disposition": "Applications Received", 
                    "count": 7184, 
                    "value": 1203460
                }, 
                {
                    "disposition": "Loans Originated", 
                    "count": 0, 
                    "value": 858893
                }, 
                {
                    "disposition": "Apps. Approved But Not Accepted", 
                    "count": 0, 
                    "value": 46456
                }, 
                {
                    "disposition": "Aplications Denied", 
                    "count": 0, 
                    "value": 187606
                }, 
                {
                    "disposition": "Applications Withdrawn", 
                    "count": 0, 
                    "value": 97765
                }, 
                {
                    "disposition": "Files Closed For Incompleteness", 
                    "count": 0, 
                    "value": 19924
                }
            ], 
            "genders": [
                {
                    "gender": "Male", 
                    "dispositions": [
                        {
                            "disposition": "Applications Received", 
                            "count": 0, 
                            "value": 0
                        }, 
                        {
                            "disposition": "Loans Originated", 
                            "count": 2088, 
                            "value": 346699
                        }, 
                        {
                            "disposition": "Apps. Approved But Not Accepted", 
                            "count": 98, 
                            "value": 15644
                        }, 
                        {
                            "disposition": "Aplications Denied", 
                            "count": 529, 
                            "value": 85423
                        }, 
                        {
                            "disposition": "Applications Withdrawn", 
                            "count": 262, 
                            "value": 41876
                        }, 
                        {
                            "disposition": "Files Closed For Incompleteness", 
                            "count": 60, 
                            "value": 9134
                        }
                    ]
                }, 
                {
                    "gender": "Female", 
                    "dispositions": [
                        {
                            "disposition": "Applications Received", 
                            "count": 0, 
                            "value": 0
                        }, 
                        {
                            "disposition": "Loans Originated", 
                            "count": 1192, 
                            "value": 165084
                        }, 
                        {
                            "disposition": "Apps. Approved But Not Accepted", 
                            "count": 81, 
                            "value": 10651
                        }, 
                        {
                            "disposition": "Aplications Denied", 
                            "count": 290, 
                            "value": 39150
                        }, 
                        {
                            "disposition": "Applications Withdrawn", 
                            "count": 159, 
                            "value": 20263
                        }, 
                        {
                            "disposition": "Files Closed For Incompleteness", 
                            "count": 32, 
                            "value": 4280
                        }
                    ]
                }, 
                {
                    "gender": "Joint (Male/Female)", 
                    "dispositions": [
                        {
                            "disposition": "Applications Received", 
                            "count": 0, 
                            "value": 0
                        }, 
                        {
                            "disposition": "Loans Originated", 
                            "count": 1722, 
                            "value": 340706
                        }, 
                        {
                            "disposition": "Apps. Approved But Not Accepted", 
                            "count": 99, 
                            "value": 18417
                        }, 
                        {
                            "disposition": "Aplications Denied", 
                            "count": 337, 
                            "value": 60944
                        }, 
                        {
                            "disposition": "Applications Withdrawn", 
                            "count": 183, 
                            "value": 34653
                        }, 
                        {
                            "disposition": "Files Closed For Incompleteness", 
                            "count": 32, 
                            "value": 6262
                        }
                    ]
                }
            ]
        }, 
        {
            "race": "Joint (White/Minority Race", 
            "dispositions": [
                {
                    "disposition": "Applications Received", 
                    "count": 126, 
                    "value": 25041
                }, 
                {
                    "disposition": "Loans Originated", 
                    "count": 0, 
                    "value": 18901
                }, 
                {
                    "disposition": "Apps. Approved But Not Accepted", 
                    "count": 0, 
                    "value": 454
                }, 
                {
                    "disposition": "Aplications Denied", 
                    "count": 0, 
                    "value": 3480
                }, 
                {
                    "disposition": "Applications Withdrawn", 
                    "count": 0, 
                    "value": 1914
                }, 
                {
                    "disposition": "Files Closed For Incompleteness", 
                    "count": 0, 
                    "value": 418
                }
            ], 
            "genders": [
                {
                    "gender": "Male", 
                    "dispositions": [
                        {
                            "disposition": "Applications Received", 
                            "count": 0, 
                            "value": 0
                        }, 
                        {
                            "disposition": "Loans Originated", 
                            "count": 0, 
                            "value": 0
                        }, 
                        {
                            "disposition": "Apps. Approved But Not Accepted", 
                            "count": 0, 
                            "value": 0
                        }, 
                        {
                            "disposition": "Aplications Denied", 
                            "count": 0, 
                            "value": 0
                        }, 
                        {
                            "disposition": "Applications Withdrawn", 
                            "count": 0, 
                            "value": 0
                        }, 
                        {
                            "disposition": "Files Closed For Incompleteness", 
                            "count": 0, 
                            "value": 0
                        }
                    ]
                }, 
                {
                    "gender": "Female", 
                    "dispositions": [
                        {
                            "disposition": "Applications Received", 
                            "count": 0, 
                            "value": 0
                        }, 
                        {
                            "disposition": "Loans Originated", 
                            "count": 2, 
                            "value": 469
                        }, 
                        {
                            "disposition": "Apps. Approved But Not Accepted", 
                            "count": 0, 
                            "value": 0
                        }, 
                        {
                            "disposition": "Aplications Denied", 
                            "count": 0, 
                            "value": 0
                        }, 
                        {
                            "disposition": "Applications Withdrawn", 
                            "count": 0, 
                            "value": 0
                        }, 
                        {
                            "disposition": "Files Closed For Incompleteness", 
                            "count": 0, 
                            "value": 0
                        }
                    ]
                }, 
                {
                    "gender": "Joint (Male/Female)", 
                    "dispositions": [
                        {
                            "disposition": "Applications Received", 
                            "count": 0, 
                            "value": 0
                        }, 
                        {
                            "disposition": "Loans Originated", 
                            "count": 95, 
                            "value": 18335
                        }, 
                        {
                            "disposition": "Apps. Approved But Not Accepted", 
                            "count": 3, 
                            "value": 451
                        }, 
                        {
                            "disposition": "Aplications Denied", 
                            "count": 16, 
                            "value": 3464
                        }, 
                        {
                            "disposition": "Applications Withdrawn", 
                            "count": 9, 
                            "value": 1905
                        }, 
                        {
                            "disposition": "Files Closed For Incompleteness", 
                            "count": 1, 
                            "value": 417
                        }
                    ]
                }
            ]
        }, 
        {
            "race": "Not Available", 
            "dispositions": [
                {
                    "disposition": "Applications Received", 
                    "count": 824, 
                    "value": 139168
                }, 
                {
                    "disposition": "Loans Originated", 
                    "count": 0, 
                    "value": 82746
                }, 
                {
                    "disposition": "Apps. Approved But Not Accepted", 
                    "count": 0, 
                    "value": 7441
                }, 
                {
                    "disposition": "Aplications Denied", 
                    "count": 0, 
                    "value": 29820
                }, 
                {
                    "disposition": "Applications Withdrawn", 
                    "count": 0, 
                    "value": 17378
                }, 
                {
                    "disposition": "Files Closed For Incompleteness", 
                    "count": 0, 
                    "value": 2607
                }
            ], 
            "genders": [
                {
                    "gender": "Male", 
                    "dispositions": [
                        {
                            "disposition": "Applications Received", 
                            "count": 0, 
                            "value": 0
                        }, 
                        {
                            "disposition": "Loans Originated", 
                            "count": 129, 
                            "value": 19590
                        }, 
                        {
                            "disposition": "Apps. Approved But Not Accepted", 
                            "count": 10, 
                            "value": 1616
                        }, 
                        {
                            "disposition": "Aplications Denied", 
                            "count": 39, 
                            "value": 6005
                        }, 
                        {
                            "disposition": "Applications Withdrawn", 
                            "count": 26, 
                            "value": 3956
                        }, 
                        {
                            "disposition": "Files Closed For Incompleteness", 
                            "count": 4, 
                            "value": 693
                        }
                    ]
                }, 
                {
                    "gender": "Female", 
                    "dispositions": [
                        {
                            "disposition": "Applications Received", 
                            "count": 0, 
                            "value": 0
                        }, 
                        {
                            "disposition": "Loans Originated", 
                            "count": 67, 
                            "value": 9591
                        }, 
                        {
                            "disposition": "Apps. Approved But Not Accepted", 
                            "count": 3, 
                            "value": 394
                        }, 
                        {
                            "disposition": "Aplications Denied", 
                            "count": 32, 
                            "value": 3677
                        }, 
                        {
                            "disposition": "Applications Withdrawn", 
                            "count": 9, 
                            "value": 1333
                        }, 
                        {
                            "disposition": "Files Closed For Incompleteness", 
                            "count": 2, 
                            "value": 202
                        }
                    ]
                }, 
                {
                    "gender": "Joint (Male/Female)", 
                    "dispositions": [
                        {
                            "disposition": "Applications Received", 
                            "count": 0, 
                            "value": 0
                        }, 
                        {
                            "disposition": "Loans Originated", 
                            "count": 74, 
                            "value": 15759
                        }, 
                        {
                            "disposition": "Apps. Approved But Not Accepted", 
                            "count": 10, 
                            "value": 1684
                        }, 
                        {
                            "disposition": "Aplications Denied", 
                            "count": 28, 
                            "value": 4989
                        }, 
                        {
                            "disposition": "Applications Withdrawn", 
                            "count": 18, 
                            "value": 3208
                        }, 
                        {
                            "disposition": "Files Closed For Incompleteness", 
                            "count": 2, 
                            "value": 292
                        }
                    ]
                }
            ]
        }
    ], 
    "ethnicities": [
        {
            "ethnicity": "Hispanic or Latino", 
            "dispositions": [
                {
                    "disposition": "Applications Received", 
                    "count": 606, 
                    "value": 87762
                }, 
                {
                    "disposition": "Loans Originated", 
                    "count": 0, 
                    "value": 56222
                }, 
                {
                    "disposition": "Apps. Approved But Not Accepted", 
                    "count": 0, 
                    "value": 3611
                }, 
                {
                    "disposition": "Aplications Denied", 
                    "count": 0, 
                    "value": 18583
                }, 
                {
                    "disposition": "Applications Withdrawn", 
                    "count": 0, 
                    "value": 8422
                }, 
                {
                    "disposition": "Files Closed For Incompleteness", 
                    "count": 0, 
                    "value": 1530
                }
            ], 
            "genders": [
                {
                    "gender": "Male", 
                    "dispositions": [
                        {
                            "disposition": "Applications Received", 
                            "count": 0, 
                            "value": 0
                        }, 
                        {
                            "disposition": "Loans Originated", 
                            "count": 198, 
                            "value": 30799
                        }, 
                        {
                            "disposition": "Apps. Approved But Not Accepted", 
                            "count": 16, 
                            "value": 2255
                        }, 
                        {
                            "disposition": "Aplications Denied", 
                            "count": 71, 
                            "value": 10286
                        }, 
                        {
                            "disposition": "Applications Withdrawn", 
                            "count": 27, 
                            "value": 4656
                        }, 
                        {
                            "disposition": "Files Closed For Incompleteness", 
                            "count": 7, 
                            "value": 1003
                        }
                    ]
                }, 
                {
                    "gender": "Female", 
                    "dispositions": [
                        {
                            "disposition": "Applications Received", 
                            "count": 0, 
                            "value": 0
                        }, 
                        {
                            "disposition": "Loans Originated", 
                            "count": 101, 
                            "value": 12677
                        }, 
                        {
                            "disposition": "Apps. Approved But Not Accepted", 
                            "count": 7, 
                            "value": 940
                        }, 
                        {
                            "disposition": "Aplications Denied", 
                            "count": 41, 
                            "value": 4773
                        }, 
                        {
                            "disposition": "Applications Withdrawn", 
                            "count": 16, 
                            "value": 1732
                        }, 
                        {
                            "disposition": "Files Closed For Incompleteness", 
                            "count": 2, 
                            "value": 238
                        }
                    ]
                }, 
                {
                    "gender": "Joint (Male/Female)", 
                    "dispositions": [
                        {
                            "disposition": "Applications Received", 
                            "count": 0, 
                            "value": 0
                        }, 
                        {
                            "disposition": "Loans Originated", 
                            "count": 75, 
                            "value": 12125
                        }, 
                        {
                            "disposition": "Apps. Approved But Not Accepted", 
                            "count": 3, 
                            "value": 390
                        }, 
                        {
                            "disposition": "Aplications Denied", 
                            "count": 24, 
                            "value": 3388
                        }, 
                        {
                            "disposition": "Applications Withdrawn", 
                            "count": 14, 
                            "value": 1977
                        }, 
                        {
                            "disposition": "Files Closed For Incompleteness", 
                            "count": 2, 
                            "value": 278
                        }
                    ]
                }
            ]
        }, 
        {
            "ethnicity": "Not Hispanic or Latino", 
            "dispositions": [
                {
                    "disposition": "Applications Received", 
                    "count": 8411, 
                    "value": 1389027
                }, 
                {
                    "disposition": "Loans Originated", 
                    "count": 0, 
                    "value": 980925
                }, 
                {
                    "disposition": "Apps. Approved But Not Accepted", 
                    "count": 0, 
                    "value": 50423
                }, 
                {
                    "disposition": "Aplications Denied", 
                    "count": 0, 
                    "value": 230939
                }, 
                {
                    "disposition": "Applications Withdrawn", 
                    "count": 0, 
                    "value": 111080
                }, 
                {
                    "disposition": "Files Closed For Incompleteness", 
                    "count": 0, 
                    "value": 24071
                }
            ], 
            "genders": [
                {
                    "gender": "Male", 
                    "dispositions": [
                        {
                            "disposition": "Applications Received", 
                            "count": 0, 
                            "value": 0
                        }, 
                        {
                            "disposition": "Loans Originated", 
                            "count": 2450, 
                            "value": 403392
                        }, 
                        {
                            "disposition": "Apps. Approved But Not Accepted", 
                            "count": 114, 
                            "value": 17883
                        }, 
                        {
                            "disposition": "Aplications Denied", 
                            "count": 648, 
                            "value": 103154
                        }, 
                        {
                            "disposition": "Applications Withdrawn", 
                            "count": 288, 
                            "value": 45261
                        }, 
                        {
                            "disposition": "Files Closed For Incompleteness", 
                            "count": 75, 
                            "value": 11377
                        }
                    ]
                }, 
                {
                    "gender": "Female", 
                    "dispositions": [
                        {
                            "disposition": "Applications Received", 
                            "count": 0, 
                            "value": 0
                        }, 
                        {
                            "disposition": "Loans Originated", 
                            "count": 1532, 
                            "value": 212985
                        }, 
                        {
                            "disposition": "Apps. Approved But Not Accepted", 
                            "count": 96, 
                            "value": 13064
                        }, 
                        {
                            "disposition": "Aplications Denied", 
                            "count": 430, 
                            "value": 57361
                        }, 
                        {
                            "disposition": "Applications Withdrawn", 
                            "count": 212, 
                            "value": 27090
                        }, 
                        {
                            "disposition": "Files Closed For Incompleteness", 
                            "count": 46, 
                            "value": 5601
                        }
                    ]
                }, 
                {
                    "gender": "Joint (Male/Female)", 
                    "dispositions": [
                        {
                            "disposition": "Applications Received", 
                            "count": 0, 
                            "value": 0
                        }, 
                        {
                            "disposition": "Loans Originated", 
                            "count": 1801, 
                            "value": 358161
                        }, 
                        {
                            "disposition": "Apps. Approved But Not Accepted", 
                            "count": 99, 
                            "value": 19167
                        }, 
                        {
                            "disposition": "Aplications Denied", 
                            "count": 380, 
                            "value": 68762
                        }, 
                        {
                            "disposition": "Applications Withdrawn", 
                            "count": 194, 
                            "value": 37583
                        }, 
                        {
                            "disposition": "Files Closed For Incompleteness", 
                            "count": 35, 
                            "value": 6813
                        }
                    ]
                }
            ]
        }, 
        {
            "ethnicity": "Joint (Hispanic or Latino/Not Hispanic or Latino", 
            "dispositions": [
                {
                    "disposition": "Applications Received", 
                    "count": 164, 
                    "value": 32041
                }, 
                {
                    "disposition": "Loans Originated", 
                    "count": 0, 
                    "value": 25472
                }, 
                {
                    "disposition": "Apps. Approved But Not Accepted", 
                    "count": 0, 
                    "value": 778
                }, 
                {
                    "disposition": "Aplications Denied", 
                    "count": 0, 
                    "value": 3673
                }, 
                {
                    "disposition": "Applications Withdrawn", 
                    "count": 0, 
                    "value": 1486
                }, 
                {
                    "disposition": "Files Closed For Incompleteness", 
                    "count": 0, 
                    "value": 796
                }
            ], 
            "genders": [
                {
                    "gender": "Male", 
                    "dispositions": [
                        {
                            "disposition": "Applications Received", 
                            "count": 0, 
                            "value": 0
                        }, 
                        {
                            "disposition": "Loans Originated", 
                            "count": 1, 
                            "value": 180
                        }, 
                        {
                            "disposition": "Apps. Approved But Not Accepted", 
                            "count": 0, 
                            "value": 0
                        }, 
                        {
                            "disposition": "Aplications Denied", 
                            "count": 0, 
                            "value": 0
                        }, 
                        {
                            "disposition": "Applications Withdrawn", 
                            "count": 1, 
                            "value": 221
                        }, 
                        {
                            "disposition": "Files Closed For Incompleteness", 
                            "count": 0, 
                            "value": 0
                        }
                    ]
                }, 
                {
                    "gender": "Female", 
                    "dispositions": [
                        {
                            "disposition": "Applications Received", 
                            "count": 0, 
                            "value": 0
                        }, 
                        {
                            "disposition": "Loans Originated", 
                            "count": 1, 
                            "value": 248
                        }, 
                        {
                            "disposition": "Apps. Approved But Not Accepted", 
                            "count": 0, 
                            "value": 0
                        }, 
                        {
                            "disposition": "Aplications Denied", 
                            "count": 0, 
                            "value": 0
                        }, 
                        {
                            "disposition": "Applications Withdrawn", 
                            "count": 0, 
                            "value": 0
                        }, 
                        {
                            "disposition": "Files Closed For Incompleteness", 
                            "count": 0, 
                            "value": 0
                        }
                    ]
                }, 
                {
                    "gender": "Joint (Male/Female)", 
                    "dispositions": [
                        {
                            "disposition": "Applications Received", 
                            "count": 0, 
                            "value": 0
                        }, 
                        {
                            "disposition": "Loans Originated", 
                            "count": 124, 
                            "value": 24918
                        }, 
                        {
                            "disposition": "Apps. Approved But Not Accepted", 
                            "count": 5, 
                            "value": 773
                        }, 
                        {
                            "disposition": "Aplications Denied", 
                            "count": 19, 
                            "value": 3654
                        }, 
                        {
                            "disposition": "Applications Withdrawn", 
                            "count": 9, 
                            "value": 1255
                        }, 
                        {
                            "disposition": "Files Closed For Incompleteness", 
                            "count": 4, 
                            "value": 792
                        }
                    ]
                }
            ]
        }, 
        {
            "ethnicity": "Ethnicity Not Available", 
            "dispositions": [
                {
                    "disposition": "Applications Received", 
                    "count": 795, 
                    "value": 136953
                }, 
                {
                    "disposition": "Loans Originated", 
                    "count": 0, 
                    "value": 79252
                }, 
                {
                    "disposition": "Apps. Approved But Not Accepted", 
                    "count": 0, 
                    "value": 10401
                }, 
                {
                    "disposition": "Aplications Denied", 
                    "count": 0, 
                    "value": 30103
                }, 
                {
                    "disposition": "Applications Withdrawn", 
                    "count": 0, 
                    "value": 15254
                }, 
                {
                    "disposition": "Files Closed For Incompleteness", 
                    "count": 0, 
                    "value": 2738
                }
            ], 
            "genders": [
                {
                    "gender": "Male", 
                    "dispositions": [
                        {
                            "disposition": "Applications Received", 
                            "count": 0, 
                            "value": 0
                        }, 
                        {
                            "disposition": "Loans Originated", 
                            "count": 106, 
                            "value": 16235
                        }, 
                        {
                            "disposition": "Apps. Approved But Not Accepted", 
                            "count": 11, 
                            "value": 1583
                        }, 
                        {
                            "disposition": "Aplications Denied", 
                            "count": 32, 
                            "value": 4949
                        }, 
                        {
                            "disposition": "Applications Withdrawn", 
                            "count": 21, 
                            "value": 3108
                        }, 
                        {
                            "disposition": "Files Closed For Incompleteness", 
                            "count": 7, 
                            "value": 1115
                        }
                    ]
                }, 
                {
                    "gender": "Female", 
                    "dispositions": [
                        {
                            "disposition": "Applications Received", 
                            "count": 0, 
                            "value": 0
                        }, 
                        {
                            "disposition": "Loans Originated", 
                            "count": 72, 
                            "value": 10195
                        }, 
                        {
                            "disposition": "Apps. Approved But Not Accepted", 
                            "count": 6, 
                            "value": 545
                        }, 
                        {
                            "disposition": "Aplications Denied", 
                            "count": 31, 
                            "value": 4256
                        }, 
                        {
                            "disposition": "Applications Withdrawn", 
                            "count": 7, 
                            "value": 974
                        }, 
                        {
                            "disposition": "Files Closed For Incompleteness", 
                            "count": 2, 
                            "value": 202
                        }
                    ]
                }, 
                {
                    "gender": "Joint (Male/Female)", 
                    "dispositions": [
                        {
                            "disposition": "Applications Received", 
                            "count": 0, 
                            "value": 0
                        }, 
                        {
                            "disposition": "Loans Originated", 
                            "count": 66, 
                            "value": 14442
                        }, 
                        {
                            "disposition": "Apps. Approved But Not Accepted", 
                            "count": 10, 
                            "value": 1361
                        }, 
                        {
                            "disposition": "Aplications Denied", 
                            "count": 23, 
                            "value": 4247
                        }, 
                        {
                            "disposition": "Applications Withdrawn", 
                            "count": 10, 
                            "value": 2041
                        }, 
                        {
                            "disposition": "Files Closed For Incompleteness", 
                            "count": 0, 
                            "value": 0
                        }
                    ]
                }
            ]
        }
    ], 
    "minoritystatuses": [
        {
            "minoritystatus": "White Non-Hispanic", 
            "dispositions": [
                {
                    "disposition": "Applications Received", 
                    "count": 7283, 
                    "value": 1229946
                }, 
                {
                    "disposition": "Loans Originated", 
                    "count": 5010, 
                    "value": 861104
                }, 
                {
                    "disposition": "Apps. Approved But Not Accepted", 
                    "count": 298, 
                    "value": 49192
                }, 
                {
                    "disposition": "Aplications Denied", 
                    "count": 1201, 
                    "value": 194571
                }, 
                {
                    "disposition": "Applications Withdrawn", 
                    "count": 646, 
                    "value": 105076
                }, 
                {
                    "disposition": "Files Closed For Incompleteness", 
                    "count": 128, 
                    "value": 20003
                }
            ], 
            "genders": [
                {
                    "gender": "Male", 
                    "dispositions": [
                        {
                            "disposition": "Applications Received", 
                            "count": 0, 
                            "value": 0
                        }, 
                        {
                            "disposition": "Loans Originated", 
                            "count": 2025, 
                            "value": 336240
                        }, 
                        {
                            "disposition": "Apps. Approved But Not Accepted", 
                            "count": 94, 
                            "value": 15277
                        }, 
                        {
                            "disposition": "Aplications Denied", 
                            "count": 496, 
                            "value": 81185
                        }, 
                        {
                            "disposition": "Applications Withdrawn", 
                            "count": 262, 
                            "value": 41267
                        }, 
                        {
                            "disposition": "Files Closed For Incompleteness", 
                            "count": 58, 
                            "value": 8961
                        }
                    ]
                }, 
                {
                    "gender": "Female", 
                    "dispositions": [
                        {
                            "disposition": "Applications Received", 
                            "count": 0, 
                            "value": 0
                        }, 
                        {
                            "disposition": "Loans Originated", 
                            "count": 1168, 
                            "value": 162969
                        }, 
                        {
                            "disposition": "Apps. Approved But Not Accepted", 
                            "count": 75, 
                            "value": 9815
                        }, 
                        {
                            "disposition": "Aplications Denied", 
                            "count": 282, 
                            "value": 38119
                        }, 
                        {
                            "disposition": "Applications Withdrawn", 
                            "count": 152, 
                            "value": 19864
                        }, 
                        {
                            "disposition": "Files Closed For Incompleteness", 
                            "count": 32, 
                            "value": 4244
                        }
                    ]
                }, 
                {
                    "gender": "Joint (Male/Female)", 
                    "dispositions": [
                        {
                            "disposition": "Applications Received", 
                            "count": 0, 
                            "value": 0
                        }, 
                        {
                            "disposition": "Loans Originated", 
                            "count": 1619, 
                            "value": 323402
                        }, 
                        {
                            "disposition": "Apps. Approved But Not Accepted", 
                            "count": 101, 
                            "value": 18938
                        }, 
                        {
                            "disposition": "Aplications Denied", 
                            "count": 324, 
                            "value": 59383
                        }, 
                        {
                            "disposition": "Applications Withdrawn", 
                            "count": 179, 
                            "value": 34801
                        }, 
                        {
                            "disposition": "Files Closed For Incompleteness", 
                            "count": 28, 
                            "value": 5484
                        }
                    ]
                }
            ]
        }, 
        {
            "minoritystatus": "Others, Including Hispanic", 
            "dispositions": [
                {
                    "disposition": "Applications Received", 
                    "count": 2693, 
                    "value": 415837
                }, 
                {
                    "disposition": "Loans Originated", 
                    "count": 1718, 
                    "value": 274039
                }, 
                {
                    "disposition": "Apps. Approved But Not Accepted", 
                    "count": 104, 
                    "value": 15619
                }, 
                {
                    "disposition": "Aplications Denied", 
                    "count": 600, 
                    "value": 86926
                }, 
                {
                    "disposition": "Applications Withdrawn", 
                    "count": 208, 
                    "value": 30312
                }, 
                {
                    "disposition": "Files Closed For Incompleteness", 
                    "count": 63, 
                    "value": 8941
                }
            ], 
            "genders": [
                {
                    "gender": "Male", 
                    "dispositions": [
                        {
                            "disposition": "Applications Received", 
                            "count": 0, 
                            "value": 0
                        }, 
                        {
                            "disposition": "Loans Originated", 
                            "count": 730, 
                            "value": 114366
                        }, 
                        {
                            "disposition": "Apps. Approved But Not Accepted", 
                            "count": 47, 
                            "value": 6444
                        }, 
                        {
                            "disposition": "Aplications Denied", 
                            "count": 255, 
                            "value": 37204
                        }, 
                        {
                            "disposition": "Applications Withdrawn", 
                            "count": 75, 
                            "value": 11979
                        }, 
                        {
                            "disposition": "Files Closed For Incompleteness", 
                            "count": 31, 
                            "value": 4534
                        }
                    ]
                }, 
                {
                    "gender": "Female", 
                    "dispositions": [
                        {
                            "disposition": "Applications Received", 
                            "count": 0, 
                            "value": 0
                        }, 
                        {
                            "disposition": "Loans Originated", 
                            "count": 538, 
                            "value": 73136
                        }, 
                        {
                            "disposition": "Apps. Approved But Not Accepted", 
                            "count": 34, 
                            "value": 4734
                        }, 
                        {
                            "disposition": "Aplications Denied", 
                            "count": 220, 
                            "value": 28271
                        }, 
                        {
                            "disposition": "Applications Withdrawn", 
                            "count": 83, 
                            "value": 9932
                        }, 
                        {
                            "disposition": "Files Closed For Incompleteness", 
                            "count": 18, 
                            "value": 1797
                        }
                    ]
                }, 
                {
                    "gender": "Joint (Male/Female)", 
                    "dispositions": [
                        {
                            "disposition": "Applications Received", 
                            "count": 0, 
                            "value": 0
                        }, 
                        {
                            "disposition": "Loans Originated", 
                            "count": 447, 
                            "value": 86244
                        }, 
                        {
                            "disposition": "Apps. Approved But Not Accepted", 
                            "count": 16, 
                            "value": 2753
                        }, 
                        {
                            "disposition": "Aplications Denied", 
                            "count": 122, 
                            "value": 20668
                        }, 
                        {
                            "disposition": "Applications Withdrawn", 
                            "count": 48, 
                            "value": 8055
                        }, 
                        {
                            "disposition": "Files Closed For Incompleteness", 
                            "count": 13, 
                            "value": 2399
                        }
                    ]
                }
            ]
        }
    ], 
    "incomes": [
        {
            "incomes": "Less than 50% of MSA/MD median", 
            "dispositions": [
                {
                    "disposition": "Applications Received", 
                    "count": 1534, 
                    "value": 140176
                }, 
                {
                    "disposition": "Loans Originated", 
                    "count": 872, 
                    "value": 77380
                }, 
                {
                    "disposition": "Apps. Approved But Not Accepted", 
                    "count": 58, 
                    "value": 4843
                }, 
                {
                    "disposition": "Aplications Denied", 
                    "count": 414, 
                    "value": 41220
                }, 
                {
                    "disposition": "Applications Withdrawn", 
                    "count": 154, 
                    "value": 13448
                }, 
                {
                    "disposition": "Files Closed For Incompleteness", 
                    "count": 36, 
                    "value": 3285
                }
            ]
        }, 
        {
            "incomes": "50-79% of MSA/MD median", 
            "dispositions": [
                {
                    "disposition": "Applications Received", 
                    "count": 3078, 
                    "value": 407096
                }, 
                {
                    "disposition": "Loans Originated", 
                    "count": 2095, 
                    "value": 278052
                }, 
                {
                    "disposition": "Apps. Approved But Not Accepted", 
                    "count": 124, 
                    "value": 16541
                }, 
                {
                    "disposition": "Aplications Denied", 
                    "count": 545, 
                    "value": 72810
                }, 
                {
                    "disposition": "Applications Withdrawn", 
                    "count": 254, 
                    "value": 31809
                }, 
                {
                    "disposition": "Files Closed For Incompleteness", 
                    "count": 60, 
                    "value": 7884
                }
            ]
        }, 
        {
            "incomes": "80-99% of MSA/MD median", 
            "dispositions": [
                {
                    "disposition": "Applications Received", 
                    "count": 1666, 
                    "value": 276424
                }, 
                {
                    "disposition": "Loans Originated", 
                    "count": 1175, 
                    "value": 196384
                }, 
                {
                    "disposition": "Apps. Approved But Not Accepted", 
                    "count": 73, 
                    "value": 10963
                }, 
                {
                    "disposition": "Aplications Denied", 
                    "count": 253, 
                    "value": 43306
                }, 
                {
                    "disposition": "Applications Withdrawn", 
                    "count": 138, 
                    "value": 21929
                }, 
                {
                    "disposition": "Files Closed For Incompleteness", 
                    "count": 27, 
                    "value": 3842
                }
            ]
        }, 
        {
            "incomes": "100-119% of MSA/MD median", 
            "dispositions": [
                {
                    "disposition": "Applications Received", 
                    "count": 1165, 
                    "value": 215263
                }, 
                {
                    "disposition": "Loans Originated", 
                    "count": 802, 
                    "value": 151123
                }, 
                {
                    "disposition": "Apps. Approved But Not Accepted", 
                    "count": 51, 
                    "value": 9119
                }, 
                {
                    "disposition": "Aplications Denied", 
                    "count": 200, 
                    "value": 34979
                }, 
                {
                    "disposition": "Applications Withdrawn", 
                    "count": 87, 
                    "value": 15759
                }, 
                {
                    "disposition": "Files Closed For Incompleteness", 
                    "count": 25, 
                    "value": 4283
                }
            ]
        }, 
        {
            "incomes": "120% or more of MSA/MD median", 
            "dispositions": [
                {
                    "disposition": "Applications Received", 
                    "count": 2402, 
                    "value": 585092
                }, 
                {
                    "disposition": "Loans Originated", 
                    "count": 1712, 
                    "value": 419693
                }, 
                {
                    "disposition": "Apps. Approved But Not Accepted", 
                    "count": 95, 
                    "value": 23237
                }, 
                {
                    "disposition": "Aplications Denied", 
                    "count": 345, 
                    "value": 82385
                }, 
                {
                    "disposition": "Applications Withdrawn", 
                    "count": 209, 
                    "value": 50477
                }, 
                {
                    "disposition": "Files Closed For Incompleteness", 
                    "count": 41, 
                    "value": 9300
                }
            ]
        }, 
        {
            "incomes": "income not available", 
            "dispositions": [
                {
                    "disposition": "Applications Received", 
                    "count": 130, 
                    "value": 21580
                }, 
                {
                    "disposition": "Loans Originated", 
                    "count": 72, 
                    "value": 12511
                }, 
                {
                    "disposition": "Apps. Approved But Not Accepted", 
                    "count": 1, 
                    "value": 108
                }, 
                {
                    "disposition": "Aplications Denied", 
                    "count": 43, 
                    "value": 6645
                }, 
                {
                    "disposition": "Applications Withdrawn", 
                    "count": 12, 
                    "value": 1966
                }, 
                {
                    "disposition": "Files Closed For Incompleteness", 
                    "count": 2, 
                    "value": 350
                }
            ]
        }
    ], 
    "total": [
        {
            "disposition": "Applications Received", 
            "count": 0, 
            "value": 0
        }, 
        {
            "disposition": "Loans Originated", 
            "count": 6728, 
            "value": 1135143
        }, 
        {
            "disposition": "Apps. Approved But Not Accepted", 
            "count": 402, 
            "value": 64811
        }, 
        {
            "disposition": "Aplications Denied", 
            "count": 1801, 
            "value": 281497
        }, 
        {
            "disposition": "Applications Withdrawn", 
            "count": 854, 
            "value": 135388
        }, 
        {
            "disposition": "Files Closed For Incompleteness", 
            "count": 191, 
            "value": 28944
        }
    ]
}