{
    "table": "3-1", 
    "type": "Aggregate", 
    "desc": "Loans sold, by characteristics of borrower and census tract in which property is located and by type of purchaser (includes originations and purchased loans),", 
    "year": "2012", 
    "msa": {
        "id": "34940", 
        "name": "Naples-Marco-Island", 
        "state": "FL", 
        "state_name": "Florida"
    }, 
    "borrowercharacteristics": [
        {
            "characteristic": "Race", 
            "races": [
                {
                    "race": "American Indian/Alaska Native", 
                    "purchasers": [
                        {
                            "name": "Fannie Mae", 
                            "count": 4, 
                            "value": 633.0
                        }, 
                        {
                            "name": "Ginnie Mae", 
                            "count": 4, 
                            "value": 796.0
                        }, 
                        {
                            "name": "Freddie Mac", 
                            "count": 4, 
                            "value": 879.0
                        }, 
                        {
                            "name": "Farmer Mac", 
                            "count": 0, 
                            "value": 0
                        }, 
                        {
                            "name": "Private Securitization", 
                            "count": 0, 
                            "value": 0
                        }, 
                        {
                            "name": "Commercial bank, savings bank or association", 
                            "count": 4, 
                            "value": 729.0
                        }, 
                        {
                            "name": "Life insurance co., credit union, finance co.", 
                            "count": 0, 
                            "value": 0
                        }, 
                        {
                            "name": "Affiliate institution", 
                            "count": 0, 
                            "value": 0
                        }, 
                        {
                            "name": "Other", 
                            "count": 14, 
                            "value": 2092.0
                        }
                    ]
                }, 
                {
                    "race": "Asian", 
                    "purchasers": [
                        {
                            "name": "Fannie Mae", 
                            "count": 1, 
                            "value": 94.0
                        }, 
                        {
                            "name": "Ginnie Mae", 
                            "count": 6, 
                            "value": 1679.0
                        }, 
                        {
                            "name": "Freddie Mac", 
                            "count": 1, 
                            "value": 198.0
                        }, 
                        {
                            "name": "Farmer Mac", 
                            "count": 0, 
                            "value": 0
                        }, 
                        {
                            "name": "Private Securitization", 
                            "count": 0, 
                            "value": 0
                        }, 
                        {
                            "name": "Commercial bank, savings bank or association", 
                            "count": 1, 
                            "value": 332.0
                        }, 
                        {
                            "name": "Life insurance co., credit union, finance co.", 
                            "count": 0, 
                            "value": 0
                        }, 
                        {
                            "name": "Affiliate institution", 
                            "count": 0, 
                            "value": 0
                        }, 
                        {
                            "name": "Other", 
                            "count": 13, 
                            "value": 2808.0
                        }
                    ]
                }, 
                {
                    "race": "Black or African American", 
                    "purchasers": [
                        {
                            "name": "Fannie Mae", 
                            "count": 42, 
                            "value": 8923.0
                        }, 
                        {
                            "name": "Ginnie Mae", 
                            "count": 5, 
                            "value": 1132.0
                        }, 
                        {
                            "name": "Freddie Mac", 
                            "count": 15, 
                            "value": 3885.0
                        }, 
                        {
                            "name": "Farmer Mac", 
                            "count": 0, 
                            "value": 0
                        }, 
                        {
                            "name": "Private Securitization", 
                            "count": 1, 
                            "value": 331.0
                        }, 
                        {
                            "name": "Commercial bank, savings bank or association", 
                            "count": 11, 
                            "value": 3612.0
                        }, 
                        {
                            "name": "Life insurance co., credit union, finance co.", 
                            "count": 6, 
                            "value": 988.0
                        }, 
                        {
                            "name": "Affiliate institution", 
                            "count": 3, 
                            "value": 699.0
                        }, 
                        {
                            "name": "Other", 
                            "count": 128, 
                            "value": 43183.0
                        }
                    ]
                }, 
                {
                    "race": "Native Hawaiian or Other Pacific Islander", 
                    "purchasers": [
                        {
                            "name": "Fannie Mae", 
                            "count": 23, 
                            "value": 4912.0
                        }, 
                        {
                            "name": "Ginnie Mae", 
                            "count": 40, 
                            "value": 5914.0
                        }, 
                        {
                            "name": "Freddie Mac", 
                            "count": 13, 
                            "value": 2988.0
                        }, 
                        {
                            "name": "Farmer Mac", 
                            "count": 0, 
                            "value": 0
                        }, 
                        {
                            "name": "Private Securitization", 
                            "count": 1, 
                            "value": 216.0
                        }, 
                        {
                            "name": "Commercial bank, savings bank or association", 
                            "count": 10, 
                            "value": 1295.0
                        }, 
                        {
                            "name": "Life insurance co., credit union, finance co.", 
                            "count": 11, 
                            "value": 1506.0
                        }, 
                        {
                            "name": "Affiliate institution", 
                            "count": 3, 
                            "value": 392.0
                        }, 
                        {
                            "name": "Other", 
                            "count": 179, 
                            "value": 28532.0
                        }
                    ]
                }, 
                {
                    "race": "White", 
                    "purchasers": [
                        {
                            "name": "Fannie Mae", 
                            "count": 6, 
                            "value": 1205.0
                        }, 
                        {
                            "name": "Ginnie Mae", 
                            "count": 0, 
                            "value": 0
                        }, 
                        {
                            "name": "Freddie Mac", 
                            "count": 0, 
                            "value": 0
                        }, 
                        {
                            "name": "Farmer Mac", 
                            "count": 0, 
                            "value": 0
                        }, 
                        {
                            "name": "Private Securitization", 
                            "count": 0, 
                            "value": 0
                        }, 
                        {
                            "name": "Commercial bank, savings bank or association", 
                            "count": 1, 
                            "value": 81.0
                        }, 
                        {
                            "name": "Life insurance co., credit union, finance co.", 
                            "count": 0, 
                            "value": 0
                        }, 
                        {
                            "name": "Affiliate institution", 
                            "count": 0, 
                            "value": 0
                        }, 
                        {
                            "name": "Other", 
                            "count": 7, 
                            "value": 1349.0
                        }
                    ]
                }, 
                {
                    "race": "2 or more minority races", 
                    "purchasers": [
                        {
                            "name": "Fannie Mae", 
                            "count": 3269, 
                            "value": 709612.0
                        }, 
                        {
                            "name": "Ginnie Mae", 
                            "count": 892, 
                            "value": 172479.0
                        }, 
                        {
                            "name": "Freddie Mac", 
                            "count": 1778, 
                            "value": 391751.0
                        }, 
                        {
                            "name": "Farmer Mac", 
                            "count": 2, 
                            "value": 243.0
                        }, 
                        {
                            "name": "Private Securitization", 
                            "count": 90, 
                            "value": 20887.0
                        }, 
                        {
                            "name": "Commercial bank, savings bank or association", 
                            "count": 860, 
                            "value": 202897.0
                        }, 
                        {
                            "name": "Life insurance co., credit union, finance co.", 
                            "count": 264, 
                            "value": 60490.0
                        }, 
                        {
                            "name": "Affiliate institution", 
                            "count": 336, 
                            "value": 73816.0
                        }, 
                        {
                            "name": "Other", 
                            "count": 8564, 
                            "value": 2683014.0
                        }
                    ]
                }, 
                {
                    "race": "Joint (White/Minority Race", 
                    "purchasers": [
                        {
                            "name": "Fannie Mae", 
                            "count": 22, 
                            "value": 5103.0
                        }, 
                        {
                            "name": "Ginnie Mae", 
                            "count": 6, 
                            "value": 1272.0
                        }, 
                        {
                            "name": "Freddie Mac", 
                            "count": 10, 
                            "value": 2098.0
                        }, 
                        {
                            "name": "Farmer Mac", 
                            "count": 0, 
                            "value": 0
                        }, 
                        {
                            "name": "Private Securitization", 
                            "count": 0, 
                            "value": 0
                        }, 
                        {
                            "name": "Commercial bank, savings bank or association", 
                            "count": 9, 
                            "value": 2253.0
                        }, 
                        {
                            "name": "Life insurance co., credit union, finance co.", 
                            "count": 6, 
                            "value": 1919.0
                        }, 
                        {
                            "name": "Affiliate institution", 
                            "count": 4, 
                            "value": 838.0
                        }, 
                        {
                            "name": "Other", 
                            "count": 64, 
                            "value": 23644.0
                        }
                    ]
                }, 
                {
                    "race": "Not Available", 
                    "purchasers": [
                        {
                            "name": "Fannie Mae", 
                            "count": 809, 
                            "value": 242242.0
                        }, 
                        {
                            "name": "Ginnie Mae", 
                            "count": 162, 
                            "value": 29969.0
                        }, 
                        {
                            "name": "Freddie Mac", 
                            "count": 493, 
                            "value": 108493.0
                        }, 
                        {
                            "name": "Farmer Mac", 
                            "count": 0, 
                            "value": 0
                        }, 
                        {
                            "name": "Private Securitization", 
                            "count": 28, 
                            "value": 7452.0
                        }, 
                        {
                            "name": "Commercial bank, savings bank or association", 
                            "count": 131, 
                            "value": 36972.0
                        }, 
                        {
                            "name": "Life insurance co., credit union, finance co.", 
                            "count": 23, 
                            "value": 8833.0
                        }, 
                        {
                            "name": "Affiliate institution", 
                            "count": 118, 
                            "value": 33021.0
                        }, 
                        {
                            "name": "Other", 
                            "count": 1949, 
                            "value": 627112.0
                        }
                    ]
                }
            ]
        }, 
        {
            "characteristic": "Ethnicity", 
            "ethnicities": [
                {
                    "ethnicity": "Hispanic or Latino", 
                    "purchasers": [
                        {
                            "name": "Fannie Mae", 
                            "count": 149, 
                            "value": 23117
                        }, 
                        {
                            "name": "Ginnie Mae", 
                            "count": 283, 
                            "value": 38103
                        }, 
                        {
                            "name": "Freddie Mac", 
                            "count": 92, 
                            "value": 16148
                        }, 
                        {
                            "name": "Farmer Mac", 
                            "count": 2, 
                            "value": 243
                        }, 
                        {
                            "name": "Private Securitization", 
                            "count": 4, 
                            "value": 566
                        }, 
                        {
                            "name": "Commercial bank, savings bank or association", 
                            "count": 64, 
                            "value": 9442
                        }, 
                        {
                            "name": "Life insurance co., credit union, finance co.", 
                            "count": 43, 
                            "value": 5148
                        }, 
                        {
                            "name": "Affiliate institution", 
                            "count": 23, 
                            "value": 4228
                        }, 
                        {
                            "name": "Other", 
                            "count": 796, 
                            "value": 109802
                        }
                    ]
                }, 
                {
                    "ethnicity": "Not Hispanic or Latino", 
                    "purchasers": [
                        {
                            "name": "Fannie Mae", 
                            "count": 3172, 
                            "value": 698355
                        }, 
                        {
                            "name": "Ginnie Mae", 
                            "count": 652, 
                            "value": 141408
                        }, 
                        {
                            "name": "Freddie Mac", 
                            "count": 1704, 
                            "value": 379914
                        }, 
                        {
                            "name": "Farmer Mac", 
                            "count": 0, 
                            "value": 0
                        }, 
                        {
                            "name": "Private Securitization", 
                            "count": 85, 
                            "value": 20545
                        }, 
                        {
                            "name": "Commercial bank, savings bank or association", 
                            "count": 823, 
                            "value": 199474
                        }, 
                        {
                            "name": "Life insurance co., credit union, finance co.", 
                            "count": 241, 
                            "value": 58611
                        }, 
                        {
                            "name": "Affiliate institution", 
                            "count": 308, 
                            "value": 69357
                        }, 
                        {
                            "name": "Other", 
                            "count": 8043, 
                            "value": 2659956
                        }
                    ]
                }, 
                {
                    "ethnicity": "Joint (Hispanic or Latino/Not Hispanic or Latino", 
                    "purchasers": [
                        {
                            "name": "Fannie Mae", 
                            "count": 64, 
                            "value": 12764
                        }, 
                        {
                            "name": "Ginnie Mae", 
                            "count": 25, 
                            "value": 5316
                        }, 
                        {
                            "name": "Freddie Mac", 
                            "count": 47, 
                            "value": 10708
                        }, 
                        {
                            "name": "Farmer Mac", 
                            "count": 0, 
                            "value": 0
                        }, 
                        {
                            "name": "Private Securitization", 
                            "count": 0, 
                            "value": 0
                        }, 
                        {
                            "name": "Commercial bank, savings bank or association", 
                            "count": 24, 
                            "value": 5715
                        }, 
                        {
                            "name": "Life insurance co., credit union, finance co.", 
                            "count": 8, 
                            "value": 1896
                        }, 
                        {
                            "name": "Affiliate institution", 
                            "count": 4, 
                            "value": 960
                        }, 
                        {
                            "name": "Other", 
                            "count": 146, 
                            "value": 32074
                        }
                    ]
                }, 
                {
                    "ethnicity": "Ethnicity Not Available", 
                    "purchasers": [
                        {
                            "name": "Fannie Mae", 
                            "count": 791, 
                            "value": 238488
                        }, 
                        {
                            "name": "Ginnie Mae", 
                            "count": 155, 
                            "value": 28414
                        }, 
                        {
                            "name": "Freddie Mac", 
                            "count": 471, 
                            "value": 103522
                        }, 
                        {
                            "name": "Farmer Mac", 
                            "count": 0, 
                            "value": 0
                        }, 
                        {
                            "name": "Private Securitization", 
                            "count": 31, 
                            "value": 7775
                        }, 
                        {
                            "name": "Commercial bank, savings bank or association", 
                            "count": 116, 
                            "value": 33540
                        }, 
                        {
                            "name": "Life insurance co., credit union, finance co.", 
                            "count": 18, 
                            "value": 8081
                        }, 
                        {
                            "name": "Affiliate institution", 
                            "count": 129, 
                            "value": 34221
                        }, 
                        {
                            "name": "Other", 
                            "count": 1933, 
                            "value": 609902
                        }
                    ]
                }
            ]
        }, 
        {
            "characteristic": "Minority Status", 
            "minoritystatuses": [
                {
                    "minoritystatus": "White Non-Hispanic", 
                    "purchasers": [
                        {
                            "name": "Fannie Mae", 
                            "count": 3870, 
                            "value": 916997
                        }, 
                        {
                            "name": "Ginnie Mae", 
                            "count": 750, 
                            "value": 159824
                        }, 
                        {
                            "name": "Freddie Mac", 
                            "count": 2136, 
                            "value": 474489
                        }, 
                        {
                            "name": "Farmer Mac", 
                            "count": 0, 
                            "value": 0
                        }, 
                        {
                            "name": "Private Securitization", 
                            "count": 114, 
                            "value": 27773
                        }, 
                        {
                            "name": "Commercial bank, savings bank or association", 
                            "count": 907, 
                            "value": 225618
                        }, 
                        {
                            "name": "Life insurance co., credit union, finance co.", 
                            "count": 236, 
                            "value": 61917
                        }, 
                        {
                            "name": "Affiliate institution", 
                            "count": 427, 
                            "value": 101649
                        }, 
                        {
                            "name": "Other", 
                            "count": 9597, 
                            "value": 3170038
                        }
                    ]
                }, 
                {
                    "minoritystatus": "Others, Including Hispanic", 
                    "purchasers": [
                        {
                            "name": "Fannie Mae", 
                            "count": 306, 
                            "value": 55727
                        }, 
                        {
                            "name": "Ginnie Mae", 
                            "count": 365, 
                            "value": 53417
                        }, 
                        {
                            "name": "Freddie Mac", 
                            "count": 178, 
                            "value": 35803
                        }, 
                        {
                            "name": "Farmer Mac", 
                            "count": 2, 
                            "value": 243
                        }, 
                        {
                            "name": "Private Securitization", 
                            "count": 6, 
                            "value": 1113
                        }, 
                        {
                            "name": "Commercial bank, savings bank or association", 
                            "count": 120, 
                            "value": 22553
                        }, 
                        {
                            "name": "Life insurance co., credit union, finance co.", 
                            "count": 74, 
                            "value": 11819
                        }, 
                        {
                            "name": "Affiliate institution", 
                            "count": 37, 
                            "value": 7117
                        }, 
                        {
                            "name": "Other", 
                            "count": 1321, 
                            "value": 241696
                        }
                    ]
                }
            ]
        }, 
        {
            "characteristic": "Applicant Income", 
            "applicantincomes": [
                {
                    "applicantincome": "Less than 50% of MSA/MD median", 
                    "purchasers": [
                        {
                            "name": "Fannie Mae", 
                            "count": 250, 
                            "value": 34708
                        }, 
                        {
                            "name": "Ginnie Mae", 
                            "count": 214, 
                            "value": 24071
                        }, 
                        {
                            "name": "Freddie Mac", 
                            "count": 144, 
                            "value": 19829
                        }, 
                        {
                            "name": "Farmer Mac", 
                            "count": 1, 
                            "value": 101
                        }, 
                        {
                            "name": "Private Securitization", 
                            "count": 3, 
                            "value": 354
                        }, 
                        {
                            "name": "Commercial bank, savings bank or association", 
                            "count": 67, 
                            "value": 8100
                        }, 
                        {
                            "name": "Life insurance co., credit union, finance co.", 
                            "count": 42, 
                            "value": 4538
                        }, 
                        {
                            "name": "Affiliate institution", 
                            "count": 31, 
                            "value": 3683
                        }, 
                        {
                            "name": "Other", 
                            "count": 1057, 
                            "value": 120635
                        }
                    ]
                }, 
                {
                    "applicantincome": "50-79% of MSA/MD median", 
                    "purchasers": [
                        {
                            "name": "Fannie Mae", 
                            "count": 455, 
                            "value": 68075
                        }, 
                        {
                            "name": "Ginnie Mae", 
                            "count": 265, 
                            "value": 39049
                        }, 
                        {
                            "name": "Freddie Mac", 
                            "count": 288, 
                            "value": 46408
                        }, 
                        {
                            "name": "Farmer Mac", 
                            "count": 0, 
                            "value": 0
                        }, 
                        {
                            "name": "Private Securitization", 
                            "count": 11, 
                            "value": 1534
                        }, 
                        {
                            "name": "Commercial bank, savings bank or association", 
                            "count": 160, 
                            "value": 23280
                        }, 
                        {
                            "name": "Life insurance co., credit union, finance co.", 
                            "count": 59, 
                            "value": 8642
                        }, 
                        {
                            "name": "Affiliate institution", 
                            "count": 68, 
                            "value": 10904
                        }, 
                        {
                            "name": "Other", 
                            "count": 1482, 
                            "value": 205687
                        }
                    ]
                }, 
                {
                    "applicantincome": "80-99% of MSA/MD median", 
                    "purchasers": [
                        {
                            "name": "Fannie Mae", 
                            "count": 385, 
                            "value": 69856
                        }, 
                        {
                            "name": "Ginnie Mae", 
                            "count": 108, 
                            "value": 20680
                        }, 
                        {
                            "name": "Freddie Mac", 
                            "count": 194, 
                            "value": 33496
                        }, 
                        {
                            "name": "Farmer Mac", 
                            "count": 1, 
                            "value": 142
                        }, 
                        {
                            "name": "Private Securitization", 
                            "count": 10, 
                            "value": 1258
                        }, 
                        {
                            "name": "Commercial bank, savings bank or association", 
                            "count": 68, 
                            "value": 12866
                        }, 
                        {
                            "name": "Life insurance co., credit union, finance co.", 
                            "count": 29, 
                            "value": 5043
                        }, 
                        {
                            "name": "Affiliate institution", 
                            "count": 45, 
                            "value": 7958
                        }, 
                        {
                            "name": "Other", 
                            "count": 845, 
                            "value": 144508
                        }
                    ]
                }, 
                {
                    "applicantincome": "100-119% of MSA/MD median", 
                    "purchasers": [
                        {
                            "name": "Fannie Mae", 
                            "count": 336, 
                            "value": 64042
                        }, 
                        {
                            "name": "Ginnie Mae", 
                            "count": 89, 
                            "value": 19558
                        }, 
                        {
                            "name": "Freddie Mac", 
                            "count": 208, 
                            "value": 41607
                        }, 
                        {
                            "name": "Farmer Mac", 
                            "count": 0, 
                            "value": 0
                        }, 
                        {
                            "name": "Private Securitization", 
                            "count": 14, 
                            "value": 2342
                        }, 
                        {
                            "name": "Commercial bank, savings bank or association", 
                            "count": 94, 
                            "value": 19278
                        }, 
                        {
                            "name": "Life insurance co., credit union, finance co.", 
                            "count": 21, 
                            "value": 4517
                        }, 
                        {
                            "name": "Affiliate institution", 
                            "count": 39, 
                            "value": 7974
                        }, 
                        {
                            "name": "Other", 
                            "count": 810, 
                            "value": 155036
                        }
                    ]
                }, 
                {
                    "applicantincome": "120% or more of MSA/MD median", 
                    "purchasers": [
                        {
                            "name": "Fannie Mae", 
                            "count": 2485, 
                            "value": 613250
                        }, 
                        {
                            "name": "Ginnie Mae", 
                            "count": 189, 
                            "value": 58026
                        }, 
                        {
                            "name": "Freddie Mac", 
                            "count": 1269, 
                            "value": 319470
                        }, 
                        {
                            "name": "Farmer Mac", 
                            "count": 0, 
                            "value": 0
                        }, 
                        {
                            "name": "Private Securitization", 
                            "count": 82, 
                            "value": 23398
                        }, 
                        {
                            "name": "Commercial bank, savings bank or association", 
                            "count": 590, 
                            "value": 174326
                        }, 
                        {
                            "name": "Life insurance co., credit union, finance co.", 
                            "count": 148, 
                            "value": 47810
                        }, 
                        {
                            "name": "Affiliate institution", 
                            "count": 276, 
                            "value": 76387
                        }, 
                        {
                            "name": "Other", 
                            "count": 5802, 
                            "value": 2537081
                        }
                    ]
                }, 
                {
                    "applicantincome": "income not available", 
                    "purchasers": [
                        {
                            "name": "Fannie Mae", 
                            "count": 265, 
                            "value": 122793
                        }, 
                        {
                            "name": "Ginnie Mae", 
                            "count": 250, 
                            "value": 51857
                        }, 
                        {
                            "name": "Freddie Mac", 
                            "count": 211, 
                            "value": 49482
                        }, 
                        {
                            "name": "Farmer Mac", 
                            "count": 0, 
                            "value": 0
                        }, 
                        {
                            "name": "Private Securitization", 
                            "count": 0, 
                            "value": 0
                        }, 
                        {
                            "name": "Commercial bank, savings bank or association", 
                            "count": 48, 
                            "value": 10321
                        }, 
                        {
                            "name": "Life insurance co., credit union, finance co.", 
                            "count": 11, 
                            "value": 3186
                        }, 
                        {
                            "name": "Affiliate institution", 
                            "count": 5, 
                            "value": 1860
                        }, 
                        {
                            "name": "Other", 
                            "count": 922, 
                            "value": 248787
                        }
                    ]
                }
            ]
        }
    ], 
    "censuscharacteristics": [
        {
            "characteristic": "Racial/Ethnic Composition", 
            "tractpctminorities": [
                {
                    "tractpctminority": "Less than 10% minority", 
                    "purchasers": [
                        {
                            "name": "Fannie Mae", 
                            "count": 1023, 
                            "value": 263010
                        }, 
                        {
                            "name": "Ginnie Mae", 
                            "count": 57, 
                            "value": 16488
                        }, 
                        {
                            "name": "Freddie Mac", 
                            "count": 530, 
                            "value": 129812
                        }, 
                        {
                            "name": "Farmer Mac", 
                            "count": 0, 
                            "value": 0
                        }, 
                        {
                            "name": "Private Securitization", 
                            "count": 45, 
                            "value": 12613
                        }, 
                        {
                            "name": "Commercial bank, savings bank or association", 
                            "count": 223, 
                            "value": 71370
                        }, 
                        {
                            "name": "Life insurance co., credit union, finance co.", 
                            "count": 50, 
                            "value": 19546
                        }, 
                        {
                            "name": "Affiliate institution", 
                            "count": 99, 
                            "value": 29352
                        }, 
                        {
                            "name": "Other", 
                            "count": 3010, 
                            "value": 1691499
                        }
                    ]
                }, 
                {
                    "tractpctminority": "10-19% minority", 
                    "purchasers": [
                        {
                            "name": "Fannie Mae", 
                            "count": 2940, 
                            "value": 663604
                        }, 
                        {
                            "name": "Ginnie Mae", 
                            "count": 896, 
                            "value": 177150
                        }, 
                        {
                            "name": "Freddie Mac", 
                            "count": 1666, 
                            "value": 355025
                        }, 
                        {
                            "name": "Farmer Mac", 
                            "count": 2, 
                            "value": 243
                        }, 
                        {
                            "name": "Private Securitization", 
                            "count": 71, 
                            "value": 14945
                        }, 
                        {
                            "name": "Commercial bank, savings bank or association", 
                            "count": 726, 
                            "value": 161863
                        }, 
                        {
                            "name": "Life insurance co., credit union, finance co.", 
                            "count": 237, 
                            "value": 51114
                        }, 
                        {
                            "name": "Affiliate institution", 
                            "count": 336, 
                            "value": 73738
                        }, 
                        {
                            "name": "Other", 
                            "count": 7027, 
                            "value": 1595186
                        }
                    ]
                }, 
                {
                    "tractpctminority": "20-49% minority", 
                    "purchasers": [
                        {
                            "name": "Fannie Mae", 
                            "count": 189, 
                            "value": 41971
                        }, 
                        {
                            "name": "Ginnie Mae", 
                            "count": 119, 
                            "value": 14659
                        }, 
                        {
                            "name": "Freddie Mac", 
                            "count": 107, 
                            "value": 23708
                        }, 
                        {
                            "name": "Farmer Mac", 
                            "count": 0, 
                            "value": 0
                        }, 
                        {
                            "name": "Private Securitization", 
                            "count": 4, 
                            "value": 1328
                        }, 
                        {
                            "name": "Commercial bank, savings bank or association", 
                            "count": 65, 
                            "value": 13766
                        }, 
                        {
                            "name": "Life insurance co., credit union, finance co.", 
                            "count": 15, 
                            "value": 2207
                        }, 
                        {
                            "name": "Affiliate institution", 
                            "count": 24, 
                            "value": 4519
                        }, 
                        {
                            "name": "Other", 
                            "count": 608, 
                            "value": 97978
                        }
                    ]
                }, 
                {
                    "tractpctminority": "50-79% minority", 
                    "purchasers": [
                        {
                            "name": "Fannie Mae", 
                            "count": 24, 
                            "value": 4139
                        }, 
                        {
                            "name": "Ginnie Mae", 
                            "count": 43, 
                            "value": 4944
                        }, 
                        {
                            "name": "Freddie Mac", 
                            "count": 11, 
                            "value": 1747
                        }, 
                        {
                            "name": "Farmer Mac", 
                            "count": 0, 
                            "value": 0
                        }, 
                        {
                            "name": "Private Securitization", 
                            "count": 0, 
                            "value": 0
                        }, 
                        {
                            "name": "Commercial bank, savings bank or association", 
                            "count": 13, 
                            "value": 1172
                        }, 
                        {
                            "name": "Life insurance co., credit union, finance co.", 
                            "count": 8, 
                            "value": 869
                        }, 
                        {
                            "name": "Affiliate institution", 
                            "count": 5, 
                            "value": 1157
                        }, 
                        {
                            "name": "Other", 
                            "count": 273, 
                            "value": 27071
                        }
                    ]
                }, 
                {
                    "tractpctminority": "80-100% minority", 
                    "purchasers": [
                        {
                            "name": "Fannie Mae", 
                            "count": 0, 
                            "value": 0
                        }, 
                        {
                            "name": "Ginnie Mae", 
                            "count": 0, 
                            "value": 0
                        }, 
                        {
                            "name": "Freddie Mac", 
                            "count": 0, 
                            "value": 0
                        }, 
                        {
                            "name": "Farmer Mac", 
                            "count": 0, 
                            "value": 0
                        }, 
                        {
                            "name": "Private Securitization", 
                            "count": 0, 
                            "value": 0
                        }, 
                        {
                            "name": "Commercial bank, savings bank or association", 
                            "count": 0, 
                            "value": 0
                        }, 
                        {
                            "name": "Life insurance co., credit union, finance co.", 
                            "count": 0, 
                            "value": 0
                        }, 
                        {
                            "name": "Affiliate institution", 
                            "count": 0, 
                            "value": 0
                        }, 
                        {
                            "name": "Other", 
                            "count": 0, 
                            "value": 0
                        }
                    ]
                }
            ]
        }, 
        {
            "characteristic": "Income", 
            "incomelevels": [
                {
                    "incomelevel": "Low income", 
                    "purchasers": [
                        {
                            "name": "Fannie Mae", 
                            "count": 22, 
                            "value": 3640
                        }, 
                        {
                            "name": "Ginnie Mae", 
                            "count": 42, 
                            "value": 4872
                        }, 
                        {
                            "name": "Freddie Mac", 
                            "count": 11, 
                            "value": 1747
                        }, 
                        {
                            "name": "Farmer Mac", 
                            "count": 0, 
                            "value": 0
                        }, 
                        {
                            "name": "Private Securitization", 
                            "count": 0, 
                            "value": 0
                        }, 
                        {
                            "name": "Commercial bank, savings bank or association", 
                            "count": 13, 
                            "value": 1172
                        }, 
                        {
                            "name": "Life insurance co., credit union, finance co.", 
                            "count": 7, 
                            "value": 803
                        }, 
                        {
                            "name": "Affiliate institution", 
                            "count": 4, 
                            "value": 740
                        }, 
                        {
                            "name": "Other", 
                            "count": 238, 
                            "value": 22833
                        }
                    ]
                }, 
                {
                    "incomelevel": "Moderate income", 
                    "purchasers": [
                        {
                            "name": "Fannie Mae", 
                            "count": 460, 
                            "value": 95985
                        }, 
                        {
                            "name": "Ginnie Mae", 
                            "count": 172, 
                            "value": 24303
                        }, 
                        {
                            "name": "Freddie Mac", 
                            "count": 270, 
                            "value": 53342
                        }, 
                        {
                            "name": "Farmer Mac", 
                            "count": 0, 
                            "value": 0
                        }, 
                        {
                            "name": "Private Securitization", 
                            "count": 7, 
                            "value": 1766
                        }, 
                        {
                            "name": "Commercial bank, savings bank or association", 
                            "count": 130, 
                            "value": 24583
                        }, 
                        {
                            "name": "Life insurance co., credit union, finance co.", 
                            "count": 36, 
                            "value": 5941
                        }, 
                        {
                            "name": "Affiliate institution", 
                            "count": 57, 
                            "value": 10837
                        }, 
                        {
                            "name": "Other", 
                            "count": 1362, 
                            "value": 222537
                        }
                    ]
                }, 
                {
                    "incomelevel": "Middle income", 
                    "purchasers": [
                        {
                            "name": "Fannie Mae", 
                            "count": 2108, 
                            "value": 427414
                        }, 
                        {
                            "name": "Ginnie Mae", 
                            "count": 694, 
                            "value": 123800
                        }, 
                        {
                            "name": "Freddie Mac", 
                            "count": 1181, 
                            "value": 245158
                        }, 
                        {
                            "name": "Farmer Mac", 
                            "count": 2, 
                            "value": 243
                        }, 
                        {
                            "name": "Private Securitization", 
                            "count": 52, 
                            "value": 10521
                        }, 
                        {
                            "name": "Commercial bank, savings bank or association", 
                            "count": 484, 
                            "value": 102660
                        }, 
                        {
                            "name": "Life insurance co., credit union, finance co.", 
                            "count": 169, 
                            "value": 35232
                        }, 
                        {
                            "name": "Affiliate institution", 
                            "count": 223, 
                            "value": 48531
                        }, 
                        {
                            "name": "Other", 
                            "count": 4998, 
                            "value": 1105232
                        }
                    ]
                }, 
                {
                    "incomelevel": "Upper income", 
                    "purchasers": [
                        {
                            "name": "Fannie Mae", 
                            "count": 1586, 
                            "value": 445685
                        }, 
                        {
                            "name": "Ginnie Mae", 
                            "count": 207, 
                            "value": 60266
                        }, 
                        {
                            "name": "Freddie Mac", 
                            "count": 852, 
                            "value": 210045
                        }, 
                        {
                            "name": "Farmer Mac", 
                            "count": 0, 
                            "value": 0
                        }, 
                        {
                            "name": "Private Securitization", 
                            "count": 61, 
                            "value": 16599
                        }, 
                        {
                            "name": "Commercial bank, savings bank or association", 
                            "count": 400, 
                            "value": 119756
                        }, 
                        {
                            "name": "Life insurance co., credit union, finance co.", 
                            "count": 98, 
                            "value": 31760
                        }, 
                        {
                            "name": "Affiliate institution", 
                            "count": 180, 
                            "value": 48658
                        }, 
                        {
                            "name": "Other", 
                            "count": 4320, 
                            "value": 2061132
                        }
                    ]
                }
            ]
        }
    ], 
    "total": {
        "purchasers": [
            {
                "name": "Fannie Mae", 
                "count": 4176, 
                "value": 972724
            }, 
            {
                "name": "Ginnie Mae", 
                "count": 1115, 
                "value": 213241
            }, 
            {
                "name": "Freddie Mac", 
                "count": 2314, 
                "value": 510292
            }, 
            {
                "name": "Farmer Mac", 
                "count": 2, 
                "value": 243
            }, 
            {
                "name": "Private Securitization", 
                "count": 120, 
                "value": 28886
            }, 
            {
                "name": "Commercial bank, savings bank or association", 
                "count": 1027, 
                "value": 248171
            }, 
            {
                "name": "Life insurance co., credit union, finance co.", 
                "count": 310, 
                "value": 73736
            }, 
            {
                "name": "Affiliate institution", 
                "count": 464, 
                "value": 108766
            }, 
            {
                "name": "Other", 
                "count": 10918, 
                "value": 3411734
            }
        ]
    }
}