{
    "table": "3-1", 
    "type": "Aggregate", 
    "desc": "Loans sold, by characteristics of borrower and census tract in which property is located and by type of purchaser (includes originations and purchased loans)", 
    "year": "2013", 
    "msa": {
        "id": "27860", 
        "name": "Jonesboro", 
        "state": "AR", 
        "state_name": "Arkansas"
    }, 
    "borrowercharacteristics": [
        {
            "characteristic": "Race", 
            "races": [
                {
                    "race": "American Indian/Alaska Native", 
                    "purchasers": [
                        {
                            "name": "Fannie Mae", 
                            "count": 1, 
                            "value": 332.0
                        }, 
                        {
                            "name": "Ginnie Mae", 
                            "count": 1, 
                            "value": 258.0
                        }, 
                        {
                            "name": "Freddie Mac", 
                            "count": 1, 
                            "value": 266.0
                        }, 
                        {
                            "name": "Farmer Mac", 
                            "count": 0, 
                            "value": 0
                        }, 
                        {
                            "name": "Private Securitization", 
                            "count": 0, 
                            "value": 0
                        }, 
                        {
                            "name": "Commercial bank, savings bank or association", 
                            "count": 0, 
                            "value": 0
                        }, 
                        {
                            "name": "Life insurance co., credit union, finance co.", 
                            "count": 0, 
                            "value": 0
                        }, 
                        {
                            "name": "Affiliate institution", 
                            "count": 0, 
                            "value": 0
                        }, 
                        {
                            "name": "Other", 
                            "count": 4, 
                            "value": 340.0
                        }
                    ]
                }, 
                {
                    "race": "Asian", 
                    "purchasers": [
                        {
                            "name": "Fannie Mae", 
                            "count": 3, 
                            "value": 242.0
                        }, 
                        {
                            "name": "Ginnie Mae", 
                            "count": 0, 
                            "value": 0
                        }, 
                        {
                            "name": "Freddie Mac", 
                            "count": 0, 
                            "value": 0
                        }, 
                        {
                            "name": "Farmer Mac", 
                            "count": 0, 
                            "value": 0
                        }, 
                        {
                            "name": "Private Securitization", 
                            "count": 0, 
                            "value": 0
                        }, 
                        {
                            "name": "Commercial bank, savings bank or association", 
                            "count": 0, 
                            "value": 0
                        }, 
                        {
                            "name": "Life insurance co., credit union, finance co.", 
                            "count": 0, 
                            "value": 0
                        }, 
                        {
                            "name": "Affiliate institution", 
                            "count": 0, 
                            "value": 0
                        }, 
                        {
                            "name": "Other", 
                            "count": 8, 
                            "value": 1274.0
                        }
                    ]
                }, 
                {
                    "race": "Black or African American", 
                    "purchasers": [
                        {
                            "name": "Fannie Mae", 
                            "count": 4, 
                            "value": 641.0
                        }, 
                        {
                            "name": "Ginnie Mae", 
                            "count": 3, 
                            "value": 393.0
                        }, 
                        {
                            "name": "Freddie Mac", 
                            "count": 4, 
                            "value": 263.0
                        }, 
                        {
                            "name": "Farmer Mac", 
                            "count": 0, 
                            "value": 0
                        }, 
                        {
                            "name": "Private Securitization", 
                            "count": 0, 
                            "value": 0
                        }, 
                        {
                            "name": "Commercial bank, savings bank or association", 
                            "count": 7, 
                            "value": 1195.0
                        }, 
                        {
                            "name": "Life insurance co., credit union, finance co.", 
                            "count": 2, 
                            "value": 263.0
                        }, 
                        {
                            "name": "Affiliate institution", 
                            "count": 1, 
                            "value": 67.0
                        }, 
                        {
                            "name": "Other", 
                            "count": 24, 
                            "value": 4567.0
                        }
                    ]
                }, 
                {
                    "race": "Native Hawaiian or Other Pacific Islander", 
                    "purchasers": [
                        {
                            "name": "Fannie Mae", 
                            "count": 8, 
                            "value": 1360.0
                        }, 
                        {
                            "name": "Ginnie Mae", 
                            "count": 29, 
                            "value": 3554.0
                        }, 
                        {
                            "name": "Freddie Mac", 
                            "count": 4, 
                            "value": 252.0
                        }, 
                        {
                            "name": "Farmer Mac", 
                            "count": 0, 
                            "value": 0
                        }, 
                        {
                            "name": "Private Securitization", 
                            "count": 0, 
                            "value": 0
                        }, 
                        {
                            "name": "Commercial bank, savings bank or association", 
                            "count": 21, 
                            "value": 2991.0
                        }, 
                        {
                            "name": "Life insurance co., credit union, finance co.", 
                            "count": 14, 
                            "value": 1287.0
                        }, 
                        {
                            "name": "Affiliate institution", 
                            "count": 4, 
                            "value": 436.0
                        }, 
                        {
                            "name": "Other", 
                            "count": 153, 
                            "value": 12689.0
                        }
                    ]
                }, 
                {
                    "race": "White", 
                    "purchasers": [
                        {
                            "name": "Fannie Mae", 
                            "count": 0, 
                            "value": 0
                        }, 
                        {
                            "name": "Ginnie Mae", 
                            "count": 0, 
                            "value": 0
                        }, 
                        {
                            "name": "Freddie Mac", 
                            "count": 0, 
                            "value": 0
                        }, 
                        {
                            "name": "Farmer Mac", 
                            "count": 0, 
                            "value": 0
                        }, 
                        {
                            "name": "Private Securitization", 
                            "count": 0, 
                            "value": 0
                        }, 
                        {
                            "name": "Commercial bank, savings bank or association", 
                            "count": 0, 
                            "value": 0
                        }, 
                        {
                            "name": "Life insurance co., credit union, finance co.", 
                            "count": 0, 
                            "value": 0
                        }, 
                        {
                            "name": "Affiliate institution", 
                            "count": 0, 
                            "value": 0
                        }, 
                        {
                            "name": "Other", 
                            "count": 2, 
                            "value": 330.0
                        }
                    ]
                }, 
                {
                    "race": "2 or more minority races", 
                    "purchasers": [
                        {
                            "name": "Fannie Mae", 
                            "count": 515, 
                            "value": 73372.0
                        }, 
                        {
                            "name": "Ginnie Mae", 
                            "count": 502, 
                            "value": 61590.0
                        }, 
                        {
                            "name": "Freddie Mac", 
                            "count": 249, 
                            "value": 34317.0
                        }, 
                        {
                            "name": "Farmer Mac", 
                            "count": 0, 
                            "value": 0
                        }, 
                        {
                            "name": "Private Securitization", 
                            "count": 3, 
                            "value": 529.0
                        }, 
                        {
                            "name": "Commercial bank, savings bank or association", 
                            "count": 530, 
                            "value": 78619.0
                        }, 
                        {
                            "name": "Life insurance co., credit union, finance co.", 
                            "count": 437, 
                            "value": 67315.0
                        }, 
                        {
                            "name": "Affiliate institution", 
                            "count": 42, 
                            "value": 3794.0
                        }, 
                        {
                            "name": "Other", 
                            "count": 2848, 
                            "value": 304469.0
                        }
                    ]
                }, 
                {
                    "race": "Joint (White/Minority Race", 
                    "purchasers": [
                        {
                            "name": "Fannie Mae", 
                            "count": 8, 
                            "value": 1257.0
                        }, 
                        {
                            "name": "Ginnie Mae", 
                            "count": 7, 
                            "value": 1049.0
                        }, 
                        {
                            "name": "Freddie Mac", 
                            "count": 2, 
                            "value": 378.0
                        }, 
                        {
                            "name": "Farmer Mac", 
                            "count": 0, 
                            "value": 0
                        }, 
                        {
                            "name": "Private Securitization", 
                            "count": 0, 
                            "value": 0
                        }, 
                        {
                            "name": "Commercial bank, savings bank or association", 
                            "count": 9, 
                            "value": 1468.0
                        }, 
                        {
                            "name": "Life insurance co., credit union, finance co.", 
                            "count": 4, 
                            "value": 719.0
                        }, 
                        {
                            "name": "Affiliate institution", 
                            "count": 0, 
                            "value": 0
                        }, 
                        {
                            "name": "Other", 
                            "count": 18, 
                            "value": 2150.0
                        }
                    ]
                }, 
                {
                    "race": "Not Available", 
                    "purchasers": [
                        {
                            "name": "Fannie Mae", 
                            "count": 163, 
                            "value": 24619.0
                        }, 
                        {
                            "name": "Ginnie Mae", 
                            "count": 209, 
                            "value": 245755.0
                        }, 
                        {
                            "name": "Freddie Mac", 
                            "count": 238, 
                            "value": 38742.0
                        }, 
                        {
                            "name": "Farmer Mac", 
                            "count": 0, 
                            "value": 0
                        }, 
                        {
                            "name": "Private Securitization", 
                            "count": 2, 
                            "value": 312.0
                        }, 
                        {
                            "name": "Commercial bank, savings bank or association", 
                            "count": 9, 
                            "value": 1037.0
                        }, 
                        {
                            "name": "Life insurance co., credit union, finance co.", 
                            "count": 9, 
                            "value": 1205.0
                        }, 
                        {
                            "name": "Affiliate institution", 
                            "count": 7, 
                            "value": 726.0
                        }, 
                        {
                            "name": "Other", 
                            "count": 619, 
                            "value": 122557.0
                        }
                    ]
                }
            ]
        }, 
        {
            "characteristic": "Ethnicity", 
            "ethnicities": [
                {
                    "ethnicity": "Hispanic or Latino", 
                    "purchasers": [
                        {
                            "name": "Fannie Mae", 
                            "count": 3, 
                            "value": 445
                        }, 
                        {
                            "name": "Ginnie Mae", 
                            "count": 6, 
                            "value": 909
                        }, 
                        {
                            "name": "Freddie Mac", 
                            "count": 1, 
                            "value": 80
                        }, 
                        {
                            "name": "Farmer Mac", 
                            "count": 0, 
                            "value": 0
                        }, 
                        {
                            "name": "Private Securitization", 
                            "count": 0, 
                            "value": 0
                        }, 
                        {
                            "name": "Commercial bank, savings bank or association", 
                            "count": 3, 
                            "value": 417
                        }, 
                        {
                            "name": "Life insurance co., credit union, finance co.", 
                            "count": 2, 
                            "value": 292
                        }, 
                        {
                            "name": "Affiliate institution", 
                            "count": 1, 
                            "value": 42
                        }, 
                        {
                            "name": "Other", 
                            "count": 60, 
                            "value": 4261
                        }
                    ]
                }, 
                {
                    "ethnicity": "Not Hispanic or Latino", 
                    "purchasers": [
                        {
                            "name": "Fannie Mae", 
                            "count": 526, 
                            "value": 75533
                        }, 
                        {
                            "name": "Ginnie Mae", 
                            "count": 533, 
                            "value": 65563
                        }, 
                        {
                            "name": "Freddie Mac", 
                            "count": 254, 
                            "value": 34660
                        }, 
                        {
                            "name": "Farmer Mac", 
                            "count": 0, 
                            "value": 0
                        }, 
                        {
                            "name": "Private Securitization", 
                            "count": 3, 
                            "value": 529
                        }, 
                        {
                            "name": "Commercial bank, savings bank or association", 
                            "count": 560, 
                            "value": 82978
                        }, 
                        {
                            "name": "Life insurance co., credit union, finance co.", 
                            "count": 453, 
                            "value": 68968
                        }, 
                        {
                            "name": "Affiliate institution", 
                            "count": 45, 
                            "value": 4090
                        }, 
                        {
                            "name": "Other", 
                            "count": 2890, 
                            "value": 317016
                        }
                    ]
                }, 
                {
                    "ethnicity": "Joint (Hispanic or Latino/Not Hispanic or Latino", 
                    "purchasers": [
                        {
                            "name": "Fannie Mae", 
                            "count": 4, 
                            "value": 473
                        }, 
                        {
                            "name": "Ginnie Mae", 
                            "count": 3, 
                            "value": 474
                        }, 
                        {
                            "name": "Freddie Mac", 
                            "count": 3, 
                            "value": 390
                        }, 
                        {
                            "name": "Farmer Mac", 
                            "count": 0, 
                            "value": 0
                        }, 
                        {
                            "name": "Private Securitization", 
                            "count": 0, 
                            "value": 0
                        }, 
                        {
                            "name": "Commercial bank, savings bank or association", 
                            "count": 3, 
                            "value": 512
                        }, 
                        {
                            "name": "Life insurance co., credit union, finance co.", 
                            "count": 0, 
                            "value": 0
                        }, 
                        {
                            "name": "Affiliate institution", 
                            "count": 0, 
                            "value": 0
                        }, 
                        {
                            "name": "Other", 
                            "count": 20, 
                            "value": 3097
                        }
                    ]
                }, 
                {
                    "ethnicity": "Ethnicity Not Available", 
                    "purchasers": [
                        {
                            "name": "Fannie Mae", 
                            "count": 169, 
                            "value": 25372
                        }, 
                        {
                            "name": "Ginnie Mae", 
                            "count": 209, 
                            "value": 245653
                        }, 
                        {
                            "name": "Freddie Mac", 
                            "count": 240, 
                            "value": 39088
                        }, 
                        {
                            "name": "Farmer Mac", 
                            "count": 0, 
                            "value": 0
                        }, 
                        {
                            "name": "Private Securitization", 
                            "count": 2, 
                            "value": 312
                        }, 
                        {
                            "name": "Commercial bank, savings bank or association", 
                            "count": 10, 
                            "value": 1403
                        }, 
                        {
                            "name": "Life insurance co., credit union, finance co.", 
                            "count": 11, 
                            "value": 1529
                        }, 
                        {
                            "name": "Affiliate institution", 
                            "count": 8, 
                            "value": 891
                        }, 
                        {
                            "name": "Other", 
                            "count": 706, 
                            "value": 124002
                        }
                    ]
                }
            ]
        }, 
        {
            "characteristic": "Minority Status", 
            "minoritystatuses": [
                {
                    "minoritystatus": "White Non-Hispanic", 
                    "purchasers": [
                        {
                            "name": "Fannie Mae", 
                            "count": 673, 
                            "value": 97603
                        }, 
                        {
                            "name": "Ginnie Mae", 
                            "count": 703, 
                            "value": 306220
                        }, 
                        {
                            "name": "Freddie Mac", 
                            "count": 483, 
                            "value": 72589
                        }, 
                        {
                            "name": "Farmer Mac", 
                            "count": 0, 
                            "value": 0
                        }, 
                        {
                            "name": "Private Securitization", 
                            "count": 5, 
                            "value": 841
                        }, 
                        {
                            "name": "Commercial bank, savings bank or association", 
                            "count": 534, 
                            "value": 78790
                        }, 
                        {
                            "name": "Life insurance co., credit union, finance co.", 
                            "count": 444, 
                            "value": 68228
                        }, 
                        {
                            "name": "Affiliate institution", 
                            "count": 48, 
                            "value": 4478
                        }, 
                        {
                            "name": "Other", 
                            "count": 3395, 
                            "value": 420336
                        }
                    ]
                }, 
                {
                    "minoritystatus": "Others, Including Hispanic", 
                    "purchasers": [
                        {
                            "name": "Fannie Mae", 
                            "count": 29, 
                            "value": 4220
                        }, 
                        {
                            "name": "Ginnie Mae", 
                            "count": 48, 
                            "value": 6379
                        }, 
                        {
                            "name": "Freddie Mac", 
                            "count": 15, 
                            "value": 1629
                        }, 
                        {
                            "name": "Farmer Mac", 
                            "count": 0, 
                            "value": 0
                        }, 
                        {
                            "name": "Private Securitization", 
                            "count": 0, 
                            "value": 0
                        }, 
                        {
                            "name": "Commercial bank, savings bank or association", 
                            "count": 42, 
                            "value": 6520
                        }, 
                        {
                            "name": "Life insurance co., credit union, finance co.", 
                            "count": 22, 
                            "value": 2561
                        }, 
                        {
                            "name": "Affiliate institution", 
                            "count": 6, 
                            "value": 545
                        }, 
                        {
                            "name": "Other", 
                            "count": 281, 
                            "value": 28040
                        }
                    ]
                }
            ]
        }, 
        {
            "characteristic": "Applicant Income", 
            "applicantincomes": [
                {
                    "applicantincome": "Less than 50% of MSA/MD median", 
                    "purchasers": [
                        {
                            "name": "Fannie Mae", 
                            "count": 27, 
                            "value": 1651
                        }, 
                        {
                            "name": "Ginnie Mae", 
                            "count": 18, 
                            "value": 1314
                        }, 
                        {
                            "name": "Freddie Mac", 
                            "count": 14, 
                            "value": 820
                        }, 
                        {
                            "name": "Farmer Mac", 
                            "count": 0, 
                            "value": 0
                        }, 
                        {
                            "name": "Private Securitization", 
                            "count": 0, 
                            "value": 0
                        }, 
                        {
                            "name": "Commercial bank, savings bank or association", 
                            "count": 15, 
                            "value": 1072
                        }, 
                        {
                            "name": "Life insurance co., credit union, finance co.", 
                            "count": 12, 
                            "value": 749
                        }, 
                        {
                            "name": "Affiliate institution", 
                            "count": 6, 
                            "value": 304
                        }, 
                        {
                            "name": "Other", 
                            "count": 287, 
                            "value": 13595
                        }
                    ]
                }, 
                {
                    "applicantincome": "50-79% of MSA/MD median", 
                    "purchasers": [
                        {
                            "name": "Fannie Mae", 
                            "count": 66, 
                            "value": 5550
                        }, 
                        {
                            "name": "Ginnie Mae", 
                            "count": 115, 
                            "value": 10773
                        }, 
                        {
                            "name": "Freddie Mac", 
                            "count": 28, 
                            "value": 2388
                        }, 
                        {
                            "name": "Farmer Mac", 
                            "count": 0, 
                            "value": 0
                        }, 
                        {
                            "name": "Private Securitization", 
                            "count": 0, 
                            "value": 0
                        }, 
                        {
                            "name": "Commercial bank, savings bank or association", 
                            "count": 103, 
                            "value": 10118
                        }, 
                        {
                            "name": "Life insurance co., credit union, finance co.", 
                            "count": 78, 
                            "value": 6730
                        }, 
                        {
                            "name": "Affiliate institution", 
                            "count": 5, 
                            "value": 351
                        }, 
                        {
                            "name": "Other", 
                            "count": 543, 
                            "value": 34425
                        }
                    ]
                }, 
                {
                    "applicantincome": "80-99% of MSA/MD median", 
                    "purchasers": [
                        {
                            "name": "Fannie Mae", 
                            "count": 70, 
                            "value": 6988
                        }, 
                        {
                            "name": "Ginnie Mae", 
                            "count": 65, 
                            "value": 6947
                        }, 
                        {
                            "name": "Freddie Mac", 
                            "count": 28, 
                            "value": 2487
                        }, 
                        {
                            "name": "Farmer Mac", 
                            "count": 0, 
                            "value": 0
                        }, 
                        {
                            "name": "Private Securitization", 
                            "count": 0, 
                            "value": 0
                        }, 
                        {
                            "name": "Commercial bank, savings bank or association", 
                            "count": 67, 
                            "value": 7431
                        }, 
                        {
                            "name": "Life insurance co., credit union, finance co.", 
                            "count": 52, 
                            "value": 5930
                        }, 
                        {
                            "name": "Affiliate institution", 
                            "count": 5, 
                            "value": 358
                        }, 
                        {
                            "name": "Other", 
                            "count": 350, 
                            "value": 26495
                        }
                    ]
                }, 
                {
                    "applicantincome": "100-119% of MSA/MD median", 
                    "purchasers": [
                        {
                            "name": "Fannie Mae", 
                            "count": 60, 
                            "value": 6893
                        }, 
                        {
                            "name": "Ginnie Mae", 
                            "count": 75, 
                            "value": 9424
                        }, 
                        {
                            "name": "Freddie Mac", 
                            "count": 22, 
                            "value": 2562
                        }, 
                        {
                            "name": "Farmer Mac", 
                            "count": 0, 
                            "value": 0
                        }, 
                        {
                            "name": "Private Securitization", 
                            "count": 1, 
                            "value": 180
                        }, 
                        {
                            "name": "Commercial bank, savings bank or association", 
                            "count": 78, 
                            "value": 9918
                        }, 
                        {
                            "name": "Life insurance co., credit union, finance co.", 
                            "count": 56, 
                            "value": 6757
                        }, 
                        {
                            "name": "Affiliate institution", 
                            "count": 6, 
                            "value": 597
                        }, 
                        {
                            "name": "Other", 
                            "count": 297, 
                            "value": 24565
                        }
                    ]
                }, 
                {
                    "applicantincome": "120% or more of MSA/MD median", 
                    "purchasers": [
                        {
                            "name": "Fannie Mae", 
                            "count": 368, 
                            "value": 61227
                        }, 
                        {
                            "name": "Ginnie Mae", 
                            "count": 165, 
                            "value": 27037
                        }, 
                        {
                            "name": "Freddie Mac", 
                            "count": 197, 
                            "value": 31072
                        }, 
                        {
                            "name": "Farmer Mac", 
                            "count": 0, 
                            "value": 0
                        }, 
                        {
                            "name": "Private Securitization", 
                            "count": 4, 
                            "value": 661
                        }, 
                        {
                            "name": "Commercial bank, savings bank or association", 
                            "count": 300, 
                            "value": 55394
                        }, 
                        {
                            "name": "Life insurance co., credit union, finance co.", 
                            "count": 263, 
                            "value": 49703
                        }, 
                        {
                            "name": "Affiliate institution", 
                            "count": 32, 
                            "value": 3413
                        }, 
                        {
                            "name": "Other", 
                            "count": 1581, 
                            "value": 224261
                        }
                    ]
                }, 
                {
                    "applicantincome": "income not available", 
                    "purchasers": [
                        {
                            "name": "Fannie Mae", 
                            "count": 111, 
                            "value": 19514
                        }, 
                        {
                            "name": "Ginnie Mae", 
                            "count": 313, 
                            "value": 257104
                        }, 
                        {
                            "name": "Freddie Mac", 
                            "count": 209, 
                            "value": 34889
                        }, 
                        {
                            "name": "Farmer Mac", 
                            "count": 0, 
                            "value": 0
                        }, 
                        {
                            "name": "Private Securitization", 
                            "count": 0, 
                            "value": 0
                        }, 
                        {
                            "name": "Commercial bank, savings bank or association", 
                            "count": 13, 
                            "value": 1377
                        }, 
                        {
                            "name": "Life insurance co., credit union, finance co.", 
                            "count": 5, 
                            "value": 920
                        }, 
                        {
                            "name": "Affiliate institution", 
                            "count": 0, 
                            "value": 0
                        }, 
                        {
                            "name": "Other", 
                            "count": 616, 
                            "value": 124981
                        }
                    ]
                }
            ]
        }
    ], 
    "censuscharacteristics": [
        {
            "characteristic": "Racial/Ethnic Composition", 
            "tractpctminorities": [
                {
                    "tractpctminority": "Less than 10% minority", 
                    "purchasers": [
                        {
                            "name": "Fannie Mae", 
                            "count": 348, 
                            "value": 54200
                        }, 
                        {
                            "name": "Ginnie Mae", 
                            "count": 384, 
                            "value": 114601
                        }, 
                        {
                            "name": "Freddie Mac", 
                            "count": 236, 
                            "value": 37610
                        }, 
                        {
                            "name": "Farmer Mac", 
                            "count": 0, 
                            "value": 0
                        }, 
                        {
                            "name": "Private Securitization", 
                            "count": 3, 
                            "value": 467
                        }, 
                        {
                            "name": "Commercial bank, savings bank or association", 
                            "count": 307, 
                            "value": 48857
                        }, 
                        {
                            "name": "Life insurance co., credit union, finance co.", 
                            "count": 229, 
                            "value": 36197
                        }, 
                        {
                            "name": "Affiliate institution", 
                            "count": 19, 
                            "value": 1806
                        }, 
                        {
                            "name": "Other", 
                            "count": 1737, 
                            "value": 204957
                        }
                    ]
                }, 
                {
                    "tractpctminority": "10-19% minority", 
                    "purchasers": [
                        {
                            "name": "Fannie Mae", 
                            "count": 351, 
                            "value": 47385
                        }, 
                        {
                            "name": "Ginnie Mae", 
                            "count": 366, 
                            "value": 197835
                        }, 
                        {
                            "name": "Freddie Mac", 
                            "count": 262, 
                            "value": 36608
                        }, 
                        {
                            "name": "Farmer Mac", 
                            "count": 0, 
                            "value": 0
                        }, 
                        {
                            "name": "Private Securitization", 
                            "count": 2, 
                            "value": 374
                        }, 
                        {
                            "name": "Commercial bank, savings bank or association", 
                            "count": 269, 
                            "value": 36453
                        }, 
                        {
                            "name": "Life insurance co., credit union, finance co.", 
                            "count": 236, 
                            "value": 34559
                        }, 
                        {
                            "name": "Affiliate institution", 
                            "count": 35, 
                            "value": 3217
                        }, 
                        {
                            "name": "Other", 
                            "count": 1895, 
                            "value": 233753
                        }
                    ]
                }, 
                {
                    "tractpctminority": "20-49% minority", 
                    "purchasers": [
                        {
                            "name": "Fannie Mae", 
                            "count": 3, 
                            "value": 238
                        }, 
                        {
                            "name": "Ginnie Mae", 
                            "count": 1, 
                            "value": 163
                        }, 
                        {
                            "name": "Freddie Mac", 
                            "count": 0, 
                            "value": 0
                        }, 
                        {
                            "name": "Farmer Mac", 
                            "count": 0, 
                            "value": 0
                        }, 
                        {
                            "name": "Private Securitization", 
                            "count": 0, 
                            "value": 0
                        }, 
                        {
                            "name": "Commercial bank, savings bank or association", 
                            "count": 0, 
                            "value": 0
                        }, 
                        {
                            "name": "Life insurance co., credit union, finance co.", 
                            "count": 1, 
                            "value": 33
                        }, 
                        {
                            "name": "Affiliate institution", 
                            "count": 0, 
                            "value": 0
                        }, 
                        {
                            "name": "Other", 
                            "count": 42, 
                            "value": 9612
                        }
                    ]
                }, 
                {
                    "tractpctminority": "50-79% minority", 
                    "purchasers": [
                        {
                            "name": "Fannie Mae", 
                            "count": 0, 
                            "value": 0
                        }, 
                        {
                            "name": "Ginnie Mae", 
                            "count": 0, 
                            "value": 0
                        }, 
                        {
                            "name": "Freddie Mac", 
                            "count": 0, 
                            "value": 0
                        }, 
                        {
                            "name": "Farmer Mac", 
                            "count": 0, 
                            "value": 0
                        }, 
                        {
                            "name": "Private Securitization", 
                            "count": 0, 
                            "value": 0
                        }, 
                        {
                            "name": "Commercial bank, savings bank or association", 
                            "count": 0, 
                            "value": 0
                        }, 
                        {
                            "name": "Life insurance co., credit union, finance co.", 
                            "count": 0, 
                            "value": 0
                        }, 
                        {
                            "name": "Affiliate institution", 
                            "count": 0, 
                            "value": 0
                        }, 
                        {
                            "name": "Other", 
                            "count": 0, 
                            "value": 0
                        }
                    ]
                }, 
                {
                    "tractpctminority": "80-100% minority", 
                    "purchasers": [
                        {
                            "name": "Fannie Mae", 
                            "count": 0, 
                            "value": 0
                        }, 
                        {
                            "name": "Ginnie Mae", 
                            "count": 0, 
                            "value": 0
                        }, 
                        {
                            "name": "Freddie Mac", 
                            "count": 0, 
                            "value": 0
                        }, 
                        {
                            "name": "Farmer Mac", 
                            "count": 0, 
                            "value": 0
                        }, 
                        {
                            "name": "Private Securitization", 
                            "count": 0, 
                            "value": 0
                        }, 
                        {
                            "name": "Commercial bank, savings bank or association", 
                            "count": 0, 
                            "value": 0
                        }, 
                        {
                            "name": "Life insurance co., credit union, finance co.", 
                            "count": 0, 
                            "value": 0
                        }, 
                        {
                            "name": "Affiliate institution", 
                            "count": 0, 
                            "value": 0
                        }, 
                        {
                            "name": "Other", 
                            "count": 0, 
                            "value": 0
                        }
                    ]
                }
            ]
        }, 
        {
            "characteristic": "Income", 
            "incomelevels": [
                {
                    "incomelevel": "Low income", 
                    "purchasers": [
                        {
                            "name": "Fannie Mae", 
                            "count": 7, 
                            "value": 640
                        }, 
                        {
                            "name": "Ginnie Mae", 
                            "count": 5, 
                            "value": 607
                        }, 
                        {
                            "name": "Freddie Mac", 
                            "count": 3, 
                            "value": 137
                        }, 
                        {
                            "name": "Farmer Mac", 
                            "count": 0, 
                            "value": 0
                        }, 
                        {
                            "name": "Private Securitization", 
                            "count": 0, 
                            "value": 0
                        }, 
                        {
                            "name": "Commercial bank, savings bank or association", 
                            "count": 8, 
                            "value": 668
                        }, 
                        {
                            "name": "Life insurance co., credit union, finance co.", 
                            "count": 5, 
                            "value": 352
                        }, 
                        {
                            "name": "Affiliate institution", 
                            "count": 0, 
                            "value": 0
                        }, 
                        {
                            "name": "Other", 
                            "count": 131, 
                            "value": 13535
                        }
                    ]
                }, 
                {
                    "incomelevel": "Moderate income", 
                    "purchasers": [
                        {
                            "name": "Fannie Mae", 
                            "count": 110, 
                            "value": 12111
                        }, 
                        {
                            "name": "Ginnie Mae", 
                            "count": 138, 
                            "value": 59577
                        }, 
                        {
                            "name": "Freddie Mac", 
                            "count": 73, 
                            "value": 8486
                        }, 
                        {
                            "name": "Farmer Mac", 
                            "count": 0, 
                            "value": 0
                        }, 
                        {
                            "name": "Private Securitization", 
                            "count": 1, 
                            "value": 180
                        }, 
                        {
                            "name": "Commercial bank, savings bank or association", 
                            "count": 88, 
                            "value": 10709
                        }, 
                        {
                            "name": "Life insurance co., credit union, finance co.", 
                            "count": 78, 
                            "value": 9628
                        }, 
                        {
                            "name": "Affiliate institution", 
                            "count": 10, 
                            "value": 937
                        }, 
                        {
                            "name": "Other", 
                            "count": 955, 
                            "value": 109260
                        }
                    ]
                }, 
                {
                    "incomelevel": "Middle income", 
                    "purchasers": [
                        {
                            "name": "Fannie Mae", 
                            "count": 211, 
                            "value": 25374
                        }, 
                        {
                            "name": "Ginnie Mae", 
                            "count": 340, 
                            "value": 103344
                        }, 
                        {
                            "name": "Freddie Mac", 
                            "count": 144, 
                            "value": 17488
                        }, 
                        {
                            "name": "Farmer Mac", 
                            "count": 0, 
                            "value": 0
                        }, 
                        {
                            "name": "Private Securitization", 
                            "count": 1, 
                            "value": 155
                        }, 
                        {
                            "name": "Commercial bank, savings bank or association", 
                            "count": 220, 
                            "value": 27621
                        }, 
                        {
                            "name": "Life insurance co., credit union, finance co.", 
                            "count": 154, 
                            "value": 19359
                        }, 
                        {
                            "name": "Affiliate institution", 
                            "count": 19, 
                            "value": 1378
                        }, 
                        {
                            "name": "Other", 
                            "count": 1426, 
                            "value": 140245
                        }
                    ]
                }, 
                {
                    "incomelevel": "Upper income", 
                    "purchasers": [
                        {
                            "name": "Fannie Mae", 
                            "count": 374, 
                            "value": 63698
                        }, 
                        {
                            "name": "Ginnie Mae", 
                            "count": 268, 
                            "value": 149071
                        }, 
                        {
                            "name": "Freddie Mac", 
                            "count": 278, 
                            "value": 48107
                        }, 
                        {
                            "name": "Farmer Mac", 
                            "count": 0, 
                            "value": 0
                        }, 
                        {
                            "name": "Private Securitization", 
                            "count": 3, 
                            "value": 506
                        }, 
                        {
                            "name": "Commercial bank, savings bank or association", 
                            "count": 260, 
                            "value": 46312
                        }, 
                        {
                            "name": "Life insurance co., credit union, finance co.", 
                            "count": 229, 
                            "value": 41450
                        }, 
                        {
                            "name": "Affiliate institution", 
                            "count": 25, 
                            "value": 2708
                        }, 
                        {
                            "name": "Other", 
                            "count": 1162, 
                            "value": 185282
                        }
                    ]
                }
            ]
        }
    ], 
    "total": {
        "purchasers": [
            {
                "name": "Fannie Mae", 
                "count": 702, 
                "value": 101823
            }, 
            {
                "name": "Ginnie Mae", 
                "count": 751, 
                "value": 312599
            }, 
            {
                "name": "Freddie Mac", 
                "count": 498, 
                "value": 74218
            }, 
            {
                "name": "Farmer Mac", 
                "count": 0, 
                "value": 0
            }, 
            {
                "name": "Private Securitization", 
                "count": 5, 
                "value": 841
            }, 
            {
                "name": "Commercial bank, savings bank or association", 
                "count": 576, 
                "value": 85310
            }, 
            {
                "name": "Life insurance co., credit union, finance co.", 
                "count": 466, 
                "value": 70789
            }, 
            {
                "name": "Affiliate institution", 
                "count": 54, 
                "value": 5023
            }, 
            {
                "name": "Other", 
                "count": 3676, 
                "value": 448376
            }
        ]
    }
}