{
    "table": "3-1", 
    "type": "Aggregate", 
    "desc": "Loans sold, by characteristics of borrower and census tract in which property is located and by type of purchaser (includes originations and purchased loans)", 
    "year": "2012", 
    "msa": {
        "id": "12220", 
        "name": "Auburn-Opelika", 
        "state": "AL", 
        "state_name": "Alabama"
    }, 
    "borrowercharacteristics": [
        {
            "characteristic": "Race", 
            "races": [
                {
                    "race": "American Indian/Alaska Native", 
                    "purchasers": [
                        {
                            "name": "Fannie Mae", 
                            "count": 3, 
                            "value": 591.0
                        }, 
                        {
                            "name": "Ginnie Mae", 
                            "count": 2, 
                            "value": 374.0
                        }, 
                        {
                            "name": "Freddie Mac", 
                            "count": 1, 
                            "value": 349.0
                        }, 
                        {
                            "name": "Farmer Mac", 
                            "count": 0, 
                            "value": 0
                        }, 
                        {
                            "name": "Private Securitization", 
                            "count": 0, 
                            "value": 0
                        }, 
                        {
                            "name": "Commercial bank, savings bank or association", 
                            "count": 1, 
                            "value": 236.0
                        }, 
                        {
                            "name": "Life insurance co., credit union, finance co.", 
                            "count": 0, 
                            "value": 0
                        }, 
                        {
                            "name": "Affiliate institution", 
                            "count": 1, 
                            "value": 188.0
                        }, 
                        {
                            "name": "Other", 
                            "count": 12, 
                            "value": 1277.0
                        }
                    ]
                }, 
                {
                    "race": "Asian", 
                    "purchasers": [
                        {
                            "name": "Fannie Mae", 
                            "count": 1, 
                            "value": 150.0
                        }, 
                        {
                            "name": "Ginnie Mae", 
                            "count": 3, 
                            "value": 509.0
                        }, 
                        {
                            "name": "Freddie Mac", 
                            "count": 1, 
                            "value": 207.0
                        }, 
                        {
                            "name": "Farmer Mac", 
                            "count": 0, 
                            "value": 0
                        }, 
                        {
                            "name": "Private Securitization", 
                            "count": 0, 
                            "value": 0
                        }, 
                        {
                            "name": "Commercial bank, savings bank or association", 
                            "count": 0, 
                            "value": 0
                        }, 
                        {
                            "name": "Life insurance co., credit union, finance co.", 
                            "count": 0, 
                            "value": 0
                        }, 
                        {
                            "name": "Affiliate institution", 
                            "count": 0, 
                            "value": 0
                        }, 
                        {
                            "name": "Other", 
                            "count": 4, 
                            "value": 522.0
                        }
                    ]
                }, 
                {
                    "race": "Black or African American", 
                    "purchasers": [
                        {
                            "name": "Fannie Mae", 
                            "count": 56, 
                            "value": 10303.0
                        }, 
                        {
                            "name": "Ginnie Mae", 
                            "count": 10, 
                            "value": 1939.0
                        }, 
                        {
                            "name": "Freddie Mac", 
                            "count": 8, 
                            "value": 1718.0
                        }, 
                        {
                            "name": "Farmer Mac", 
                            "count": 0, 
                            "value": 0
                        }, 
                        {
                            "name": "Private Securitization", 
                            "count": 0, 
                            "value": 0
                        }, 
                        {
                            "name": "Commercial bank, savings bank or association", 
                            "count": 9, 
                            "value": 1415.0
                        }, 
                        {
                            "name": "Life insurance co., credit union, finance co.", 
                            "count": 2, 
                            "value": 505.0
                        }, 
                        {
                            "name": "Affiliate institution", 
                            "count": 3, 
                            "value": 203.0
                        }, 
                        {
                            "name": "Other", 
                            "count": 73, 
                            "value": 12442.0
                        }
                    ]
                }, 
                {
                    "race": "Native Hawaiian or Other Pacific Islander", 
                    "purchasers": [
                        {
                            "name": "Fannie Mae", 
                            "count": 51, 
                            "value": 7423.0
                        }, 
                        {
                            "name": "Ginnie Mae", 
                            "count": 176, 
                            "value": 30465.0
                        }, 
                        {
                            "name": "Freddie Mac", 
                            "count": 17, 
                            "value": 2773.0
                        }, 
                        {
                            "name": "Farmer Mac", 
                            "count": 0, 
                            "value": 0
                        }, 
                        {
                            "name": "Private Securitization", 
                            "count": 4, 
                            "value": 452.0
                        }, 
                        {
                            "name": "Commercial bank, savings bank or association", 
                            "count": 56, 
                            "value": 9795.0
                        }, 
                        {
                            "name": "Life insurance co., credit union, finance co.", 
                            "count": 30, 
                            "value": 4372.0
                        }, 
                        {
                            "name": "Affiliate institution", 
                            "count": 8, 
                            "value": 1376.0
                        }, 
                        {
                            "name": "Other", 
                            "count": 588, 
                            "value": 64989.0
                        }
                    ]
                }, 
                {
                    "race": "White", 
                    "purchasers": [
                        {
                            "name": "Fannie Mae", 
                            "count": 0, 
                            "value": 0
                        }, 
                        {
                            "name": "Ginnie Mae", 
                            "count": 1, 
                            "value": 122.0
                        }, 
                        {
                            "name": "Freddie Mac", 
                            "count": 0, 
                            "value": 0
                        }, 
                        {
                            "name": "Farmer Mac", 
                            "count": 0, 
                            "value": 0
                        }, 
                        {
                            "name": "Private Securitization", 
                            "count": 0, 
                            "value": 0
                        }, 
                        {
                            "name": "Commercial bank, savings bank or association", 
                            "count": 1, 
                            "value": 122.0
                        }, 
                        {
                            "name": "Life insurance co., credit union, finance co.", 
                            "count": 0, 
                            "value": 0
                        }, 
                        {
                            "name": "Affiliate institution", 
                            "count": 0, 
                            "value": 0
                        }, 
                        {
                            "name": "Other", 
                            "count": 5, 
                            "value": 689.0
                        }
                    ]
                }, 
                {
                    "race": "2 or more minority races", 
                    "purchasers": [
                        {
                            "name": "Fannie Mae", 
                            "count": 1535, 
                            "value": 281080.0
                        }, 
                        {
                            "name": "Ginnie Mae", 
                            "count": 838, 
                            "value": 134681.0
                        }, 
                        {
                            "name": "Freddie Mac", 
                            "count": 371, 
                            "value": 66984.0
                        }, 
                        {
                            "name": "Farmer Mac", 
                            "count": 0, 
                            "value": 0
                        }, 
                        {
                            "name": "Private Securitization", 
                            "count": 98, 
                            "value": 16615.0
                        }, 
                        {
                            "name": "Commercial bank, savings bank or association", 
                            "count": 507, 
                            "value": 85700.0
                        }, 
                        {
                            "name": "Life insurance co., credit union, finance co.", 
                            "count": 193, 
                            "value": 31495.0
                        }, 
                        {
                            "name": "Affiliate institution", 
                            "count": 75, 
                            "value": 11374.0
                        }, 
                        {
                            "name": "Other", 
                            "count": 2792, 
                            "value": 428774.0
                        }
                    ]
                }, 
                {
                    "race": "Joint (White/Minority Race", 
                    "purchasers": [
                        {
                            "name": "Fannie Mae", 
                            "count": 11, 
                            "value": 1808.0
                        }, 
                        {
                            "name": "Ginnie Mae", 
                            "count": 14, 
                            "value": 2218.0
                        }, 
                        {
                            "name": "Freddie Mac", 
                            "count": 2, 
                            "value": 423.0
                        }, 
                        {
                            "name": "Farmer Mac", 
                            "count": 0, 
                            "value": 0
                        }, 
                        {
                            "name": "Private Securitization", 
                            "count": 0, 
                            "value": 0
                        }, 
                        {
                            "name": "Commercial bank, savings bank or association", 
                            "count": 4, 
                            "value": 816.0
                        }, 
                        {
                            "name": "Life insurance co., credit union, finance co.", 
                            "count": 2, 
                            "value": 427.0
                        }, 
                        {
                            "name": "Affiliate institution", 
                            "count": 0, 
                            "value": 0
                        }, 
                        {
                            "name": "Other", 
                            "count": 36, 
                            "value": 6613.0
                        }
                    ]
                }, 
                {
                    "race": "Not Available", 
                    "purchasers": [
                        {
                            "name": "Fannie Mae", 
                            "count": 176, 
                            "value": 32107.0
                        }, 
                        {
                            "name": "Ginnie Mae", 
                            "count": 195, 
                            "value": 32652.0
                        }, 
                        {
                            "name": "Freddie Mac", 
                            "count": 99, 
                            "value": 27012.0
                        }, 
                        {
                            "name": "Farmer Mac", 
                            "count": 0, 
                            "value": 0
                        }, 
                        {
                            "name": "Private Securitization", 
                            "count": 9, 
                            "value": 1568.0
                        }, 
                        {
                            "name": "Commercial bank, savings bank or association", 
                            "count": 46, 
                            "value": 8330.0
                        }, 
                        {
                            "name": "Life insurance co., credit union, finance co.", 
                            "count": 11, 
                            "value": 1892.0
                        }, 
                        {
                            "name": "Affiliate institution", 
                            "count": 23, 
                            "value": 4844.0
                        }, 
                        {
                            "name": "Other", 
                            "count": 713, 
                            "value": 259858.0
                        }
                    ]
                }
            ]
        }, 
        {
            "characteristic": "Ethnicity", 
            "ethnicities": [
                {
                    "ethnicity": "Hispanic or Latino", 
                    "purchasers": [
                        {
                            "name": "Fannie Mae", 
                            "count": 17, 
                            "value": 2751
                        }, 
                        {
                            "name": "Ginnie Mae", 
                            "count": 32, 
                            "value": 4951
                        }, 
                        {
                            "name": "Freddie Mac", 
                            "count": 6, 
                            "value": 846
                        }, 
                        {
                            "name": "Farmer Mac", 
                            "count": 0, 
                            "value": 0
                        }, 
                        {
                            "name": "Private Securitization", 
                            "count": 0, 
                            "value": 0
                        }, 
                        {
                            "name": "Commercial bank, savings bank or association", 
                            "count": 8, 
                            "value": 1227
                        }, 
                        {
                            "name": "Life insurance co., credit union, finance co.", 
                            "count": 6, 
                            "value": 915
                        }, 
                        {
                            "name": "Affiliate institution", 
                            "count": 0, 
                            "value": 0
                        }, 
                        {
                            "name": "Other", 
                            "count": 54, 
                            "value": 6557
                        }
                    ]
                }, 
                {
                    "ethnicity": "Not Hispanic or Latino", 
                    "purchasers": [
                        {
                            "name": "Fannie Mae", 
                            "count": 1632, 
                            "value": 297436
                        }, 
                        {
                            "name": "Ginnie Mae", 
                            "count": 1000, 
                            "value": 163629
                        }, 
                        {
                            "name": "Freddie Mac", 
                            "count": 390, 
                            "value": 71267
                        }, 
                        {
                            "name": "Farmer Mac", 
                            "count": 0, 
                            "value": 0
                        }, 
                        {
                            "name": "Private Securitization", 
                            "count": 102, 
                            "value": 17067
                        }, 
                        {
                            "name": "Commercial bank, savings bank or association", 
                            "count": 564, 
                            "value": 95688
                        }, 
                        {
                            "name": "Life insurance co., credit union, finance co.", 
                            "count": 222, 
                            "value": 35846
                        }, 
                        {
                            "name": "Affiliate institution", 
                            "count": 83, 
                            "value": 13271
                        }, 
                        {
                            "name": "Other", 
                            "count": 3335, 
                            "value": 498528
                        }
                    ]
                }, 
                {
                    "ethnicity": "Joint (Hispanic or Latino/Not Hispanic or Latino", 
                    "purchasers": [
                        {
                            "name": "Fannie Mae", 
                            "count": 9, 
                            "value": 1428
                        }, 
                        {
                            "name": "Ginnie Mae", 
                            "count": 13, 
                            "value": 2311
                        }, 
                        {
                            "name": "Freddie Mac", 
                            "count": 5, 
                            "value": 768
                        }, 
                        {
                            "name": "Farmer Mac", 
                            "count": 0, 
                            "value": 0
                        }, 
                        {
                            "name": "Private Securitization", 
                            "count": 0, 
                            "value": 0
                        }, 
                        {
                            "name": "Commercial bank, savings bank or association", 
                            "count": 2, 
                            "value": 377
                        }, 
                        {
                            "name": "Life insurance co., credit union, finance co.", 
                            "count": 2, 
                            "value": 445
                        }, 
                        {
                            "name": "Affiliate institution", 
                            "count": 1, 
                            "value": 179
                        }, 
                        {
                            "name": "Other", 
                            "count": 20, 
                            "value": 3972
                        }
                    ]
                }, 
                {
                    "ethnicity": "Ethnicity Not Available", 
                    "purchasers": [
                        {
                            "name": "Fannie Mae", 
                            "count": 175, 
                            "value": 31847
                        }, 
                        {
                            "name": "Ginnie Mae", 
                            "count": 194, 
                            "value": 32069
                        }, 
                        {
                            "name": "Freddie Mac", 
                            "count": 98, 
                            "value": 26585
                        }, 
                        {
                            "name": "Farmer Mac", 
                            "count": 0, 
                            "value": 0
                        }, 
                        {
                            "name": "Private Securitization", 
                            "count": 9, 
                            "value": 1568
                        }, 
                        {
                            "name": "Commercial bank, savings bank or association", 
                            "count": 50, 
                            "value": 9122
                        }, 
                        {
                            "name": "Life insurance co., credit union, finance co.", 
                            "count": 8, 
                            "value": 1485
                        }, 
                        {
                            "name": "Affiliate institution", 
                            "count": 26, 
                            "value": 4535
                        }, 
                        {
                            "name": "Other", 
                            "count": 814, 
                            "value": 266107
                        }
                    ]
                }
            ]
        }, 
        {
            "characteristic": "Minority Status", 
            "minoritystatuses": [
                {
                    "minoritystatus": "White Non-Hispanic", 
                    "purchasers": [
                        {
                            "name": "Fannie Mae", 
                            "count": 1686, 
                            "value": 309296
                        }, 
                        {
                            "name": "Ginnie Mae", 
                            "count": 991, 
                            "value": 160524
                        }, 
                        {
                            "name": "Freddie Mac", 
                            "count": 460, 
                            "value": 92589
                        }, 
                        {
                            "name": "Farmer Mac", 
                            "count": 0, 
                            "value": 0
                        }, 
                        {
                            "name": "Private Securitization", 
                            "count": 107, 
                            "value": 18183
                        }, 
                        {
                            "name": "Commercial bank, savings bank or association", 
                            "count": 543, 
                            "value": 92426
                        }, 
                        {
                            "name": "Life insurance co., credit union, finance co.", 
                            "count": 197, 
                            "value": 32196
                        }, 
                        {
                            "name": "Affiliate institution", 
                            "count": 97, 
                            "value": 16039
                        }, 
                        {
                            "name": "Other", 
                            "count": 3446, 
                            "value": 680275
                        }
                    ]
                }, 
                {
                    "minoritystatus": "Others, Including Hispanic", 
                    "purchasers": [
                        {
                            "name": "Fannie Mae", 
                            "count": 147, 
                            "value": 24166
                        }, 
                        {
                            "name": "Ginnie Mae", 
                            "count": 248, 
                            "value": 42436
                        }, 
                        {
                            "name": "Freddie Mac", 
                            "count": 39, 
                            "value": 6877
                        }, 
                        {
                            "name": "Farmer Mac", 
                            "count": 0, 
                            "value": 0
                        }, 
                        {
                            "name": "Private Securitization", 
                            "count": 4, 
                            "value": 452
                        }, 
                        {
                            "name": "Commercial bank, savings bank or association", 
                            "count": 81, 
                            "value": 13988
                        }, 
                        {
                            "name": "Life insurance co., credit union, finance co.", 
                            "count": 41, 
                            "value": 6495
                        }, 
                        {
                            "name": "Affiliate institution", 
                            "count": 13, 
                            "value": 1946
                        }, 
                        {
                            "name": "Other", 
                            "count": 777, 
                            "value": 94889
                        }
                    ]
                }
            ]
        }, 
        {
            "characteristic": "Applicant Income", 
            "applicantincomes": [
                {
                    "applicantincome": "Less than 50% of MSA/MD median", 
                    "purchasers": [
                        {
                            "name": "Fannie Mae", 
                            "count": 82, 
                            "value": 8074
                        }, 
                        {
                            "name": "Ginnie Mae", 
                            "count": 84, 
                            "value": 7718
                        }, 
                        {
                            "name": "Freddie Mac", 
                            "count": 25, 
                            "value": 2887
                        }, 
                        {
                            "name": "Farmer Mac", 
                            "count": 0, 
                            "value": 0
                        }, 
                        {
                            "name": "Private Securitization", 
                            "count": 8, 
                            "value": 854
                        }, 
                        {
                            "name": "Commercial bank, savings bank or association", 
                            "count": 45, 
                            "value": 4600
                        }, 
                        {
                            "name": "Life insurance co., credit union, finance co.", 
                            "count": 23, 
                            "value": 2224
                        }, 
                        {
                            "name": "Affiliate institution", 
                            "count": 4, 
                            "value": 316
                        }, 
                        {
                            "name": "Other", 
                            "count": 527, 
                            "value": 38244
                        }
                    ]
                }, 
                {
                    "applicantincome": "50-79% of MSA/MD median", 
                    "purchasers": [
                        {
                            "name": "Fannie Mae", 
                            "count": 231, 
                            "value": 29689
                        }, 
                        {
                            "name": "Ginnie Mae", 
                            "count": 217, 
                            "value": 29377
                        }, 
                        {
                            "name": "Freddie Mac", 
                            "count": 72, 
                            "value": 8479
                        }, 
                        {
                            "name": "Farmer Mac", 
                            "count": 0, 
                            "value": 0
                        }, 
                        {
                            "name": "Private Securitization", 
                            "count": 26, 
                            "value": 3284
                        }, 
                        {
                            "name": "Commercial bank, savings bank or association", 
                            "count": 131, 
                            "value": 18392
                        }, 
                        {
                            "name": "Life insurance co., credit union, finance co.", 
                            "count": 43, 
                            "value": 5717
                        }, 
                        {
                            "name": "Affiliate institution", 
                            "count": 15, 
                            "value": 1659
                        }, 
                        {
                            "name": "Other", 
                            "count": 766, 
                            "value": 79712
                        }
                    ]
                }, 
                {
                    "applicantincome": "80-99% of MSA/MD median", 
                    "purchasers": [
                        {
                            "name": "Fannie Mae", 
                            "count": 188, 
                            "value": 27421
                        }, 
                        {
                            "name": "Ginnie Mae", 
                            "count": 140, 
                            "value": 21600
                        }, 
                        {
                            "name": "Freddie Mac", 
                            "count": 58, 
                            "value": 8182
                        }, 
                        {
                            "name": "Farmer Mac", 
                            "count": 0, 
                            "value": 0
                        }, 
                        {
                            "name": "Private Securitization", 
                            "count": 14, 
                            "value": 2141
                        }, 
                        {
                            "name": "Commercial bank, savings bank or association", 
                            "count": 88, 
                            "value": 14598
                        }, 
                        {
                            "name": "Life insurance co., credit union, finance co.", 
                            "count": 33, 
                            "value": 5102
                        }, 
                        {
                            "name": "Affiliate institution", 
                            "count": 7, 
                            "value": 1183
                        }, 
                        {
                            "name": "Other", 
                            "count": 424, 
                            "value": 53807
                        }
                    ]
                }, 
                {
                    "applicantincome": "100-119% of MSA/MD median", 
                    "purchasers": [
                        {
                            "name": "Fannie Mae", 
                            "count": 193, 
                            "value": 30038
                        }, 
                        {
                            "name": "Ginnie Mae", 
                            "count": 124, 
                            "value": 20976
                        }, 
                        {
                            "name": "Freddie Mac", 
                            "count": 48, 
                            "value": 7389
                        }, 
                        {
                            "name": "Farmer Mac", 
                            "count": 0, 
                            "value": 0
                        }, 
                        {
                            "name": "Private Securitization", 
                            "count": 13, 
                            "value": 2112
                        }, 
                        {
                            "name": "Commercial bank, savings bank or association", 
                            "count": 75, 
                            "value": 12467
                        }, 
                        {
                            "name": "Life insurance co., credit union, finance co.", 
                            "count": 28, 
                            "value": 4092
                        }, 
                        {
                            "name": "Affiliate institution", 
                            "count": 3, 
                            "value": 278
                        }, 
                        {
                            "name": "Other", 
                            "count": 321, 
                            "value": 45956
                        }
                    ]
                }, 
                {
                    "applicantincome": "120% or more of MSA/MD median", 
                    "purchasers": [
                        {
                            "name": "Fannie Mae", 
                            "count": 1048, 
                            "value": 221559
                        }, 
                        {
                            "name": "Ginnie Mae", 
                            "count": 257, 
                            "value": 51664
                        }, 
                        {
                            "name": "Freddie Mac", 
                            "count": 249, 
                            "value": 53138
                        }, 
                        {
                            "name": "Farmer Mac", 
                            "count": 0, 
                            "value": 0
                        }, 
                        {
                            "name": "Private Securitization", 
                            "count": 48, 
                            "value": 10021
                        }, 
                        {
                            "name": "Commercial bank, savings bank or association", 
                            "count": 224, 
                            "value": 45149
                        }, 
                        {
                            "name": "Life insurance co., credit union, finance co.", 
                            "count": 85, 
                            "value": 16823
                        }, 
                        {
                            "name": "Affiliate institution", 
                            "count": 72, 
                            "value": 12856
                        }, 
                        {
                            "name": "Other", 
                            "count": 1531, 
                            "value": 297103
                        }
                    ]
                }, 
                {
                    "applicantincome": "income not available", 
                    "purchasers": [
                        {
                            "name": "Fannie Mae", 
                            "count": 91, 
                            "value": 16681
                        }, 
                        {
                            "name": "Ginnie Mae", 
                            "count": 417, 
                            "value": 71625
                        }, 
                        {
                            "name": "Freddie Mac", 
                            "count": 47, 
                            "value": 19391
                        }, 
                        {
                            "name": "Farmer Mac", 
                            "count": 0, 
                            "value": 0
                        }, 
                        {
                            "name": "Private Securitization", 
                            "count": 2, 
                            "value": 223
                        }, 
                        {
                            "name": "Commercial bank, savings bank or association", 
                            "count": 61, 
                            "value": 11208
                        }, 
                        {
                            "name": "Life insurance co., credit union, finance co.", 
                            "count": 26, 
                            "value": 4733
                        }, 
                        {
                            "name": "Affiliate institution", 
                            "count": 9, 
                            "value": 1693
                        }, 
                        {
                            "name": "Other", 
                            "count": 654, 
                            "value": 260342
                        }
                    ]
                }
            ]
        }
    ], 
    "censuscharacteristics": [
        {
            "characteristic": "Racial/Ethnic Composition", 
            "tractpctminorities": [
                {
                    "tractpctminority": "Less than 10% minority", 
                    "purchasers": [
                        {
                            "name": "Fannie Mae", 
                            "count": 0, 
                            "value": 0
                        }, 
                        {
                            "name": "Ginnie Mae", 
                            "count": 0, 
                            "value": 0
                        }, 
                        {
                            "name": "Freddie Mac", 
                            "count": 0, 
                            "value": 0
                        }, 
                        {
                            "name": "Farmer Mac", 
                            "count": 0, 
                            "value": 0
                        }, 
                        {
                            "name": "Private Securitization", 
                            "count": 0, 
                            "value": 0
                        }, 
                        {
                            "name": "Commercial bank, savings bank or association", 
                            "count": 0, 
                            "value": 0
                        }, 
                        {
                            "name": "Life insurance co., credit union, finance co.", 
                            "count": 0, 
                            "value": 0
                        }, 
                        {
                            "name": "Affiliate institution", 
                            "count": 0, 
                            "value": 0
                        }, 
                        {
                            "name": "Other", 
                            "count": 0, 
                            "value": 0
                        }
                    ]
                }, 
                {
                    "tractpctminority": "10-19% minority", 
                    "purchasers": [
                        {
                            "name": "Fannie Mae", 
                            "count": 1633, 
                            "value": 302247
                        }, 
                        {
                            "name": "Ginnie Mae", 
                            "count": 1133, 
                            "value": 185348
                        }, 
                        {
                            "name": "Freddie Mac", 
                            "count": 449, 
                            "value": 90878
                        }, 
                        {
                            "name": "Farmer Mac", 
                            "count": 0, 
                            "value": 0
                        }, 
                        {
                            "name": "Private Securitization", 
                            "count": 107, 
                            "value": 17962
                        }, 
                        {
                            "name": "Commercial bank, savings bank or association", 
                            "count": 554, 
                            "value": 95209
                        }, 
                        {
                            "name": "Life insurance co., credit union, finance co.", 
                            "count": 214, 
                            "value": 35318
                        }, 
                        {
                            "name": "Affiliate institution", 
                            "count": 97, 
                            "value": 16045
                        }, 
                        {
                            "name": "Other", 
                            "count": 3793, 
                            "value": 714809
                        }
                    ]
                }, 
                {
                    "tractpctminority": "20-49% minority", 
                    "purchasers": [
                        {
                            "name": "Fannie Mae", 
                            "count": 196, 
                            "value": 30948
                        }, 
                        {
                            "name": "Ginnie Mae", 
                            "count": 103, 
                            "value": 17377
                        }, 
                        {
                            "name": "Freddie Mac", 
                            "count": 48, 
                            "value": 8365
                        }, 
                        {
                            "name": "Farmer Mac", 
                            "count": 0, 
                            "value": 0
                        }, 
                        {
                            "name": "Private Securitization", 
                            "count": 4, 
                            "value": 673
                        }, 
                        {
                            "name": "Commercial bank, savings bank or association", 
                            "count": 68, 
                            "value": 11009
                        }, 
                        {
                            "name": "Life insurance co., credit union, finance co.", 
                            "count": 23, 
                            "value": 3266
                        }, 
                        {
                            "name": "Affiliate institution", 
                            "count": 12, 
                            "value": 1871
                        }, 
                        {
                            "name": "Other", 
                            "count": 393, 
                            "value": 57892
                        }
                    ]
                }, 
                {
                    "tractpctminority": "50-79% minority", 
                    "purchasers": [
                        {
                            "name": "Fannie Mae", 
                            "count": 4, 
                            "value": 267
                        }, 
                        {
                            "name": "Ginnie Mae", 
                            "count": 3, 
                            "value": 235
                        }, 
                        {
                            "name": "Freddie Mac", 
                            "count": 2, 
                            "value": 223
                        }, 
                        {
                            "name": "Farmer Mac", 
                            "count": 0, 
                            "value": 0
                        }, 
                        {
                            "name": "Private Securitization", 
                            "count": 0, 
                            "value": 0
                        }, 
                        {
                            "name": "Commercial bank, savings bank or association", 
                            "count": 2, 
                            "value": 196
                        }, 
                        {
                            "name": "Life insurance co., credit union, finance co.", 
                            "count": 1, 
                            "value": 107
                        }, 
                        {
                            "name": "Affiliate institution", 
                            "count": 1, 
                            "value": 69
                        }, 
                        {
                            "name": "Other", 
                            "count": 37, 
                            "value": 2463
                        }
                    ]
                }, 
                {
                    "tractpctminority": "80-100% minority", 
                    "purchasers": [
                        {
                            "name": "Fannie Mae", 
                            "count": 0, 
                            "value": 0
                        }, 
                        {
                            "name": "Ginnie Mae", 
                            "count": 0, 
                            "value": 0
                        }, 
                        {
                            "name": "Freddie Mac", 
                            "count": 0, 
                            "value": 0
                        }, 
                        {
                            "name": "Farmer Mac", 
                            "count": 0, 
                            "value": 0
                        }, 
                        {
                            "name": "Private Securitization", 
                            "count": 0, 
                            "value": 0
                        }, 
                        {
                            "name": "Commercial bank, savings bank or association", 
                            "count": 0, 
                            "value": 0
                        }, 
                        {
                            "name": "Life insurance co., credit union, finance co.", 
                            "count": 0, 
                            "value": 0
                        }, 
                        {
                            "name": "Affiliate institution", 
                            "count": 0, 
                            "value": 0
                        }, 
                        {
                            "name": "Other", 
                            "count": 0, 
                            "value": 0
                        }
                    ]
                }
            ]
        }, 
        {
            "characteristic": "Income", 
            "incomelevels": [
                {
                    "incomelevel": "Low income", 
                    "purchasers": [
                        {
                            "name": "Fannie Mae", 
                            "count": 14, 
                            "value": 1579
                        }, 
                        {
                            "name": "Ginnie Mae", 
                            "count": 4, 
                            "value": 451
                        }, 
                        {
                            "name": "Freddie Mac", 
                            "count": 5, 
                            "value": 12147
                        }, 
                        {
                            "name": "Farmer Mac", 
                            "count": 0, 
                            "value": 0
                        }, 
                        {
                            "name": "Private Securitization", 
                            "count": 0, 
                            "value": 0
                        }, 
                        {
                            "name": "Commercial bank, savings bank or association", 
                            "count": 7, 
                            "value": 812
                        }, 
                        {
                            "name": "Life insurance co., credit union, finance co.", 
                            "count": 3, 
                            "value": 426
                        }, 
                        {
                            "name": "Affiliate institution", 
                            "count": 1, 
                            "value": 69
                        }, 
                        {
                            "name": "Other", 
                            "count": 105, 
                            "value": 40105
                        }
                    ]
                }, 
                {
                    "incomelevel": "Moderate income", 
                    "purchasers": [
                        {
                            "name": "Fannie Mae", 
                            "count": 201, 
                            "value": 35219
                        }, 
                        {
                            "name": "Ginnie Mae", 
                            "count": 151, 
                            "value": 22927
                        }, 
                        {
                            "name": "Freddie Mac", 
                            "count": 54, 
                            "value": 8761
                        }, 
                        {
                            "name": "Farmer Mac", 
                            "count": 0, 
                            "value": 0
                        }, 
                        {
                            "name": "Private Securitization", 
                            "count": 3, 
                            "value": 597
                        }, 
                        {
                            "name": "Commercial bank, savings bank or association", 
                            "count": 88, 
                            "value": 14192
                        }, 
                        {
                            "name": "Life insurance co., credit union, finance co.", 
                            "count": 35, 
                            "value": 5094
                        }, 
                        {
                            "name": "Affiliate institution", 
                            "count": 13, 
                            "value": 2127
                        }, 
                        {
                            "name": "Other", 
                            "count": 637, 
                            "value": 83204
                        }
                    ]
                }, 
                {
                    "incomelevel": "Middle income", 
                    "purchasers": [
                        {
                            "name": "Fannie Mae", 
                            "count": 900, 
                            "value": 152252
                        }, 
                        {
                            "name": "Ginnie Mae", 
                            "count": 815, 
                            "value": 127357
                        }, 
                        {
                            "name": "Freddie Mac", 
                            "count": 276, 
                            "value": 48126
                        }, 
                        {
                            "name": "Farmer Mac", 
                            "count": 0, 
                            "value": 0
                        }, 
                        {
                            "name": "Private Securitization", 
                            "count": 62, 
                            "value": 9340
                        }, 
                        {
                            "name": "Commercial bank, savings bank or association", 
                            "count": 368, 
                            "value": 59802
                        }, 
                        {
                            "name": "Life insurance co., credit union, finance co.", 
                            "count": 132, 
                            "value": 20234
                        }, 
                        {
                            "name": "Affiliate institution", 
                            "count": 65, 
                            "value": 10018
                        }, 
                        {
                            "name": "Other", 
                            "count": 2498, 
                            "value": 365157
                        }
                    ]
                }, 
                {
                    "incomelevel": "Upper income", 
                    "purchasers": [
                        {
                            "name": "Fannie Mae", 
                            "count": 718, 
                            "value": 144412
                        }, 
                        {
                            "name": "Ginnie Mae", 
                            "count": 269, 
                            "value": 52225
                        }, 
                        {
                            "name": "Freddie Mac", 
                            "count": 164, 
                            "value": 30432
                        }, 
                        {
                            "name": "Farmer Mac", 
                            "count": 0, 
                            "value": 0
                        }, 
                        {
                            "name": "Private Securitization", 
                            "count": 46, 
                            "value": 8698
                        }, 
                        {
                            "name": "Commercial bank, savings bank or association", 
                            "count": 161, 
                            "value": 31608
                        }, 
                        {
                            "name": "Life insurance co., credit union, finance co.", 
                            "count": 68, 
                            "value": 12937
                        }, 
                        {
                            "name": "Affiliate institution", 
                            "count": 31, 
                            "value": 5771
                        }, 
                        {
                            "name": "Other", 
                            "count": 983, 
                            "value": 286698
                        }
                    ]
                }
            ]
        }
    ], 
    "total": {
        "purchasers": [
            {
                "name": "Fannie Mae", 
                "count": 1833, 
                "value": 333462
            }, 
            {
                "name": "Ginnie Mae", 
                "count": 1239, 
                "value": 202960
            }, 
            {
                "name": "Freddie Mac", 
                "count": 499, 
                "value": 99466
            }, 
            {
                "name": "Farmer Mac", 
                "count": 0, 
                "value": 0
            }, 
            {
                "name": "Private Securitization", 
                "count": 111, 
                "value": 18635
            }, 
            {
                "name": "Commercial bank, savings bank or association", 
                "count": 624, 
                "value": 106414
            }, 
            {
                "name": "Life insurance co., credit union, finance co.", 
                "count": 238, 
                "value": 38691
            }, 
            {
                "name": "Affiliate institution", 
                "count": 110, 
                "value": 17985
            }, 
            {
                "name": "Other", 
                "count": 4223, 
                "value": 775164
            }
        ]
    }
}