{
    "table": "3-1", 
    "type": "Aggregate", 
    "desc": "Loans sold, by characteristics of borrower and census tract in which property is located and by type of purchaser (includes originations and purchased loans)", 
    "year": "2013", 
    "msa": {
        "id": "39140", 
        "name": "Prescott", 
        "state": "AZ", 
        "state_name": "Arizona"
    }, 
    "borrowercharacteristics": [
        {
            "characteristic": "Race", 
            "races": [
                {
                    "race": "American Indian/Alaska Native", 
                    "purchasers": [
                        {
                            "name": "Fannie Mae", 
                            "count": 9, 
                            "value": 1487.0
                        }, 
                        {
                            "name": "Ginnie Mae", 
                            "count": 7, 
                            "value": 1186.0
                        }, 
                        {
                            "name": "Freddie Mac", 
                            "count": 10, 
                            "value": 1268.0
                        }, 
                        {
                            "name": "Farmer Mac", 
                            "count": 0, 
                            "value": 0
                        }, 
                        {
                            "name": "Private Securitization", 
                            "count": 0, 
                            "value": 0
                        }, 
                        {
                            "name": "Commercial bank, savings bank or association", 
                            "count": 3, 
                            "value": 874.0
                        }, 
                        {
                            "name": "Life insurance co., credit union, finance co.", 
                            "count": 0, 
                            "value": 0
                        }, 
                        {
                            "name": "Affiliate institution", 
                            "count": 0, 
                            "value": 0
                        }, 
                        {
                            "name": "Other", 
                            "count": 18, 
                            "value": 3033.0
                        }
                    ]
                }, 
                {
                    "race": "Asian", 
                    "purchasers": [
                        {
                            "name": "Fannie Mae", 
                            "count": 7, 
                            "value": 1151.0
                        }, 
                        {
                            "name": "Ginnie Mae", 
                            "count": 6, 
                            "value": 920.0
                        }, 
                        {
                            "name": "Freddie Mac", 
                            "count": 4, 
                            "value": 815.0
                        }, 
                        {
                            "name": "Farmer Mac", 
                            "count": 0, 
                            "value": 0
                        }, 
                        {
                            "name": "Private Securitization", 
                            "count": 0, 
                            "value": 0
                        }, 
                        {
                            "name": "Commercial bank, savings bank or association", 
                            "count": 4, 
                            "value": 593.0
                        }, 
                        {
                            "name": "Life insurance co., credit union, finance co.", 
                            "count": 0, 
                            "value": 0
                        }, 
                        {
                            "name": "Affiliate institution", 
                            "count": 1, 
                            "value": 148.0
                        }, 
                        {
                            "name": "Other", 
                            "count": 29, 
                            "value": 3608.0
                        }
                    ]
                }, 
                {
                    "race": "Black or African American", 
                    "purchasers": [
                        {
                            "name": "Fannie Mae", 
                            "count": 16, 
                            "value": 3274.0
                        }, 
                        {
                            "name": "Ginnie Mae", 
                            "count": 6, 
                            "value": 1270.0
                        }, 
                        {
                            "name": "Freddie Mac", 
                            "count": 9, 
                            "value": 2146.0
                        }, 
                        {
                            "name": "Farmer Mac", 
                            "count": 0, 
                            "value": 0
                        }, 
                        {
                            "name": "Private Securitization", 
                            "count": 1, 
                            "value": 71.0
                        }, 
                        {
                            "name": "Commercial bank, savings bank or association", 
                            "count": 3, 
                            "value": 1034.0
                        }, 
                        {
                            "name": "Life insurance co., credit union, finance co.", 
                            "count": 0, 
                            "value": 0
                        }, 
                        {
                            "name": "Affiliate institution", 
                            "count": 1, 
                            "value": 118.0
                        }, 
                        {
                            "name": "Other", 
                            "count": 48, 
                            "value": 8741.0
                        }
                    ]
                }, 
                {
                    "race": "Native Hawaiian or Other Pacific Islander", 
                    "purchasers": [
                        {
                            "name": "Fannie Mae", 
                            "count": 9, 
                            "value": 1728.0
                        }, 
                        {
                            "name": "Ginnie Mae", 
                            "count": 10, 
                            "value": 1884.0
                        }, 
                        {
                            "name": "Freddie Mac", 
                            "count": 4, 
                            "value": 540.0
                        }, 
                        {
                            "name": "Farmer Mac", 
                            "count": 0, 
                            "value": 0
                        }, 
                        {
                            "name": "Private Securitization", 
                            "count": 1, 
                            "value": 166.0
                        }, 
                        {
                            "name": "Commercial bank, savings bank or association", 
                            "count": 0, 
                            "value": 0
                        }, 
                        {
                            "name": "Life insurance co., credit union, finance co.", 
                            "count": 0, 
                            "value": 0
                        }, 
                        {
                            "name": "Affiliate institution", 
                            "count": 1, 
                            "value": 207.0
                        }, 
                        {
                            "name": "Other", 
                            "count": 20, 
                            "value": 3066.0
                        }
                    ]
                }, 
                {
                    "race": "White", 
                    "purchasers": [
                        {
                            "name": "Fannie Mae", 
                            "count": 2, 
                            "value": 214.0
                        }, 
                        {
                            "name": "Ginnie Mae", 
                            "count": 1, 
                            "value": 177.0
                        }, 
                        {
                            "name": "Freddie Mac", 
                            "count": 0, 
                            "value": 0
                        }, 
                        {
                            "name": "Farmer Mac", 
                            "count": 0, 
                            "value": 0
                        }, 
                        {
                            "name": "Private Securitization", 
                            "count": 0, 
                            "value": 0
                        }, 
                        {
                            "name": "Commercial bank, savings bank or association", 
                            "count": 0, 
                            "value": 0
                        }, 
                        {
                            "name": "Life insurance co., credit union, finance co.", 
                            "count": 0, 
                            "value": 0
                        }, 
                        {
                            "name": "Affiliate institution", 
                            "count": 0, 
                            "value": 0
                        }, 
                        {
                            "name": "Other", 
                            "count": 6, 
                            "value": 1303.0
                        }
                    ]
                }, 
                {
                    "race": "2 or more minority races", 
                    "purchasers": [
                        {
                            "name": "Fannie Mae", 
                            "count": 2876, 
                            "value": 497065.0
                        }, 
                        {
                            "name": "Ginnie Mae", 
                            "count": 1083, 
                            "value": 184234.0
                        }, 
                        {
                            "name": "Freddie Mac", 
                            "count": 1511, 
                            "value": 264954.0
                        }, 
                        {
                            "name": "Farmer Mac", 
                            "count": 0, 
                            "value": 0
                        }, 
                        {
                            "name": "Private Securitization", 
                            "count": 41, 
                            "value": 9154.0
                        }, 
                        {
                            "name": "Commercial bank, savings bank or association", 
                            "count": 742, 
                            "value": 141942.0
                        }, 
                        {
                            "name": "Life insurance co., credit union, finance co.", 
                            "count": 334, 
                            "value": 65206.0
                        }, 
                        {
                            "name": "Affiliate institution", 
                            "count": 229, 
                            "value": 39277.0
                        }, 
                        {
                            "name": "Other", 
                            "count": 5299, 
                            "value": 941543.0
                        }
                    ]
                }, 
                {
                    "race": "Joint (White/Minority Race", 
                    "purchasers": [
                        {
                            "name": "Fannie Mae", 
                            "count": 57, 
                            "value": 11195.0
                        }, 
                        {
                            "name": "Ginnie Mae", 
                            "count": 23, 
                            "value": 4229.0
                        }, 
                        {
                            "name": "Freddie Mac", 
                            "count": 27, 
                            "value": 4734.0
                        }, 
                        {
                            "name": "Farmer Mac", 
                            "count": 0, 
                            "value": 0
                        }, 
                        {
                            "name": "Private Securitization", 
                            "count": 0, 
                            "value": 0
                        }, 
                        {
                            "name": "Commercial bank, savings bank or association", 
                            "count": 15, 
                            "value": 3280.0
                        }, 
                        {
                            "name": "Life insurance co., credit union, finance co.", 
                            "count": 8, 
                            "value": 2243.0
                        }, 
                        {
                            "name": "Affiliate institution", 
                            "count": 5, 
                            "value": 804.0
                        }, 
                        {
                            "name": "Other", 
                            "count": 104, 
                            "value": 20880.0
                        }
                    ]
                }, 
                {
                    "race": "Not Available", 
                    "purchasers": [
                        {
                            "name": "Fannie Mae", 
                            "count": 567, 
                            "value": 100226.0
                        }, 
                        {
                            "name": "Ginnie Mae", 
                            "count": 365, 
                            "value": 638396.0
                        }, 
                        {
                            "name": "Freddie Mac", 
                            "count": 379, 
                            "value": 70501.0
                        }, 
                        {
                            "name": "Farmer Mac", 
                            "count": 0, 
                            "value": 0
                        }, 
                        {
                            "name": "Private Securitization", 
                            "count": 7, 
                            "value": 2112.0
                        }, 
                        {
                            "name": "Commercial bank, savings bank or association", 
                            "count": 49, 
                            "value": 10177.0
                        }, 
                        {
                            "name": "Life insurance co., credit union, finance co.", 
                            "count": 23, 
                            "value": 4532.0
                        }, 
                        {
                            "name": "Affiliate institution", 
                            "count": 61, 
                            "value": 11200.0
                        }, 
                        {
                            "name": "Other", 
                            "count": 1127, 
                            "value": 214599.0
                        }
                    ]
                }
            ]
        }, 
        {
            "characteristic": "Ethnicity", 
            "ethnicities": [
                {
                    "ethnicity": "Hispanic or Latino", 
                    "purchasers": [
                        {
                            "name": "Fannie Mae", 
                            "count": 96, 
                            "value": 12693
                        }, 
                        {
                            "name": "Ginnie Mae", 
                            "count": 76, 
                            "value": 11095
                        }, 
                        {
                            "name": "Freddie Mac", 
                            "count": 54, 
                            "value": 8382
                        }, 
                        {
                            "name": "Farmer Mac", 
                            "count": 0, 
                            "value": 0
                        }, 
                        {
                            "name": "Private Securitization", 
                            "count": 1, 
                            "value": 223
                        }, 
                        {
                            "name": "Commercial bank, savings bank or association", 
                            "count": 29, 
                            "value": 4712
                        }, 
                        {
                            "name": "Life insurance co., credit union, finance co.", 
                            "count": 12, 
                            "value": 1985
                        }, 
                        {
                            "name": "Affiliate institution", 
                            "count": 8, 
                            "value": 898
                        }, 
                        {
                            "name": "Other", 
                            "count": 291, 
                            "value": 37320
                        }
                    ]
                }, 
                {
                    "ethnicity": "Not Hispanic or Latino", 
                    "purchasers": [
                        {
                            "name": "Fannie Mae", 
                            "count": 2819, 
                            "value": 492853
                        }, 
                        {
                            "name": "Ginnie Mae", 
                            "count": 1029, 
                            "value": 177138
                        }, 
                        {
                            "name": "Freddie Mac", 
                            "count": 1466, 
                            "value": 259016
                        }, 
                        {
                            "name": "Farmer Mac", 
                            "count": 0, 
                            "value": 0
                        }, 
                        {
                            "name": "Private Securitization", 
                            "count": 43, 
                            "value": 9764
                        }, 
                        {
                            "name": "Commercial bank, savings bank or association", 
                            "count": 718, 
                            "value": 139603
                        }, 
                        {
                            "name": "Life insurance co., credit union, finance co.", 
                            "count": 322, 
                            "value": 63765
                        }, 
                        {
                            "name": "Affiliate institution", 
                            "count": 224, 
                            "value": 38487
                        }, 
                        {
                            "name": "Other", 
                            "count": 5062, 
                            "value": 916505
                        }
                    ]
                }, 
                {
                    "ethnicity": "Joint (Hispanic or Latino/Not Hispanic or Latino", 
                    "purchasers": [
                        {
                            "name": "Fannie Mae", 
                            "count": 67, 
                            "value": 11852
                        }, 
                        {
                            "name": "Ginnie Mae", 
                            "count": 35, 
                            "value": 6194
                        }, 
                        {
                            "name": "Freddie Mac", 
                            "count": 48, 
                            "value": 7677
                        }, 
                        {
                            "name": "Farmer Mac", 
                            "count": 0, 
                            "value": 0
                        }, 
                        {
                            "name": "Private Securitization", 
                            "count": 0, 
                            "value": 0
                        }, 
                        {
                            "name": "Commercial bank, savings bank or association", 
                            "count": 21, 
                            "value": 3703
                        }, 
                        {
                            "name": "Life insurance co., credit union, finance co.", 
                            "count": 12, 
                            "value": 2567
                        }, 
                        {
                            "name": "Affiliate institution", 
                            "count": 6, 
                            "value": 1183
                        }, 
                        {
                            "name": "Other", 
                            "count": 171, 
                            "value": 32719
                        }
                    ]
                }, 
                {
                    "ethnicity": "Ethnicity Not Available", 
                    "purchasers": [
                        {
                            "name": "Fannie Mae", 
                            "count": 561, 
                            "value": 98942
                        }, 
                        {
                            "name": "Ginnie Mae", 
                            "count": 361, 
                            "value": 637869
                        }, 
                        {
                            "name": "Freddie Mac", 
                            "count": 376, 
                            "value": 69883
                        }, 
                        {
                            "name": "Farmer Mac", 
                            "count": 0, 
                            "value": 0
                        }, 
                        {
                            "name": "Private Securitization", 
                            "count": 6, 
                            "value": 1516
                        }, 
                        {
                            "name": "Commercial bank, savings bank or association", 
                            "count": 48, 
                            "value": 9882
                        }, 
                        {
                            "name": "Life insurance co., credit union, finance co.", 
                            "count": 19, 
                            "value": 3664
                        }, 
                        {
                            "name": "Affiliate institution", 
                            "count": 60, 
                            "value": 11186
                        }, 
                        {
                            "name": "Other", 
                            "count": 1127, 
                            "value": 210229
                        }
                    ]
                }
            ]
        }, 
        {
            "characteristic": "Minority Status", 
            "minoritystatuses": [
                {
                    "minoritystatus": "White Non-Hispanic", 
                    "purchasers": [
                        {
                            "name": "Fannie Mae", 
                            "count": 3285, 
                            "value": 573596
                        }, 
                        {
                            "name": "Ginnie Mae", 
                            "count": 1349, 
                            "value": 807181
                        }, 
                        {
                            "name": "Freddie Mac", 
                            "count": 1799, 
                            "value": 320871
                        }, 
                        {
                            "name": "Farmer Mac", 
                            "count": 0, 
                            "value": 0
                        }, 
                        {
                            "name": "Private Securitization", 
                            "count": 47, 
                            "value": 11043
                        }, 
                        {
                            "name": "Commercial bank, savings bank or association", 
                            "count": 742, 
                            "value": 144006
                        }, 
                        {
                            "name": "Life insurance co., credit union, finance co.", 
                            "count": 334, 
                            "value": 65451
                        }, 
                        {
                            "name": "Affiliate institution", 
                            "count": 276, 
                            "value": 48396
                        }, 
                        {
                            "name": "Other", 
                            "count": 5986, 
                            "value": 1087667
                        }
                    ]
                }, 
                {
                    "minoritystatus": "Others, Including Hispanic", 
                    "purchasers": [
                        {
                            "name": "Fannie Mae", 
                            "count": 258, 
                            "value": 42744
                        }, 
                        {
                            "name": "Ginnie Mae", 
                            "count": 152, 
                            "value": 25115
                        }, 
                        {
                            "name": "Freddie Mac", 
                            "count": 145, 
                            "value": 24087
                        }, 
                        {
                            "name": "Farmer Mac", 
                            "count": 0, 
                            "value": 0
                        }, 
                        {
                            "name": "Private Securitization", 
                            "count": 3, 
                            "value": 460
                        }, 
                        {
                            "name": "Commercial bank, savings bank or association", 
                            "count": 74, 
                            "value": 13894
                        }, 
                        {
                            "name": "Life insurance co., credit union, finance co.", 
                            "count": 31, 
                            "value": 6530
                        }, 
                        {
                            "name": "Affiliate institution", 
                            "count": 22, 
                            "value": 3358
                        }, 
                        {
                            "name": "Other", 
                            "count": 665, 
                            "value": 109106
                        }
                    ]
                }
            ]
        }, 
        {
            "characteristic": "Applicant Income", 
            "applicantincomes": [
                {
                    "applicantincome": "Less than 50% of MSA/MD median", 
                    "purchasers": [
                        {
                            "name": "Fannie Mae", 
                            "count": 249, 
                            "value": 28043
                        }, 
                        {
                            "name": "Ginnie Mae", 
                            "count": 71, 
                            "value": 6524
                        }, 
                        {
                            "name": "Freddie Mac", 
                            "count": 116, 
                            "value": 13232
                        }, 
                        {
                            "name": "Farmer Mac", 
                            "count": 0, 
                            "value": 0
                        }, 
                        {
                            "name": "Private Securitization", 
                            "count": 0, 
                            "value": 0
                        }, 
                        {
                            "name": "Commercial bank, savings bank or association", 
                            "count": 38, 
                            "value": 3662
                        }, 
                        {
                            "name": "Life insurance co., credit union, finance co.", 
                            "count": 21, 
                            "value": 2059
                        }, 
                        {
                            "name": "Affiliate institution", 
                            "count": 20, 
                            "value": 2031
                        }, 
                        {
                            "name": "Other", 
                            "count": 578, 
                            "value": 55225
                        }
                    ]
                }, 
                {
                    "applicantincome": "50-79% of MSA/MD median", 
                    "purchasers": [
                        {
                            "name": "Fannie Mae", 
                            "count": 453, 
                            "value": 55379
                        }, 
                        {
                            "name": "Ginnie Mae", 
                            "count": 225, 
                            "value": 28713
                        }, 
                        {
                            "name": "Freddie Mac", 
                            "count": 237, 
                            "value": 29763
                        }, 
                        {
                            "name": "Farmer Mac", 
                            "count": 0, 
                            "value": 0
                        }, 
                        {
                            "name": "Private Securitization", 
                            "count": 6, 
                            "value": 622
                        }, 
                        {
                            "name": "Commercial bank, savings bank or association", 
                            "count": 121, 
                            "value": 16235
                        }, 
                        {
                            "name": "Life insurance co., credit union, finance co.", 
                            "count": 42, 
                            "value": 5545
                        }, 
                        {
                            "name": "Affiliate institution", 
                            "count": 37, 
                            "value": 4362
                        }, 
                        {
                            "name": "Other", 
                            "count": 1001, 
                            "value": 116858
                        }
                    ]
                }, 
                {
                    "applicantincome": "80-99% of MSA/MD median", 
                    "purchasers": [
                        {
                            "name": "Fannie Mae", 
                            "count": 357, 
                            "value": 49933
                        }, 
                        {
                            "name": "Ginnie Mae", 
                            "count": 175, 
                            "value": 27088
                        }, 
                        {
                            "name": "Freddie Mac", 
                            "count": 206, 
                            "value": 31152
                        }, 
                        {
                            "name": "Farmer Mac", 
                            "count": 0, 
                            "value": 0
                        }, 
                        {
                            "name": "Private Securitization", 
                            "count": 6, 
                            "value": 1008
                        }, 
                        {
                            "name": "Commercial bank, savings bank or association", 
                            "count": 108, 
                            "value": 16798
                        }, 
                        {
                            "name": "Life insurance co., credit union, finance co.", 
                            "count": 50, 
                            "value": 7778
                        }, 
                        {
                            "name": "Affiliate institution", 
                            "count": 25, 
                            "value": 3441
                        }, 
                        {
                            "name": "Other", 
                            "count": 765, 
                            "value": 101706
                        }
                    ]
                }, 
                {
                    "applicantincome": "100-119% of MSA/MD median", 
                    "purchasers": [
                        {
                            "name": "Fannie Mae", 
                            "count": 329, 
                            "value": 50985
                        }, 
                        {
                            "name": "Ginnie Mae", 
                            "count": 128, 
                            "value": 22102
                        }, 
                        {
                            "name": "Freddie Mac", 
                            "count": 183, 
                            "value": 29608
                        }, 
                        {
                            "name": "Farmer Mac", 
                            "count": 0, 
                            "value": 0
                        }, 
                        {
                            "name": "Private Securitization", 
                            "count": 5, 
                            "value": 786
                        }, 
                        {
                            "name": "Commercial bank, savings bank or association", 
                            "count": 79, 
                            "value": 13965
                        }, 
                        {
                            "name": "Life insurance co., credit union, finance co.", 
                            "count": 35, 
                            "value": 6172
                        }, 
                        {
                            "name": "Affiliate institution", 
                            "count": 29, 
                            "value": 3892
                        }, 
                        {
                            "name": "Other", 
                            "count": 612, 
                            "value": 92059
                        }
                    ]
                }, 
                {
                    "applicantincome": "120% or more of MSA/MD median", 
                    "purchasers": [
                        {
                            "name": "Fannie Mae", 
                            "count": 2019, 
                            "value": 406437
                        }, 
                        {
                            "name": "Ginnie Mae", 
                            "count": 338, 
                            "value": 80666
                        }, 
                        {
                            "name": "Freddie Mac", 
                            "count": 1071, 
                            "value": 215283
                        }, 
                        {
                            "name": "Farmer Mac", 
                            "count": 0, 
                            "value": 0
                        }, 
                        {
                            "name": "Private Securitization", 
                            "count": 31, 
                            "value": 8760
                        }, 
                        {
                            "name": "Commercial bank, savings bank or association", 
                            "count": 446, 
                            "value": 101653
                        }, 
                        {
                            "name": "Life insurance co., credit union, finance co.", 
                            "count": 192, 
                            "value": 45252
                        }, 
                        {
                            "name": "Affiliate institution", 
                            "count": 186, 
                            "value": 37621
                        }, 
                        {
                            "name": "Other", 
                            "count": 3157, 
                            "value": 719027
                        }
                    ]
                }, 
                {
                    "applicantincome": "income not available", 
                    "purchasers": [
                        {
                            "name": "Fannie Mae", 
                            "count": 136, 
                            "value": 25563
                        }, 
                        {
                            "name": "Ginnie Mae", 
                            "count": 564, 
                            "value": 667203
                        }, 
                        {
                            "name": "Freddie Mac", 
                            "count": 131, 
                            "value": 25920
                        }, 
                        {
                            "name": "Farmer Mac", 
                            "count": 0, 
                            "value": 0
                        }, 
                        {
                            "name": "Private Securitization", 
                            "count": 2, 
                            "value": 327
                        }, 
                        {
                            "name": "Commercial bank, savings bank or association", 
                            "count": 24, 
                            "value": 5587
                        }, 
                        {
                            "name": "Life insurance co., credit union, finance co.", 
                            "count": 25, 
                            "value": 5175
                        }, 
                        {
                            "name": "Affiliate institution", 
                            "count": 1, 
                            "value": 407
                        }, 
                        {
                            "name": "Other", 
                            "count": 538, 
                            "value": 111898
                        }
                    ]
                }
            ]
        }
    ], 
    "censuscharacteristics": [
        {
            "characteristic": "Racial/Ethnic Composition", 
            "tractpctminorities": [
                {
                    "tractpctminority": "Less than 10% minority", 
                    "purchasers": [
                        {
                            "name": "Fannie Mae", 
                            "count": 513, 
                            "value": 106887
                        }, 
                        {
                            "name": "Ginnie Mae", 
                            "count": 127, 
                            "value": 72457
                        }, 
                        {
                            "name": "Freddie Mac", 
                            "count": 277, 
                            "value": 58395
                        }, 
                        {
                            "name": "Farmer Mac", 
                            "count": 0, 
                            "value": 0
                        }, 
                        {
                            "name": "Private Securitization", 
                            "count": 11, 
                            "value": 3031
                        }, 
                        {
                            "name": "Commercial bank, savings bank or association", 
                            "count": 107, 
                            "value": 25096
                        }, 
                        {
                            "name": "Life insurance co., credit union, finance co.", 
                            "count": 62, 
                            "value": 14064
                        }, 
                        {
                            "name": "Affiliate institution", 
                            "count": 34, 
                            "value": 8018
                        }, 
                        {
                            "name": "Other", 
                            "count": 837, 
                            "value": 203342
                        }
                    ]
                }, 
                {
                    "tractpctminority": "10-19% minority", 
                    "purchasers": [
                        {
                            "name": "Fannie Mae", 
                            "count": 3030, 
                            "value": 509453
                        }, 
                        {
                            "name": "Ginnie Mae", 
                            "count": 1374, 
                            "value": 759839
                        }, 
                        {
                            "name": "Freddie Mac", 
                            "count": 1667, 
                            "value": 286563
                        }, 
                        {
                            "name": "Farmer Mac", 
                            "count": 0, 
                            "value": 0
                        }, 
                        {
                            "name": "Private Securitization", 
                            "count": 39, 
                            "value": 8472
                        }, 
                        {
                            "name": "Commercial bank, savings bank or association", 
                            "count": 709, 
                            "value": 132804
                        }, 
                        {
                            "name": "Life insurance co., credit union, finance co.", 
                            "count": 303, 
                            "value": 57917
                        }, 
                        {
                            "name": "Affiliate institution", 
                            "count": 264, 
                            "value": 43736
                        }, 
                        {
                            "name": "Other", 
                            "count": 5814, 
                            "value": 993431
                        }
                    ]
                }, 
                {
                    "tractpctminority": "20-49% minority", 
                    "purchasers": [
                        {
                            "name": "Fannie Mae", 
                            "count": 0, 
                            "value": 0
                        }, 
                        {
                            "name": "Ginnie Mae", 
                            "count": 0, 
                            "value": 0
                        }, 
                        {
                            "name": "Freddie Mac", 
                            "count": 0, 
                            "value": 0
                        }, 
                        {
                            "name": "Farmer Mac", 
                            "count": 0, 
                            "value": 0
                        }, 
                        {
                            "name": "Private Securitization", 
                            "count": 0, 
                            "value": 0
                        }, 
                        {
                            "name": "Commercial bank, savings bank or association", 
                            "count": 0, 
                            "value": 0
                        }, 
                        {
                            "name": "Life insurance co., credit union, finance co.", 
                            "count": 0, 
                            "value": 0
                        }, 
                        {
                            "name": "Affiliate institution", 
                            "count": 0, 
                            "value": 0
                        }, 
                        {
                            "name": "Other", 
                            "count": 0, 
                            "value": 0
                        }
                    ]
                }, 
                {
                    "tractpctminority": "50-79% minority", 
                    "purchasers": [
                        {
                            "name": "Fannie Mae", 
                            "count": 0, 
                            "value": 0
                        }, 
                        {
                            "name": "Ginnie Mae", 
                            "count": 0, 
                            "value": 0
                        }, 
                        {
                            "name": "Freddie Mac", 
                            "count": 0, 
                            "value": 0
                        }, 
                        {
                            "name": "Farmer Mac", 
                            "count": 0, 
                            "value": 0
                        }, 
                        {
                            "name": "Private Securitization", 
                            "count": 0, 
                            "value": 0
                        }, 
                        {
                            "name": "Commercial bank, savings bank or association", 
                            "count": 0, 
                            "value": 0
                        }, 
                        {
                            "name": "Life insurance co., credit union, finance co.", 
                            "count": 0, 
                            "value": 0
                        }, 
                        {
                            "name": "Affiliate institution", 
                            "count": 0, 
                            "value": 0
                        }, 
                        {
                            "name": "Other", 
                            "count": 0, 
                            "value": 0
                        }
                    ]
                }, 
                {
                    "tractpctminority": "80-100% minority", 
                    "purchasers": [
                        {
                            "name": "Fannie Mae", 
                            "count": 0, 
                            "value": 0
                        }, 
                        {
                            "name": "Ginnie Mae", 
                            "count": 0, 
                            "value": 0
                        }, 
                        {
                            "name": "Freddie Mac", 
                            "count": 0, 
                            "value": 0
                        }, 
                        {
                            "name": "Farmer Mac", 
                            "count": 0, 
                            "value": 0
                        }, 
                        {
                            "name": "Private Securitization", 
                            "count": 0, 
                            "value": 0
                        }, 
                        {
                            "name": "Commercial bank, savings bank or association", 
                            "count": 0, 
                            "value": 0
                        }, 
                        {
                            "name": "Life insurance co., credit union, finance co.", 
                            "count": 0, 
                            "value": 0
                        }, 
                        {
                            "name": "Affiliate institution", 
                            "count": 0, 
                            "value": 0
                        }, 
                        {
                            "name": "Other", 
                            "count": 0, 
                            "value": 0
                        }
                    ]
                }
            ]
        }, 
        {
            "characteristic": "Income", 
            "incomelevels": [
                {
                    "incomelevel": "Low income", 
                    "purchasers": [
                        {
                            "name": "Fannie Mae", 
                            "count": 0, 
                            "value": 0
                        }, 
                        {
                            "name": "Ginnie Mae", 
                            "count": 0, 
                            "value": 0
                        }, 
                        {
                            "name": "Freddie Mac", 
                            "count": 0, 
                            "value": 0
                        }, 
                        {
                            "name": "Farmer Mac", 
                            "count": 0, 
                            "value": 0
                        }, 
                        {
                            "name": "Private Securitization", 
                            "count": 0, 
                            "value": 0
                        }, 
                        {
                            "name": "Commercial bank, savings bank or association", 
                            "count": 0, 
                            "value": 0
                        }, 
                        {
                            "name": "Life insurance co., credit union, finance co.", 
                            "count": 0, 
                            "value": 0
                        }, 
                        {
                            "name": "Affiliate institution", 
                            "count": 0, 
                            "value": 0
                        }, 
                        {
                            "name": "Other", 
                            "count": 0, 
                            "value": 0
                        }
                    ]
                }, 
                {
                    "incomelevel": "Moderate income", 
                    "purchasers": [
                        {
                            "name": "Fannie Mae", 
                            "count": 305, 
                            "value": 39664
                        }, 
                        {
                            "name": "Ginnie Mae", 
                            "count": 220, 
                            "value": 153240
                        }, 
                        {
                            "name": "Freddie Mac", 
                            "count": 183, 
                            "value": 23064
                        }, 
                        {
                            "name": "Farmer Mac", 
                            "count": 0, 
                            "value": 0
                        }, 
                        {
                            "name": "Private Securitization", 
                            "count": 1, 
                            "value": 148
                        }, 
                        {
                            "name": "Commercial bank, savings bank or association", 
                            "count": 77, 
                            "value": 11141
                        }, 
                        {
                            "name": "Life insurance co., credit union, finance co.", 
                            "count": 38, 
                            "value": 5089
                        }, 
                        {
                            "name": "Affiliate institution", 
                            "count": 26, 
                            "value": 2930
                        }, 
                        {
                            "name": "Other", 
                            "count": 701, 
                            "value": 89704
                        }
                    ]
                }, 
                {
                    "incomelevel": "Middle income", 
                    "purchasers": [
                        {
                            "name": "Fannie Mae", 
                            "count": 2394, 
                            "value": 392997
                        }, 
                        {
                            "name": "Ginnie Mae", 
                            "count": 1119, 
                            "value": 604127
                        }, 
                        {
                            "name": "Freddie Mac", 
                            "count": 1250, 
                            "value": 207084
                        }, 
                        {
                            "name": "Farmer Mac", 
                            "count": 0, 
                            "value": 0
                        }, 
                        {
                            "name": "Private Securitization", 
                            "count": 30, 
                            "value": 5918
                        }, 
                        {
                            "name": "Commercial bank, savings bank or association", 
                            "count": 546, 
                            "value": 100221
                        }, 
                        {
                            "name": "Life insurance co., credit union, finance co.", 
                            "count": 216, 
                            "value": 38023
                        }, 
                        {
                            "name": "Affiliate institution", 
                            "count": 208, 
                            "value": 33041
                        }, 
                        {
                            "name": "Other", 
                            "count": 4560, 
                            "value": 714324
                        }
                    ]
                }, 
                {
                    "incomelevel": "Upper income", 
                    "purchasers": [
                        {
                            "name": "Fannie Mae", 
                            "count": 844, 
                            "value": 183679
                        }, 
                        {
                            "name": "Ginnie Mae", 
                            "count": 162, 
                            "value": 74929
                        }, 
                        {
                            "name": "Freddie Mac", 
                            "count": 511, 
                            "value": 114810
                        }, 
                        {
                            "name": "Farmer Mac", 
                            "count": 0, 
                            "value": 0
                        }, 
                        {
                            "name": "Private Securitization", 
                            "count": 19, 
                            "value": 5437
                        }, 
                        {
                            "name": "Commercial bank, savings bank or association", 
                            "count": 193, 
                            "value": 46538
                        }, 
                        {
                            "name": "Life insurance co., credit union, finance co.", 
                            "count": 111, 
                            "value": 28869
                        }, 
                        {
                            "name": "Affiliate institution", 
                            "count": 64, 
                            "value": 15783
                        }, 
                        {
                            "name": "Other", 
                            "count": 1390, 
                            "value": 392745
                        }
                    ]
                }
            ]
        }
    ], 
    "total": {
        "purchasers": [
            {
                "name": "Fannie Mae", 
                "count": 3543, 
                "value": 616340
            }, 
            {
                "name": "Ginnie Mae", 
                "count": 1501, 
                "value": 832296
            }, 
            {
                "name": "Freddie Mac", 
                "count": 1944, 
                "value": 344958
            }, 
            {
                "name": "Farmer Mac", 
                "count": 0, 
                "value": 0
            }, 
            {
                "name": "Private Securitization", 
                "count": 50, 
                "value": 11503
            }, 
            {
                "name": "Commercial bank, savings bank or association", 
                "count": 816, 
                "value": 157900
            }, 
            {
                "name": "Life insurance co., credit union, finance co.", 
                "count": 365, 
                "value": 71981
            }, 
            {
                "name": "Affiliate institution", 
                "count": 298, 
                "value": 51754
            }, 
            {
                "name": "Other", 
                "count": 6651, 
                "value": 1196773
            }
        ]
    }
}