{
    "table": "3-1", 
    "type": "Aggregate", 
    "desc": "Loans sold, by characteristics of borrower and census tract in which property is located and by type of purchaser (includes originations and purchased loans),", 
    "year": "2012", 
    "msa": {
        "id": "29420", 
        "name": "Lake-Havasu-City-Kingman", 
        "state": "AZ", 
        "state_name": "Arizona"
    }, 
    "borrowercharacteristics": [
        {
            "characteristic": "Race", 
            "races": [
                {
                    "race": "American Indian/Alaska Native", 
                    "purchasers": [
                        {
                            "name": "Fannie Mae", 
                            "count": 11, 
                            "value": 1786.0
                        }, 
                        {
                            "name": "Ginnie Mae", 
                            "count": 3, 
                            "value": 507.0
                        }, 
                        {
                            "name": "Freddie Mac", 
                            "count": 2, 
                            "value": 402.0
                        }, 
                        {
                            "name": "Farmer Mac", 
                            "count": 0, 
                            "value": 0
                        }, 
                        {
                            "name": "Private Securitization", 
                            "count": 0, 
                            "value": 0
                        }, 
                        {
                            "name": "Commercial bank, savings bank or association", 
                            "count": 1, 
                            "value": 104.0
                        }, 
                        {
                            "name": "Life insurance co., credit union, finance co.", 
                            "count": 0, 
                            "value": 0
                        }, 
                        {
                            "name": "Affiliate institution", 
                            "count": 1, 
                            "value": 221.0
                        }, 
                        {
                            "name": "Other", 
                            "count": 15, 
                            "value": 2275.0
                        }
                    ]
                }, 
                {
                    "race": "Asian", 
                    "purchasers": [
                        {
                            "name": "Fannie Mae", 
                            "count": 7, 
                            "value": 816.0
                        }, 
                        {
                            "name": "Ginnie Mae", 
                            "count": 10, 
                            "value": 1349.0
                        }, 
                        {
                            "name": "Freddie Mac", 
                            "count": 2, 
                            "value": 276.0
                        }, 
                        {
                            "name": "Farmer Mac", 
                            "count": 0, 
                            "value": 0
                        }, 
                        {
                            "name": "Private Securitization", 
                            "count": 0, 
                            "value": 0
                        }, 
                        {
                            "name": "Commercial bank, savings bank or association", 
                            "count": 3, 
                            "value": 412.0
                        }, 
                        {
                            "name": "Life insurance co., credit union, finance co.", 
                            "count": 0, 
                            "value": 0
                        }, 
                        {
                            "name": "Affiliate institution", 
                            "count": 1, 
                            "value": 127.0
                        }, 
                        {
                            "name": "Other", 
                            "count": 27, 
                            "value": 2711.0
                        }
                    ]
                }, 
                {
                    "race": "Black or African American", 
                    "purchasers": [
                        {
                            "name": "Fannie Mae", 
                            "count": 20, 
                            "value": 3088.0
                        }, 
                        {
                            "name": "Ginnie Mae", 
                            "count": 6, 
                            "value": 689.0
                        }, 
                        {
                            "name": "Freddie Mac", 
                            "count": 15, 
                            "value": 2804.0
                        }, 
                        {
                            "name": "Farmer Mac", 
                            "count": 0, 
                            "value": 0
                        }, 
                        {
                            "name": "Private Securitization", 
                            "count": 0, 
                            "value": 0
                        }, 
                        {
                            "name": "Commercial bank, savings bank or association", 
                            "count": 4, 
                            "value": 503.0
                        }, 
                        {
                            "name": "Life insurance co., credit union, finance co.", 
                            "count": 1, 
                            "value": 182.0
                        }, 
                        {
                            "name": "Affiliate institution", 
                            "count": 1, 
                            "value": 191.0
                        }, 
                        {
                            "name": "Other", 
                            "count": 45, 
                            "value": 7260.0
                        }
                    ]
                }, 
                {
                    "race": "Native Hawaiian or Other Pacific Islander", 
                    "purchasers": [
                        {
                            "name": "Fannie Mae", 
                            "count": 11, 
                            "value": 1912.0
                        }, 
                        {
                            "name": "Ginnie Mae", 
                            "count": 3, 
                            "value": 468.0
                        }, 
                        {
                            "name": "Freddie Mac", 
                            "count": 6, 
                            "value": 1022.0
                        }, 
                        {
                            "name": "Farmer Mac", 
                            "count": 0, 
                            "value": 0
                        }, 
                        {
                            "name": "Private Securitization", 
                            "count": 0, 
                            "value": 0
                        }, 
                        {
                            "name": "Commercial bank, savings bank or association", 
                            "count": 1, 
                            "value": 172.0
                        }, 
                        {
                            "name": "Life insurance co., credit union, finance co.", 
                            "count": 0, 
                            "value": 0
                        }, 
                        {
                            "name": "Affiliate institution", 
                            "count": 0, 
                            "value": 0
                        }, 
                        {
                            "name": "Other", 
                            "count": 25, 
                            "value": 3845.0
                        }
                    ]
                }, 
                {
                    "race": "White", 
                    "purchasers": [
                        {
                            "name": "Fannie Mae", 
                            "count": 5, 
                            "value": 670.0
                        }, 
                        {
                            "name": "Ginnie Mae", 
                            "count": 3, 
                            "value": 270.0
                        }, 
                        {
                            "name": "Freddie Mac", 
                            "count": 4, 
                            "value": 765.0
                        }, 
                        {
                            "name": "Farmer Mac", 
                            "count": 0, 
                            "value": 0
                        }, 
                        {
                            "name": "Private Securitization", 
                            "count": 0, 
                            "value": 0
                        }, 
                        {
                            "name": "Commercial bank, savings bank or association", 
                            "count": 1, 
                            "value": 112.0
                        }, 
                        {
                            "name": "Life insurance co., credit union, finance co.", 
                            "count": 0, 
                            "value": 0
                        }, 
                        {
                            "name": "Affiliate institution", 
                            "count": 0, 
                            "value": 0
                        }, 
                        {
                            "name": "Other", 
                            "count": 15, 
                            "value": 1688.0
                        }
                    ]
                }, 
                {
                    "race": "2 or more minority races", 
                    "purchasers": [
                        {
                            "name": "Fannie Mae", 
                            "count": 2130, 
                            "value": 318822.0
                        }, 
                        {
                            "name": "Ginnie Mae", 
                            "count": 972, 
                            "value": 133127.0
                        }, 
                        {
                            "name": "Freddie Mac", 
                            "count": 1202, 
                            "value": 177890.0
                        }, 
                        {
                            "name": "Farmer Mac", 
                            "count": 0, 
                            "value": 0
                        }, 
                        {
                            "name": "Private Securitization", 
                            "count": 15, 
                            "value": 2439.0
                        }, 
                        {
                            "name": "Commercial bank, savings bank or association", 
                            "count": 545, 
                            "value": 83267.0
                        }, 
                        {
                            "name": "Life insurance co., credit union, finance co.", 
                            "count": 332, 
                            "value": 46061.0
                        }, 
                        {
                            "name": "Affiliate institution", 
                            "count": 137, 
                            "value": 21548.0
                        }, 
                        {
                            "name": "Other", 
                            "count": 4178, 
                            "value": 568483.0
                        }
                    ]
                }, 
                {
                    "race": "Joint (White/Minority Race", 
                    "purchasers": [
                        {
                            "name": "Fannie Mae", 
                            "count": 30, 
                            "value": 5442.0
                        }, 
                        {
                            "name": "Ginnie Mae", 
                            "count": 9, 
                            "value": 1164.0
                        }, 
                        {
                            "name": "Freddie Mac", 
                            "count": 31, 
                            "value": 5142.0
                        }, 
                        {
                            "name": "Farmer Mac", 
                            "count": 0, 
                            "value": 0
                        }, 
                        {
                            "name": "Private Securitization", 
                            "count": 0, 
                            "value": 0
                        }, 
                        {
                            "name": "Commercial bank, savings bank or association", 
                            "count": 8, 
                            "value": 1255.0
                        }, 
                        {
                            "name": "Life insurance co., credit union, finance co.", 
                            "count": 4, 
                            "value": 415.0
                        }, 
                        {
                            "name": "Affiliate institution", 
                            "count": 4, 
                            "value": 616.0
                        }, 
                        {
                            "name": "Other", 
                            "count": 96, 
                            "value": 13822.0
                        }
                    ]
                }, 
                {
                    "race": "Not Available", 
                    "purchasers": [
                        {
                            "name": "Fannie Mae", 
                            "count": 594, 
                            "value": 89566.0
                        }, 
                        {
                            "name": "Ginnie Mae", 
                            "count": 175, 
                            "value": 26246.0
                        }, 
                        {
                            "name": "Freddie Mac", 
                            "count": 276, 
                            "value": 44805.0
                        }, 
                        {
                            "name": "Farmer Mac", 
                            "count": 0, 
                            "value": 0
                        }, 
                        {
                            "name": "Private Securitization", 
                            "count": 1, 
                            "value": 75.0
                        }, 
                        {
                            "name": "Commercial bank, savings bank or association", 
                            "count": 39, 
                            "value": 5655.0
                        }, 
                        {
                            "name": "Life insurance co., credit union, finance co.", 
                            "count": 19, 
                            "value": 3229.0
                        }, 
                        {
                            "name": "Affiliate institution", 
                            "count": 56, 
                            "value": 8908.0
                        }, 
                        {
                            "name": "Other", 
                            "count": 872, 
                            "value": 120956.0
                        }
                    ]
                }
            ]
        }, 
        {
            "characteristic": "Ethnicity", 
            "ethnicities": [
                {
                    "ethnicity": "Hispanic or Latino", 
                    "purchasers": [
                        {
                            "name": "Fannie Mae", 
                            "count": 108, 
                            "value": 15138
                        }, 
                        {
                            "name": "Ginnie Mae", 
                            "count": 64, 
                            "value": 6770
                        }, 
                        {
                            "name": "Freddie Mac", 
                            "count": 72, 
                            "value": 10194
                        }, 
                        {
                            "name": "Farmer Mac", 
                            "count": 0, 
                            "value": 0
                        }, 
                        {
                            "name": "Private Securitization", 
                            "count": 0, 
                            "value": 0
                        }, 
                        {
                            "name": "Commercial bank, savings bank or association", 
                            "count": 27, 
                            "value": 3498
                        }, 
                        {
                            "name": "Life insurance co., credit union, finance co.", 
                            "count": 16, 
                            "value": 1808
                        }, 
                        {
                            "name": "Affiliate institution", 
                            "count": 10, 
                            "value": 1678
                        }, 
                        {
                            "name": "Other", 
                            "count": 272, 
                            "value": 30744
                        }
                    ]
                }, 
                {
                    "ethnicity": "Not Hispanic or Latino", 
                    "purchasers": [
                        {
                            "name": "Fannie Mae", 
                            "count": 2041, 
                            "value": 306189
                        }, 
                        {
                            "name": "Ginnie Mae", 
                            "count": 921, 
                            "value": 127228
                        }, 
                        {
                            "name": "Freddie Mac", 
                            "count": 1148, 
                            "value": 171014
                        }, 
                        {
                            "name": "Farmer Mac", 
                            "count": 0, 
                            "value": 0
                        }, 
                        {
                            "name": "Private Securitization", 
                            "count": 14, 
                            "value": 2191
                        }, 
                        {
                            "name": "Commercial bank, savings bank or association", 
                            "count": 517, 
                            "value": 78387
                        }, 
                        {
                            "name": "Life insurance co., credit union, finance co.", 
                            "count": 315, 
                            "value": 43834
                        }, 
                        {
                            "name": "Affiliate institution", 
                            "count": 127, 
                            "value": 19842
                        }, 
                        {
                            "name": "Other", 
                            "count": 3995, 
                            "value": 552528
                        }
                    ]
                }, 
                {
                    "ethnicity": "Joint (Hispanic or Latino/Not Hispanic or Latino", 
                    "purchasers": [
                        {
                            "name": "Fannie Mae", 
                            "count": 97, 
                            "value": 16127
                        }, 
                        {
                            "name": "Ginnie Mae", 
                            "count": 32, 
                            "value": 5712
                        }, 
                        {
                            "name": "Freddie Mac", 
                            "count": 50, 
                            "value": 7689
                        }, 
                        {
                            "name": "Farmer Mac", 
                            "count": 0, 
                            "value": 0
                        }, 
                        {
                            "name": "Private Securitization", 
                            "count": 0, 
                            "value": 0
                        }, 
                        {
                            "name": "Commercial bank, savings bank or association", 
                            "count": 19, 
                            "value": 3839
                        }, 
                        {
                            "name": "Life insurance co., credit union, finance co.", 
                            "count": 10, 
                            "value": 1672
                        }, 
                        {
                            "name": "Affiliate institution", 
                            "count": 9, 
                            "value": 1515
                        }, 
                        {
                            "name": "Other", 
                            "count": 142, 
                            "value": 20294
                        }
                    ]
                }, 
                {
                    "ethnicity": "Ethnicity Not Available", 
                    "purchasers": [
                        {
                            "name": "Fannie Mae", 
                            "count": 562, 
                            "value": 84648
                        }, 
                        {
                            "name": "Ginnie Mae", 
                            "count": 164, 
                            "value": 24110
                        }, 
                        {
                            "name": "Freddie Mac", 
                            "count": 268, 
                            "value": 44209
                        }, 
                        {
                            "name": "Farmer Mac", 
                            "count": 0, 
                            "value": 0
                        }, 
                        {
                            "name": "Private Securitization", 
                            "count": 2, 
                            "value": 323
                        }, 
                        {
                            "name": "Commercial bank, savings bank or association", 
                            "count": 39, 
                            "value": 5756
                        }, 
                        {
                            "name": "Life insurance co., credit union, finance co.", 
                            "count": 15, 
                            "value": 2573
                        }, 
                        {
                            "name": "Affiliate institution", 
                            "count": 54, 
                            "value": 8576
                        }, 
                        {
                            "name": "Other", 
                            "count": 864, 
                            "value": 117474
                        }
                    ]
                }
            ]
        }, 
        {
            "characteristic": "Minority Status", 
            "minoritystatuses": [
                {
                    "minoritystatus": "White Non-Hispanic", 
                    "purchasers": [
                        {
                            "name": "Fannie Mae", 
                            "count": 2539, 
                            "value": 379983
                        }, 
                        {
                            "name": "Ginnie Mae", 
                            "count": 1054, 
                            "value": 147675
                        }, 
                        {
                            "name": "Freddie Mac", 
                            "count": 1366, 
                            "value": 206495
                        }, 
                        {
                            "name": "Farmer Mac", 
                            "count": 0, 
                            "value": 0
                        }, 
                        {
                            "name": "Private Securitization", 
                            "count": 16, 
                            "value": 2514
                        }, 
                        {
                            "name": "Commercial bank, savings bank or association", 
                            "count": 541, 
                            "value": 82035
                        }, 
                        {
                            "name": "Life insurance co., credit union, finance co.", 
                            "count": 324, 
                            "value": 45716
                        }, 
                        {
                            "name": "Affiliate institution", 
                            "count": 176, 
                            "value": 27529
                        }, 
                        {
                            "name": "Other", 
                            "count": 4668, 
                            "value": 642689
                        }
                    ]
                }, 
                {
                    "minoritystatus": "Others, Including Hispanic", 
                    "purchasers": [
                        {
                            "name": "Fannie Mae", 
                            "count": 269, 
                            "value": 42119
                        }, 
                        {
                            "name": "Ginnie Mae", 
                            "count": 127, 
                            "value": 16145
                        }, 
                        {
                            "name": "Freddie Mac", 
                            "count": 172, 
                            "value": 26611
                        }, 
                        {
                            "name": "Farmer Mac", 
                            "count": 0, 
                            "value": 0
                        }, 
                        {
                            "name": "Private Securitization", 
                            "count": 0, 
                            "value": 0
                        }, 
                        {
                            "name": "Commercial bank, savings bank or association", 
                            "count": 61, 
                            "value": 9445
                        }, 
                        {
                            "name": "Life insurance co., credit union, finance co.", 
                            "count": 32, 
                            "value": 4171
                        }, 
                        {
                            "name": "Affiliate institution", 
                            "count": 24, 
                            "value": 4082
                        }, 
                        {
                            "name": "Other", 
                            "count": 605, 
                            "value": 78351
                        }
                    ]
                }
            ]
        }, 
        {
            "characteristic": "Applicant Income", 
            "applicantincomes": [
                {
                    "applicantincome": "Less than 50% of MSA/MD median", 
                    "purchasers": [
                        {
                            "name": "Fannie Mae", 
                            "count": 193, 
                            "value": 22152
                        }, 
                        {
                            "name": "Ginnie Mae", 
                            "count": 99, 
                            "value": 7400
                        }, 
                        {
                            "name": "Freddie Mac", 
                            "count": 97, 
                            "value": 9694
                        }, 
                        {
                            "name": "Farmer Mac", 
                            "count": 0, 
                            "value": 0
                        }, 
                        {
                            "name": "Private Securitization", 
                            "count": 0, 
                            "value": 0
                        }, 
                        {
                            "name": "Commercial bank, savings bank or association", 
                            "count": 35, 
                            "value": 2997
                        }, 
                        {
                            "name": "Life insurance co., credit union, finance co.", 
                            "count": 39, 
                            "value": 3364
                        }, 
                        {
                            "name": "Affiliate institution", 
                            "count": 5, 
                            "value": 656
                        }, 
                        {
                            "name": "Other", 
                            "count": 514, 
                            "value": 42383
                        }
                    ]
                }, 
                {
                    "applicantincome": "50-79% of MSA/MD median", 
                    "purchasers": [
                        {
                            "name": "Fannie Mae", 
                            "count": 351, 
                            "value": 39854
                        }, 
                        {
                            "name": "Ginnie Mae", 
                            "count": 219, 
                            "value": 22399
                        }, 
                        {
                            "name": "Freddie Mac", 
                            "count": 174, 
                            "value": 18862
                        }, 
                        {
                            "name": "Farmer Mac", 
                            "count": 0, 
                            "value": 0
                        }, 
                        {
                            "name": "Private Securitization", 
                            "count": 2, 
                            "value": 178
                        }, 
                        {
                            "name": "Commercial bank, savings bank or association", 
                            "count": 115, 
                            "value": 12862
                        }, 
                        {
                            "name": "Life insurance co., credit union, finance co.", 
                            "count": 63, 
                            "value": 6820
                        }, 
                        {
                            "name": "Affiliate institution", 
                            "count": 25, 
                            "value": 3672
                        }, 
                        {
                            "name": "Other", 
                            "count": 800, 
                            "value": 77116
                        }
                    ]
                }, 
                {
                    "applicantincome": "80-99% of MSA/MD median", 
                    "purchasers": [
                        {
                            "name": "Fannie Mae", 
                            "count": 250, 
                            "value": 32758
                        }, 
                        {
                            "name": "Ginnie Mae", 
                            "count": 145, 
                            "value": 18315
                        }, 
                        {
                            "name": "Freddie Mac", 
                            "count": 151, 
                            "value": 19367
                        }, 
                        {
                            "name": "Farmer Mac", 
                            "count": 0, 
                            "value": 0
                        }, 
                        {
                            "name": "Private Securitization", 
                            "count": 1, 
                            "value": 190
                        }, 
                        {
                            "name": "Commercial bank, savings bank or association", 
                            "count": 76, 
                            "value": 9460
                        }, 
                        {
                            "name": "Life insurance co., credit union, finance co.", 
                            "count": 45, 
                            "value": 5589
                        }, 
                        {
                            "name": "Affiliate institution", 
                            "count": 12, 
                            "value": 1663
                        }, 
                        {
                            "name": "Other", 
                            "count": 598, 
                            "value": 68950
                        }
                    ]
                }, 
                {
                    "applicantincome": "100-119% of MSA/MD median", 
                    "purchasers": [
                        {
                            "name": "Fannie Mae", 
                            "count": 233, 
                            "value": 32977
                        }, 
                        {
                            "name": "Ginnie Mae", 
                            "count": 117, 
                            "value": 16680
                        }, 
                        {
                            "name": "Freddie Mac", 
                            "count": 127, 
                            "value": 18132
                        }, 
                        {
                            "name": "Farmer Mac", 
                            "count": 0, 
                            "value": 0
                        }, 
                        {
                            "name": "Private Securitization", 
                            "count": 1, 
                            "value": 90
                        }, 
                        {
                            "name": "Commercial bank, savings bank or association", 
                            "count": 68, 
                            "value": 9817
                        }, 
                        {
                            "name": "Life insurance co., credit union, finance co.", 
                            "count": 39, 
                            "value": 5201
                        }, 
                        {
                            "name": "Affiliate institution", 
                            "count": 18, 
                            "value": 2513
                        }, 
                        {
                            "name": "Other", 
                            "count": 486, 
                            "value": 58271
                        }
                    ]
                }, 
                {
                    "applicantincome": "120% or more of MSA/MD median", 
                    "purchasers": [
                        {
                            "name": "Fannie Mae", 
                            "count": 1499, 
                            "value": 253617
                        }, 
                        {
                            "name": "Ginnie Mae", 
                            "count": 243, 
                            "value": 42842
                        }, 
                        {
                            "name": "Freddie Mac", 
                            "count": 840, 
                            "value": 142552
                        }, 
                        {
                            "name": "Farmer Mac", 
                            "count": 0, 
                            "value": 0
                        }, 
                        {
                            "name": "Private Securitization", 
                            "count": 12, 
                            "value": 2056
                        }, 
                        {
                            "name": "Commercial bank, savings bank or association", 
                            "count": 274, 
                            "value": 50301
                        }, 
                        {
                            "name": "Life insurance co., credit union, finance co.", 
                            "count": 141, 
                            "value": 24785
                        }, 
                        {
                            "name": "Affiliate institution", 
                            "count": 135, 
                            "value": 22571
                        }, 
                        {
                            "name": "Other", 
                            "count": 2357, 
                            "value": 399367
                        }
                    ]
                }, 
                {
                    "applicantincome": "income not available", 
                    "purchasers": [
                        {
                            "name": "Fannie Mae", 
                            "count": 282, 
                            "value": 40744
                        }, 
                        {
                            "name": "Ginnie Mae", 
                            "count": 358, 
                            "value": 56184
                        }, 
                        {
                            "name": "Freddie Mac", 
                            "count": 149, 
                            "value": 24499
                        }, 
                        {
                            "name": "Farmer Mac", 
                            "count": 0, 
                            "value": 0
                        }, 
                        {
                            "name": "Private Securitization", 
                            "count": 0, 
                            "value": 0
                        }, 
                        {
                            "name": "Commercial bank, savings bank or association", 
                            "count": 34, 
                            "value": 6043
                        }, 
                        {
                            "name": "Life insurance co., credit union, finance co.", 
                            "count": 29, 
                            "value": 4128
                        }, 
                        {
                            "name": "Affiliate institution", 
                            "count": 5, 
                            "value": 536
                        }, 
                        {
                            "name": "Other", 
                            "count": 518, 
                            "value": 74953
                        }
                    ]
                }
            ]
        }
    ], 
    "censuscharacteristics": [
        {
            "characteristic": "Racial/Ethnic Composition", 
            "tractpctminorities": [
                {
                    "tractpctminority": "Less than 10% minority", 
                    "purchasers": [
                        {
                            "name": "Fannie Mae", 
                            "count": 80, 
                            "value": 17028
                        }, 
                        {
                            "name": "Ginnie Mae", 
                            "count": 12, 
                            "value": 2819
                        }, 
                        {
                            "name": "Freddie Mac", 
                            "count": 34, 
                            "value": 7217
                        }, 
                        {
                            "name": "Farmer Mac", 
                            "count": 0, 
                            "value": 0
                        }, 
                        {
                            "name": "Private Securitization", 
                            "count": 2, 
                            "value": 378
                        }, 
                        {
                            "name": "Commercial bank, savings bank or association", 
                            "count": 20, 
                            "value": 4780
                        }, 
                        {
                            "name": "Life insurance co., credit union, finance co.", 
                            "count": 12, 
                            "value": 3051
                        }, 
                        {
                            "name": "Affiliate institution", 
                            "count": 4, 
                            "value": 625
                        }, 
                        {
                            "name": "Other", 
                            "count": 132, 
                            "value": 28364
                        }
                    ]
                }, 
                {
                    "tractpctminority": "10-19% minority", 
                    "purchasers": [
                        {
                            "name": "Fannie Mae", 
                            "count": 2727, 
                            "value": 405021
                        }, 
                        {
                            "name": "Ginnie Mae", 
                            "count": 1169, 
                            "value": 161001
                        }, 
                        {
                            "name": "Freddie Mac", 
                            "count": 1504, 
                            "value": 225889
                        }, 
                        {
                            "name": "Farmer Mac", 
                            "count": 0, 
                            "value": 0
                        }, 
                        {
                            "name": "Private Securitization", 
                            "count": 14, 
                            "value": 2136
                        }, 
                        {
                            "name": "Commercial bank, savings bank or association", 
                            "count": 582, 
                            "value": 86700
                        }, 
                        {
                            "name": "Life insurance co., credit union, finance co.", 
                            "count": 344, 
                            "value": 46836
                        }, 
                        {
                            "name": "Affiliate institution", 
                            "count": 196, 
                            "value": 30986
                        }, 
                        {
                            "name": "Other", 
                            "count": 5138, 
                            "value": 692278
                        }
                    ]
                }, 
                {
                    "tractpctminority": "20-49% minority", 
                    "purchasers": [
                        {
                            "name": "Fannie Mae", 
                            "count": 0, 
                            "value": 0
                        }, 
                        {
                            "name": "Ginnie Mae", 
                            "count": 0, 
                            "value": 0
                        }, 
                        {
                            "name": "Freddie Mac", 
                            "count": 0, 
                            "value": 0
                        }, 
                        {
                            "name": "Farmer Mac", 
                            "count": 0, 
                            "value": 0
                        }, 
                        {
                            "name": "Private Securitization", 
                            "count": 0, 
                            "value": 0
                        }, 
                        {
                            "name": "Commercial bank, savings bank or association", 
                            "count": 0, 
                            "value": 0
                        }, 
                        {
                            "name": "Life insurance co., credit union, finance co.", 
                            "count": 0, 
                            "value": 0
                        }, 
                        {
                            "name": "Affiliate institution", 
                            "count": 0, 
                            "value": 0
                        }, 
                        {
                            "name": "Other", 
                            "count": 0, 
                            "value": 0
                        }
                    ]
                }, 
                {
                    "tractpctminority": "50-79% minority", 
                    "purchasers": [
                        {
                            "name": "Fannie Mae", 
                            "count": 1, 
                            "value": 53
                        }, 
                        {
                            "name": "Ginnie Mae", 
                            "count": 0, 
                            "value": 0
                        }, 
                        {
                            "name": "Freddie Mac", 
                            "count": 0, 
                            "value": 0
                        }, 
                        {
                            "name": "Farmer Mac", 
                            "count": 0, 
                            "value": 0
                        }, 
                        {
                            "name": "Private Securitization", 
                            "count": 0, 
                            "value": 0
                        }, 
                        {
                            "name": "Commercial bank, savings bank or association", 
                            "count": 0, 
                            "value": 0
                        }, 
                        {
                            "name": "Life insurance co., credit union, finance co.", 
                            "count": 0, 
                            "value": 0
                        }, 
                        {
                            "name": "Affiliate institution", 
                            "count": 0, 
                            "value": 0
                        }, 
                        {
                            "name": "Other", 
                            "count": 3, 
                            "value": 398
                        }
                    ]
                }, 
                {
                    "tractpctminority": "80-100% minority", 
                    "purchasers": [
                        {
                            "name": "Fannie Mae", 
                            "count": 0, 
                            "value": 0
                        }, 
                        {
                            "name": "Ginnie Mae", 
                            "count": 0, 
                            "value": 0
                        }, 
                        {
                            "name": "Freddie Mac", 
                            "count": 0, 
                            "value": 0
                        }, 
                        {
                            "name": "Farmer Mac", 
                            "count": 0, 
                            "value": 0
                        }, 
                        {
                            "name": "Private Securitization", 
                            "count": 0, 
                            "value": 0
                        }, 
                        {
                            "name": "Commercial bank, savings bank or association", 
                            "count": 0, 
                            "value": 0
                        }, 
                        {
                            "name": "Life insurance co., credit union, finance co.", 
                            "count": 0, 
                            "value": 0
                        }, 
                        {
                            "name": "Affiliate institution", 
                            "count": 0, 
                            "value": 0
                        }, 
                        {
                            "name": "Other", 
                            "count": 0, 
                            "value": 0
                        }
                    ]
                }
            ]
        }, 
        {
            "characteristic": "Income", 
            "incomelevels": [
                {
                    "incomelevel": "Low income", 
                    "purchasers": [
                        {
                            "name": "Fannie Mae", 
                            "count": 0, 
                            "value": 0
                        }, 
                        {
                            "name": "Ginnie Mae", 
                            "count": 0, 
                            "value": 0
                        }, 
                        {
                            "name": "Freddie Mac", 
                            "count": 0, 
                            "value": 0
                        }, 
                        {
                            "name": "Farmer Mac", 
                            "count": 0, 
                            "value": 0
                        }, 
                        {
                            "name": "Private Securitization", 
                            "count": 0, 
                            "value": 0
                        }, 
                        {
                            "name": "Commercial bank, savings bank or association", 
                            "count": 0, 
                            "value": 0
                        }, 
                        {
                            "name": "Life insurance co., credit union, finance co.", 
                            "count": 0, 
                            "value": 0
                        }, 
                        {
                            "name": "Affiliate institution", 
                            "count": 0, 
                            "value": 0
                        }, 
                        {
                            "name": "Other", 
                            "count": 0, 
                            "value": 0
                        }
                    ]
                }, 
                {
                    "incomelevel": "Moderate income", 
                    "purchasers": [
                        {
                            "name": "Fannie Mae", 
                            "count": 49, 
                            "value": 6500
                        }, 
                        {
                            "name": "Ginnie Mae", 
                            "count": 44, 
                            "value": 3862
                        }, 
                        {
                            "name": "Freddie Mac", 
                            "count": 28, 
                            "value": 2970
                        }, 
                        {
                            "name": "Farmer Mac", 
                            "count": 0, 
                            "value": 0
                        }, 
                        {
                            "name": "Private Securitization", 
                            "count": 0, 
                            "value": 0
                        }, 
                        {
                            "name": "Commercial bank, savings bank or association", 
                            "count": 14, 
                            "value": 1468
                        }, 
                        {
                            "name": "Life insurance co., credit union, finance co.", 
                            "count": 10, 
                            "value": 965
                        }, 
                        {
                            "name": "Affiliate institution", 
                            "count": 2, 
                            "value": 187
                        }, 
                        {
                            "name": "Other", 
                            "count": 202, 
                            "value": 14335
                        }
                    ]
                }, 
                {
                    "incomelevel": "Middle income", 
                    "purchasers": [
                        {
                            "name": "Fannie Mae", 
                            "count": 2555, 
                            "value": 380862
                        }, 
                        {
                            "name": "Ginnie Mae", 
                            "count": 1070, 
                            "value": 149015
                        }, 
                        {
                            "name": "Freddie Mac", 
                            "count": 1408, 
                            "value": 213661
                        }, 
                        {
                            "name": "Farmer Mac", 
                            "count": 0, 
                            "value": 0
                        }, 
                        {
                            "name": "Private Securitization", 
                            "count": 13, 
                            "value": 2061
                        }, 
                        {
                            "name": "Commercial bank, savings bank or association", 
                            "count": 543, 
                            "value": 81638
                        }, 
                        {
                            "name": "Life insurance co., credit union, finance co.", 
                            "count": 329, 
                            "value": 45354
                        }, 
                        {
                            "name": "Affiliate institution", 
                            "count": 186, 
                            "value": 29103
                        }, 
                        {
                            "name": "Other", 
                            "count": 4726, 
                            "value": 651395
                        }
                    ]
                }, 
                {
                    "incomelevel": "Upper income", 
                    "purchasers": [
                        {
                            "name": "Fannie Mae", 
                            "count": 204, 
                            "value": 34740
                        }, 
                        {
                            "name": "Ginnie Mae", 
                            "count": 67, 
                            "value": 10943
                        }, 
                        {
                            "name": "Freddie Mac", 
                            "count": 102, 
                            "value": 16475
                        }, 
                        {
                            "name": "Farmer Mac", 
                            "count": 0, 
                            "value": 0
                        }, 
                        {
                            "name": "Private Securitization", 
                            "count": 3, 
                            "value": 453
                        }, 
                        {
                            "name": "Commercial bank, savings bank or association", 
                            "count": 45, 
                            "value": 8374
                        }, 
                        {
                            "name": "Life insurance co., credit union, finance co.", 
                            "count": 17, 
                            "value": 3568
                        }, 
                        {
                            "name": "Affiliate institution", 
                            "count": 12, 
                            "value": 2321
                        }, 
                        {
                            "name": "Other", 
                            "count": 345, 
                            "value": 55310
                        }
                    ]
                }
            ]
        }
    ], 
    "total": {
        "purchasers": [
            {
                "name": "Fannie Mae", 
                "count": 2808, 
                "value": 422102
            }, 
            {
                "name": "Ginnie Mae", 
                "count": 1181, 
                "value": 163820
            }, 
            {
                "name": "Freddie Mac", 
                "count": 1538, 
                "value": 233106
            }, 
            {
                "name": "Farmer Mac", 
                "count": 0, 
                "value": 0
            }, 
            {
                "name": "Private Securitization", 
                "count": 16, 
                "value": 2514
            }, 
            {
                "name": "Commercial bank, savings bank or association", 
                "count": 602, 
                "value": 91480
            }, 
            {
                "name": "Life insurance co., credit union, finance co.", 
                "count": 356, 
                "value": 49887
            }, 
            {
                "name": "Affiliate institution", 
                "count": 200, 
                "value": 31611
            }, 
            {
                "name": "Other", 
                "count": 5273, 
                "value": 721040
            }
        ]
    }
}