{
    "table": "4-1", 
    "type": "Aggregate", 
    "desc": "Disposition of applications for FHA, FSA/RHS, and VA home-purchase loans, 1- to 4-family and manufactured home dwellings, by race, ethnicity, gender and income of applicant", 
    "year": "2012", 
    "msa": {
        "id": "38060", 
        "name": "Phoenix-Mesa-Glendale", 
        "state": "AZ", 
        "state_name": "Arizona"
    }, 
    "races": [
        {
            "race": "American Indian/Alaska Native", 
            "dispositions": [
                {
                    "disposition": "Applications Received", 
                    "count": 82, 
                    "value": 14457
                }, 
                {
                    "disposition": "Loans Originated", 
                    "count": 0, 
                    "value": 9128
                }, 
                {
                    "disposition": "Apps. Approved But Not Accepted", 
                    "count": 0, 
                    "value": 254
                }, 
                {
                    "disposition": "Aplications Denied", 
                    "count": 0, 
                    "value": 3420
                }, 
                {
                    "disposition": "Applications Withdrawn", 
                    "count": 0, 
                    "value": 1737
                }, 
                {
                    "disposition": "Files Closed For Incompleteness", 
                    "count": 0, 
                    "value": 0
                }
            ], 
            "genders": [
                {
                    "gender": "Male", 
                    "dispositions": [
                        {
                            "disposition": "Applications Received", 
                            "count": 0, 
                            "value": 0
                        }, 
                        {
                            "disposition": "Loans Originated", 
                            "count": 26, 
                            "value": 4741
                        }, 
                        {
                            "disposition": "Apps. Approved But Not Accepted", 
                            "count": 1, 
                            "value": 164
                        }, 
                        {
                            "disposition": "Aplications Denied", 
                            "count": 9, 
                            "value": 1900
                        }, 
                        {
                            "disposition": "Applications Withdrawn", 
                            "count": 5, 
                            "value": 810
                        }, 
                        {
                            "disposition": "Files Closed For Incompleteness", 
                            "count": 0, 
                            "value": 0
                        }
                    ]
                }, 
                {
                    "gender": "Female", 
                    "dispositions": [
                        {
                            "disposition": "Applications Received", 
                            "count": 0, 
                            "value": 0
                        }, 
                        {
                            "disposition": "Loans Originated", 
                            "count": 20, 
                            "value": 2834
                        }, 
                        {
                            "disposition": "Apps. Approved But Not Accepted", 
                            "count": 1, 
                            "value": 88
                        }, 
                        {
                            "disposition": "Aplications Denied", 
                            "count": 3, 
                            "value": 580
                        }, 
                        {
                            "disposition": "Applications Withdrawn", 
                            "count": 4, 
                            "value": 858
                        }, 
                        {
                            "disposition": "Files Closed For Incompleteness", 
                            "count": 0, 
                            "value": 0
                        }
                    ]
                }, 
                {
                    "gender": "Joint (Male/Female)", 
                    "dispositions": [
                        {
                            "disposition": "Applications Received", 
                            "count": 0, 
                            "value": 0
                        }, 
                        {
                            "disposition": "Loans Originated", 
                            "count": 7, 
                            "value": 1500
                        }, 
                        {
                            "disposition": "Apps. Approved But Not Accepted", 
                            "count": 0, 
                            "value": 0
                        }, 
                        {
                            "disposition": "Aplications Denied", 
                            "count": 5, 
                            "value": 923
                        }, 
                        {
                            "disposition": "Applications Withdrawn", 
                            "count": 1, 
                            "value": 59
                        }, 
                        {
                            "disposition": "Files Closed For Incompleteness", 
                            "count": 0, 
                            "value": 0
                        }
                    ]
                }
            ]
        }, 
        {
            "race": "Asian", 
            "dispositions": [
                {
                    "disposition": "Applications Received", 
                    "count": 222, 
                    "value": 32641
                }, 
                {
                    "disposition": "Loans Originated", 
                    "count": 0, 
                    "value": 22708
                }, 
                {
                    "disposition": "Apps. Approved But Not Accepted", 
                    "count": 0, 
                    "value": 1290
                }, 
                {
                    "disposition": "Aplications Denied", 
                    "count": 0, 
                    "value": 5362
                }, 
                {
                    "disposition": "Applications Withdrawn", 
                    "count": 0, 
                    "value": 3158
                }, 
                {
                    "disposition": "Files Closed For Incompleteness", 
                    "count": 0, 
                    "value": 345
                }
            ], 
            "genders": [
                {
                    "gender": "Male", 
                    "dispositions": [
                        {
                            "disposition": "Applications Received", 
                            "count": 0, 
                            "value": 0
                        }, 
                        {
                            "disposition": "Loans Originated", 
                            "count": 64, 
                            "value": 9268
                        }, 
                        {
                            "disposition": "Apps. Approved But Not Accepted", 
                            "count": 4, 
                            "value": 988
                        }, 
                        {
                            "disposition": "Aplications Denied", 
                            "count": 17, 
                            "value": 2594
                        }, 
                        {
                            "disposition": "Applications Withdrawn", 
                            "count": 13, 
                            "value": 1492
                        }, 
                        {
                            "disposition": "Files Closed For Incompleteness", 
                            "count": 2, 
                            "value": 259
                        }
                    ]
                }, 
                {
                    "gender": "Female", 
                    "dispositions": [
                        {
                            "disposition": "Applications Received", 
                            "count": 0, 
                            "value": 0
                        }, 
                        {
                            "disposition": "Loans Originated", 
                            "count": 58, 
                            "value": 7864
                        }, 
                        {
                            "disposition": "Apps. Approved But Not Accepted", 
                            "count": 1, 
                            "value": 209
                        }, 
                        {
                            "disposition": "Aplications Denied", 
                            "count": 8, 
                            "value": 1017
                        }, 
                        {
                            "disposition": "Applications Withdrawn", 
                            "count": 9, 
                            "value": 949
                        }, 
                        {
                            "disposition": "Files Closed For Incompleteness", 
                            "count": 1, 
                            "value": 83
                        }
                    ]
                }, 
                {
                    "gender": "Joint (Male/Female)", 
                    "dispositions": [
                        {
                            "disposition": "Applications Received", 
                            "count": 0, 
                            "value": 0
                        }, 
                        {
                            "disposition": "Loans Originated", 
                            "count": 29, 
                            "value": 5425
                        }, 
                        {
                            "disposition": "Apps. Approved But Not Accepted", 
                            "count": 1, 
                            "value": 87
                        }, 
                        {
                            "disposition": "Aplications Denied", 
                            "count": 9, 
                            "value": 1523
                        }, 
                        {
                            "disposition": "Applications Withdrawn", 
                            "count": 5, 
                            "value": 690
                        }, 
                        {
                            "disposition": "Files Closed For Incompleteness", 
                            "count": 0, 
                            "value": 0
                        }
                    ]
                }
            ]
        }, 
        {
            "race": "Black or African American", 
            "dispositions": [
                {
                    "disposition": "Applications Received", 
                    "count": 720, 
                    "value": 125893
                }, 
                {
                    "disposition": "Loans Originated", 
                    "count": 0, 
                    "value": 89452
                }, 
                {
                    "disposition": "Apps. Approved But Not Accepted", 
                    "count": 0, 
                    "value": 1718
                }, 
                {
                    "disposition": "Aplications Denied", 
                    "count": 0, 
                    "value": 16262
                }, 
                {
                    "disposition": "Applications Withdrawn", 
                    "count": 0, 
                    "value": 16406
                }, 
                {
                    "disposition": "Files Closed For Incompleteness", 
                    "count": 0, 
                    "value": 2775
                }
            ], 
            "genders": [
                {
                    "gender": "Male", 
                    "dispositions": [
                        {
                            "disposition": "Applications Received", 
                            "count": 0, 
                            "value": 0
                        }, 
                        {
                            "disposition": "Loans Originated", 
                            "count": 217, 
                            "value": 39777
                        }, 
                        {
                            "disposition": "Apps. Approved But Not Accepted", 
                            "count": 6, 
                            "value": 1287
                        }, 
                        {
                            "disposition": "Aplications Denied", 
                            "count": 40, 
                            "value": 7416
                        }, 
                        {
                            "disposition": "Applications Withdrawn", 
                            "count": 39, 
                            "value": 6841
                        }, 
                        {
                            "disposition": "Files Closed For Incompleteness", 
                            "count": 7, 
                            "value": 1285
                        }
                    ]
                }, 
                {
                    "gender": "Female", 
                    "dispositions": [
                        {
                            "disposition": "Applications Received", 
                            "count": 0, 
                            "value": 0
                        }, 
                        {
                            "disposition": "Loans Originated", 
                            "count": 162, 
                            "value": 25903
                        }, 
                        {
                            "disposition": "Apps. Approved But Not Accepted", 
                            "count": 1, 
                            "value": 49
                        }, 
                        {
                            "disposition": "Aplications Denied", 
                            "count": 21, 
                            "value": 2876
                        }, 
                        {
                            "disposition": "Applications Withdrawn", 
                            "count": 28, 
                            "value": 3789
                        }, 
                        {
                            "disposition": "Files Closed For Incompleteness", 
                            "count": 7, 
                            "value": 890
                        }
                    ]
                }, 
                {
                    "gender": "Joint (Male/Female)", 
                    "dispositions": [
                        {
                            "disposition": "Applications Received", 
                            "count": 0, 
                            "value": 0
                        }, 
                        {
                            "disposition": "Loans Originated", 
                            "count": 126, 
                            "value": 23051
                        }, 
                        {
                            "disposition": "Apps. Approved But Not Accepted", 
                            "count": 2, 
                            "value": 373
                        }, 
                        {
                            "disposition": "Aplications Denied", 
                            "count": 29, 
                            "value": 5880
                        }, 
                        {
                            "disposition": "Applications Withdrawn", 
                            "count": 30, 
                            "value": 5679
                        }, 
                        {
                            "disposition": "Files Closed For Incompleteness", 
                            "count": 4, 
                            "value": 582
                        }
                    ]
                }
            ]
        }, 
        {
            "race": "Native Hawaiian or Other Pacific Islander", 
            "dispositions": [
                {
                    "disposition": "Applications Received", 
                    "count": 1131, 
                    "value": 191457
                }, 
                {
                    "disposition": "Loans Originated", 
                    "count": 0, 
                    "value": 127151
                }, 
                {
                    "disposition": "Apps. Approved But Not Accepted", 
                    "count": 0, 
                    "value": 4057
                }, 
                {
                    "disposition": "Aplications Denied", 
                    "count": 0, 
                    "value": 34668
                }, 
                {
                    "disposition": "Applications Withdrawn", 
                    "count": 0, 
                    "value": 23963
                }, 
                {
                    "disposition": "Files Closed For Incompleteness", 
                    "count": 0, 
                    "value": 2749
                }
            ], 
            "genders": [
                {
                    "gender": "Male", 
                    "dispositions": [
                        {
                            "disposition": "Applications Received", 
                            "count": 0, 
                            "value": 0
                        }, 
                        {
                            "disposition": "Loans Originated", 
                            "count": 311, 
                            "value": 52698
                        }, 
                        {
                            "disposition": "Apps. Approved But Not Accepted", 
                            "count": 11, 
                            "value": 2037
                        }, 
                        {
                            "disposition": "Aplications Denied", 
                            "count": 89, 
                            "value": 16053
                        }, 
                        {
                            "disposition": "Applications Withdrawn", 
                            "count": 70, 
                            "value": 11620
                        }, 
                        {
                            "disposition": "Files Closed For Incompleteness", 
                            "count": 5, 
                            "value": 687
                        }
                    ]
                }, 
                {
                    "gender": "Female", 
                    "dispositions": [
                        {
                            "disposition": "Applications Received", 
                            "count": 0, 
                            "value": 0
                        }, 
                        {
                            "disposition": "Loans Originated", 
                            "count": 284, 
                            "value": 42380
                        }, 
                        {
                            "disposition": "Apps. Approved But Not Accepted", 
                            "count": 10, 
                            "value": 1656
                        }, 
                        {
                            "disposition": "Aplications Denied", 
                            "count": 65, 
                            "value": 9312
                        }, 
                        {
                            "disposition": "Applications Withdrawn", 
                            "count": 43, 
                            "value": 6213
                        }, 
                        {
                            "disposition": "Files Closed For Incompleteness", 
                            "count": 10, 
                            "value": 1250
                        }
                    ]
                }, 
                {
                    "gender": "Joint (Male/Female)", 
                    "dispositions": [
                        {
                            "disposition": "Applications Received", 
                            "count": 0, 
                            "value": 0
                        }, 
                        {
                            "disposition": "Loans Originated", 
                            "count": 145, 
                            "value": 31130
                        }, 
                        {
                            "disposition": "Apps. Approved But Not Accepted", 
                            "count": 2, 
                            "value": 341
                        }, 
                        {
                            "disposition": "Aplications Denied", 
                            "count": 47, 
                            "value": 8973
                        }, 
                        {
                            "disposition": "Applications Withdrawn", 
                            "count": 31, 
                            "value": 5757
                        }, 
                        {
                            "disposition": "Files Closed For Incompleteness", 
                            "count": 3, 
                            "value": 794
                        }
                    ]
                }
            ]
        }, 
        {
            "race": "White", 
            "dispositions": [
                {
                    "disposition": "Applications Received", 
                    "count": 127, 
                    "value": 21348
                }, 
                {
                    "disposition": "Loans Originated", 
                    "count": 0, 
                    "value": 15876
                }, 
                {
                    "disposition": "Apps. Approved But Not Accepted", 
                    "count": 0, 
                    "value": 576
                }, 
                {
                    "disposition": "Aplications Denied", 
                    "count": 0, 
                    "value": 2477
                }, 
                {
                    "disposition": "Applications Withdrawn", 
                    "count": 0, 
                    "value": 1898
                }, 
                {
                    "disposition": "Files Closed For Incompleteness", 
                    "count": 0, 
                    "value": 648
                }
            ], 
            "genders": [
                {
                    "gender": "Male", 
                    "dispositions": [
                        {
                            "disposition": "Applications Received", 
                            "count": 0, 
                            "value": 0
                        }, 
                        {
                            "disposition": "Loans Originated", 
                            "count": 51, 
                            "value": 8638
                        }, 
                        {
                            "disposition": "Apps. Approved But Not Accepted", 
                            "count": 1, 
                            "value": 230
                        }, 
                        {
                            "disposition": "Aplications Denied", 
                            "count": 7, 
                            "value": 1059
                        }, 
                        {
                            "disposition": "Applications Withdrawn", 
                            "count": 5, 
                            "value": 882
                        }, 
                        {
                            "disposition": "Files Closed For Incompleteness", 
                            "count": 2, 
                            "value": 393
                        }
                    ]
                }, 
                {
                    "gender": "Female", 
                    "dispositions": [
                        {
                            "disposition": "Applications Received", 
                            "count": 0, 
                            "value": 0
                        }, 
                        {
                            "disposition": "Loans Originated", 
                            "count": 20, 
                            "value": 3087
                        }, 
                        {
                            "disposition": "Apps. Approved But Not Accepted", 
                            "count": 2, 
                            "value": 343
                        }, 
                        {
                            "disposition": "Aplications Denied", 
                            "count": 3, 
                            "value": 319
                        }, 
                        {
                            "disposition": "Applications Withdrawn", 
                            "count": 6, 
                            "value": 863
                        }, 
                        {
                            "disposition": "Files Closed For Incompleteness", 
                            "count": 2, 
                            "value": 251
                        }
                    ]
                }, 
                {
                    "gender": "Joint (Male/Female)", 
                    "dispositions": [
                        {
                            "disposition": "Applications Received", 
                            "count": 0, 
                            "value": 0
                        }, 
                        {
                            "disposition": "Loans Originated", 
                            "count": 22, 
                            "value": 4058
                        }, 
                        {
                            "disposition": "Apps. Approved But Not Accepted", 
                            "count": 0, 
                            "value": 0
                        }, 
                        {
                            "disposition": "Aplications Denied", 
                            "count": 5, 
                            "value": 1084
                        }, 
                        {
                            "disposition": "Applications Withdrawn", 
                            "count": 1, 
                            "value": 141
                        }, 
                        {
                            "disposition": "Files Closed For Incompleteness", 
                            "count": 0, 
                            "value": 0
                        }
                    ]
                }
            ]
        }, 
        {
            "race": "2 or more minority races", 
            "dispositions": [
                {
                    "disposition": "Applications Received", 
                    "count": 27211, 
                    "value": 4502392
                }, 
                {
                    "disposition": "Loans Originated", 
                    "count": 0, 
                    "value": 3276971
                }, 
                {
                    "disposition": "Apps. Approved But Not Accepted", 
                    "count": 0, 
                    "value": 103404
                }, 
                {
                    "disposition": "Aplications Denied", 
                    "count": 0, 
                    "value": 513556
                }, 
                {
                    "disposition": "Applications Withdrawn", 
                    "count": 0, 
                    "value": 572302
                }, 
                {
                    "disposition": "Files Closed For Incompleteness", 
                    "count": 0, 
                    "value": 63370
                }
            ], 
            "genders": [
                {
                    "gender": "Male", 
                    "dispositions": [
                        {
                            "disposition": "Applications Received", 
                            "count": 0, 
                            "value": 0
                        }, 
                        {
                            "disposition": "Loans Originated", 
                            "count": 7248, 
                            "value": 1154661
                        }, 
                        {
                            "disposition": "Apps. Approved But Not Accepted", 
                            "count": 238, 
                            "value": 38550
                        }, 
                        {
                            "disposition": "Aplications Denied", 
                            "count": 1338, 
                            "value": 203105
                        }, 
                        {
                            "disposition": "Applications Withdrawn", 
                            "count": 1370, 
                            "value": 207267
                        }, 
                        {
                            "disposition": "Files Closed For Incompleteness", 
                            "count": 164, 
                            "value": 25398
                        }
                    ]
                }, 
                {
                    "gender": "Female", 
                    "dispositions": [
                        {
                            "disposition": "Applications Received", 
                            "count": 0, 
                            "value": 0
                        }, 
                        {
                            "disposition": "Loans Originated", 
                            "count": 5058, 
                            "value": 714515
                        }, 
                        {
                            "disposition": "Apps. Approved But Not Accepted", 
                            "count": 151, 
                            "value": 20027
                        }, 
                        {
                            "disposition": "Aplications Denied", 
                            "count": 791, 
                            "value": 106762
                        }, 
                        {
                            "disposition": "Applications Withdrawn", 
                            "count": 976, 
                            "value": 136249
                        }, 
                        {
                            "disposition": "Files Closed For Incompleteness", 
                            "count": 121, 
                            "value": 17056
                        }
                    ]
                }, 
                {
                    "gender": "Joint (Male/Female)", 
                    "dispositions": [
                        {
                            "disposition": "Applications Received", 
                            "count": 0, 
                            "value": 0
                        }, 
                        {
                            "disposition": "Loans Originated", 
                            "count": 7103, 
                            "value": 1380623
                        }, 
                        {
                            "disposition": "Apps. Approved But Not Accepted", 
                            "count": 203, 
                            "value": 39434
                        }, 
                        {
                            "disposition": "Aplications Denied", 
                            "count": 1053, 
                            "value": 197190
                        }, 
                        {
                            "disposition": "Applications Withdrawn", 
                            "count": 1165, 
                            "value": 222147
                        }, 
                        {
                            "disposition": "Files Closed For Incompleteness", 
                            "count": 122, 
                            "value": 20509
                        }
                    ]
                }
            ]
        }, 
        {
            "race": "Joint (White/Minority Race", 
            "dispositions": [
                {
                    "disposition": "Applications Received", 
                    "count": 549, 
                    "value": 106458
                }, 
                {
                    "disposition": "Loans Originated", 
                    "count": 0, 
                    "value": 79349
                }, 
                {
                    "disposition": "Apps. Approved But Not Accepted", 
                    "count": 0, 
                    "value": 1170
                }, 
                {
                    "disposition": "Aplications Denied", 
                    "count": 0, 
                    "value": 14572
                }, 
                {
                    "disposition": "Applications Withdrawn", 
                    "count": 0, 
                    "value": 10567
                }, 
                {
                    "disposition": "Files Closed For Incompleteness", 
                    "count": 0, 
                    "value": 1349
                }
            ], 
            "genders": [
                {
                    "gender": "Male", 
                    "dispositions": [
                        {
                            "disposition": "Applications Received", 
                            "count": 0, 
                            "value": 0
                        }, 
                        {
                            "disposition": "Loans Originated", 
                            "count": 10, 
                            "value": 1502
                        }, 
                        {
                            "disposition": "Apps. Approved But Not Accepted", 
                            "count": 0, 
                            "value": 0
                        }, 
                        {
                            "disposition": "Aplications Denied", 
                            "count": 3, 
                            "value": 697
                        }, 
                        {
                            "disposition": "Applications Withdrawn", 
                            "count": 0, 
                            "value": 0
                        }, 
                        {
                            "disposition": "Files Closed For Incompleteness", 
                            "count": 0, 
                            "value": 0
                        }
                    ]
                }, 
                {
                    "gender": "Female", 
                    "dispositions": [
                        {
                            "disposition": "Applications Received", 
                            "count": 0, 
                            "value": 0
                        }, 
                        {
                            "disposition": "Loans Originated", 
                            "count": 16, 
                            "value": 2813
                        }, 
                        {
                            "disposition": "Apps. Approved But Not Accepted", 
                            "count": 0, 
                            "value": 0
                        }, 
                        {
                            "disposition": "Aplications Denied", 
                            "count": 1, 
                            "value": 78
                        }, 
                        {
                            "disposition": "Applications Withdrawn", 
                            "count": 3, 
                            "value": 305
                        }, 
                        {
                            "disposition": "Files Closed For Incompleteness", 
                            "count": 0, 
                            "value": 0
                        }
                    ]
                }, 
                {
                    "gender": "Joint (Male/Female)", 
                    "dispositions": [
                        {
                            "disposition": "Applications Received", 
                            "count": 0, 
                            "value": 0
                        }, 
                        {
                            "disposition": "Loans Originated", 
                            "count": 378, 
                            "value": 74630
                        }, 
                        {
                            "disposition": "Apps. Approved But Not Accepted", 
                            "count": 6, 
                            "value": 1164
                        }, 
                        {
                            "disposition": "Aplications Denied", 
                            "count": 69, 
                            "value": 13724
                        }, 
                        {
                            "disposition": "Applications Withdrawn", 
                            "count": 55, 
                            "value": 10204
                        }, 
                        {
                            "disposition": "Files Closed For Incompleteness", 
                            "count": 8, 
                            "value": 1341
                        }
                    ]
                }
            ]
        }, 
        {
            "race": "Not Available", 
            "dispositions": [
                {
                    "disposition": "Applications Received", 
                    "count": 2908, 
                    "value": 500632
                }, 
                {
                    "disposition": "Loans Originated", 
                    "count": 0, 
                    "value": 322668
                }, 
                {
                    "disposition": "Apps. Approved But Not Accepted", 
                    "count": 0, 
                    "value": 10859
                }, 
                {
                    "disposition": "Aplications Denied", 
                    "count": 0, 
                    "value": 76490
                }, 
                {
                    "disposition": "Applications Withdrawn", 
                    "count": 0, 
                    "value": 84555
                }, 
                {
                    "disposition": "Files Closed For Incompleteness", 
                    "count": 0, 
                    "value": 8968
                }
            ], 
            "genders": [
                {
                    "gender": "Male", 
                    "dispositions": [
                        {
                            "disposition": "Applications Received", 
                            "count": 0, 
                            "value": 0
                        }, 
                        {
                            "disposition": "Loans Originated", 
                            "count": 383, 
                            "value": 61708
                        }, 
                        {
                            "disposition": "Apps. Approved But Not Accepted", 
                            "count": 20, 
                            "value": 2616
                        }, 
                        {
                            "disposition": "Aplications Denied", 
                            "count": 90, 
                            "value": 13890
                        }, 
                        {
                            "disposition": "Applications Withdrawn", 
                            "count": 102, 
                            "value": 16359
                        }, 
                        {
                            "disposition": "Files Closed For Incompleteness", 
                            "count": 12, 
                            "value": 2191
                        }
                    ]
                }, 
                {
                    "gender": "Female", 
                    "dispositions": [
                        {
                            "disposition": "Applications Received", 
                            "count": 0, 
                            "value": 0
                        }, 
                        {
                            "disposition": "Loans Originated", 
                            "count": 288, 
                            "value": 45211
                        }, 
                        {
                            "disposition": "Apps. Approved But Not Accepted", 
                            "count": 11, 
                            "value": 1258
                        }, 
                        {
                            "disposition": "Aplications Denied", 
                            "count": 65, 
                            "value": 10555
                        }, 
                        {
                            "disposition": "Applications Withdrawn", 
                            "count": 88, 
                            "value": 12489
                        }, 
                        {
                            "disposition": "Files Closed For Incompleteness", 
                            "count": 7, 
                            "value": 982
                        }
                    ]
                }, 
                {
                    "gender": "Joint (Male/Female)", 
                    "dispositions": [
                        {
                            "disposition": "Applications Received", 
                            "count": 0, 
                            "value": 0
                        }, 
                        {
                            "disposition": "Loans Originated", 
                            "count": 374, 
                            "value": 76266
                        }, 
                        {
                            "disposition": "Apps. Approved But Not Accepted", 
                            "count": 7, 
                            "value": 1566
                        }, 
                        {
                            "disposition": "Aplications Denied", 
                            "count": 81, 
                            "value": 14889
                        }, 
                        {
                            "disposition": "Applications Withdrawn", 
                            "count": 103, 
                            "value": 20213
                        }, 
                        {
                            "disposition": "Files Closed For Incompleteness", 
                            "count": 5, 
                            "value": 1362
                        }
                    ]
                }
            ]
        }
    ], 
    "ethnicities": [
        {
            "ethnicity": "Hispanic or Latino", 
            "dispositions": [
                {
                    "disposition": "Applications Received", 
                    "count": 6335, 
                    "value": 824451
                }, 
                {
                    "disposition": "Loans Originated", 
                    "count": 0, 
                    "value": 557743
                }, 
                {
                    "disposition": "Apps. Approved But Not Accepted", 
                    "count": 0, 
                    "value": 18026
                }, 
                {
                    "disposition": "Aplications Denied", 
                    "count": 0, 
                    "value": 118025
                }, 
                {
                    "disposition": "Applications Withdrawn", 
                    "count": 0, 
                    "value": 120875
                }, 
                {
                    "disposition": "Files Closed For Incompleteness", 
                    "count": 0, 
                    "value": 16117
                }
            ], 
            "genders": [
                {
                    "gender": "Male", 
                    "dispositions": [
                        {
                            "disposition": "Applications Received", 
                            "count": 0, 
                            "value": 0
                        }, 
                        {
                            "disposition": "Loans Originated", 
                            "count": 1967, 
                            "value": 257536
                        }, 
                        {
                            "disposition": "Apps. Approved But Not Accepted", 
                            "count": 60, 
                            "value": 7732
                        }, 
                        {
                            "disposition": "Aplications Denied", 
                            "count": 469, 
                            "value": 59278
                        }, 
                        {
                            "disposition": "Applications Withdrawn", 
                            "count": 430, 
                            "value": 53920
                        }, 
                        {
                            "disposition": "Files Closed For Incompleteness", 
                            "count": 52, 
                            "value": 7171
                        }
                    ]
                }, 
                {
                    "gender": "Female", 
                    "dispositions": [
                        {
                            "disposition": "Applications Received", 
                            "count": 0, 
                            "value": 0
                        }, 
                        {
                            "disposition": "Loans Originated", 
                            "count": 1379, 
                            "value": 163213
                        }, 
                        {
                            "disposition": "Apps. Approved But Not Accepted", 
                            "count": 51, 
                            "value": 5567
                        }, 
                        {
                            "disposition": "Aplications Denied", 
                            "count": 273, 
                            "value": 30023
                        }, 
                        {
                            "disposition": "Applications Withdrawn", 
                            "count": 321, 
                            "value": 38319
                        }, 
                        {
                            "disposition": "Files Closed For Incompleteness", 
                            "count": 44, 
                            "value": 4843
                        }
                    ]
                }, 
                {
                    "gender": "Joint (Male/Female)", 
                    "dispositions": [
                        {
                            "disposition": "Applications Received", 
                            "count": 0, 
                            "value": 0
                        }, 
                        {
                            "disposition": "Loans Originated", 
                            "count": 838, 
                            "value": 131083
                        }, 
                        {
                            "disposition": "Apps. Approved But Not Accepted", 
                            "count": 28, 
                            "value": 4588
                        }, 
                        {
                            "disposition": "Aplications Denied", 
                            "count": 192, 
                            "value": 27529
                        }, 
                        {
                            "disposition": "Applications Withdrawn", 
                            "count": 180, 
                            "value": 27393
                        }, 
                        {
                            "disposition": "Files Closed For Incompleteness", 
                            "count": 30, 
                            "value": 3977
                        }
                    ]
                }
            ]
        }, 
        {
            "ethnicity": "Not Hispanic or Latino", 
            "dispositions": [
                {
                    "disposition": "Applications Received", 
                    "count": 23153, 
                    "value": 4050765
                }, 
                {
                    "disposition": "Loans Originated", 
                    "count": 0, 
                    "value": 2973458
                }, 
                {
                    "disposition": "Apps. Approved But Not Accepted", 
                    "count": 0, 
                    "value": 88695
                }, 
                {
                    "disposition": "Aplications Denied", 
                    "count": 0, 
                    "value": 460502
                }, 
                {
                    "disposition": "Applications Withdrawn", 
                    "count": 0, 
                    "value": 496928
                }, 
                {
                    "disposition": "Files Closed For Incompleteness", 
                    "count": 0, 
                    "value": 54335
                }
            ], 
            "genders": [
                {
                    "gender": "Male", 
                    "dispositions": [
                        {
                            "disposition": "Applications Received", 
                            "count": 0, 
                            "value": 0
                        }, 
                        {
                            "disposition": "Loans Originated", 
                            "count": 5998, 
                            "value": 1017273
                        }, 
                        {
                            "disposition": "Apps. Approved But Not Accepted", 
                            "count": 207, 
                            "value": 36418
                        }, 
                        {
                            "disposition": "Aplications Denied", 
                            "count": 1056, 
                            "value": 176728
                        }, 
                        {
                            "disposition": "Applications Withdrawn", 
                            "count": 1094, 
                            "value": 177516
                        }, 
                        {
                            "disposition": "Files Closed For Incompleteness", 
                            "count": 133, 
                            "value": 21977
                        }
                    ]
                }, 
                {
                    "gender": "Female", 
                    "dispositions": [
                        {
                            "disposition": "Applications Received", 
                            "count": 0, 
                            "value": 0
                        }, 
                        {
                            "disposition": "Loans Originated", 
                            "count": 4294, 
                            "value": 644716
                        }, 
                        {
                            "disposition": "Apps. Approved But Not Accepted", 
                            "count": 117, 
                            "value": 17120
                        }, 
                        {
                            "disposition": "Aplications Denied", 
                            "count": 633, 
                            "value": 93881
                        }, 
                        {
                            "disposition": "Applications Withdrawn", 
                            "count": 771, 
                            "value": 113743
                        }, 
                        {
                            "disposition": "Files Closed For Incompleteness", 
                            "count": 99, 
                            "value": 15155
                        }
                    ]
                }, 
                {
                    "gender": "Joint (Male/Female)", 
                    "dispositions": [
                        {
                            "disposition": "Applications Received", 
                            "count": 0, 
                            "value": 0
                        }, 
                        {
                            "disposition": "Loans Originated", 
                            "count": 6441, 
                            "value": 1287344
                        }, 
                        {
                            "disposition": "Apps. Approved But Not Accepted", 
                            "count": 172, 
                            "value": 34116
                        }, 
                        {
                            "disposition": "Aplications Denied", 
                            "count": 950, 
                            "value": 186186
                        }, 
                        {
                            "disposition": "Applications Withdrawn", 
                            "count": 1028, 
                            "value": 201472
                        }, 
                        {
                            "disposition": "Files Closed For Incompleteness", 
                            "count": 95, 
                            "value": 16876
                        }
                    ]
                }
            ]
        }, 
        {
            "ethnicity": "Joint (Hispanic or Latino/Not Hispanic or Latino", 
            "dispositions": [
                {
                    "disposition": "Applications Received", 
                    "count": 817, 
                    "value": 155473
                }, 
                {
                    "disposition": "Loans Originated", 
                    "count": 0, 
                    "value": 115611
                }, 
                {
                    "disposition": "Apps. Approved But Not Accepted", 
                    "count": 0, 
                    "value": 3093
                }, 
                {
                    "disposition": "Aplications Denied", 
                    "count": 0, 
                    "value": 18154
                }, 
                {
                    "disposition": "Applications Withdrawn", 
                    "count": 0, 
                    "value": 17820
                }, 
                {
                    "disposition": "Files Closed For Incompleteness", 
                    "count": 0, 
                    "value": 1612
                }
            ], 
            "genders": [
                {
                    "gender": "Male", 
                    "dispositions": [
                        {
                            "disposition": "Applications Received", 
                            "count": 0, 
                            "value": 0
                        }, 
                        {
                            "disposition": "Loans Originated", 
                            "count": 16, 
                            "value": 2634
                        }, 
                        {
                            "disposition": "Apps. Approved But Not Accepted", 
                            "count": 1, 
                            "value": 122
                        }, 
                        {
                            "disposition": "Aplications Denied", 
                            "count": 5, 
                            "value": 774
                        }, 
                        {
                            "disposition": "Applications Withdrawn", 
                            "count": 3, 
                            "value": 275
                        }, 
                        {
                            "disposition": "Files Closed For Incompleteness", 
                            "count": 0, 
                            "value": 0
                        }
                    ]
                }, 
                {
                    "gender": "Female", 
                    "dispositions": [
                        {
                            "disposition": "Applications Received", 
                            "count": 0, 
                            "value": 0
                        }, 
                        {
                            "disposition": "Loans Originated", 
                            "count": 8, 
                            "value": 1114
                        }, 
                        {
                            "disposition": "Apps. Approved But Not Accepted", 
                            "count": 1, 
                            "value": 65
                        }, 
                        {
                            "disposition": "Aplications Denied", 
                            "count": 3, 
                            "value": 291
                        }, 
                        {
                            "disposition": "Applications Withdrawn", 
                            "count": 1, 
                            "value": 316
                        }, 
                        {
                            "disposition": "Files Closed For Incompleteness", 
                            "count": 0, 
                            "value": 0
                        }
                    ]
                }, 
                {
                    "gender": "Joint (Male/Female)", 
                    "dispositions": [
                        {
                            "disposition": "Applications Received", 
                            "count": 0, 
                            "value": 0
                        }, 
                        {
                            "disposition": "Loans Originated", 
                            "count": 582, 
                            "value": 111257
                        }, 
                        {
                            "disposition": "Apps. Approved But Not Accepted", 
                            "count": 15, 
                            "value": 2889
                        }, 
                        {
                            "disposition": "Aplications Denied", 
                            "count": 85, 
                            "value": 16799
                        }, 
                        {
                            "disposition": "Applications Withdrawn", 
                            "count": 87, 
                            "value": 17138
                        }, 
                        {
                            "disposition": "Files Closed For Incompleteness", 
                            "count": 9, 
                            "value": 1603
                        }
                    ]
                }
            ]
        }, 
        {
            "ethnicity": "Ethnicity Not Available", 
            "dispositions": [
                {
                    "disposition": "Applications Received", 
                    "count": 2645, 
                    "value": 464589
                }, 
                {
                    "disposition": "Loans Originated", 
                    "count": 0, 
                    "value": 296491
                }, 
                {
                    "disposition": "Apps. Approved But Not Accepted", 
                    "count": 0, 
                    "value": 13514
                }, 
                {
                    "disposition": "Aplications Denied", 
                    "count": 0, 
                    "value": 70126
                }, 
                {
                    "disposition": "Applications Withdrawn", 
                    "count": 0, 
                    "value": 78963
                }, 
                {
                    "disposition": "Files Closed For Incompleteness", 
                    "count": 0, 
                    "value": 8140
                }
            ], 
            "genders": [
                {
                    "gender": "Male", 
                    "dispositions": [
                        {
                            "disposition": "Applications Received", 
                            "count": 0, 
                            "value": 0
                        }, 
                        {
                            "disposition": "Loans Originated", 
                            "count": 329, 
                            "value": 55550
                        }, 
                        {
                            "disposition": "Apps. Approved But Not Accepted", 
                            "count": 13, 
                            "value": 1600
                        }, 
                        {
                            "disposition": "Aplications Denied", 
                            "count": 63, 
                            "value": 9934
                        }, 
                        {
                            "disposition": "Applications Withdrawn", 
                            "count": 77, 
                            "value": 13560
                        }, 
                        {
                            "disposition": "Files Closed For Incompleteness", 
                            "count": 7, 
                            "value": 1065
                        }
                    ]
                }, 
                {
                    "gender": "Female", 
                    "dispositions": [
                        {
                            "disposition": "Applications Received", 
                            "count": 0, 
                            "value": 0
                        }, 
                        {
                            "disposition": "Loans Originated", 
                            "count": 225, 
                            "value": 35564
                        }, 
                        {
                            "disposition": "Apps. Approved But Not Accepted", 
                            "count": 8, 
                            "value": 878
                        }, 
                        {
                            "disposition": "Aplications Denied", 
                            "count": 48, 
                            "value": 7304
                        }, 
                        {
                            "disposition": "Applications Withdrawn", 
                            "count": 64, 
                            "value": 9337
                        }, 
                        {
                            "disposition": "Files Closed For Incompleteness", 
                            "count": 5, 
                            "value": 514
                        }
                    ]
                }, 
                {
                    "gender": "Joint (Male/Female)", 
                    "dispositions": [
                        {
                            "disposition": "Applications Received", 
                            "count": 0, 
                            "value": 0
                        }, 
                        {
                            "disposition": "Loans Originated", 
                            "count": 323, 
                            "value": 66999
                        }, 
                        {
                            "disposition": "Apps. Approved But Not Accepted", 
                            "count": 6, 
                            "value": 1372
                        }, 
                        {
                            "disposition": "Aplications Denied", 
                            "count": 71, 
                            "value": 13672
                        }, 
                        {
                            "disposition": "Applications Withdrawn", 
                            "count": 96, 
                            "value": 18887
                        }, 
                        {
                            "disposition": "Files Closed For Incompleteness", 
                            "count": 8, 
                            "value": 2132
                        }
                    ]
                }
            ]
        }
    ], 
    "minoritystatuses": [
        {
            "minoritystatus": "White Non-Hispanic", 
            "dispositions": [
                {
                    "disposition": "Applications Received", 
                    "count": 23191, 
                    "value": 4060334
                }, 
                {
                    "disposition": "Loans Originated", 
                    "count": 16630, 
                    "value": 2937005
                }, 
                {
                    "disposition": "Apps. Approved But Not Accepted", 
                    "count": 535, 
                    "value": 93803
                }, 
                {
                    "disposition": "Aplications Denied", 
                    "count": 2662, 
                    "value": 456255
                }, 
                {
                    "disposition": "Applications Withdrawn", 
                    "count": 3036, 
                    "value": 518672
                }, 
                {
                    "disposition": "Files Closed For Incompleteness", 
                    "count": 328, 
                    "value": 54599
                }
            ], 
            "genders": [
                {
                    "gender": "Male", 
                    "dispositions": [
                        {
                            "disposition": "Applications Received", 
                            "count": 0, 
                            "value": 0
                        }, 
                        {
                            "disposition": "Loans Originated", 
                            "count": 5686, 
                            "value": 961789
                        }, 
                        {
                            "disposition": "Apps. Approved But Not Accepted", 
                            "count": 199, 
                            "value": 33637
                        }, 
                        {
                            "disposition": "Aplications Denied", 
                            "count": 962, 
                            "value": 158199
                        }, 
                        {
                            "disposition": "Applications Withdrawn", 
                            "count": 1044, 
                            "value": 170053
                        }, 
                        {
                            "disposition": "Files Closed For Incompleteness", 
                            "count": 124, 
                            "value": 20418
                        }
                    ]
                }, 
                {
                    "gender": "Female", 
                    "dispositions": [
                        {
                            "disposition": "Applications Received", 
                            "count": 0, 
                            "value": 0
                        }, 
                        {
                            "disposition": "Loans Originated", 
                            "count": 3983, 
                            "value": 599058
                        }, 
                        {
                            "disposition": "Apps. Approved But Not Accepted", 
                            "count": 112, 
                            "value": 16009
                        }, 
                        {
                            "disposition": "Aplications Denied", 
                            "count": 584, 
                            "value": 87212
                        }, 
                        {
                            "disposition": "Applications Withdrawn", 
                            "count": 747, 
                            "value": 110724
                        }, 
                        {
                            "disposition": "Files Closed For Incompleteness", 
                            "count": 84, 
                            "value": 12992
                        }
                    ]
                }, 
                {
                    "gender": "Joint (Male/Female)", 
                    "dispositions": [
                        {
                            "disposition": "Applications Received", 
                            "count": 0, 
                            "value": 0
                        }, 
                        {
                            "disposition": "Loans Originated", 
                            "count": 6153, 
                            "value": 1232492
                        }, 
                        {
                            "disposition": "Apps. Approved But Not Accepted", 
                            "count": 170, 
                            "value": 34029
                        }, 
                        {
                            "disposition": "Aplications Denied", 
                            "count": 877, 
                            "value": 171304
                        }, 
                        {
                            "disposition": "Applications Withdrawn", 
                            "count": 1014, 
                            "value": 200109
                        }, 
                        {
                            "disposition": "Files Closed For Incompleteness", 
                            "count": 92, 
                            "value": 16808
                        }
                    ]
                }
            ]
        }, 
        {
            "minoritystatus": "Others, Including Hispanic", 
            "dispositions": [
                {
                    "disposition": "Applications Received", 
                    "count": 9759, 
                    "value": 1434944
                }, 
                {
                    "disposition": "Loans Originated", 
                    "count": 6597, 
                    "value": 983071
                }, 
                {
                    "disposition": "Apps. Approved But Not Accepted", 
                    "count": 198, 
                    "value": 28792
                }, 
                {
                    "disposition": "Aplications Denied", 
                    "count": 1430, 
                    "value": 206460
                }, 
                {
                    "disposition": "Applications Withdrawn", 
                    "count": 1352, 
                    "value": 191526
                }, 
                {
                    "disposition": "Files Closed For Incompleteness", 
                    "count": 182, 
                    "value": 25095
                }
            ], 
            "genders": [
                {
                    "gender": "Male", 
                    "dispositions": [
                        {
                            "disposition": "Applications Received", 
                            "count": 0, 
                            "value": 0
                        }, 
                        {
                            "disposition": "Loans Originated", 
                            "count": 2624, 
                            "value": 371204
                        }, 
                        {
                            "disposition": "Apps. Approved But Not Accepted", 
                            "count": 82, 
                            "value": 12235
                        }, 
                        {
                            "disposition": "Aplications Denied", 
                            "count": 631, 
                            "value": 88515
                        }, 
                        {
                            "disposition": "Applications Withdrawn", 
                            "count": 560, 
                            "value": 75218
                        }, 
                        {
                            "disposition": "Files Closed For Incompleteness", 
                            "count": 68, 
                            "value": 9795
                        }
                    ]
                }, 
                {
                    "gender": "Female", 
                    "dispositions": [
                        {
                            "disposition": "Applications Received", 
                            "count": 0, 
                            "value": 0
                        }, 
                        {
                            "disposition": "Loans Originated", 
                            "count": 1923, 
                            "value": 245549
                        }, 
                        {
                            "disposition": "Apps. Approved But Not Accepted", 
                            "count": 65, 
                            "value": 7621
                        }, 
                        {
                            "disposition": "Aplications Denied", 
                            "count": 373, 
                            "value": 44287
                        }, 
                        {
                            "disposition": "Applications Withdrawn", 
                            "count": 410, 
                            "value": 50991
                        }, 
                        {
                            "disposition": "Files Closed For Incompleteness", 
                            "count": 64, 
                            "value": 7520
                        }
                    ]
                }, 
                {
                    "gender": "Joint (Male/Female)", 
                    "dispositions": [
                        {
                            "disposition": "Applications Received", 
                            "count": 0, 
                            "value": 0
                        }, 
                        {
                            "disposition": "Loans Originated", 
                            "count": 2031, 
                            "value": 364191
                        }, 
                        {
                            "disposition": "Apps. Approved But Not Accepted", 
                            "count": 51, 
                            "value": 8936
                        }, 
                        {
                            "disposition": "Aplications Denied", 
                            "count": 421, 
                            "value": 72882
                        }, 
                        {
                            "disposition": "Applications Withdrawn", 
                            "count": 377, 
                            "value": 64781
                        }, 
                        {
                            "disposition": "Files Closed For Incompleteness", 
                            "count": 50, 
                            "value": 7780
                        }
                    ]
                }
            ]
        }
    ], 
    "incomes": [
        {
            "incomes": "Less than 50% of MSA/MD median", 
            "dispositions": [
                {
                    "disposition": "Applications Received", 
                    "count": 6322, 
                    "value": 641838
                }, 
                {
                    "disposition": "Loans Originated", 
                    "count": 4152, 
                    "value": 420778
                }, 
                {
                    "disposition": "Apps. Approved But Not Accepted", 
                    "count": 125, 
                    "value": 11185
                }, 
                {
                    "disposition": "Aplications Denied", 
                    "count": 986, 
                    "value": 102496
                }, 
                {
                    "disposition": "Applications Withdrawn", 
                    "count": 942, 
                    "value": 95384
                }, 
                {
                    "disposition": "Files Closed For Incompleteness", 
                    "count": 117, 
                    "value": 11995
                }
            ]
        }, 
        {
            "incomes": "50-79% of MSA/MD median", 
            "dispositions": [
                {
                    "disposition": "Applications Received", 
                    "count": 9725, 
                    "value": 1347356
                }, 
                {
                    "disposition": "Loans Originated", 
                    "count": 6991, 
                    "value": 972399
                }, 
                {
                    "disposition": "Apps. Approved But Not Accepted", 
                    "count": 208, 
                    "value": 27729
                }, 
                {
                    "disposition": "Aplications Denied", 
                    "count": 1124, 
                    "value": 158254
                }, 
                {
                    "disposition": "Applications Withdrawn", 
                    "count": 1259, 
                    "value": 171001
                }, 
                {
                    "disposition": "Files Closed For Incompleteness", 
                    "count": 143, 
                    "value": 17973
                }
            ]
        }, 
        {
            "incomes": "80-99% of MSA/MD median", 
            "dispositions": [
                {
                    "disposition": "Applications Received", 
                    "count": 4615, 
                    "value": 783330
                }, 
                {
                    "disposition": "Loans Originated", 
                    "count": 3332, 
                    "value": 567907
                }, 
                {
                    "disposition": "Apps. Approved But Not Accepted", 
                    "count": 99, 
                    "value": 17553
                }, 
                {
                    "disposition": "Aplications Denied", 
                    "count": 514, 
                    "value": 85324
                }, 
                {
                    "disposition": "Applications Withdrawn", 
                    "count": 599, 
                    "value": 100770
                }, 
                {
                    "disposition": "Files Closed For Incompleteness", 
                    "count": 71, 
                    "value": 11776
                }
            ]
        }, 
        {
            "incomes": "100-119% of MSA/MD median", 
            "dispositions": [
                {
                    "disposition": "Applications Received", 
                    "count": 3552, 
                    "value": 674389
                }, 
                {
                    "disposition": "Loans Originated", 
                    "count": 2565, 
                    "value": 489655
                }, 
                {
                    "disposition": "Apps. Approved But Not Accepted", 
                    "count": 89, 
                    "value": 16204
                }, 
                {
                    "disposition": "Aplications Denied", 
                    "count": 403, 
                    "value": 75038
                }, 
                {
                    "disposition": "Applications Withdrawn", 
                    "count": 456, 
                    "value": 87043
                }, 
                {
                    "disposition": "Files Closed For Incompleteness", 
                    "count": 39, 
                    "value": 6449
                }
            ]
        }, 
        {
            "incomes": "120% or more of MSA/MD median", 
            "dispositions": [
                {
                    "disposition": "Applications Received", 
                    "count": 8267, 
                    "value": 1974408
                }, 
                {
                    "disposition": "Loans Originated", 
                    "count": 5958, 
                    "value": 1431986
                }, 
                {
                    "disposition": "Apps. Approved But Not Accepted", 
                    "count": 203, 
                    "value": 48410
                }, 
                {
                    "disposition": "Aplications Denied", 
                    "count": 954, 
                    "value": 224373
                }, 
                {
                    "disposition": "Applications Withdrawn", 
                    "count": 1021, 
                    "value": 239701
                }, 
                {
                    "disposition": "Files Closed For Incompleteness", 
                    "count": 131, 
                    "value": 29938
                }
            ]
        }, 
        {
            "incomes": "income not available", 
            "dispositions": [
                {
                    "disposition": "Applications Received", 
                    "count": 469, 
                    "value": 73957
                }, 
                {
                    "disposition": "Loans Originated", 
                    "count": 229, 
                    "value": 37351
                }, 
                {
                    "disposition": "Apps. Approved But Not Accepted", 
                    "count": 9, 
                    "value": 1514
                }, 
                {
                    "disposition": "Aplications Denied", 
                    "count": 111, 
                    "value": 17230
                }, 
                {
                    "disposition": "Applications Withdrawn", 
                    "count": 111, 
                    "value": 16299
                }, 
                {
                    "disposition": "Files Closed For Incompleteness", 
                    "count": 9, 
                    "value": 1563
                }
            ]
        }
    ], 
    "total": [
        {
            "disposition": "Applications Received", 
            "count": 0, 
            "value": 0
        }, 
        {
            "disposition": "Loans Originated", 
            "count": 23227, 
            "value": 3920076
        }, 
        {
            "disposition": "Apps. Approved But Not Accepted", 
            "count": 733, 
            "value": 122595
        }, 
        {
            "disposition": "Aplications Denied", 
            "count": 4092, 
            "value": 662715
        }, 
        {
            "disposition": "Applications Withdrawn", 
            "count": 4388, 
            "value": 710198
        }, 
        {
            "disposition": "Files Closed For Incompleteness", 
            "count": 510, 
            "value": 79694
        }
    ]
}