{
    "table": "4-1", 
    "type": "Aggregate", 
    "desc": "Disposition of applications for FHA, FSA/RHS, and VA home-purchase loans, 1- to 4-family and manufactured home dwellings, by race, ethnicity, gender and income of applicant", 
    "year": "2013", 
    "msa": {
        "id": "38060", 
        "name": "Phoenix-Mesa-Glendale", 
        "state": "AZ", 
        "state_name": "Arizona"
    }, 
    "races": [
        {
            "race": "American Indian/Alaska Native", 
            "dispositions": [
                {
                    "disposition": "Applications Received", 
                    "count": 112, 
                    "value": 20887
                }, 
                {
                    "disposition": "Loans Originated", 
                    "count": 75, 
                    "value": 13519
                }, 
                {
                    "disposition": "Apps. Approved But Not Accepted", 
                    "count": 2, 
                    "value": 422
                }, 
                {
                    "disposition": "Aplications Denied", 
                    "count": 17, 
                    "value": 3142
                }, 
                {
                    "disposition": "Applications Withdrawn", 
                    "count": 15, 
                    "value": 3132
                }, 
                {
                    "disposition": "Files Closed For Incompleteness", 
                    "count": 3, 
                    "value": 672
                }
            ], 
            "genders": [
                {
                    "gender": "Male", 
                    "dispositions": [
                        {
                            "disposition": "Applications Received", 
                            "count": 67, 
                            "value": 12346
                        }, 
                        {
                            "disposition": "Loans Originated", 
                            "count": 40, 
                            "value": 6737
                        }, 
                        {
                            "disposition": "Apps. Approved But Not Accepted", 
                            "count": 1, 
                            "value": 206
                        }, 
                        {
                            "disposition": "Aplications Denied", 
                            "count": 13, 
                            "value": 2416
                        }, 
                        {
                            "disposition": "Applications Withdrawn", 
                            "count": 11, 
                            "value": 2503
                        }, 
                        {
                            "disposition": "Files Closed For Incompleteness", 
                            "count": 2, 
                            "value": 484
                        }
                    ]
                }, 
                {
                    "gender": "Female", 
                    "dispositions": [
                        {
                            "disposition": "Applications Received", 
                            "count": 26, 
                            "value": 4559
                        }, 
                        {
                            "disposition": "Loans Originated", 
                            "count": 20, 
                            "value": 3603
                        }, 
                        {
                            "disposition": "Apps. Approved But Not Accepted", 
                            "count": 1, 
                            "value": 216
                        }, 
                        {
                            "disposition": "Aplications Denied", 
                            "count": 2, 
                            "value": 250
                        }, 
                        {
                            "disposition": "Applications Withdrawn", 
                            "count": 2, 
                            "value": 302
                        }, 
                        {
                            "disposition": "Files Closed For Incompleteness", 
                            "count": 1, 
                            "value": 188
                        }
                    ]
                }, 
                {
                    "gender": "Joint (Male/Female)", 
                    "dispositions": [
                        {
                            "disposition": "Applications Received", 
                            "count": 19, 
                            "value": 3982
                        }, 
                        {
                            "disposition": "Loans Originated", 
                            "count": 15, 
                            "value": 3179
                        }, 
                        {
                            "disposition": "Apps. Approved But Not Accepted", 
                            "count": 0, 
                            "value": 0
                        }, 
                        {
                            "disposition": "Aplications Denied", 
                            "count": 2, 
                            "value": 476
                        }, 
                        {
                            "disposition": "Applications Withdrawn", 
                            "count": 2, 
                            "value": 327
                        }, 
                        {
                            "disposition": "Files Closed For Incompleteness", 
                            "count": 0, 
                            "value": 0
                        }
                    ]
                }
            ]
        }, 
        {
            "race": "Asian", 
            "dispositions": [
                {
                    "disposition": "Applications Received", 
                    "count": 218, 
                    "value": 37627
                }, 
                {
                    "disposition": "Loans Originated", 
                    "count": 149, 
                    "value": 25550
                }, 
                {
                    "disposition": "Apps. Approved But Not Accepted", 
                    "count": 6, 
                    "value": 1150
                }, 
                {
                    "disposition": "Aplications Denied", 
                    "count": 33, 
                    "value": 5720
                }, 
                {
                    "disposition": "Applications Withdrawn", 
                    "count": 26, 
                    "value": 4228
                }, 
                {
                    "disposition": "Files Closed For Incompleteness", 
                    "count": 4, 
                    "value": 979
                }
            ], 
            "genders": [
                {
                    "gender": "Male", 
                    "dispositions": [
                        {
                            "disposition": "Applications Received", 
                            "count": 97, 
                            "value": 17393
                        }, 
                        {
                            "disposition": "Loans Originated", 
                            "count": 66, 
                            "value": 11951
                        }, 
                        {
                            "disposition": "Apps. Approved But Not Accepted", 
                            "count": 3, 
                            "value": 510
                        }, 
                        {
                            "disposition": "Aplications Denied", 
                            "count": 12, 
                            "value": 2037
                        }, 
                        {
                            "disposition": "Applications Withdrawn", 
                            "count": 14, 
                            "value": 2349
                        }, 
                        {
                            "disposition": "Files Closed For Incompleteness", 
                            "count": 2, 
                            "value": 546
                        }
                    ]
                }, 
                {
                    "gender": "Female", 
                    "dispositions": [
                        {
                            "disposition": "Applications Received", 
                            "count": 80, 
                            "value": 12608
                        }, 
                        {
                            "disposition": "Loans Originated", 
                            "count": 58, 
                            "value": 9214
                        }, 
                        {
                            "disposition": "Apps. Approved But Not Accepted", 
                            "count": 1, 
                            "value": 123
                        }, 
                        {
                            "disposition": "Aplications Denied", 
                            "count": 10, 
                            "value": 1459
                        }, 
                        {
                            "disposition": "Applications Withdrawn", 
                            "count": 10, 
                            "value": 1653
                        }, 
                        {
                            "disposition": "Files Closed For Incompleteness", 
                            "count": 1, 
                            "value": 159
                        }
                    ]
                }, 
                {
                    "gender": "Joint (Male/Female)", 
                    "dispositions": [
                        {
                            "disposition": "Applications Received", 
                            "count": 41, 
                            "value": 7626
                        }, 
                        {
                            "disposition": "Loans Originated", 
                            "count": 25, 
                            "value": 4385
                        }, 
                        {
                            "disposition": "Apps. Approved But Not Accepted", 
                            "count": 2, 
                            "value": 517
                        }, 
                        {
                            "disposition": "Aplications Denied", 
                            "count": 11, 
                            "value": 2224
                        }, 
                        {
                            "disposition": "Applications Withdrawn", 
                            "count": 2, 
                            "value": 226
                        }, 
                        {
                            "disposition": "Files Closed For Incompleteness", 
                            "count": 1, 
                            "value": 274
                        }
                    ]
                }
            ]
        }, 
        {
            "race": "Black or African American", 
            "dispositions": [
                {
                    "disposition": "Applications Received", 
                    "count": 677, 
                    "value": 136923
                }, 
                {
                    "disposition": "Loans Originated", 
                    "count": 474, 
                    "value": 96026
                }, 
                {
                    "disposition": "Apps. Approved But Not Accepted", 
                    "count": 11, 
                    "value": 2175
                }, 
                {
                    "disposition": "Aplications Denied", 
                    "count": 107, 
                    "value": 21547
                }, 
                {
                    "disposition": "Applications Withdrawn", 
                    "count": 69, 
                    "value": 14227
                }, 
                {
                    "disposition": "Files Closed For Incompleteness", 
                    "count": 16, 
                    "value": 2948
                }
            ], 
            "genders": [
                {
                    "gender": "Male", 
                    "dispositions": [
                        {
                            "disposition": "Applications Received", 
                            "count": 284, 
                            "value": 57518
                        }, 
                        {
                            "disposition": "Loans Originated", 
                            "count": 197, 
                            "value": 39709
                        }, 
                        {
                            "disposition": "Apps. Approved But Not Accepted", 
                            "count": 4, 
                            "value": 761
                        }, 
                        {
                            "disposition": "Aplications Denied", 
                            "count": 49, 
                            "value": 10487
                        }, 
                        {
                            "disposition": "Applications Withdrawn", 
                            "count": 28, 
                            "value": 5766
                        }, 
                        {
                            "disposition": "Files Closed For Incompleteness", 
                            "count": 6, 
                            "value": 795
                        }
                    ]
                }, 
                {
                    "gender": "Female", 
                    "dispositions": [
                        {
                            "disposition": "Applications Received", 
                            "count": 202, 
                            "value": 37234
                        }, 
                        {
                            "disposition": "Loans Originated", 
                            "count": 144, 
                            "value": 26833
                        }, 
                        {
                            "disposition": "Apps. Approved But Not Accepted", 
                            "count": 5, 
                            "value": 1087
                        }, 
                        {
                            "disposition": "Aplications Denied", 
                            "count": 25, 
                            "value": 3701
                        }, 
                        {
                            "disposition": "Applications Withdrawn", 
                            "count": 21, 
                            "value": 4149
                        }, 
                        {
                            "disposition": "Files Closed For Incompleteness", 
                            "count": 7, 
                            "value": 1464
                        }
                    ]
                }, 
                {
                    "gender": "Joint (Male/Female)", 
                    "dispositions": [
                        {
                            "disposition": "Applications Received", 
                            "count": 189, 
                            "value": 41867
                        }, 
                        {
                            "disposition": "Loans Originated", 
                            "count": 132, 
                            "value": 29373
                        }, 
                        {
                            "disposition": "Apps. Approved But Not Accepted", 
                            "count": 2, 
                            "value": 327
                        }, 
                        {
                            "disposition": "Aplications Denied", 
                            "count": 32, 
                            "value": 7166
                        }, 
                        {
                            "disposition": "Applications Withdrawn", 
                            "count": 20, 
                            "value": 4312
                        }, 
                        {
                            "disposition": "Files Closed For Incompleteness", 
                            "count": 3, 
                            "value": 689
                        }
                    ]
                }
            ]
        }, 
        {
            "race": "Native Hawaiian or Other Pacific Islander", 
            "dispositions": [
                {
                    "disposition": "Applications Received", 
                    "count": 1156, 
                    "value": 222482
                }, 
                {
                    "disposition": "Loans Originated", 
                    "count": 777, 
                    "value": 149219
                }, 
                {
                    "disposition": "Apps. Approved But Not Accepted", 
                    "count": 20, 
                    "value": 4628
                }, 
                {
                    "disposition": "Aplications Denied", 
                    "count": 201, 
                    "value": 38736
                }, 
                {
                    "disposition": "Applications Withdrawn", 
                    "count": 127, 
                    "value": 24584
                }, 
                {
                    "disposition": "Files Closed For Incompleteness", 
                    "count": 31, 
                    "value": 5315
                }
            ], 
            "genders": [
                {
                    "gender": "Male", 
                    "dispositions": [
                        {
                            "disposition": "Applications Received", 
                            "count": 501, 
                            "value": 96450
                        }, 
                        {
                            "disposition": "Loans Originated", 
                            "count": 328, 
                            "value": 63336
                        }, 
                        {
                            "disposition": "Apps. Approved But Not Accepted", 
                            "count": 9, 
                            "value": 2192
                        }, 
                        {
                            "disposition": "Aplications Denied", 
                            "count": 90, 
                            "value": 16876
                        }, 
                        {
                            "disposition": "Applications Withdrawn", 
                            "count": 60, 
                            "value": 11571
                        }, 
                        {
                            "disposition": "Files Closed For Incompleteness", 
                            "count": 14, 
                            "value": 2475
                        }
                    ]
                }, 
                {
                    "gender": "Female", 
                    "dispositions": [
                        {
                            "disposition": "Applications Received", 
                            "count": 376, 
                            "value": 63737
                        }, 
                        {
                            "disposition": "Loans Originated", 
                            "count": 264, 
                            "value": 45626
                        }, 
                        {
                            "disposition": "Apps. Approved But Not Accepted", 
                            "count": 7, 
                            "value": 1311
                        }, 
                        {
                            "disposition": "Aplications Denied", 
                            "count": 56, 
                            "value": 8701
                        }, 
                        {
                            "disposition": "Applications Withdrawn", 
                            "count": 39, 
                            "value": 6795
                        }, 
                        {
                            "disposition": "Files Closed For Incompleteness", 
                            "count": 10, 
                            "value": 1304
                        }
                    ]
                }, 
                {
                    "gender": "Joint (Male/Female)", 
                    "dispositions": [
                        {
                            "disposition": "Applications Received", 
                            "count": 274, 
                            "value": 61279
                        }, 
                        {
                            "disposition": "Loans Originated", 
                            "count": 183, 
                            "value": 39906
                        }, 
                        {
                            "disposition": "Apps. Approved But Not Accepted", 
                            "count": 4, 
                            "value": 1125
                        }, 
                        {
                            "disposition": "Aplications Denied", 
                            "count": 54, 
                            "value": 12900
                        }, 
                        {
                            "disposition": "Applications Withdrawn", 
                            "count": 28, 
                            "value": 6218
                        }, 
                        {
                            "disposition": "Files Closed For Incompleteness", 
                            "count": 5, 
                            "value": 1130
                        }
                    ]
                }
            ]
        }, 
        {
            "race": "White", 
            "dispositions": [
                {
                    "disposition": "Applications Received", 
                    "count": 121, 
                    "value": 21677
                }, 
                {
                    "disposition": "Loans Originated", 
                    "count": 88, 
                    "value": 16450
                }, 
                {
                    "disposition": "Apps. Approved But Not Accepted", 
                    "count": 2, 
                    "value": 346
                }, 
                {
                    "disposition": "Aplications Denied", 
                    "count": 16, 
                    "value": 2290
                }, 
                {
                    "disposition": "Applications Withdrawn", 
                    "count": 11, 
                    "value": 1783
                }, 
                {
                    "disposition": "Files Closed For Incompleteness", 
                    "count": 4, 
                    "value": 808
                }
            ], 
            "genders": [
                {
                    "gender": "Male", 
                    "dispositions": [
                        {
                            "disposition": "Applications Received", 
                            "count": 60, 
                            "value": 10935
                        }, 
                        {
                            "disposition": "Loans Originated", 
                            "count": 47, 
                            "value": 8717
                        }, 
                        {
                            "disposition": "Apps. Approved But Not Accepted", 
                            "count": 0, 
                            "value": 0
                        }, 
                        {
                            "disposition": "Aplications Denied", 
                            "count": 5, 
                            "value": 818
                        }, 
                        {
                            "disposition": "Applications Withdrawn", 
                            "count": 5, 
                            "value": 823
                        }, 
                        {
                            "disposition": "Files Closed For Incompleteness", 
                            "count": 3, 
                            "value": 577
                        }
                    ]
                }, 
                {
                    "gender": "Female", 
                    "dispositions": [
                        {
                            "disposition": "Applications Received", 
                            "count": 34, 
                            "value": 5485
                        }, 
                        {
                            "disposition": "Loans Originated", 
                            "count": 24, 
                            "value": 4152
                        }, 
                        {
                            "disposition": "Apps. Approved But Not Accepted", 
                            "count": 1, 
                            "value": 100
                        }, 
                        {
                            "disposition": "Aplications Denied", 
                            "count": 8, 
                            "value": 1105
                        }, 
                        {
                            "disposition": "Applications Withdrawn", 
                            "count": 1, 
                            "value": 128
                        }, 
                        {
                            "disposition": "Files Closed For Incompleteness", 
                            "count": 0, 
                            "value": 0
                        }
                    ]
                }, 
                {
                    "gender": "Joint (Male/Female)", 
                    "dispositions": [
                        {
                            "disposition": "Applications Received", 
                            "count": 27, 
                            "value": 5257
                        }, 
                        {
                            "disposition": "Loans Originated", 
                            "count": 17, 
                            "value": 3581
                        }, 
                        {
                            "disposition": "Apps. Approved But Not Accepted", 
                            "count": 1, 
                            "value": 246
                        }, 
                        {
                            "disposition": "Aplications Denied", 
                            "count": 3, 
                            "value": 367
                        }, 
                        {
                            "disposition": "Applications Withdrawn", 
                            "count": 5, 
                            "value": 832
                        }, 
                        {
                            "disposition": "Files Closed For Incompleteness", 
                            "count": 1, 
                            "value": 231
                        }
                    ]
                }
            ]
        }, 
        {
            "race": "2 or more minority races", 
            "dispositions": [
                {
                    "disposition": "Applications Received", 
                    "count": 27942, 
                    "value": 5243127
                }, 
                {
                    "disposition": "Loans Originated", 
                    "count": 20214, 
                    "value": 3836778
                }, 
                {
                    "disposition": "Apps. Approved But Not Accepted", 
                    "count": 473, 
                    "value": 92849
                }, 
                {
                    "disposition": "Aplications Denied", 
                    "count": 3271, 
                    "value": 582023
                }, 
                {
                    "disposition": "Applications Withdrawn", 
                    "count": 3316, 
                    "value": 606507
                }, 
                {
                    "disposition": "Files Closed For Incompleteness", 
                    "count": 668, 
                    "value": 124970
                }
            ], 
            "genders": [
                {
                    "gender": "Male", 
                    "dispositions": [
                        {
                            "disposition": "Applications Received", 
                            "count": 10664, 
                            "value": 1890008
                        }, 
                        {
                            "disposition": "Loans Originated", 
                            "count": 7574, 
                            "value": 1353576
                        }, 
                        {
                            "disposition": "Apps. Approved But Not Accepted", 
                            "count": 169, 
                            "value": 31611
                        }, 
                        {
                            "disposition": "Aplications Denied", 
                            "count": 1310, 
                            "value": 224671
                        }, 
                        {
                            "disposition": "Applications Withdrawn", 
                            "count": 1327, 
                            "value": 230268
                        }, 
                        {
                            "disposition": "Files Closed For Incompleteness", 
                            "count": 284, 
                            "value": 49882
                        }
                    ]
                }, 
                {
                    "gender": "Female", 
                    "dispositions": [
                        {
                            "disposition": "Applications Received", 
                            "count": 6410, 
                            "value": 1023687
                        }, 
                        {
                            "disposition": "Loans Originated", 
                            "count": 4550, 
                            "value": 736142
                        }, 
                        {
                            "disposition": "Apps. Approved But Not Accepted", 
                            "count": 101, 
                            "value": 15113
                        }, 
                        {
                            "disposition": "Aplications Denied", 
                            "count": 764, 
                            "value": 114426
                        }, 
                        {
                            "disposition": "Applications Withdrawn", 
                            "count": 835, 
                            "value": 130695
                        }, 
                        {
                            "disposition": "Files Closed For Incompleteness", 
                            "count": 160, 
                            "value": 27311
                        }
                    ]
                }, 
                {
                    "gender": "Joint (Male/Female)", 
                    "dispositions": [
                        {
                            "disposition": "Applications Received", 
                            "count": 10779, 
                            "value": 2312254
                        }, 
                        {
                            "disposition": "Loans Originated", 
                            "count": 8050, 
                            "value": 1740422
                        }, 
                        {
                            "disposition": "Apps. Approved But Not Accepted", 
                            "count": 195, 
                            "value": 43948
                        }, 
                        {
                            "disposition": "Aplications Denied", 
                            "count": 1183, 
                            "value": 240212
                        }, 
                        {
                            "disposition": "Applications Withdrawn", 
                            "count": 1129, 
                            "value": 240398
                        }, 
                        {
                            "disposition": "Files Closed For Incompleteness", 
                            "count": 222, 
                            "value": 47274
                        }
                    ]
                }
            ]
        }, 
        {
            "race": "Joint (White/Minority Race", 
            "dispositions": [
                {
                    "disposition": "Applications Received", 
                    "count": 689, 
                    "value": 150200
                }, 
                {
                    "disposition": "Loans Originated", 
                    "count": 497, 
                    "value": 109074
                }, 
                {
                    "disposition": "Apps. Approved But Not Accepted", 
                    "count": 16, 
                    "value": 3926
                }, 
                {
                    "disposition": "Aplications Denied", 
                    "count": 87, 
                    "value": 18480
                }, 
                {
                    "disposition": "Applications Withdrawn", 
                    "count": 75, 
                    "value": 15736
                }, 
                {
                    "disposition": "Files Closed For Incompleteness", 
                    "count": 14, 
                    "value": 2984
                }
            ], 
            "genders": [
                {
                    "gender": "Male", 
                    "dispositions": [
                        {
                            "disposition": "Applications Received", 
                            "count": 16, 
                            "value": 3409
                        }, 
                        {
                            "disposition": "Loans Originated", 
                            "count": 12, 
                            "value": 2456
                        }, 
                        {
                            "disposition": "Apps. Approved But Not Accepted", 
                            "count": 0, 
                            "value": 0
                        }, 
                        {
                            "disposition": "Aplications Denied", 
                            "count": 2, 
                            "value": 360
                        }, 
                        {
                            "disposition": "Applications Withdrawn", 
                            "count": 2, 
                            "value": 593
                        }, 
                        {
                            "disposition": "Files Closed For Incompleteness", 
                            "count": 0, 
                            "value": 0
                        }
                    ]
                }, 
                {
                    "gender": "Female", 
                    "dispositions": [
                        {
                            "disposition": "Applications Received", 
                            "count": 12, 
                            "value": 2236
                        }, 
                        {
                            "disposition": "Loans Originated", 
                            "count": 6, 
                            "value": 1124
                        }, 
                        {
                            "disposition": "Apps. Approved But Not Accepted", 
                            "count": 0, 
                            "value": 0
                        }, 
                        {
                            "disposition": "Aplications Denied", 
                            "count": 4, 
                            "value": 790
                        }, 
                        {
                            "disposition": "Applications Withdrawn", 
                            "count": 2, 
                            "value": 322
                        }, 
                        {
                            "disposition": "Files Closed For Incompleteness", 
                            "count": 0, 
                            "value": 0
                        }
                    ]
                }, 
                {
                    "gender": "Joint (Male/Female)", 
                    "dispositions": [
                        {
                            "disposition": "Applications Received", 
                            "count": 660, 
                            "value": 144231
                        }, 
                        {
                            "disposition": "Loans Originated", 
                            "count": 479, 
                            "value": 105494
                        }, 
                        {
                            "disposition": "Apps. Approved But Not Accepted", 
                            "count": 16, 
                            "value": 3926
                        }, 
                        {
                            "disposition": "Aplications Denied", 
                            "count": 81, 
                            "value": 17330
                        }, 
                        {
                            "disposition": "Applications Withdrawn", 
                            "count": 70, 
                            "value": 14497
                        }, 
                        {
                            "disposition": "Files Closed For Incompleteness", 
                            "count": 14, 
                            "value": 2984
                        }
                    ]
                }
            ]
        }, 
        {
            "race": "Not Available", 
            "dispositions": [
                {
                    "disposition": "Applications Received", 
                    "count": 2910, 
                    "value": 562395
                }, 
                {
                    "disposition": "Loans Originated", 
                    "count": 1745, 
                    "value": 343685
                }, 
                {
                    "disposition": "Apps. Approved But Not Accepted", 
                    "count": 88, 
                    "value": 18555
                }, 
                {
                    "disposition": "Aplications Denied", 
                    "count": 463, 
                    "value": 86117
                }, 
                {
                    "disposition": "Applications Withdrawn", 
                    "count": 530, 
                    "value": 99221
                }, 
                {
                    "disposition": "Files Closed For Incompleteness", 
                    "count": 84, 
                    "value": 14817
                }
            ], 
            "genders": [
                {
                    "gender": "Male", 
                    "dispositions": [
                        {
                            "disposition": "Applications Received", 
                            "count": 551, 
                            "value": 101855
                        }, 
                        {
                            "disposition": "Loans Originated", 
                            "count": 324, 
                            "value": 61013
                        }, 
                        {
                            "disposition": "Apps. Approved But Not Accepted", 
                            "count": 12, 
                            "value": 1909
                        }, 
                        {
                            "disposition": "Aplications Denied", 
                            "count": 81, 
                            "value": 13953
                        }, 
                        {
                            "disposition": "Applications Withdrawn", 
                            "count": 120, 
                            "value": 22562
                        }, 
                        {
                            "disposition": "Files Closed For Incompleteness", 
                            "count": 14, 
                            "value": 2418
                        }
                    ]
                }, 
                {
                    "gender": "Female", 
                    "dispositions": [
                        {
                            "disposition": "Applications Received", 
                            "count": 376, 
                            "value": 60859
                        }, 
                        {
                            "disposition": "Loans Originated", 
                            "count": 212, 
                            "value": 34890
                        }, 
                        {
                            "disposition": "Apps. Approved But Not Accepted", 
                            "count": 13, 
                            "value": 2281
                        }, 
                        {
                            "disposition": "Aplications Denied", 
                            "count": 66, 
                            "value": 10312
                        }, 
                        {
                            "disposition": "Applications Withdrawn", 
                            "count": 70, 
                            "value": 10773
                        }, 
                        {
                            "disposition": "Files Closed For Incompleteness", 
                            "count": 15, 
                            "value": 2603
                        }
                    ]
                }, 
                {
                    "gender": "Joint (Male/Female)", 
                    "dispositions": [
                        {
                            "disposition": "Applications Received", 
                            "count": 604, 
                            "value": 133034
                        }, 
                        {
                            "disposition": "Loans Originated", 
                            "count": 402, 
                            "value": 90984
                        }, 
                        {
                            "disposition": "Apps. Approved But Not Accepted", 
                            "count": 15, 
                            "value": 3774
                        }, 
                        {
                            "disposition": "Aplications Denied", 
                            "count": 73, 
                            "value": 14827
                        }, 
                        {
                            "disposition": "Applications Withdrawn", 
                            "count": 94, 
                            "value": 19180
                        }, 
                        {
                            "disposition": "Files Closed For Incompleteness", 
                            "count": 20, 
                            "value": 4269
                        }
                    ]
                }
            ]
        }
    ], 
    "ethnicities": [
        {
            "ethnicity": "Hispanic or Latino", 
            "dispositions": [
                {
                    "disposition": "Applications Received", 
                    "count": 7399, 
                    "value": 1107004
                }, 
                {
                    "disposition": "Loans Originated", 
                    "count": 5027, 
                    "value": 761882
                }, 
                {
                    "disposition": "Apps. Approved But Not Accepted", 
                    "count": 110, 
                    "value": 16964
                }, 
                {
                    "disposition": "Aplications Denied", 
                    "count": 1068, 
                    "value": 152170
                }, 
                {
                    "disposition": "Applications Withdrawn", 
                    "count": 999, 
                    "value": 147684
                }, 
                {
                    "disposition": "Files Closed For Incompleteness", 
                    "count": 195, 
                    "value": 28304
                }
            ], 
            "genders": [
                {
                    "gender": "Male", 
                    "dispositions": [
                        {
                            "disposition": "Applications Received", 
                            "count": 3457, 
                            "value": 3457
                        }, 
                        {
                            "disposition": "Loans Originated", 
                            "count": 2367, 
                            "value": 348868
                        }, 
                        {
                            "disposition": "Apps. Approved But Not Accepted", 
                            "count": 47, 
                            "value": 6644
                        }, 
                        {
                            "disposition": "Aplications Denied", 
                            "count": 475, 
                            "value": 67403
                        }, 
                        {
                            "disposition": "Applications Withdrawn", 
                            "count": 476, 
                            "value": 67570
                        }, 
                        {
                            "disposition": "Files Closed For Incompleteness", 
                            "count": 92, 
                            "value": 12574
                        }
                    ]
                }, 
                {
                    "gender": "Female", 
                    "dispositions": [
                        {
                            "disposition": "Applications Received", 
                            "count": 2127, 
                            "value": 2127
                        }, 
                        {
                            "disposition": "Loans Originated", 
                            "count": 1434, 
                            "value": 196763
                        }, 
                        {
                            "disposition": "Apps. Approved But Not Accepted", 
                            "count": 32, 
                            "value": 3981
                        }, 
                        {
                            "disposition": "Aplications Denied", 
                            "count": 311, 
                            "value": 39261
                        }, 
                        {
                            "disposition": "Applications Withdrawn", 
                            "count": 294, 
                            "value": 40224
                        }, 
                        {
                            "disposition": "Files Closed For Incompleteness", 
                            "count": 56, 
                            "value": 7267
                        }
                    ]
                }, 
                {
                    "gender": "Joint (Male/Female)", 
                    "dispositions": [
                        {
                            "disposition": "Applications Received", 
                            "count": 1789, 
                            "value": 1789
                        }, 
                        {
                            "disposition": "Loans Originated", 
                            "count": 1209, 
                            "value": 214060
                        }, 
                        {
                            "disposition": "Apps. Approved But Not Accepted", 
                            "count": 31, 
                            "value": 6339
                        }, 
                        {
                            "disposition": "Aplications Denied", 
                            "count": 278, 
                            "value": 44946
                        }, 
                        {
                            "disposition": "Applications Withdrawn", 
                            "count": 224, 
                            "value": 39223
                        }, 
                        {
                            "disposition": "Files Closed For Incompleteness", 
                            "count": 47, 
                            "value": 8463
                        }
                    ]
                }
            ]
        }, 
        {
            "ethnicity": "Not Hispanic or Latino", 
            "dispositions": [
                {
                    "disposition": "Applications Received", 
                    "count": 22703, 
                    "value": 4544126
                }, 
                {
                    "disposition": "Loans Originated", 
                    "count": 16636, 
                    "value": 3352245
                }, 
                {
                    "disposition": "Apps. Approved But Not Accepted", 
                    "count": 404, 
                    "value": 84252
                }, 
                {
                    "disposition": "Aplications Denied", 
                    "count": 2579, 
                    "value": 497937
                }, 
                {
                    "disposition": "Applications Withdrawn", 
                    "count": 2555, 
                    "value": 503042
                }, 
                {
                    "disposition": "Files Closed For Incompleteness", 
                    "count": 529, 
                    "value": 106650
                }
            ], 
            "genders": [
                {
                    "gender": "Male", 
                    "dispositions": [
                        {
                            "disposition": "Applications Received", 
                            "count": 8302, 
                            "value": 8302
                        }, 
                        {
                            "disposition": "Loans Originated", 
                            "count": 5935, 
                            "value": 1144809
                        }, 
                        {
                            "disposition": "Apps. Approved But Not Accepted", 
                            "count": 142, 
                            "value": 28869
                        }, 
                        {
                            "disposition": "Aplications Denied", 
                            "count": 1022, 
                            "value": 191545
                        }, 
                        {
                            "disposition": "Applications Withdrawn", 
                            "count": 983, 
                            "value": 188408
                        }, 
                        {
                            "disposition": "Files Closed For Incompleteness", 
                            "count": 220, 
                            "value": 41957
                        }
                    ]
                }, 
                {
                    "gender": "Female", 
                    "dispositions": [
                        {
                            "disposition": "Applications Received", 
                            "count": 5042, 
                            "value": 5042
                        }, 
                        {
                            "disposition": "Loans Originated", 
                            "count": 3645, 
                            "value": 631333
                        }, 
                        {
                            "disposition": "Apps. Approved But Not Accepted", 
                            "count": 87, 
                            "value": 14324
                        }, 
                        {
                            "disposition": "Aplications Denied", 
                            "count": 568, 
                            "value": 92002
                        }, 
                        {
                            "disposition": "Applications Withdrawn", 
                            "count": 619, 
                            "value": 103741
                        }, 
                        {
                            "disposition": "Files Closed For Incompleteness", 
                            "count": 123, 
                            "value": 23127
                        }
                    ]
                }, 
                {
                    "gender": "Joint (Male/Female)", 
                    "dispositions": [
                        {
                            "disposition": "Applications Received", 
                            "count": 9311, 
                            "value": 9311
                        }, 
                        {
                            "disposition": "Loans Originated", 
                            "count": 7030, 
                            "value": 1570782
                        }, 
                        {
                            "disposition": "Apps. Approved But Not Accepted", 
                            "count": 173, 
                            "value": 40653
                        }, 
                        {
                            "disposition": "Aplications Denied", 
                            "count": 983, 
                            "value": 213123
                        }, 
                        {
                            "disposition": "Applications Withdrawn", 
                            "count": 941, 
                            "value": 208660
                        }, 
                        {
                            "disposition": "Files Closed For Incompleteness", 
                            "count": 184, 
                            "value": 41063
                        }
                    ]
                }
            ]
        }, 
        {
            "ethnicity": "Joint (Hispanic or Latino/Not Hispanic or Latino", 
            "dispositions": [
                {
                    "disposition": "Applications Received", 
                    "count": 1066, 
                    "value": 227762
                }, 
                {
                    "disposition": "Loans Originated", 
                    "count": 791, 
                    "value": 169437
                }, 
                {
                    "disposition": "Apps. Approved But Not Accepted", 
                    "count": 20, 
                    "value": 4559
                }, 
                {
                    "disposition": "Aplications Denied", 
                    "count": 128, 
                    "value": 27633
                }, 
                {
                    "disposition": "Applications Withdrawn", 
                    "count": 104, 
                    "value": 21291
                }, 
                {
                    "disposition": "Files Closed For Incompleteness", 
                    "count": 23, 
                    "value": 4842
                }
            ], 
            "genders": [
                {
                    "gender": "Male", 
                    "dispositions": [
                        {
                            "disposition": "Applications Received", 
                            "count": 23, 
                            "value": 23
                        }, 
                        {
                            "disposition": "Loans Originated", 
                            "count": 16, 
                            "value": 2902
                        }, 
                        {
                            "disposition": "Apps. Approved But Not Accepted", 
                            "count": 2, 
                            "value": 514
                        }, 
                        {
                            "disposition": "Aplications Denied", 
                            "count": 2, 
                            "value": 454
                        }, 
                        {
                            "disposition": "Applications Withdrawn", 
                            "count": 1, 
                            "value": 118
                        }, 
                        {
                            "disposition": "Files Closed For Incompleteness", 
                            "count": 2, 
                            "value": 352
                        }
                    ]
                }, 
                {
                    "gender": "Female", 
                    "dispositions": [
                        {
                            "disposition": "Applications Received", 
                            "count": 20, 
                            "value": 20
                        }, 
                        {
                            "disposition": "Loans Originated", 
                            "count": 17, 
                            "value": 2884
                        }, 
                        {
                            "disposition": "Apps. Approved But Not Accepted", 
                            "count": 1, 
                            "value": 216
                        }, 
                        {
                            "disposition": "Aplications Denied", 
                            "count": 1, 
                            "value": 126
                        }, 
                        {
                            "disposition": "Applications Withdrawn", 
                            "count": 1, 
                            "value": 182
                        }, 
                        {
                            "disposition": "Files Closed For Incompleteness", 
                            "count": 0, 
                            "value": 0
                        }
                    ]
                }, 
                {
                    "gender": "Joint (Male/Female)", 
                    "dispositions": [
                        {
                            "disposition": "Applications Received", 
                            "count": 1023, 
                            "value": 1023
                        }, 
                        {
                            "disposition": "Loans Originated", 
                            "count": 758, 
                            "value": 163651
                        }, 
                        {
                            "disposition": "Apps. Approved But Not Accepted", 
                            "count": 17, 
                            "value": 3829
                        }, 
                        {
                            "disposition": "Aplications Denied", 
                            "count": 125, 
                            "value": 27053
                        }, 
                        {
                            "disposition": "Applications Withdrawn", 
                            "count": 102, 
                            "value": 20991
                        }, 
                        {
                            "disposition": "Files Closed For Incompleteness", 
                            "count": 21, 
                            "value": 4490
                        }
                    ]
                }
            ]
        }, 
        {
            "ethnicity": "Ethnicity Not Available", 
            "dispositions": [
                {
                    "disposition": "Applications Received", 
                    "count": 2657, 
                    "value": 516426
                }, 
                {
                    "disposition": "Loans Originated", 
                    "count": 1565, 
                    "value": 306737
                }, 
                {
                    "disposition": "Apps. Approved But Not Accepted", 
                    "count": 84, 
                    "value": 18276
                }, 
                {
                    "disposition": "Aplications Denied", 
                    "count": 420, 
                    "value": 80315
                }, 
                {
                    "disposition": "Applications Withdrawn", 
                    "count": 511, 
                    "value": 97401
                }, 
                {
                    "disposition": "Files Closed For Incompleteness", 
                    "count": 77, 
                    "value": 13697
                }
            ], 
            "genders": [
                {
                    "gender": "Male", 
                    "dispositions": [
                        {
                            "disposition": "Applications Received", 
                            "count": 458, 
                            "value": 458
                        }, 
                        {
                            "disposition": "Loans Originated", 
                            "count": 270, 
                            "value": 50916
                        }, 
                        {
                            "disposition": "Apps. Approved But Not Accepted", 
                            "count": 7, 
                            "value": 1162
                        }, 
                        {
                            "disposition": "Aplications Denied", 
                            "count": 63, 
                            "value": 12216
                        }, 
                        {
                            "disposition": "Applications Withdrawn", 
                            "count": 107, 
                            "value": 20339
                        }, 
                        {
                            "disposition": "Files Closed For Incompleteness", 
                            "count": 11, 
                            "value": 2294
                        }
                    ]
                }, 
                {
                    "gender": "Female", 
                    "dispositions": [
                        {
                            "disposition": "Applications Received", 
                            "count": 327, 
                            "value": 327
                        }, 
                        {
                            "disposition": "Loans Originated", 
                            "count": 182, 
                            "value": 30604
                        }, 
                        {
                            "disposition": "Apps. Approved But Not Accepted", 
                            "count": 9, 
                            "value": 1710
                        }, 
                        {
                            "disposition": "Aplications Denied", 
                            "count": 55, 
                            "value": 9355
                        }, 
                        {
                            "disposition": "Applications Withdrawn", 
                            "count": 66, 
                            "value": 10670
                        }, 
                        {
                            "disposition": "Files Closed For Incompleteness", 
                            "count": 15, 
                            "value": 2635
                        }
                    ]
                }, 
                {
                    "gender": "Joint (Male/Female)", 
                    "dispositions": [
                        {
                            "disposition": "Applications Received", 
                            "count": 470, 
                            "value": 470
                        }, 
                        {
                            "disposition": "Loans Originated", 
                            "count": 306, 
                            "value": 68831
                        }, 
                        {
                            "disposition": "Apps. Approved But Not Accepted", 
                            "count": 14, 
                            "value": 3042
                        }, 
                        {
                            "disposition": "Aplications Denied", 
                            "count": 53, 
                            "value": 10380
                        }, 
                        {
                            "disposition": "Applications Withdrawn", 
                            "count": 83, 
                            "value": 17116
                        }, 
                        {
                            "disposition": "Files Closed For Incompleteness", 
                            "count": 14, 
                            "value": 2835
                        }
                    ]
                }
            ]
        }
    ], 
    "minoritystatuses": [
        {
            "minoritystatus": "White Non-Hispanic", 
            "dispositions": [
                {
                    "disposition": "Applications Received", 
                    "count": 22677, 
                    "value": 4521970
                }, 
                {
                    "disposition": "Loans Originated", 
                    "count": 16338, 
                    "value": 3283580
                }, 
                {
                    "disposition": "Apps. Approved But Not Accepted", 
                    "count": 436, 
                    "value": 91074
                }, 
                {
                    "disposition": "Aplications Denied", 
                    "count": 2592, 
                    "value": 498304
                }, 
                {
                    "disposition": "Applications Withdrawn", 
                    "count": 2770, 
                    "value": 541116
                }, 
                {
                    "disposition": "Files Closed For Incompleteness", 
                    "count": 541, 
                    "value": 107896
                }
            ], 
            "genders": [
                {
                    "gender": "Male", 
                    "dispositions": [
                        {
                            "disposition": "Applications Received", 
                            "count": 1502664, 
                            "value": 0
                        }, 
                        {
                            "disposition": "Loans Originated", 
                            "count": 5565, 
                            "value": 1070855
                        }, 
                        {
                            "disposition": "Apps. Approved But Not Accepted", 
                            "count": 132, 
                            "value": 26362
                        }, 
                        {
                            "disposition": "Aplications Denied", 
                            "count": 924, 
                            "value": 172638
                        }, 
                        {
                            "disposition": "Applications Withdrawn", 
                            "count": 974, 
                            "value": 185636
                        }, 
                        {
                            "disposition": "Files Closed For Incompleteness", 
                            "count": 204, 
                            "value": 39374
                        }
                    ]
                }, 
                {
                    "gender": "Female", 
                    "dispositions": [
                        {
                            "disposition": "Applications Received", 
                            "count": 804215, 
                            "value": 0
                        }, 
                        {
                            "disposition": "Loans Originated", 
                            "count": 3340, 
                            "value": 575543
                        }, 
                        {
                            "disposition": "Apps. Approved But Not Accepted", 
                            "count": 83, 
                            "value": 13502
                        }, 
                        {
                            "disposition": "Aplications Denied", 
                            "count": 524, 
                            "value": 86044
                        }, 
                        {
                            "disposition": "Applications Withdrawn", 
                            "count": 614, 
                            "value": 101639
                        }, 
                        {
                            "disposition": "Files Closed For Incompleteness", 
                            "count": 120, 
                            "value": 22806
                        }
                    ]
                }, 
                {
                    "gender": "Joint (Male/Female)", 
                    "dispositions": [
                        {
                            "disposition": "Applications Received", 
                            "count": 1955919, 
                            "value": 0
                        }, 
                        {
                            "disposition": "Loans Originated", 
                            "count": 6603, 
                            "value": 1475937
                        }, 
                        {
                            "disposition": "Apps. Approved But Not Accepted", 
                            "count": 165, 
                            "value": 38442
                        }, 
                        {
                            "disposition": "Aplications Denied", 
                            "count": 891, 
                            "value": 190443
                        }, 
                        {
                            "disposition": "Applications Withdrawn", 
                            "count": 916, 
                            "value": 202656
                        }, 
                        {
                            "disposition": "Files Closed For Incompleteness", 
                            "count": 180, 
                            "value": 39686
                        }
                    ]
                }
            ]
        }, 
        {
            "minoritystatus": "Others, Including Hispanic", 
            "dispositions": [
                {
                    "disposition": "Applications Received", 
                    "count": 11148, 
                    "value": 1873348
                }, 
                {
                    "disposition": "Loans Originated", 
                    "count": 7681, 
                    "value": 1306721
                }, 
                {
                    "disposition": "Apps. Approved But Not Accepted", 
                    "count": 182, 
                    "value": 32977
                }, 
                {
                    "disposition": "Aplications Denied", 
                    "count": 1603, 
                    "value": 259751
                }, 
                {
                    "disposition": "Applications Withdrawn", 
                    "count": 1399, 
                    "value": 228302
                }, 
                {
                    "disposition": "Files Closed For Incompleteness", 
                    "count": 283, 
                    "value": 45597
                }
            ], 
            "genders": [
                {
                    "gender": "Male", 
                    "dispositions": [
                        {
                            "disposition": "Applications Received", 
                            "count": 699490, 
                            "value": 0
                        }, 
                        {
                            "disposition": "Loans Originated", 
                            "count": 3023, 
                            "value": 476640
                        }, 
                        {
                            "disposition": "Apps. Approved But Not Accepted", 
                            "count": 66, 
                            "value": 10827
                        }, 
                        {
                            "disposition": "Aplications Denied", 
                            "count": 638, 
                            "value": 98980
                        }, 
                        {
                            "disposition": "Applications Withdrawn", 
                            "count": 593, 
                            "value": 90799
                        }, 
                        {
                            "disposition": "Files Closed For Incompleteness", 
                            "count": 121, 
                            "value": 17803
                        }
                    ]
                }, 
                {
                    "gender": "Female", 
                    "dispositions": [
                        {
                            "disposition": "Applications Received", 
                            "count": 413706, 
                            "value": 0
                        }, 
                        {
                            "disposition": "Loans Originated", 
                            "count": 1938, 
                            "value": 286041
                        }, 
                        {
                            "disposition": "Apps. Approved But Not Accepted", 
                            "count": 46, 
                            "value": 6729
                        }, 
                        {
                            "disposition": "Aplications Denied", 
                            "count": 411, 
                            "value": 54700
                        }, 
                        {
                            "disposition": "Applications Withdrawn", 
                            "count": 366, 
                            "value": 53178
                        }, 
                        {
                            "disposition": "Files Closed For Incompleteness", 
                            "count": 74, 
                            "value": 10223
                        }
                    ]
                }, 
                {
                    "gender": "Joint (Male/Female)", 
                    "dispositions": [
                        {
                            "disposition": "Applications Received", 
                            "count": 766204, 
                            "value": 0
                        }, 
                        {
                            "disposition": "Loans Originated", 
                            "count": 2700, 
                            "value": 541387
                        }, 
                        {
                            "disposition": "Apps. Approved But Not Accepted", 
                            "count": 70, 
                            "value": 15421
                        }, 
                        {
                            "disposition": "Aplications Denied", 
                            "count": 548, 
                            "value": 105059
                        }, 
                        {
                            "disposition": "Applications Withdrawn", 
                            "count": 434, 
                            "value": 83334
                        }, 
                        {
                            "disposition": "Files Closed For Incompleteness", 
                            "count": 86, 
                            "value": 17165
                        }
                    ]
                }
            ]
        }
    ], 
    "incomes": [
        {
            "incomes": "Less than 50% of MSA/MD median", 
            "dispositions": [
                {
                    "disposition": "Applications Received", 
                    "count": 4069, 
                    "value": 444884
                }, 
                {
                    "disposition": "Loans Originated", 
                    "count": 2474, 
                    "value": 266084
                }, 
                {
                    "disposition": "Apps. Approved But Not Accepted", 
                    "count": 71, 
                    "value": 7045
                }, 
                {
                    "disposition": "Aplications Denied", 
                    "count": 799, 
                    "value": 91936
                }, 
                {
                    "disposition": "Applications Withdrawn", 
                    "count": 586, 
                    "value": 64101
                }, 
                {
                    "disposition": "Files Closed For Incompleteness", 
                    "count": 139, 
                    "value": 15718
                }
            ]
        }, 
        {
            "incomes": "50-79% of MSA/MD median", 
            "dispositions": [
                {
                    "disposition": "Applications Received", 
                    "count": 8978, 
                    "value": 1311078
                }, 
                {
                    "disposition": "Loans Originated", 
                    "count": 6344, 
                    "value": 923225
                }, 
                {
                    "disposition": "Apps. Approved But Not Accepted", 
                    "count": 134, 
                    "value": 19234
                }, 
                {
                    "disposition": "Aplications Denied", 
                    "count": 1148, 
                    "value": 169483
                }, 
                {
                    "disposition": "Applications Withdrawn", 
                    "count": 1130, 
                    "value": 165178
                }, 
                {
                    "disposition": "Files Closed For Incompleteness", 
                    "count": 222, 
                    "value": 33958
                }
            ]
        }, 
        {
            "incomes": "80-99% of MSA/MD median", 
            "dispositions": [
                {
                    "disposition": "Applications Received", 
                    "count": 5735, 
                    "value": 1026719
                }, 
                {
                    "disposition": "Loans Originated", 
                    "count": 4207, 
                    "value": 751413
                }, 
                {
                    "disposition": "Apps. Approved But Not Accepted", 
                    "count": 87, 
                    "value": 16122
                }, 
                {
                    "disposition": "Aplications Denied", 
                    "count": 635, 
                    "value": 114600
                }, 
                {
                    "disposition": "Applications Withdrawn", 
                    "count": 681, 
                    "value": 122785
                }, 
                {
                    "disposition": "Files Closed For Incompleteness", 
                    "count": 125, 
                    "value": 21799
                }
            ]
        }, 
        {
            "incomes": "100-119% of MSA/MD median", 
            "dispositions": [
                {
                    "disposition": "Applications Received", 
                    "count": 4083, 
                    "value": 829145
                }, 
                {
                    "disposition": "Loans Originated", 
                    "count": 2983, 
                    "value": 605285
                }, 
                {
                    "disposition": "Apps. Approved But Not Accepted", 
                    "count": 90, 
                    "value": 17843
                }, 
                {
                    "disposition": "Aplications Denied", 
                    "count": 421, 
                    "value": 86401
                }, 
                {
                    "disposition": "Applications Withdrawn", 
                    "count": 498, 
                    "value": 100338
                }, 
                {
                    "disposition": "Files Closed For Incompleteness", 
                    "count": 91, 
                    "value": 19278
                }
            ]
        }, 
        {
            "incomes": "120% or more of MSA/MD median", 
            "dispositions": [
                {
                    "disposition": "Applications Received", 
                    "count": 10564, 
                    "value": 2712203
                }, 
                {
                    "disposition": "Loans Originated", 
                    "count": 7786, 
                    "value": 2004629
                }, 
                {
                    "disposition": "Apps. Approved But Not Accepted", 
                    "count": 224, 
                    "value": 61746
                }, 
                {
                    "disposition": "Aplications Denied", 
                    "count": 1099, 
                    "value": 277620
                }, 
                {
                    "disposition": "Applications Withdrawn", 
                    "count": 1211, 
                    "value": 305905
                }, 
                {
                    "disposition": "Files Closed For Incompleteness", 
                    "count": 244, 
                    "value": 62303
                }
            ]
        }, 
        {
            "incomes": "income not available", 
            "dispositions": [
                {
                    "disposition": "Applications Received", 
                    "count": 396, 
                    "value": 71289
                }, 
                {
                    "disposition": "Loans Originated", 
                    "count": 225, 
                    "value": 39665
                }, 
                {
                    "disposition": "Apps. Approved But Not Accepted", 
                    "count": 12, 
                    "value": 2061
                }, 
                {
                    "disposition": "Aplications Denied", 
                    "count": 93, 
                    "value": 18015
                }, 
                {
                    "disposition": "Applications Withdrawn", 
                    "count": 63, 
                    "value": 11111
                }, 
                {
                    "disposition": "Files Closed For Incompleteness", 
                    "count": 3, 
                    "value": 437
                }
            ]
        }
    ], 
    "total": [
        {
            "disposition": "Applications Received", 
            "count": 0, 
            "value": 0
        }, 
        {
            "disposition": "Loans Originated", 
            "count": 24019, 
            "value": 4590301
        }, 
        {
            "disposition": "Apps. Approved But Not Accepted", 
            "count": 618, 
            "value": 124051
        }, 
        {
            "disposition": "Aplications Denied", 
            "count": 4195, 
            "value": 758055
        }, 
        {
            "disposition": "Applications Withdrawn", 
            "count": 4169, 
            "value": 769418
        }, 
        {
            "disposition": "Files Closed For Incompleteness", 
            "count": 824, 
            "value": 153493
        }
    ]
}