{
    "table": "4-1", 
    "type": "Aggregate", 
    "desc": "Disposition of applications for FHA, FSA/RHS, and VA home-purchase loans, 1- to 4-family and manufactured home dwellings, by race, ethnicity, gender and income of applicant", 
    "year": "2012", 
    "msa": {
        "id": "44700", 
        "name": "Stockton", 
        "state": "CA", 
        "state_name": "California"
    }, 
    "races": [
        {
            "race": "American Indian/Alaska Native", 
            "dispositions": [
                {
                    "disposition": "Applications Received", 
                    "count": 30, 
                    "value": 5080
                }, 
                {
                    "disposition": "Loans Originated", 
                    "count": 0, 
                    "value": 3160
                }, 
                {
                    "disposition": "Apps. Approved But Not Accepted", 
                    "count": 0, 
                    "value": 0
                }, 
                {
                    "disposition": "Aplications Denied", 
                    "count": 0, 
                    "value": 1062
                }, 
                {
                    "disposition": "Applications Withdrawn", 
                    "count": 0, 
                    "value": 888
                }, 
                {
                    "disposition": "Files Closed For Incompleteness", 
                    "count": 0, 
                    "value": 0
                }
            ], 
            "genders": [
                {
                    "gender": "Male", 
                    "dispositions": [
                        {
                            "disposition": "Applications Received", 
                            "count": 0, 
                            "value": 0
                        }, 
                        {
                            "disposition": "Loans Originated", 
                            "count": 10, 
                            "value": 1485
                        }, 
                        {
                            "disposition": "Apps. Approved But Not Accepted", 
                            "count": 0, 
                            "value": 0
                        }, 
                        {
                            "disposition": "Aplications Denied", 
                            "count": 2, 
                            "value": 564
                        }, 
                        {
                            "disposition": "Applications Withdrawn", 
                            "count": 4, 
                            "value": 552
                        }, 
                        {
                            "disposition": "Files Closed For Incompleteness", 
                            "count": 0, 
                            "value": 0
                        }
                    ]
                }, 
                {
                    "gender": "Female", 
                    "dispositions": [
                        {
                            "disposition": "Applications Received", 
                            "count": 0, 
                            "value": 0
                        }, 
                        {
                            "disposition": "Loans Originated", 
                            "count": 5, 
                            "value": 942
                        }, 
                        {
                            "disposition": "Apps. Approved But Not Accepted", 
                            "count": 0, 
                            "value": 0
                        }, 
                        {
                            "disposition": "Aplications Denied", 
                            "count": 2, 
                            "value": 302
                        }, 
                        {
                            "disposition": "Applications Withdrawn", 
                            "count": 2, 
                            "value": 197
                        }, 
                        {
                            "disposition": "Files Closed For Incompleteness", 
                            "count": 0, 
                            "value": 0
                        }
                    ]
                }, 
                {
                    "gender": "Joint (Male/Female)", 
                    "dispositions": [
                        {
                            "disposition": "Applications Received", 
                            "count": 0, 
                            "value": 0
                        }, 
                        {
                            "disposition": "Loans Originated", 
                            "count": 3, 
                            "value": 715
                        }, 
                        {
                            "disposition": "Apps. Approved But Not Accepted", 
                            "count": 0, 
                            "value": 0
                        }, 
                        {
                            "disposition": "Aplications Denied", 
                            "count": 1, 
                            "value": 191
                        }, 
                        {
                            "disposition": "Applications Withdrawn", 
                            "count": 1, 
                            "value": 132
                        }, 
                        {
                            "disposition": "Files Closed For Incompleteness", 
                            "count": 0, 
                            "value": 0
                        }
                    ]
                }
            ]
        }, 
        {
            "race": "Asian", 
            "dispositions": [
                {
                    "disposition": "Applications Received", 
                    "count": 129, 
                    "value": 19748
                }, 
                {
                    "disposition": "Loans Originated", 
                    "count": 0, 
                    "value": 13559
                }, 
                {
                    "disposition": "Apps. Approved But Not Accepted", 
                    "count": 0, 
                    "value": 1363
                }, 
                {
                    "disposition": "Aplications Denied", 
                    "count": 0, 
                    "value": 2434
                }, 
                {
                    "disposition": "Applications Withdrawn", 
                    "count": 0, 
                    "value": 2397
                }, 
                {
                    "disposition": "Files Closed For Incompleteness", 
                    "count": 0, 
                    "value": 124
                }
            ], 
            "genders": [
                {
                    "gender": "Male", 
                    "dispositions": [
                        {
                            "disposition": "Applications Received", 
                            "count": 0, 
                            "value": 0
                        }, 
                        {
                            "disposition": "Loans Originated", 
                            "count": 52, 
                            "value": 7514
                        }, 
                        {
                            "disposition": "Apps. Approved But Not Accepted", 
                            "count": 3, 
                            "value": 578
                        }, 
                        {
                            "disposition": "Aplications Denied", 
                            "count": 10, 
                            "value": 2008
                        }, 
                        {
                            "disposition": "Applications Withdrawn", 
                            "count": 9, 
                            "value": 1126
                        }, 
                        {
                            "disposition": "Files Closed For Incompleteness", 
                            "count": 0, 
                            "value": 0
                        }
                    ]
                }, 
                {
                    "gender": "Female", 
                    "dispositions": [
                        {
                            "disposition": "Applications Received", 
                            "count": 0, 
                            "value": 0
                        }, 
                        {
                            "disposition": "Loans Originated", 
                            "count": 23, 
                            "value": 3514
                        }, 
                        {
                            "disposition": "Apps. Approved But Not Accepted", 
                            "count": 4, 
                            "value": 719
                        }, 
                        {
                            "disposition": "Aplications Denied", 
                            "count": 1, 
                            "value": 247
                        }, 
                        {
                            "disposition": "Applications Withdrawn", 
                            "count": 5, 
                            "value": 520
                        }, 
                        {
                            "disposition": "Files Closed For Incompleteness", 
                            "count": 0, 
                            "value": 0
                        }
                    ]
                }, 
                {
                    "gender": "Joint (Male/Female)", 
                    "dispositions": [
                        {
                            "disposition": "Applications Received", 
                            "count": 0, 
                            "value": 0
                        }, 
                        {
                            "disposition": "Loans Originated", 
                            "count": 16, 
                            "value": 2440
                        }, 
                        {
                            "disposition": "Apps. Approved But Not Accepted", 
                            "count": 1, 
                            "value": 58
                        }, 
                        {
                            "disposition": "Aplications Denied", 
                            "count": 1, 
                            "value": 167
                        }, 
                        {
                            "disposition": "Applications Withdrawn", 
                            "count": 3, 
                            "value": 734
                        }, 
                        {
                            "disposition": "Files Closed For Incompleteness", 
                            "count": 1, 
                            "value": 123
                        }
                    ]
                }
            ]
        }, 
        {
            "race": "Black or African American", 
            "dispositions": [
                {
                    "disposition": "Applications Received", 
                    "count": 584, 
                    "value": 115008
                }, 
                {
                    "disposition": "Loans Originated", 
                    "count": 0, 
                    "value": 78057
                }, 
                {
                    "disposition": "Apps. Approved But Not Accepted", 
                    "count": 0, 
                    "value": 4313
                }, 
                {
                    "disposition": "Aplications Denied", 
                    "count": 0, 
                    "value": 20255
                }, 
                {
                    "disposition": "Applications Withdrawn", 
                    "count": 0, 
                    "value": 11147
                }, 
                {
                    "disposition": "Files Closed For Incompleteness", 
                    "count": 0, 
                    "value": 1820
                }
            ], 
            "genders": [
                {
                    "gender": "Male", 
                    "dispositions": [
                        {
                            "disposition": "Applications Received", 
                            "count": 0, 
                            "value": 0
                        }, 
                        {
                            "disposition": "Loans Originated", 
                            "count": 179, 
                            "value": 35974
                        }, 
                        {
                            "disposition": "Apps. Approved But Not Accepted", 
                            "count": 12, 
                            "value": 1776
                        }, 
                        {
                            "disposition": "Aplications Denied", 
                            "count": 49, 
                            "value": 10027
                        }, 
                        {
                            "disposition": "Applications Withdrawn", 
                            "count": 25, 
                            "value": 4325
                        }, 
                        {
                            "disposition": "Files Closed For Incompleteness", 
                            "count": 4, 
                            "value": 759
                        }
                    ]
                }, 
                {
                    "gender": "Female", 
                    "dispositions": [
                        {
                            "disposition": "Applications Received", 
                            "count": 0, 
                            "value": 0
                        }, 
                        {
                            "disposition": "Loans Originated", 
                            "count": 97, 
                            "value": 17563
                        }, 
                        {
                            "disposition": "Apps. Approved But Not Accepted", 
                            "count": 9, 
                            "value": 1765
                        }, 
                        {
                            "disposition": "Aplications Denied", 
                            "count": 27, 
                            "value": 5123
                        }, 
                        {
                            "disposition": "Applications Withdrawn", 
                            "count": 20, 
                            "value": 3972
                        }, 
                        {
                            "disposition": "Files Closed For Incompleteness", 
                            "count": 4, 
                            "value": 821
                        }
                    ]
                }, 
                {
                    "gender": "Joint (Male/Female)", 
                    "dispositions": [
                        {
                            "disposition": "Applications Received", 
                            "count": 0, 
                            "value": 0
                        }, 
                        {
                            "disposition": "Loans Originated", 
                            "count": 114, 
                            "value": 23190
                        }, 
                        {
                            "disposition": "Apps. Approved But Not Accepted", 
                            "count": 4, 
                            "value": 747
                        }, 
                        {
                            "disposition": "Aplications Denied", 
                            "count": 21, 
                            "value": 4790
                        }, 
                        {
                            "disposition": "Applications Withdrawn", 
                            "count": 11, 
                            "value": 2344
                        }, 
                        {
                            "disposition": "Files Closed For Incompleteness", 
                            "count": 1, 
                            "value": 231
                        }
                    ]
                }
            ]
        }, 
        {
            "race": "Native Hawaiian or Other Pacific Islander", 
            "dispositions": [
                {
                    "disposition": "Applications Received", 
                    "count": 240, 
                    "value": 50986
                }, 
                {
                    "disposition": "Loans Originated", 
                    "count": 0, 
                    "value": 35843
                }, 
                {
                    "disposition": "Apps. Approved But Not Accepted", 
                    "count": 0, 
                    "value": 2550
                }, 
                {
                    "disposition": "Aplications Denied", 
                    "count": 0, 
                    "value": 5295
                }, 
                {
                    "disposition": "Applications Withdrawn", 
                    "count": 0, 
                    "value": 6279
                }, 
                {
                    "disposition": "Files Closed For Incompleteness", 
                    "count": 0, 
                    "value": 1259
                }
            ], 
            "genders": [
                {
                    "gender": "Male", 
                    "dispositions": [
                        {
                            "disposition": "Applications Received", 
                            "count": 0, 
                            "value": 0
                        }, 
                        {
                            "disposition": "Loans Originated", 
                            "count": 57, 
                            "value": 12880
                        }, 
                        {
                            "disposition": "Apps. Approved But Not Accepted", 
                            "count": 5, 
                            "value": 1058
                        }, 
                        {
                            "disposition": "Aplications Denied", 
                            "count": 10, 
                            "value": 2048
                        }, 
                        {
                            "disposition": "Applications Withdrawn", 
                            "count": 12, 
                            "value": 2521
                        }, 
                        {
                            "disposition": "Files Closed For Incompleteness", 
                            "count": 3, 
                            "value": 865
                        }
                    ]
                }, 
                {
                    "gender": "Female", 
                    "dispositions": [
                        {
                            "disposition": "Applications Received", 
                            "count": 0, 
                            "value": 0
                        }, 
                        {
                            "disposition": "Loans Originated", 
                            "count": 68, 
                            "value": 13012
                        }, 
                        {
                            "disposition": "Apps. Approved But Not Accepted", 
                            "count": 5, 
                            "value": 949
                        }, 
                        {
                            "disposition": "Aplications Denied", 
                            "count": 10, 
                            "value": 1448
                        }, 
                        {
                            "disposition": "Applications Withdrawn", 
                            "count": 13, 
                            "value": 2162
                        }, 
                        {
                            "disposition": "Files Closed For Incompleteness", 
                            "count": 1, 
                            "value": 240
                        }
                    ]
                }, 
                {
                    "gender": "Joint (Male/Female)", 
                    "dispositions": [
                        {
                            "disposition": "Applications Received", 
                            "count": 0, 
                            "value": 0
                        }, 
                        {
                            "disposition": "Loans Originated", 
                            "count": 38, 
                            "value": 9657
                        }, 
                        {
                            "disposition": "Apps. Approved But Not Accepted", 
                            "count": 2, 
                            "value": 531
                        }, 
                        {
                            "disposition": "Aplications Denied", 
                            "count": 7, 
                            "value": 1772
                        }, 
                        {
                            "disposition": "Applications Withdrawn", 
                            "count": 7, 
                            "value": 1564
                        }, 
                        {
                            "disposition": "Files Closed For Incompleteness", 
                            "count": 1, 
                            "value": 149
                        }
                    ]
                }
            ]
        }, 
        {
            "race": "White", 
            "dispositions": [
                {
                    "disposition": "Applications Received", 
                    "count": 98, 
                    "value": 20398
                }, 
                {
                    "disposition": "Loans Originated", 
                    "count": 0, 
                    "value": 14501
                }, 
                {
                    "disposition": "Apps. Approved But Not Accepted", 
                    "count": 0, 
                    "value": 1592
                }, 
                {
                    "disposition": "Aplications Denied", 
                    "count": 0, 
                    "value": 2782
                }, 
                {
                    "disposition": "Applications Withdrawn", 
                    "count": 0, 
                    "value": 1402
                }, 
                {
                    "disposition": "Files Closed For Incompleteness", 
                    "count": 0, 
                    "value": 219
                }
            ], 
            "genders": [
                {
                    "gender": "Male", 
                    "dispositions": [
                        {
                            "disposition": "Applications Received", 
                            "count": 0, 
                            "value": 0
                        }, 
                        {
                            "disposition": "Loans Originated", 
                            "count": 29, 
                            "value": 5634
                        }, 
                        {
                            "disposition": "Apps. Approved But Not Accepted", 
                            "count": 2, 
                            "value": 415
                        }, 
                        {
                            "disposition": "Aplications Denied", 
                            "count": 3, 
                            "value": 613
                        }, 
                        {
                            "disposition": "Applications Withdrawn", 
                            "count": 4, 
                            "value": 620
                        }, 
                        {
                            "disposition": "Files Closed For Incompleteness", 
                            "count": 1, 
                            "value": 218
                        }
                    ]
                }, 
                {
                    "gender": "Female", 
                    "dispositions": [
                        {
                            "disposition": "Applications Received", 
                            "count": 0, 
                            "value": 0
                        }, 
                        {
                            "disposition": "Loans Originated", 
                            "count": 17, 
                            "value": 3517
                        }, 
                        {
                            "disposition": "Apps. Approved But Not Accepted", 
                            "count": 2, 
                            "value": 442
                        }, 
                        {
                            "disposition": "Aplications Denied", 
                            "count": 6, 
                            "value": 920
                        }, 
                        {
                            "disposition": "Applications Withdrawn", 
                            "count": 1, 
                            "value": 343
                        }, 
                        {
                            "disposition": "Files Closed For Incompleteness", 
                            "count": 0, 
                            "value": 0
                        }
                    ]
                }, 
                {
                    "gender": "Joint (Male/Female)", 
                    "dispositions": [
                        {
                            "disposition": "Applications Received", 
                            "count": 0, 
                            "value": 0
                        }, 
                        {
                            "disposition": "Loans Originated", 
                            "count": 24, 
                            "value": 5280
                        }, 
                        {
                            "disposition": "Apps. Approved But Not Accepted", 
                            "count": 3, 
                            "value": 728
                        }, 
                        {
                            "disposition": "Aplications Denied", 
                            "count": 4, 
                            "value": 1236
                        }, 
                        {
                            "disposition": "Applications Withdrawn", 
                            "count": 2, 
                            "value": 432
                        }, 
                        {
                            "disposition": "Files Closed For Incompleteness", 
                            "count": 0, 
                            "value": 0
                        }
                    ]
                }
            ]
        }, 
        {
            "race": "2 or more minority races", 
            "dispositions": [
                {
                    "disposition": "Applications Received", 
                    "count": 3409, 
                    "value": 643453
                }, 
                {
                    "disposition": "Loans Originated", 
                    "count": 0, 
                    "value": 481845
                }, 
                {
                    "disposition": "Apps. Approved But Not Accepted", 
                    "count": 0, 
                    "value": 25124
                }, 
                {
                    "disposition": "Aplications Denied", 
                    "count": 0, 
                    "value": 72708
                }, 
                {
                    "disposition": "Applications Withdrawn", 
                    "count": 0, 
                    "value": 60528
                }, 
                {
                    "disposition": "Files Closed For Incompleteness", 
                    "count": 0, 
                    "value": 6657
                }
            ], 
            "genders": [
                {
                    "gender": "Male", 
                    "dispositions": [
                        {
                            "disposition": "Applications Received", 
                            "count": 0, 
                            "value": 0
                        }, 
                        {
                            "disposition": "Loans Originated", 
                            "count": 1010, 
                            "value": 186740
                        }, 
                        {
                            "disposition": "Apps. Approved But Not Accepted", 
                            "count": 50, 
                            "value": 8405
                        }, 
                        {
                            "disposition": "Aplications Denied", 
                            "count": 184, 
                            "value": 32831
                        }, 
                        {
                            "disposition": "Applications Withdrawn", 
                            "count": 139, 
                            "value": 24357
                        }, 
                        {
                            "disposition": "Files Closed For Incompleteness", 
                            "count": 17, 
                            "value": 3135
                        }
                    ]
                }, 
                {
                    "gender": "Female", 
                    "dispositions": [
                        {
                            "disposition": "Applications Received", 
                            "count": 0, 
                            "value": 0
                        }, 
                        {
                            "disposition": "Loans Originated", 
                            "count": 607, 
                            "value": 99491
                        }, 
                        {
                            "disposition": "Apps. Approved But Not Accepted", 
                            "count": 37, 
                            "value": 6402
                        }, 
                        {
                            "disposition": "Aplications Denied", 
                            "count": 101, 
                            "value": 15450
                        }, 
                        {
                            "disposition": "Applications Withdrawn", 
                            "count": 93, 
                            "value": 16285
                        }, 
                        {
                            "disposition": "Files Closed For Incompleteness", 
                            "count": 9, 
                            "value": 1422
                        }
                    ]
                }, 
                {
                    "gender": "Joint (Male/Female)", 
                    "dispositions": [
                        {
                            "disposition": "Applications Received", 
                            "count": 0, 
                            "value": 0
                        }, 
                        {
                            "disposition": "Loans Originated", 
                            "count": 886, 
                            "value": 191782
                        }, 
                        {
                            "disposition": "Apps. Approved But Not Accepted", 
                            "count": 50, 
                            "value": 9978
                        }, 
                        {
                            "disposition": "Aplications Denied", 
                            "count": 110, 
                            "value": 23587
                        }, 
                        {
                            "disposition": "Applications Withdrawn", 
                            "count": 95, 
                            "value": 19374
                        }, 
                        {
                            "disposition": "Files Closed For Incompleteness", 
                            "count": 10, 
                            "value": 2064
                        }
                    ]
                }
            ]
        }, 
        {
            "race": "Joint (White/Minority Race", 
            "dispositions": [
                {
                    "disposition": "Applications Received", 
                    "count": 107, 
                    "value": 24439
                }, 
                {
                    "disposition": "Loans Originated", 
                    "count": 0, 
                    "value": 16137
                }, 
                {
                    "disposition": "Apps. Approved But Not Accepted", 
                    "count": 0, 
                    "value": 2185
                }, 
                {
                    "disposition": "Aplications Denied", 
                    "count": 0, 
                    "value": 2805
                }, 
                {
                    "disposition": "Applications Withdrawn", 
                    "count": 0, 
                    "value": 3179
                }, 
                {
                    "disposition": "Files Closed For Incompleteness", 
                    "count": 0, 
                    "value": 240
                }
            ], 
            "genders": [
                {
                    "gender": "Male", 
                    "dispositions": [
                        {
                            "disposition": "Applications Received", 
                            "count": 0, 
                            "value": 0
                        }, 
                        {
                            "disposition": "Loans Originated", 
                            "count": 1, 
                            "value": 269
                        }, 
                        {
                            "disposition": "Apps. Approved But Not Accepted", 
                            "count": 0, 
                            "value": 0
                        }, 
                        {
                            "disposition": "Aplications Denied", 
                            "count": 0, 
                            "value": 0
                        }, 
                        {
                            "disposition": "Applications Withdrawn", 
                            "count": 1, 
                            "value": 283
                        }, 
                        {
                            "disposition": "Files Closed For Incompleteness", 
                            "count": 0, 
                            "value": 0
                        }
                    ]
                }, 
                {
                    "gender": "Female", 
                    "dispositions": [
                        {
                            "disposition": "Applications Received", 
                            "count": 0, 
                            "value": 0
                        }, 
                        {
                            "disposition": "Loans Originated", 
                            "count": 0, 
                            "value": 0
                        }, 
                        {
                            "disposition": "Apps. Approved But Not Accepted", 
                            "count": 0, 
                            "value": 0
                        }, 
                        {
                            "disposition": "Aplications Denied", 
                            "count": 2, 
                            "value": 641
                        }, 
                        {
                            "disposition": "Applications Withdrawn", 
                            "count": 0, 
                            "value": 0
                        }, 
                        {
                            "disposition": "Files Closed For Incompleteness", 
                            "count": 0, 
                            "value": 0
                        }
                    ]
                }, 
                {
                    "gender": "Joint (Male/Female)", 
                    "dispositions": [
                        {
                            "disposition": "Applications Received", 
                            "count": 0, 
                            "value": 0
                        }, 
                        {
                            "disposition": "Loans Originated", 
                            "count": 71, 
                            "value": 15796
                        }, 
                        {
                            "disposition": "Apps. Approved But Not Accepted", 
                            "count": 8, 
                            "value": 2177
                        }, 
                        {
                            "disposition": "Aplications Denied", 
                            "count": 10, 
                            "value": 2152
                        }, 
                        {
                            "disposition": "Applications Withdrawn", 
                            "count": 13, 
                            "value": 2882
                        }, 
                        {
                            "disposition": "Files Closed For Incompleteness", 
                            "count": 1, 
                            "value": 239
                        }
                    ]
                }
            ]
        }, 
        {
            "race": "Not Available", 
            "dispositions": [
                {
                    "disposition": "Applications Received", 
                    "count": 525, 
                    "value": 111908
                }, 
                {
                    "disposition": "Loans Originated", 
                    "count": 0, 
                    "value": 76124
                }, 
                {
                    "disposition": "Apps. Approved But Not Accepted", 
                    "count": 0, 
                    "value": 4131
                }, 
                {
                    "disposition": "Aplications Denied", 
                    "count": 0, 
                    "value": 15030
                }, 
                {
                    "disposition": "Applications Withdrawn", 
                    "count": 0, 
                    "value": 14778
                }, 
                {
                    "disposition": "Files Closed For Incompleteness", 
                    "count": 0, 
                    "value": 2370
                }
            ], 
            "genders": [
                {
                    "gender": "Male", 
                    "dispositions": [
                        {
                            "disposition": "Applications Received", 
                            "count": 0, 
                            "value": 0
                        }, 
                        {
                            "disposition": "Loans Originated", 
                            "count": 86, 
                            "value": 19363
                        }, 
                        {
                            "disposition": "Apps. Approved But Not Accepted", 
                            "count": 6, 
                            "value": 1288
                        }, 
                        {
                            "disposition": "Aplications Denied", 
                            "count": 18, 
                            "value": 3398
                        }, 
                        {
                            "disposition": "Applications Withdrawn", 
                            "count": 18, 
                            "value": 3918
                        }, 
                        {
                            "disposition": "Files Closed For Incompleteness", 
                            "count": 4, 
                            "value": 777
                        }
                    ]
                }, 
                {
                    "gender": "Female", 
                    "dispositions": [
                        {
                            "disposition": "Applications Received", 
                            "count": 0, 
                            "value": 0
                        }, 
                        {
                            "disposition": "Loans Originated", 
                            "count": 55, 
                            "value": 11241
                        }, 
                        {
                            "disposition": "Apps. Approved But Not Accepted", 
                            "count": 5, 
                            "value": 804
                        }, 
                        {
                            "disposition": "Aplications Denied", 
                            "count": 16, 
                            "value": 2232
                        }, 
                        {
                            "disposition": "Applications Withdrawn", 
                            "count": 12, 
                            "value": 1994
                        }, 
                        {
                            "disposition": "Files Closed For Incompleteness", 
                            "count": 1, 
                            "value": 112
                        }
                    ]
                }, 
                {
                    "gender": "Joint (Male/Female)", 
                    "dispositions": [
                        {
                            "disposition": "Applications Received", 
                            "count": 0, 
                            "value": 0
                        }, 
                        {
                            "disposition": "Loans Originated", 
                            "count": 90, 
                            "value": 21715
                        }, 
                        {
                            "disposition": "Apps. Approved But Not Accepted", 
                            "count": 2, 
                            "value": 818
                        }, 
                        {
                            "disposition": "Aplications Denied", 
                            "count": 11, 
                            "value": 2454
                        }, 
                        {
                            "disposition": "Applications Withdrawn", 
                            "count": 8, 
                            "value": 1892
                        }, 
                        {
                            "disposition": "Files Closed For Incompleteness", 
                            "count": 1, 
                            "value": 228
                        }
                    ]
                }
            ]
        }
    ], 
    "ethnicities": [
        {
            "ethnicity": "Hispanic or Latino", 
            "dispositions": [
                {
                    "disposition": "Applications Received", 
                    "count": 1624, 
                    "value": 266748
                }, 
                {
                    "disposition": "Loans Originated", 
                    "count": 0, 
                    "value": 189762
                }, 
                {
                    "disposition": "Apps. Approved But Not Accepted", 
                    "count": 0, 
                    "value": 9464
                }, 
                {
                    "disposition": "Aplications Denied", 
                    "count": 0, 
                    "value": 36603
                }, 
                {
                    "disposition": "Applications Withdrawn", 
                    "count": 0, 
                    "value": 29244
                }, 
                {
                    "disposition": "Files Closed For Incompleteness", 
                    "count": 0, 
                    "value": 3299
                }
            ], 
            "genders": [
                {
                    "gender": "Male", 
                    "dispositions": [
                        {
                            "disposition": "Applications Received", 
                            "count": 0, 
                            "value": 0
                        }, 
                        {
                            "disposition": "Loans Originated", 
                            "count": 541, 
                            "value": 90175
                        }, 
                        {
                            "disposition": "Apps. Approved But Not Accepted", 
                            "count": 30, 
                            "value": 4987
                        }, 
                        {
                            "disposition": "Aplications Denied", 
                            "count": 108, 
                            "value": 17836
                        }, 
                        {
                            "disposition": "Applications Withdrawn", 
                            "count": 85, 
                            "value": 13028
                        }, 
                        {
                            "disposition": "Files Closed For Incompleteness", 
                            "count": 9, 
                            "value": 1590
                        }
                    ]
                }, 
                {
                    "gender": "Female", 
                    "dispositions": [
                        {
                            "disposition": "Applications Received", 
                            "count": 0, 
                            "value": 0
                        }, 
                        {
                            "disposition": "Loans Originated", 
                            "count": 307, 
                            "value": 44868
                        }, 
                        {
                            "disposition": "Apps. Approved But Not Accepted", 
                            "count": 20, 
                            "value": 2989
                        }, 
                        {
                            "disposition": "Aplications Denied", 
                            "count": 57, 
                            "value": 8058
                        }, 
                        {
                            "disposition": "Applications Withdrawn", 
                            "count": 50, 
                            "value": 7464
                        }, 
                        {
                            "disposition": "Files Closed For Incompleteness", 
                            "count": 5, 
                            "value": 833
                        }
                    ]
                }, 
                {
                    "gender": "Joint (Male/Female)", 
                    "dispositions": [
                        {
                            "disposition": "Applications Received", 
                            "count": 0, 
                            "value": 0
                        }, 
                        {
                            "disposition": "Loans Originated", 
                            "count": 293, 
                            "value": 52882
                        }, 
                        {
                            "disposition": "Apps. Approved But Not Accepted", 
                            "count": 10, 
                            "value": 1428
                        }, 
                        {
                            "disposition": "Aplications Denied", 
                            "count": 53, 
                            "value": 10260
                        }, 
                        {
                            "disposition": "Applications Withdrawn", 
                            "count": 45, 
                            "value": 8387
                        }, 
                        {
                            "disposition": "Files Closed For Incompleteness", 
                            "count": 5, 
                            "value": 857
                        }
                    ]
                }
            ]
        }, 
        {
            "ethnicity": "Not Hispanic or Latino", 
            "dispositions": [
                {
                    "disposition": "Applications Received", 
                    "count": 2899, 
                    "value": 593106
                }, 
                {
                    "disposition": "Loans Originated", 
                    "count": 0, 
                    "value": 437970
                }, 
                {
                    "disposition": "Apps. Approved But Not Accepted", 
                    "count": 0, 
                    "value": 27378
                }, 
                {
                    "disposition": "Aplications Denied", 
                    "count": 0, 
                    "value": 69376
                }, 
                {
                    "disposition": "Applications Withdrawn", 
                    "count": 0, 
                    "value": 54456
                }, 
                {
                    "disposition": "Files Closed For Incompleteness", 
                    "count": 0, 
                    "value": 6825
                }
            ], 
            "genders": [
                {
                    "gender": "Male", 
                    "dispositions": [
                        {
                            "disposition": "Applications Received", 
                            "count": 0, 
                            "value": 0
                        }, 
                        {
                            "disposition": "Loans Originated", 
                            "count": 814, 
                            "value": 163683
                        }, 
                        {
                            "disposition": "Apps. Approved But Not Accepted", 
                            "count": 45, 
                            "value": 7897
                        }, 
                        {
                            "disposition": "Aplications Denied", 
                            "count": 156, 
                            "value": 31129
                        }, 
                        {
                            "disposition": "Applications Withdrawn", 
                            "count": 114, 
                            "value": 21716
                        }, 
                        {
                            "disposition": "Files Closed For Incompleteness", 
                            "count": 17, 
                            "value": 3405
                        }
                    ]
                }, 
                {
                    "gender": "Female", 
                    "dispositions": [
                        {
                            "disposition": "Applications Received", 
                            "count": 0, 
                            "value": 0
                        }, 
                        {
                            "disposition": "Loans Originated", 
                            "count": 517, 
                            "value": 93928
                        }, 
                        {
                            "disposition": "Apps. Approved But Not Accepted", 
                            "count": 38, 
                            "value": 7386
                        }, 
                        {
                            "disposition": "Aplications Denied", 
                            "count": 96, 
                            "value": 16537
                        }, 
                        {
                            "disposition": "Applications Withdrawn", 
                            "count": 86, 
                            "value": 16259
                        }, 
                        {
                            "disposition": "Files Closed For Incompleteness", 
                            "count": 10, 
                            "value": 1762
                        }
                    ]
                }, 
                {
                    "gender": "Joint (Male/Female)", 
                    "dispositions": [
                        {
                            "disposition": "Applications Received", 
                            "count": 0, 
                            "value": 0
                        }, 
                        {
                            "disposition": "Loans Originated", 
                            "count": 771, 
                            "value": 176999
                        }, 
                        {
                            "disposition": "Apps. Approved But Not Accepted", 
                            "count": 53, 
                            "value": 11757
                        }, 
                        {
                            "disposition": "Aplications Denied", 
                            "count": 91, 
                            "value": 20966
                        }, 
                        {
                            "disposition": "Applications Withdrawn", 
                            "count": 72, 
                            "value": 16055
                        }, 
                        {
                            "disposition": "Files Closed For Incompleteness", 
                            "count": 8, 
                            "value": 1623
                        }
                    ]
                }
            ]
        }, 
        {
            "ethnicity": "Joint (Hispanic or Latino/Not Hispanic or Latino", 
            "dispositions": [
                {
                    "disposition": "Applications Received", 
                    "count": 160, 
                    "value": 35073
                }, 
                {
                    "disposition": "Loans Originated", 
                    "count": 0, 
                    "value": 25639
                }, 
                {
                    "disposition": "Apps. Approved But Not Accepted", 
                    "count": 0, 
                    "value": 1749
                }, 
                {
                    "disposition": "Aplications Denied", 
                    "count": 0, 
                    "value": 3797
                }, 
                {
                    "disposition": "Applications Withdrawn", 
                    "count": 0, 
                    "value": 3492
                }, 
                {
                    "disposition": "Files Closed For Incompleteness", 
                    "count": 0, 
                    "value": 556
                }
            ], 
            "genders": [
                {
                    "gender": "Male", 
                    "dispositions": [
                        {
                            "disposition": "Applications Received", 
                            "count": 0, 
                            "value": 0
                        }, 
                        {
                            "disposition": "Loans Originated", 
                            "count": 5, 
                            "value": 934
                        }, 
                        {
                            "disposition": "Apps. Approved But Not Accepted", 
                            "count": 0, 
                            "value": 0
                        }, 
                        {
                            "disposition": "Aplications Denied", 
                            "count": 0, 
                            "value": 0
                        }, 
                        {
                            "disposition": "Applications Withdrawn", 
                            "count": 1, 
                            "value": 199
                        }, 
                        {
                            "disposition": "Files Closed For Incompleteness", 
                            "count": 0, 
                            "value": 0
                        }
                    ]
                }, 
                {
                    "gender": "Female", 
                    "dispositions": [
                        {
                            "disposition": "Applications Received", 
                            "count": 0, 
                            "value": 0
                        }, 
                        {
                            "disposition": "Loans Originated", 
                            "count": 3, 
                            "value": 746
                        }, 
                        {
                            "disposition": "Apps. Approved But Not Accepted", 
                            "count": 1, 
                            "value": 259
                        }, 
                        {
                            "disposition": "Aplications Denied", 
                            "count": 1, 
                            "value": 241
                        }, 
                        {
                            "disposition": "Applications Withdrawn", 
                            "count": 0, 
                            "value": 0
                        }, 
                        {
                            "disposition": "Files Closed For Incompleteness", 
                            "count": 0, 
                            "value": 0
                        }
                    ]
                }, 
                {
                    "gender": "Joint (Male/Female)", 
                    "dispositions": [
                        {
                            "disposition": "Applications Received", 
                            "count": 0, 
                            "value": 0
                        }, 
                        {
                            "disposition": "Loans Originated", 
                            "count": 110, 
                            "value": 23841
                        }, 
                        {
                            "disposition": "Apps. Approved But Not Accepted", 
                            "count": 6, 
                            "value": 1483
                        }, 
                        {
                            "disposition": "Aplications Denied", 
                            "count": 15, 
                            "value": 3540
                        }, 
                        {
                            "disposition": "Applications Withdrawn", 
                            "count": 16, 
                            "value": 3276
                        }, 
                        {
                            "disposition": "Files Closed For Incompleteness", 
                            "count": 2, 
                            "value": 554
                        }
                    ]
                }
            ]
        }, 
        {
            "ethnicity": "Ethnicity Not Available", 
            "dispositions": [
                {
                    "disposition": "Applications Received", 
                    "count": 439, 
                    "value": 96093
                }, 
                {
                    "disposition": "Loans Originated", 
                    "count": 0, 
                    "value": 65855
                }, 
                {
                    "disposition": "Apps. Approved But Not Accepted", 
                    "count": 0, 
                    "value": 2667
                }, 
                {
                    "disposition": "Aplications Denied", 
                    "count": 0, 
                    "value": 12595
                }, 
                {
                    "disposition": "Applications Withdrawn", 
                    "count": 0, 
                    "value": 13406
                }, 
                {
                    "disposition": "Files Closed For Incompleteness", 
                    "count": 0, 
                    "value": 2009
                }
            ], 
            "genders": [
                {
                    "gender": "Male", 
                    "dispositions": [
                        {
                            "disposition": "Applications Received", 
                            "count": 0, 
                            "value": 0
                        }, 
                        {
                            "disposition": "Loans Originated", 
                            "count": 64, 
                            "value": 15067
                        }, 
                        {
                            "disposition": "Apps. Approved But Not Accepted", 
                            "count": 3, 
                            "value": 636
                        }, 
                        {
                            "disposition": "Aplications Denied", 
                            "count": 12, 
                            "value": 2524
                        }, 
                        {
                            "disposition": "Applications Withdrawn", 
                            "count": 12, 
                            "value": 2759
                        }, 
                        {
                            "disposition": "Files Closed For Incompleteness", 
                            "count": 3, 
                            "value": 759
                        }
                    ]
                }, 
                {
                    "gender": "Female", 
                    "dispositions": [
                        {
                            "disposition": "Applications Received", 
                            "count": 0, 
                            "value": 0
                        }, 
                        {
                            "disposition": "Loans Originated", 
                            "count": 45, 
                            "value": 9738
                        }, 
                        {
                            "disposition": "Apps. Approved But Not Accepted", 
                            "count": 3, 
                            "value": 447
                        }, 
                        {
                            "disposition": "Aplications Denied", 
                            "count": 11, 
                            "value": 1527
                        }, 
                        {
                            "disposition": "Applications Withdrawn", 
                            "count": 10, 
                            "value": 1750
                        }, 
                        {
                            "disposition": "Files Closed For Incompleteness", 
                            "count": 0, 
                            "value": 0
                        }
                    ]
                }, 
                {
                    "gender": "Joint (Male/Female)", 
                    "dispositions": [
                        {
                            "disposition": "Applications Received", 
                            "count": 0, 
                            "value": 0
                        }, 
                        {
                            "disposition": "Loans Originated", 
                            "count": 68, 
                            "value": 16853
                        }, 
                        {
                            "disposition": "Apps. Approved But Not Accepted", 
                            "count": 1, 
                            "value": 369
                        }, 
                        {
                            "disposition": "Aplications Denied", 
                            "count": 6, 
                            "value": 1583
                        }, 
                        {
                            "disposition": "Applications Withdrawn", 
                            "count": 7, 
                            "value": 1636
                        }, 
                        {
                            "disposition": "Files Closed For Incompleteness", 
                            "count": 0, 
                            "value": 0
                        }
                    ]
                }
            ]
        }
    ], 
    "minoritystatuses": [
        {
            "minoritystatus": "White Non-Hispanic", 
            "dispositions": [
                {
                    "disposition": "Applications Received", 
                    "count": 2328, 
                    "value": 483032
                }, 
                {
                    "disposition": "Loans Originated", 
                    "count": 1712, 
                    "value": 360127
                }, 
                {
                    "disposition": "Apps. Approved But Not Accepted", 
                    "count": 100, 
                    "value": 20252
                }, 
                {
                    "disposition": "Aplications Denied", 
                    "count": 259, 
                    "value": 50181
                }, 
                {
                    "disposition": "Applications Withdrawn", 
                    "count": 230, 
                    "value": 47192
                }, 
                {
                    "disposition": "Files Closed For Incompleteness", 
                    "count": 27, 
                    "value": 5280
                }
            ], 
            "genders": [
                {
                    "gender": "Male", 
                    "dispositions": [
                        {
                            "disposition": "Applications Received", 
                            "count": 0, 
                            "value": 0
                        }, 
                        {
                            "disposition": "Loans Originated", 
                            "count": 606, 
                            "value": 123588
                        }, 
                        {
                            "disposition": "Apps. Approved But Not Accepted", 
                            "count": 29, 
                            "value": 5284
                        }, 
                        {
                            "disposition": "Aplications Denied", 
                            "count": 101, 
                            "value": 20027
                        }, 
                        {
                            "disposition": "Applications Withdrawn", 
                            "count": 86, 
                            "value": 17181
                        }, 
                        {
                            "disposition": "Files Closed For Incompleteness", 
                            "count": 12, 
                            "value": 2322
                        }
                    ]
                }, 
                {
                    "gender": "Female", 
                    "dispositions": [
                        {
                            "disposition": "Applications Received", 
                            "count": 0, 
                            "value": 0
                        }, 
                        {
                            "disposition": "Loans Originated", 
                            "count": 379, 
                            "value": 68566
                        }, 
                        {
                            "disposition": "Apps. Approved But Not Accepted", 
                            "count": 24, 
                            "value": 4484
                        }, 
                        {
                            "disposition": "Aplications Denied", 
                            "count": 64, 
                            "value": 10185
                        }, 
                        {
                            "disposition": "Applications Withdrawn", 
                            "count": 61, 
                            "value": 11453
                        }, 
                        {
                            "disposition": "Files Closed For Incompleteness", 
                            "count": 5, 
                            "value": 701
                        }
                    ]
                }, 
                {
                    "gender": "Joint (Male/Female)", 
                    "dispositions": [
                        {
                            "disposition": "Applications Received", 
                            "count": 0, 
                            "value": 0
                        }, 
                        {
                            "disposition": "Loans Originated", 
                            "count": 612, 
                            "value": 143881
                        }, 
                        {
                            "disposition": "Apps. Approved But Not Accepted", 
                            "count": 41, 
                            "value": 9080
                        }, 
                        {
                            "disposition": "Aplications Denied", 
                            "count": 56, 
                            "value": 12892
                        }, 
                        {
                            "disposition": "Applications Withdrawn", 
                            "count": 50, 
                            "value": 11655
                        }, 
                        {
                            "disposition": "Files Closed For Incompleteness", 
                            "count": 5, 
                            "value": 1015
                        }
                    ]
                }
            ]
        }, 
        {
            "minoritystatus": "Others, Including Hispanic", 
            "dispositions": [
                {
                    "disposition": "Applications Received", 
                    "count": 2794, 
                    "value": 507988
                }, 
                {
                    "disposition": "Loans Originated", 
                    "count": 1949, 
                    "value": 355438
                }, 
                {
                    "disposition": "Apps. Approved But Not Accepted", 
                    "count": 116, 
                    "value": 20790
                }, 
                {
                    "disposition": "Aplications Denied", 
                    "count": 388, 
                    "value": 71543
                }, 
                {
                    "disposition": "Applications Withdrawn", 
                    "count": 304, 
                    "value": 52872
                }, 
                {
                    "disposition": "Files Closed For Incompleteness", 
                    "count": 37, 
                    "value": 7345
                }
            ], 
            "genders": [
                {
                    "gender": "Male", 
                    "dispositions": [
                        {
                            "disposition": "Applications Received", 
                            "count": 0, 
                            "value": 0
                        }, 
                        {
                            "disposition": "Loans Originated", 
                            "count": 818, 
                            "value": 146271
                        }, 
                        {
                            "disposition": "Apps. Approved But Not Accepted", 
                            "count": 49, 
                            "value": 8236
                        }, 
                        {
                            "disposition": "Aplications Denied", 
                            "count": 175, 
                            "value": 31462
                        }, 
                        {
                            "disposition": "Applications Withdrawn", 
                            "count": 126, 
                            "value": 20521
                        }, 
                        {
                            "disposition": "Files Closed For Incompleteness", 
                            "count": 17, 
                            "value": 3432
                        }
                    ]
                }, 
                {
                    "gender": "Female", 
                    "dispositions": [
                        {
                            "disposition": "Applications Received", 
                            "count": 0, 
                            "value": 0
                        }, 
                        {
                            "disposition": "Loans Originated", 
                            "count": 493, 
                            "value": 80714
                        }, 
                        {
                            "disposition": "Apps. Approved But Not Accepted", 
                            "count": 38, 
                            "value": 6597
                        }, 
                        {
                            "disposition": "Aplications Denied", 
                            "count": 101, 
                            "value": 16178
                        }, 
                        {
                            "disposition": "Applications Withdrawn", 
                            "count": 85, 
                            "value": 14020
                        }, 
                        {
                            "disposition": "Files Closed For Incompleteness", 
                            "count": 10, 
                            "value": 1894
                        }
                    ]
                }, 
                {
                    "gender": "Joint (Male/Female)", 
                    "dispositions": [
                        {
                            "disposition": "Applications Received", 
                            "count": 0, 
                            "value": 0
                        }, 
                        {
                            "disposition": "Loans Originated", 
                            "count": 630, 
                            "value": 126694
                        }, 
                        {
                            "disposition": "Apps. Approved But Not Accepted", 
                            "count": 29, 
                            "value": 5957
                        }, 
                        {
                            "disposition": "Aplications Denied", 
                            "count": 109, 
                            "value": 23457
                        }, 
                        {
                            "disposition": "Applications Withdrawn", 
                            "count": 90, 
                            "value": 17699
                        }, 
                        {
                            "disposition": "Files Closed For Incompleteness", 
                            "count": 10, 
                            "value": 2019
                        }
                    ]
                }
            ]
        }
    ], 
    "incomes": [
        {
            "incomes": "Less than 50% of MSA/MD median", 
            "dispositions": [
                {
                    "disposition": "Applications Received", 
                    "count": 846, 
                    "value": 95176
                }, 
                {
                    "disposition": "Loans Originated", 
                    "count": 561, 
                    "value": 61843
                }, 
                {
                    "disposition": "Apps. Approved But Not Accepted", 
                    "count": 36, 
                    "value": 4001
                }, 
                {
                    "disposition": "Aplications Denied", 
                    "count": 151, 
                    "value": 18334
                }, 
                {
                    "disposition": "Applications Withdrawn", 
                    "count": 85, 
                    "value": 9414
                }, 
                {
                    "disposition": "Files Closed For Incompleteness", 
                    "count": 13, 
                    "value": 1584
                }
            ]
        }, 
        {
            "incomes": "50-79% of MSA/MD median", 
            "dispositions": [
                {
                    "disposition": "Applications Received", 
                    "count": 1595, 
                    "value": 252701
                }, 
                {
                    "disposition": "Loans Originated", 
                    "count": 1151, 
                    "value": 182435
                }, 
                {
                    "disposition": "Apps. Approved But Not Accepted", 
                    "count": 65, 
                    "value": 9859
                }, 
                {
                    "disposition": "Aplications Denied", 
                    "count": 195, 
                    "value": 31659
                }, 
                {
                    "disposition": "Applications Withdrawn", 
                    "count": 167, 
                    "value": 25874
                }, 
                {
                    "disposition": "Files Closed For Incompleteness", 
                    "count": 17, 
                    "value": 2874
                }
            ]
        }, 
        {
            "incomes": "80-99% of MSA/MD median", 
            "dispositions": [
                {
                    "disposition": "Applications Received", 
                    "count": 786, 
                    "value": 159981
                }, 
                {
                    "disposition": "Loans Originated", 
                    "count": 560, 
                    "value": 112088
                }, 
                {
                    "disposition": "Apps. Approved But Not Accepted", 
                    "count": 42, 
                    "value": 8567
                }, 
                {
                    "disposition": "Aplications Denied", 
                    "count": 99, 
                    "value": 22016
                }, 
                {
                    "disposition": "Applications Withdrawn", 
                    "count": 73, 
                    "value": 14681
                }, 
                {
                    "disposition": "Files Closed For Incompleteness", 
                    "count": 12, 
                    "value": 2629
                }
            ]
        }, 
        {
            "incomes": "100-119% of MSA/MD median", 
            "dispositions": [
                {
                    "disposition": "Applications Received", 
                    "count": 577, 
                    "value": 130745
                }, 
                {
                    "disposition": "Loans Originated", 
                    "count": 448, 
                    "value": 103202
                }, 
                {
                    "disposition": "Apps. Approved But Not Accepted", 
                    "count": 19, 
                    "value": 3979
                }, 
                {
                    "disposition": "Aplications Denied", 
                    "count": 55, 
                    "value": 11666
                }, 
                {
                    "disposition": "Applications Withdrawn", 
                    "count": 49, 
                    "value": 10714
                }, 
                {
                    "disposition": "Files Closed For Incompleteness", 
                    "count": 6, 
                    "value": 1184
                }
            ]
        }, 
        {
            "incomes": "120% or more of MSA/MD median", 
            "dispositions": [
                {
                    "disposition": "Applications Received", 
                    "count": 1243, 
                    "value": 338882
                }, 
                {
                    "disposition": "Loans Originated", 
                    "count": 923, 
                    "value": 252651
                }, 
                {
                    "disposition": "Apps. Approved But Not Accepted", 
                    "count": 54, 
                    "value": 14636
                }, 
                {
                    "disposition": "Aplications Denied", 
                    "count": 127, 
                    "value": 34147
                }, 
                {
                    "disposition": "Applications Withdrawn", 
                    "count": 123, 
                    "value": 33094
                }, 
                {
                    "disposition": "Files Closed For Incompleteness", 
                    "count": 16, 
                    "value": 4354
                }
            ]
        }, 
        {
            "incomes": "income not available", 
            "dispositions": [
                {
                    "disposition": "Applications Received", 
                    "count": 75, 
                    "value": 13535
                }, 
                {
                    "disposition": "Loans Originated", 
                    "count": 18, 
                    "value": 3346
                }, 
                {
                    "disposition": "Apps. Approved But Not Accepted", 
                    "count": 0, 
                    "value": 0
                }, 
                {
                    "disposition": "Aplications Denied", 
                    "count": 20, 
                    "value": 3902
                }, 
                {
                    "disposition": "Applications Withdrawn", 
                    "count": 37, 
                    "value": 6287
                }, 
                {
                    "disposition": "Files Closed For Incompleteness", 
                    "count": 0, 
                    "value": 0
                }
            ]
        }
    ], 
    "total": [
        {
            "disposition": "Applications Received", 
            "count": 0, 
            "value": 0
        }, 
        {
            "disposition": "Loans Originated", 
            "count": 3661, 
            "value": 715565
        }, 
        {
            "disposition": "Apps. Approved But Not Accepted", 
            "count": 216, 
            "value": 41042
        }, 
        {
            "disposition": "Aplications Denied", 
            "count": 647, 
            "value": 121724
        }, 
        {
            "disposition": "Applications Withdrawn", 
            "count": 534, 
            "value": 100064
        }, 
        {
            "disposition": "Files Closed For Incompleteness", 
            "count": 64, 
            "value": 12625
        }
    ]
}