{
    "table": "4-5", 
    "type": "Aggregate", 
    "desc": "Disposition of applications for loans on dwellings for 5 or more families, by race, ethnicity, gender and income of applicant", 
    "year": "2013", 
    "msa": {
        "id": "20940", 
        "name": "El-Centro", 
        "state": "CA", 
        "state_name": "California"
    }, 
    "races": [
        {
            "race": "American Indian/Alaska Native", 
            "dispositions": [
                {
                    "disposition": "Applications Received", 
                    "count": 0, 
                    "value": 0
                }, 
                {
                    "disposition": "Loans Originated", 
                    "count": 0, 
                    "value": 0
                }, 
                {
                    "disposition": "Apps. Approved But Not Accepted", 
                    "count": 0, 
                    "value": 0
                }, 
                {
                    "disposition": "Aplications Denied", 
                    "count": 0, 
                    "value": 0
                }, 
                {
                    "disposition": "Applications Withdrawn", 
                    "count": 0, 
                    "value": 0
                }, 
                {
                    "disposition": "Files Closed For Incompleteness", 
                    "count": 0, 
                    "value": 0
                }
            ], 
            "genders": [
                {
                    "gender": "Male", 
                    "dispositions": [
                        {
                            "disposition": "Applications Received", 
                            "count": 0, 
                            "value": 0
                        }, 
                        {
                            "disposition": "Loans Originated", 
                            "count": 0, 
                            "value": 0
                        }, 
                        {
                            "disposition": "Apps. Approved But Not Accepted", 
                            "count": 0, 
                            "value": 0
                        }, 
                        {
                            "disposition": "Aplications Denied", 
                            "count": 0, 
                            "value": 0
                        }, 
                        {
                            "disposition": "Applications Withdrawn", 
                            "count": 0, 
                            "value": 0
                        }, 
                        {
                            "disposition": "Files Closed For Incompleteness", 
                            "count": 0, 
                            "value": 0
                        }
                    ]
                }, 
                {
                    "gender": "Female", 
                    "dispositions": [
                        {
                            "disposition": "Applications Received", 
                            "count": 0, 
                            "value": 0
                        }, 
                        {
                            "disposition": "Loans Originated", 
                            "count": 0, 
                            "value": 0
                        }, 
                        {
                            "disposition": "Apps. Approved But Not Accepted", 
                            "count": 0, 
                            "value": 0
                        }, 
                        {
                            "disposition": "Aplications Denied", 
                            "count": 0, 
                            "value": 0
                        }, 
                        {
                            "disposition": "Applications Withdrawn", 
                            "count": 0, 
                            "value": 0
                        }, 
                        {
                            "disposition": "Files Closed For Incompleteness", 
                            "count": 0, 
                            "value": 0
                        }
                    ]
                }, 
                {
                    "gender": "Joint (Male/Female)", 
                    "dispositions": [
                        {
                            "disposition": "Applications Received", 
                            "count": 0, 
                            "value": 0
                        }, 
                        {
                            "disposition": "Loans Originated", 
                            "count": 0, 
                            "value": 0
                        }, 
                        {
                            "disposition": "Apps. Approved But Not Accepted", 
                            "count": 0, 
                            "value": 0
                        }, 
                        {
                            "disposition": "Aplications Denied", 
                            "count": 0, 
                            "value": 0
                        }, 
                        {
                            "disposition": "Applications Withdrawn", 
                            "count": 0, 
                            "value": 0
                        }, 
                        {
                            "disposition": "Files Closed For Incompleteness", 
                            "count": 0, 
                            "value": 0
                        }
                    ]
                }
            ]
        }, 
        {
            "race": "Asian", 
            "dispositions": [
                {
                    "disposition": "Applications Received", 
                    "count": 0, 
                    "value": 0
                }, 
                {
                    "disposition": "Loans Originated", 
                    "count": 0, 
                    "value": 0
                }, 
                {
                    "disposition": "Apps. Approved But Not Accepted", 
                    "count": 0, 
                    "value": 0
                }, 
                {
                    "disposition": "Aplications Denied", 
                    "count": 0, 
                    "value": 0
                }, 
                {
                    "disposition": "Applications Withdrawn", 
                    "count": 0, 
                    "value": 0
                }, 
                {
                    "disposition": "Files Closed For Incompleteness", 
                    "count": 0, 
                    "value": 0
                }
            ], 
            "genders": [
                {
                    "gender": "Male", 
                    "dispositions": [
                        {
                            "disposition": "Applications Received", 
                            "count": 0, 
                            "value": 0
                        }, 
                        {
                            "disposition": "Loans Originated", 
                            "count": 0, 
                            "value": 0
                        }, 
                        {
                            "disposition": "Apps. Approved But Not Accepted", 
                            "count": 0, 
                            "value": 0
                        }, 
                        {
                            "disposition": "Aplications Denied", 
                            "count": 0, 
                            "value": 0
                        }, 
                        {
                            "disposition": "Applications Withdrawn", 
                            "count": 0, 
                            "value": 0
                        }, 
                        {
                            "disposition": "Files Closed For Incompleteness", 
                            "count": 0, 
                            "value": 0
                        }
                    ]
                }, 
                {
                    "gender": "Female", 
                    "dispositions": [
                        {
                            "disposition": "Applications Received", 
                            "count": 0, 
                            "value": 0
                        }, 
                        {
                            "disposition": "Loans Originated", 
                            "count": 0, 
                            "value": 0
                        }, 
                        {
                            "disposition": "Apps. Approved But Not Accepted", 
                            "count": 0, 
                            "value": 0
                        }, 
                        {
                            "disposition": "Aplications Denied", 
                            "count": 0, 
                            "value": 0
                        }, 
                        {
                            "disposition": "Applications Withdrawn", 
                            "count": 0, 
                            "value": 0
                        }, 
                        {
                            "disposition": "Files Closed For Incompleteness", 
                            "count": 0, 
                            "value": 0
                        }
                    ]
                }, 
                {
                    "gender": "Joint (Male/Female)", 
                    "dispositions": [
                        {
                            "disposition": "Applications Received", 
                            "count": 0, 
                            "value": 0
                        }, 
                        {
                            "disposition": "Loans Originated", 
                            "count": 0, 
                            "value": 0
                        }, 
                        {
                            "disposition": "Apps. Approved But Not Accepted", 
                            "count": 0, 
                            "value": 0
                        }, 
                        {
                            "disposition": "Aplications Denied", 
                            "count": 0, 
                            "value": 0
                        }, 
                        {
                            "disposition": "Applications Withdrawn", 
                            "count": 0, 
                            "value": 0
                        }, 
                        {
                            "disposition": "Files Closed For Incompleteness", 
                            "count": 0, 
                            "value": 0
                        }
                    ]
                }
            ]
        }, 
        {
            "race": "Black or African American", 
            "dispositions": [
                {
                    "disposition": "Applications Received", 
                    "count": 0, 
                    "value": 0
                }, 
                {
                    "disposition": "Loans Originated", 
                    "count": 0, 
                    "value": 0
                }, 
                {
                    "disposition": "Apps. Approved But Not Accepted", 
                    "count": 0, 
                    "value": 0
                }, 
                {
                    "disposition": "Aplications Denied", 
                    "count": 0, 
                    "value": 0
                }, 
                {
                    "disposition": "Applications Withdrawn", 
                    "count": 0, 
                    "value": 0
                }, 
                {
                    "disposition": "Files Closed For Incompleteness", 
                    "count": 0, 
                    "value": 0
                }
            ], 
            "genders": [
                {
                    "gender": "Male", 
                    "dispositions": [
                        {
                            "disposition": "Applications Received", 
                            "count": 0, 
                            "value": 0
                        }, 
                        {
                            "disposition": "Loans Originated", 
                            "count": 0, 
                            "value": 0
                        }, 
                        {
                            "disposition": "Apps. Approved But Not Accepted", 
                            "count": 0, 
                            "value": 0
                        }, 
                        {
                            "disposition": "Aplications Denied", 
                            "count": 0, 
                            "value": 0
                        }, 
                        {
                            "disposition": "Applications Withdrawn", 
                            "count": 0, 
                            "value": 0
                        }, 
                        {
                            "disposition": "Files Closed For Incompleteness", 
                            "count": 0, 
                            "value": 0
                        }
                    ]
                }, 
                {
                    "gender": "Female", 
                    "dispositions": [
                        {
                            "disposition": "Applications Received", 
                            "count": 0, 
                            "value": 0
                        }, 
                        {
                            "disposition": "Loans Originated", 
                            "count": 0, 
                            "value": 0
                        }, 
                        {
                            "disposition": "Apps. Approved But Not Accepted", 
                            "count": 0, 
                            "value": 0
                        }, 
                        {
                            "disposition": "Aplications Denied", 
                            "count": 0, 
                            "value": 0
                        }, 
                        {
                            "disposition": "Applications Withdrawn", 
                            "count": 0, 
                            "value": 0
                        }, 
                        {
                            "disposition": "Files Closed For Incompleteness", 
                            "count": 0, 
                            "value": 0
                        }
                    ]
                }, 
                {
                    "gender": "Joint (Male/Female)", 
                    "dispositions": [
                        {
                            "disposition": "Applications Received", 
                            "count": 0, 
                            "value": 0
                        }, 
                        {
                            "disposition": "Loans Originated", 
                            "count": 0, 
                            "value": 0
                        }, 
                        {
                            "disposition": "Apps. Approved But Not Accepted", 
                            "count": 0, 
                            "value": 0
                        }, 
                        {
                            "disposition": "Aplications Denied", 
                            "count": 0, 
                            "value": 0
                        }, 
                        {
                            "disposition": "Applications Withdrawn", 
                            "count": 0, 
                            "value": 0
                        }, 
                        {
                            "disposition": "Files Closed For Incompleteness", 
                            "count": 0, 
                            "value": 0
                        }
                    ]
                }
            ]
        }, 
        {
            "race": "Native Hawaiian or Other Pacific Islander", 
            "dispositions": [
                {
                    "disposition": "Applications Received", 
                    "count": 0, 
                    "value": 0
                }, 
                {
                    "disposition": "Loans Originated", 
                    "count": 0, 
                    "value": 0
                }, 
                {
                    "disposition": "Apps. Approved But Not Accepted", 
                    "count": 0, 
                    "value": 0
                }, 
                {
                    "disposition": "Aplications Denied", 
                    "count": 0, 
                    "value": 0
                }, 
                {
                    "disposition": "Applications Withdrawn", 
                    "count": 0, 
                    "value": 0
                }, 
                {
                    "disposition": "Files Closed For Incompleteness", 
                    "count": 0, 
                    "value": 0
                }
            ], 
            "genders": [
                {
                    "gender": "Male", 
                    "dispositions": [
                        {
                            "disposition": "Applications Received", 
                            "count": 0, 
                            "value": 0
                        }, 
                        {
                            "disposition": "Loans Originated", 
                            "count": 0, 
                            "value": 0
                        }, 
                        {
                            "disposition": "Apps. Approved But Not Accepted", 
                            "count": 0, 
                            "value": 0
                        }, 
                        {
                            "disposition": "Aplications Denied", 
                            "count": 0, 
                            "value": 0
                        }, 
                        {
                            "disposition": "Applications Withdrawn", 
                            "count": 0, 
                            "value": 0
                        }, 
                        {
                            "disposition": "Files Closed For Incompleteness", 
                            "count": 0, 
                            "value": 0
                        }
                    ]
                }, 
                {
                    "gender": "Female", 
                    "dispositions": [
                        {
                            "disposition": "Applications Received", 
                            "count": 0, 
                            "value": 0
                        }, 
                        {
                            "disposition": "Loans Originated", 
                            "count": 0, 
                            "value": 0
                        }, 
                        {
                            "disposition": "Apps. Approved But Not Accepted", 
                            "count": 0, 
                            "value": 0
                        }, 
                        {
                            "disposition": "Aplications Denied", 
                            "count": 0, 
                            "value": 0
                        }, 
                        {
                            "disposition": "Applications Withdrawn", 
                            "count": 0, 
                            "value": 0
                        }, 
                        {
                            "disposition": "Files Closed For Incompleteness", 
                            "count": 0, 
                            "value": 0
                        }
                    ]
                }, 
                {
                    "gender": "Joint (Male/Female)", 
                    "dispositions": [
                        {
                            "disposition": "Applications Received", 
                            "count": 0, 
                            "value": 0
                        }, 
                        {
                            "disposition": "Loans Originated", 
                            "count": 0, 
                            "value": 0
                        }, 
                        {
                            "disposition": "Apps. Approved But Not Accepted", 
                            "count": 0, 
                            "value": 0
                        }, 
                        {
                            "disposition": "Aplications Denied", 
                            "count": 0, 
                            "value": 0
                        }, 
                        {
                            "disposition": "Applications Withdrawn", 
                            "count": 0, 
                            "value": 0
                        }, 
                        {
                            "disposition": "Files Closed For Incompleteness", 
                            "count": 0, 
                            "value": 0
                        }
                    ]
                }
            ]
        }, 
        {
            "race": "White", 
            "dispositions": [
                {
                    "disposition": "Applications Received", 
                    "count": 0, 
                    "value": 0
                }, 
                {
                    "disposition": "Loans Originated", 
                    "count": 0, 
                    "value": 0
                }, 
                {
                    "disposition": "Apps. Approved But Not Accepted", 
                    "count": 0, 
                    "value": 0
                }, 
                {
                    "disposition": "Aplications Denied", 
                    "count": 0, 
                    "value": 0
                }, 
                {
                    "disposition": "Applications Withdrawn", 
                    "count": 0, 
                    "value": 0
                }, 
                {
                    "disposition": "Files Closed For Incompleteness", 
                    "count": 0, 
                    "value": 0
                }
            ], 
            "genders": [
                {
                    "gender": "Male", 
                    "dispositions": [
                        {
                            "disposition": "Applications Received", 
                            "count": 0, 
                            "value": 0
                        }, 
                        {
                            "disposition": "Loans Originated", 
                            "count": 0, 
                            "value": 0
                        }, 
                        {
                            "disposition": "Apps. Approved But Not Accepted", 
                            "count": 0, 
                            "value": 0
                        }, 
                        {
                            "disposition": "Aplications Denied", 
                            "count": 0, 
                            "value": 0
                        }, 
                        {
                            "disposition": "Applications Withdrawn", 
                            "count": 0, 
                            "value": 0
                        }, 
                        {
                            "disposition": "Files Closed For Incompleteness", 
                            "count": 0, 
                            "value": 0
                        }
                    ]
                }, 
                {
                    "gender": "Female", 
                    "dispositions": [
                        {
                            "disposition": "Applications Received", 
                            "count": 0, 
                            "value": 0
                        }, 
                        {
                            "disposition": "Loans Originated", 
                            "count": 0, 
                            "value": 0
                        }, 
                        {
                            "disposition": "Apps. Approved But Not Accepted", 
                            "count": 0, 
                            "value": 0
                        }, 
                        {
                            "disposition": "Aplications Denied", 
                            "count": 0, 
                            "value": 0
                        }, 
                        {
                            "disposition": "Applications Withdrawn", 
                            "count": 0, 
                            "value": 0
                        }, 
                        {
                            "disposition": "Files Closed For Incompleteness", 
                            "count": 0, 
                            "value": 0
                        }
                    ]
                }, 
                {
                    "gender": "Joint (Male/Female)", 
                    "dispositions": [
                        {
                            "disposition": "Applications Received", 
                            "count": 0, 
                            "value": 0
                        }, 
                        {
                            "disposition": "Loans Originated", 
                            "count": 0, 
                            "value": 0
                        }, 
                        {
                            "disposition": "Apps. Approved But Not Accepted", 
                            "count": 0, 
                            "value": 0
                        }, 
                        {
                            "disposition": "Aplications Denied", 
                            "count": 0, 
                            "value": 0
                        }, 
                        {
                            "disposition": "Applications Withdrawn", 
                            "count": 0, 
                            "value": 0
                        }, 
                        {
                            "disposition": "Files Closed For Incompleteness", 
                            "count": 0, 
                            "value": 0
                        }
                    ]
                }
            ]
        }, 
        {
            "race": "2 or more minority races", 
            "dispositions": [
                {
                    "disposition": "Applications Received", 
                    "count": 6, 
                    "value": 2630
                }, 
                {
                    "disposition": "Loans Originated", 
                    "count": 3, 
                    "value": 2037
                }, 
                {
                    "disposition": "Apps. Approved But Not Accepted", 
                    "count": 1, 
                    "value": 188
                }, 
                {
                    "disposition": "Aplications Denied", 
                    "count": 2, 
                    "value": 405
                }, 
                {
                    "disposition": "Applications Withdrawn", 
                    "count": 0, 
                    "value": 0
                }, 
                {
                    "disposition": "Files Closed For Incompleteness", 
                    "count": 0, 
                    "value": 0
                }
            ], 
            "genders": [
                {
                    "gender": "Male", 
                    "dispositions": [
                        {
                            "disposition": "Applications Received", 
                            "count": 6, 
                            "value": 2630
                        }, 
                        {
                            "disposition": "Loans Originated", 
                            "count": 3, 
                            "value": 2037
                        }, 
                        {
                            "disposition": "Apps. Approved But Not Accepted", 
                            "count": 1, 
                            "value": 188
                        }, 
                        {
                            "disposition": "Aplications Denied", 
                            "count": 2, 
                            "value": 405
                        }, 
                        {
                            "disposition": "Applications Withdrawn", 
                            "count": 0, 
                            "value": 0
                        }, 
                        {
                            "disposition": "Files Closed For Incompleteness", 
                            "count": 0, 
                            "value": 0
                        }
                    ]
                }, 
                {
                    "gender": "Female", 
                    "dispositions": [
                        {
                            "disposition": "Applications Received", 
                            "count": 0, 
                            "value": 0
                        }, 
                        {
                            "disposition": "Loans Originated", 
                            "count": 0, 
                            "value": 0
                        }, 
                        {
                            "disposition": "Apps. Approved But Not Accepted", 
                            "count": 0, 
                            "value": 0
                        }, 
                        {
                            "disposition": "Aplications Denied", 
                            "count": 0, 
                            "value": 0
                        }, 
                        {
                            "disposition": "Applications Withdrawn", 
                            "count": 0, 
                            "value": 0
                        }, 
                        {
                            "disposition": "Files Closed For Incompleteness", 
                            "count": 0, 
                            "value": 0
                        }
                    ]
                }, 
                {
                    "gender": "Joint (Male/Female)", 
                    "dispositions": [
                        {
                            "disposition": "Applications Received", 
                            "count": 0, 
                            "value": 0
                        }, 
                        {
                            "disposition": "Loans Originated", 
                            "count": 0, 
                            "value": 0
                        }, 
                        {
                            "disposition": "Apps. Approved But Not Accepted", 
                            "count": 0, 
                            "value": 0
                        }, 
                        {
                            "disposition": "Aplications Denied", 
                            "count": 0, 
                            "value": 0
                        }, 
                        {
                            "disposition": "Applications Withdrawn", 
                            "count": 0, 
                            "value": 0
                        }, 
                        {
                            "disposition": "Files Closed For Incompleteness", 
                            "count": 0, 
                            "value": 0
                        }
                    ]
                }
            ]
        }, 
        {
            "race": "Joint (White/Minority Race", 
            "dispositions": [
                {
                    "disposition": "Applications Received", 
                    "count": 0, 
                    "value": 0
                }, 
                {
                    "disposition": "Loans Originated", 
                    "count": 0, 
                    "value": 0
                }, 
                {
                    "disposition": "Apps. Approved But Not Accepted", 
                    "count": 0, 
                    "value": 0
                }, 
                {
                    "disposition": "Aplications Denied", 
                    "count": 0, 
                    "value": 0
                }, 
                {
                    "disposition": "Applications Withdrawn", 
                    "count": 0, 
                    "value": 0
                }, 
                {
                    "disposition": "Files Closed For Incompleteness", 
                    "count": 0, 
                    "value": 0
                }
            ], 
            "genders": [
                {
                    "gender": "Male", 
                    "dispositions": [
                        {
                            "disposition": "Applications Received", 
                            "count": 0, 
                            "value": 0
                        }, 
                        {
                            "disposition": "Loans Originated", 
                            "count": 0, 
                            "value": 0
                        }, 
                        {
                            "disposition": "Apps. Approved But Not Accepted", 
                            "count": 0, 
                            "value": 0
                        }, 
                        {
                            "disposition": "Aplications Denied", 
                            "count": 0, 
                            "value": 0
                        }, 
                        {
                            "disposition": "Applications Withdrawn", 
                            "count": 0, 
                            "value": 0
                        }, 
                        {
                            "disposition": "Files Closed For Incompleteness", 
                            "count": 0, 
                            "value": 0
                        }
                    ]
                }, 
                {
                    "gender": "Female", 
                    "dispositions": [
                        {
                            "disposition": "Applications Received", 
                            "count": 0, 
                            "value": 0
                        }, 
                        {
                            "disposition": "Loans Originated", 
                            "count": 0, 
                            "value": 0
                        }, 
                        {
                            "disposition": "Apps. Approved But Not Accepted", 
                            "count": 0, 
                            "value": 0
                        }, 
                        {
                            "disposition": "Aplications Denied", 
                            "count": 0, 
                            "value": 0
                        }, 
                        {
                            "disposition": "Applications Withdrawn", 
                            "count": 0, 
                            "value": 0
                        }, 
                        {
                            "disposition": "Files Closed For Incompleteness", 
                            "count": 0, 
                            "value": 0
                        }
                    ]
                }, 
                {
                    "gender": "Joint (Male/Female)", 
                    "dispositions": [
                        {
                            "disposition": "Applications Received", 
                            "count": 0, 
                            "value": 0
                        }, 
                        {
                            "disposition": "Loans Originated", 
                            "count": 0, 
                            "value": 0
                        }, 
                        {
                            "disposition": "Apps. Approved But Not Accepted", 
                            "count": 0, 
                            "value": 0
                        }, 
                        {
                            "disposition": "Aplications Denied", 
                            "count": 0, 
                            "value": 0
                        }, 
                        {
                            "disposition": "Applications Withdrawn", 
                            "count": 0, 
                            "value": 0
                        }, 
                        {
                            "disposition": "Files Closed For Incompleteness", 
                            "count": 0, 
                            "value": 0
                        }
                    ]
                }
            ]
        }, 
        {
            "race": "Not Available", 
            "dispositions": [
                {
                    "disposition": "Applications Received", 
                    "count": 12, 
                    "value": 23159
                }, 
                {
                    "disposition": "Loans Originated", 
                    "count": 12, 
                    "value": 23159
                }, 
                {
                    "disposition": "Apps. Approved But Not Accepted", 
                    "count": 0, 
                    "value": 0
                }, 
                {
                    "disposition": "Aplications Denied", 
                    "count": 0, 
                    "value": 0
                }, 
                {
                    "disposition": "Applications Withdrawn", 
                    "count": 0, 
                    "value": 0
                }, 
                {
                    "disposition": "Files Closed For Incompleteness", 
                    "count": 0, 
                    "value": 0
                }
            ], 
            "genders": [
                {
                    "gender": "Male", 
                    "dispositions": [
                        {
                            "disposition": "Applications Received", 
                            "count": 0, 
                            "value": 0
                        }, 
                        {
                            "disposition": "Loans Originated", 
                            "count": 0, 
                            "value": 0
                        }, 
                        {
                            "disposition": "Apps. Approved But Not Accepted", 
                            "count": 0, 
                            "value": 0
                        }, 
                        {
                            "disposition": "Aplications Denied", 
                            "count": 0, 
                            "value": 0
                        }, 
                        {
                            "disposition": "Applications Withdrawn", 
                            "count": 0, 
                            "value": 0
                        }, 
                        {
                            "disposition": "Files Closed For Incompleteness", 
                            "count": 0, 
                            "value": 0
                        }
                    ]
                }, 
                {
                    "gender": "Female", 
                    "dispositions": [
                        {
                            "disposition": "Applications Received", 
                            "count": 1, 
                            "value": 878
                        }, 
                        {
                            "disposition": "Loans Originated", 
                            "count": 1, 
                            "value": 878
                        }, 
                        {
                            "disposition": "Apps. Approved But Not Accepted", 
                            "count": 0, 
                            "value": 0
                        }, 
                        {
                            "disposition": "Aplications Denied", 
                            "count": 0, 
                            "value": 0
                        }, 
                        {
                            "disposition": "Applications Withdrawn", 
                            "count": 0, 
                            "value": 0
                        }, 
                        {
                            "disposition": "Files Closed For Incompleteness", 
                            "count": 0, 
                            "value": 0
                        }
                    ]
                }, 
                {
                    "gender": "Joint (Male/Female)", 
                    "dispositions": [
                        {
                            "disposition": "Applications Received", 
                            "count": 0, 
                            "value": 0
                        }, 
                        {
                            "disposition": "Loans Originated", 
                            "count": 0, 
                            "value": 0
                        }, 
                        {
                            "disposition": "Apps. Approved But Not Accepted", 
                            "count": 0, 
                            "value": 0
                        }, 
                        {
                            "disposition": "Aplications Denied", 
                            "count": 0, 
                            "value": 0
                        }, 
                        {
                            "disposition": "Applications Withdrawn", 
                            "count": 0, 
                            "value": 0
                        }, 
                        {
                            "disposition": "Files Closed For Incompleteness", 
                            "count": 0, 
                            "value": 0
                        }
                    ]
                }
            ]
        }
    ], 
    "ethnicities": [
        {
            "ethnicity": "Hispanic or Latino", 
            "dispositions": [
                {
                    "disposition": "Applications Received", 
                    "count": 3, 
                    "value": 563
                }, 
                {
                    "disposition": "Loans Originated", 
                    "count": 1, 
                    "value": 130
                }, 
                {
                    "disposition": "Apps. Approved But Not Accepted", 
                    "count": 1, 
                    "value": 188
                }, 
                {
                    "disposition": "Aplications Denied", 
                    "count": 1, 
                    "value": 245
                }, 
                {
                    "disposition": "Applications Withdrawn", 
                    "count": 0, 
                    "value": 0
                }, 
                {
                    "disposition": "Files Closed For Incompleteness", 
                    "count": 0, 
                    "value": 0
                }
            ], 
            "genders": [
                {
                    "gender": "Male", 
                    "dispositions": [
                        {
                            "disposition": "Applications Received", 
                            "count": 3, 
                            "value": 3
                        }, 
                        {
                            "disposition": "Loans Originated", 
                            "count": 1, 
                            "value": 130
                        }, 
                        {
                            "disposition": "Apps. Approved But Not Accepted", 
                            "count": 1, 
                            "value": 188
                        }, 
                        {
                            "disposition": "Aplications Denied", 
                            "count": 1, 
                            "value": 245
                        }, 
                        {
                            "disposition": "Applications Withdrawn", 
                            "count": 0, 
                            "value": 0
                        }, 
                        {
                            "disposition": "Files Closed For Incompleteness", 
                            "count": 0, 
                            "value": 0
                        }
                    ]
                }, 
                {
                    "gender": "Female", 
                    "dispositions": [
                        {
                            "disposition": "Applications Received", 
                            "count": 0, 
                            "value": 0
                        }, 
                        {
                            "disposition": "Loans Originated", 
                            "count": 0, 
                            "value": 0
                        }, 
                        {
                            "disposition": "Apps. Approved But Not Accepted", 
                            "count": 0, 
                            "value": 0
                        }, 
                        {
                            "disposition": "Aplications Denied", 
                            "count": 0, 
                            "value": 0
                        }, 
                        {
                            "disposition": "Applications Withdrawn", 
                            "count": 0, 
                            "value": 0
                        }, 
                        {
                            "disposition": "Files Closed For Incompleteness", 
                            "count": 0, 
                            "value": 0
                        }
                    ]
                }, 
                {
                    "gender": "Joint (Male/Female)", 
                    "dispositions": [
                        {
                            "disposition": "Applications Received", 
                            "count": 0, 
                            "value": 0
                        }, 
                        {
                            "disposition": "Loans Originated", 
                            "count": 0, 
                            "value": 0
                        }, 
                        {
                            "disposition": "Apps. Approved But Not Accepted", 
                            "count": 0, 
                            "value": 0
                        }, 
                        {
                            "disposition": "Aplications Denied", 
                            "count": 0, 
                            "value": 0
                        }, 
                        {
                            "disposition": "Applications Withdrawn", 
                            "count": 0, 
                            "value": 0
                        }, 
                        {
                            "disposition": "Files Closed For Incompleteness", 
                            "count": 0, 
                            "value": 0
                        }
                    ]
                }
            ]
        }, 
        {
            "ethnicity": "Not Hispanic or Latino", 
            "dispositions": [
                {
                    "disposition": "Applications Received", 
                    "count": 3, 
                    "value": 2067
                }, 
                {
                    "disposition": "Loans Originated", 
                    "count": 2, 
                    "value": 1907
                }, 
                {
                    "disposition": "Apps. Approved But Not Accepted", 
                    "count": 0, 
                    "value": 0
                }, 
                {
                    "disposition": "Aplications Denied", 
                    "count": 1, 
                    "value": 160
                }, 
                {
                    "disposition": "Applications Withdrawn", 
                    "count": 0, 
                    "value": 0
                }, 
                {
                    "disposition": "Files Closed For Incompleteness", 
                    "count": 0, 
                    "value": 0
                }
            ], 
            "genders": [
                {
                    "gender": "Male", 
                    "dispositions": [
                        {
                            "disposition": "Applications Received", 
                            "count": 3, 
                            "value": 3
                        }, 
                        {
                            "disposition": "Loans Originated", 
                            "count": 2, 
                            "value": 1907
                        }, 
                        {
                            "disposition": "Apps. Approved But Not Accepted", 
                            "count": 0, 
                            "value": 0
                        }, 
                        {
                            "disposition": "Aplications Denied", 
                            "count": 1, 
                            "value": 160
                        }, 
                        {
                            "disposition": "Applications Withdrawn", 
                            "count": 0, 
                            "value": 0
                        }, 
                        {
                            "disposition": "Files Closed For Incompleteness", 
                            "count": 0, 
                            "value": 0
                        }
                    ]
                }, 
                {
                    "gender": "Female", 
                    "dispositions": [
                        {
                            "disposition": "Applications Received", 
                            "count": 0, 
                            "value": 0
                        }, 
                        {
                            "disposition": "Loans Originated", 
                            "count": 0, 
                            "value": 0
                        }, 
                        {
                            "disposition": "Apps. Approved But Not Accepted", 
                            "count": 0, 
                            "value": 0
                        }, 
                        {
                            "disposition": "Aplications Denied", 
                            "count": 0, 
                            "value": 0
                        }, 
                        {
                            "disposition": "Applications Withdrawn", 
                            "count": 0, 
                            "value": 0
                        }, 
                        {
                            "disposition": "Files Closed For Incompleteness", 
                            "count": 0, 
                            "value": 0
                        }
                    ]
                }, 
                {
                    "gender": "Joint (Male/Female)", 
                    "dispositions": [
                        {
                            "disposition": "Applications Received", 
                            "count": 0, 
                            "value": 0
                        }, 
                        {
                            "disposition": "Loans Originated", 
                            "count": 0, 
                            "value": 0
                        }, 
                        {
                            "disposition": "Apps. Approved But Not Accepted", 
                            "count": 0, 
                            "value": 0
                        }, 
                        {
                            "disposition": "Aplications Denied", 
                            "count": 0, 
                            "value": 0
                        }, 
                        {
                            "disposition": "Applications Withdrawn", 
                            "count": 0, 
                            "value": 0
                        }, 
                        {
                            "disposition": "Files Closed For Incompleteness", 
                            "count": 0, 
                            "value": 0
                        }
                    ]
                }
            ]
        }, 
        {
            "ethnicity": "Joint (Hispanic or Latino/Not Hispanic or Latino", 
            "dispositions": [
                {
                    "disposition": "Applications Received", 
                    "count": 0, 
                    "value": 0
                }, 
                {
                    "disposition": "Loans Originated", 
                    "count": 0, 
                    "value": 0
                }, 
                {
                    "disposition": "Apps. Approved But Not Accepted", 
                    "count": 0, 
                    "value": 0
                }, 
                {
                    "disposition": "Aplications Denied", 
                    "count": 0, 
                    "value": 0
                }, 
                {
                    "disposition": "Applications Withdrawn", 
                    "count": 0, 
                    "value": 0
                }, 
                {
                    "disposition": "Files Closed For Incompleteness", 
                    "count": 0, 
                    "value": 0
                }
            ], 
            "genders": [
                {
                    "gender": "Male", 
                    "dispositions": [
                        {
                            "disposition": "Applications Received", 
                            "count": 0, 
                            "value": 0
                        }, 
                        {
                            "disposition": "Loans Originated", 
                            "count": 0, 
                            "value": 0
                        }, 
                        {
                            "disposition": "Apps. Approved But Not Accepted", 
                            "count": 0, 
                            "value": 0
                        }, 
                        {
                            "disposition": "Aplications Denied", 
                            "count": 0, 
                            "value": 0
                        }, 
                        {
                            "disposition": "Applications Withdrawn", 
                            "count": 0, 
                            "value": 0
                        }, 
                        {
                            "disposition": "Files Closed For Incompleteness", 
                            "count": 0, 
                            "value": 0
                        }
                    ]
                }, 
                {
                    "gender": "Female", 
                    "dispositions": [
                        {
                            "disposition": "Applications Received", 
                            "count": 0, 
                            "value": 0
                        }, 
                        {
                            "disposition": "Loans Originated", 
                            "count": 0, 
                            "value": 0
                        }, 
                        {
                            "disposition": "Apps. Approved But Not Accepted", 
                            "count": 0, 
                            "value": 0
                        }, 
                        {
                            "disposition": "Aplications Denied", 
                            "count": 0, 
                            "value": 0
                        }, 
                        {
                            "disposition": "Applications Withdrawn", 
                            "count": 0, 
                            "value": 0
                        }, 
                        {
                            "disposition": "Files Closed For Incompleteness", 
                            "count": 0, 
                            "value": 0
                        }
                    ]
                }, 
                {
                    "gender": "Joint (Male/Female)", 
                    "dispositions": [
                        {
                            "disposition": "Applications Received", 
                            "count": 0, 
                            "value": 0
                        }, 
                        {
                            "disposition": "Loans Originated", 
                            "count": 0, 
                            "value": 0
                        }, 
                        {
                            "disposition": "Apps. Approved But Not Accepted", 
                            "count": 0, 
                            "value": 0
                        }, 
                        {
                            "disposition": "Aplications Denied", 
                            "count": 0, 
                            "value": 0
                        }, 
                        {
                            "disposition": "Applications Withdrawn", 
                            "count": 0, 
                            "value": 0
                        }, 
                        {
                            "disposition": "Files Closed For Incompleteness", 
                            "count": 0, 
                            "value": 0
                        }
                    ]
                }
            ]
        }, 
        {
            "ethnicity": "Ethnicity Not Available", 
            "dispositions": [
                {
                    "disposition": "Applications Received", 
                    "count": 12, 
                    "value": 23159
                }, 
                {
                    "disposition": "Loans Originated", 
                    "count": 12, 
                    "value": 23159
                }, 
                {
                    "disposition": "Apps. Approved But Not Accepted", 
                    "count": 0, 
                    "value": 0
                }, 
                {
                    "disposition": "Aplications Denied", 
                    "count": 0, 
                    "value": 0
                }, 
                {
                    "disposition": "Applications Withdrawn", 
                    "count": 0, 
                    "value": 0
                }, 
                {
                    "disposition": "Files Closed For Incompleteness", 
                    "count": 0, 
                    "value": 0
                }
            ], 
            "genders": [
                {
                    "gender": "Male", 
                    "dispositions": [
                        {
                            "disposition": "Applications Received", 
                            "count": 0, 
                            "value": 0
                        }, 
                        {
                            "disposition": "Loans Originated", 
                            "count": 0, 
                            "value": 0
                        }, 
                        {
                            "disposition": "Apps. Approved But Not Accepted", 
                            "count": 0, 
                            "value": 0
                        }, 
                        {
                            "disposition": "Aplications Denied", 
                            "count": 0, 
                            "value": 0
                        }, 
                        {
                            "disposition": "Applications Withdrawn", 
                            "count": 0, 
                            "value": 0
                        }, 
                        {
                            "disposition": "Files Closed For Incompleteness", 
                            "count": 0, 
                            "value": 0
                        }
                    ]
                }, 
                {
                    "gender": "Female", 
                    "dispositions": [
                        {
                            "disposition": "Applications Received", 
                            "count": 1, 
                            "value": 1
                        }, 
                        {
                            "disposition": "Loans Originated", 
                            "count": 1, 
                            "value": 878
                        }, 
                        {
                            "disposition": "Apps. Approved But Not Accepted", 
                            "count": 0, 
                            "value": 0
                        }, 
                        {
                            "disposition": "Aplications Denied", 
                            "count": 0, 
                            "value": 0
                        }, 
                        {
                            "disposition": "Applications Withdrawn", 
                            "count": 0, 
                            "value": 0
                        }, 
                        {
                            "disposition": "Files Closed For Incompleteness", 
                            "count": 0, 
                            "value": 0
                        }
                    ]
                }, 
                {
                    "gender": "Joint (Male/Female)", 
                    "dispositions": [
                        {
                            "disposition": "Applications Received", 
                            "count": 0, 
                            "value": 0
                        }, 
                        {
                            "disposition": "Loans Originated", 
                            "count": 0, 
                            "value": 0
                        }, 
                        {
                            "disposition": "Apps. Approved But Not Accepted", 
                            "count": 0, 
                            "value": 0
                        }, 
                        {
                            "disposition": "Aplications Denied", 
                            "count": 0, 
                            "value": 0
                        }, 
                        {
                            "disposition": "Applications Withdrawn", 
                            "count": 0, 
                            "value": 0
                        }, 
                        {
                            "disposition": "Files Closed For Incompleteness", 
                            "count": 0, 
                            "value": 0
                        }
                    ]
                }
            ]
        }
    ], 
    "minoritystatuses": [
        {
            "minoritystatus": "White Non-Hispanic", 
            "dispositions": [
                {
                    "disposition": "Applications Received", 
                    "count": 15, 
                    "value": 25226
                }, 
                {
                    "disposition": "Loans Originated", 
                    "count": 14, 
                    "value": 25066
                }, 
                {
                    "disposition": "Apps. Approved But Not Accepted", 
                    "count": 0, 
                    "value": 0
                }, 
                {
                    "disposition": "Aplications Denied", 
                    "count": 1, 
                    "value": 160
                }, 
                {
                    "disposition": "Applications Withdrawn", 
                    "count": 0, 
                    "value": 0
                }, 
                {
                    "disposition": "Files Closed For Incompleteness", 
                    "count": 0, 
                    "value": 0
                }
            ], 
            "genders": [
                {
                    "gender": "Male", 
                    "dispositions": [
                        {
                            "disposition": "Applications Received", 
                            "count": 2070, 
                            "value": 0
                        }, 
                        {
                            "disposition": "Loans Originated", 
                            "count": 2, 
                            "value": 1907
                        }, 
                        {
                            "disposition": "Apps. Approved But Not Accepted", 
                            "count": 0, 
                            "value": 0
                        }, 
                        {
                            "disposition": "Aplications Denied", 
                            "count": 1, 
                            "value": 160
                        }, 
                        {
                            "disposition": "Applications Withdrawn", 
                            "count": 0, 
                            "value": 0
                        }, 
                        {
                            "disposition": "Files Closed For Incompleteness", 
                            "count": 0, 
                            "value": 0
                        }
                    ]
                }, 
                {
                    "gender": "Female", 
                    "dispositions": [
                        {
                            "disposition": "Applications Received", 
                            "count": 879, 
                            "value": 0
                        }, 
                        {
                            "disposition": "Loans Originated", 
                            "count": 1, 
                            "value": 878
                        }, 
                        {
                            "disposition": "Apps. Approved But Not Accepted", 
                            "count": 0, 
                            "value": 0
                        }, 
                        {
                            "disposition": "Aplications Denied", 
                            "count": 0, 
                            "value": 0
                        }, 
                        {
                            "disposition": "Applications Withdrawn", 
                            "count": 0, 
                            "value": 0
                        }, 
                        {
                            "disposition": "Files Closed For Incompleteness", 
                            "count": 0, 
                            "value": 0
                        }
                    ]
                }, 
                {
                    "gender": "Joint (Male/Female)", 
                    "dispositions": [
                        {
                            "disposition": "Applications Received", 
                            "count": 0, 
                            "value": 0
                        }, 
                        {
                            "disposition": "Loans Originated", 
                            "count": 0, 
                            "value": 0
                        }, 
                        {
                            "disposition": "Apps. Approved But Not Accepted", 
                            "count": 0, 
                            "value": 0
                        }, 
                        {
                            "disposition": "Aplications Denied", 
                            "count": 0, 
                            "value": 0
                        }, 
                        {
                            "disposition": "Applications Withdrawn", 
                            "count": 0, 
                            "value": 0
                        }, 
                        {
                            "disposition": "Files Closed For Incompleteness", 
                            "count": 0, 
                            "value": 0
                        }
                    ]
                }
            ]
        }, 
        {
            "minoritystatus": "Others, Including Hispanic", 
            "dispositions": [
                {
                    "disposition": "Applications Received", 
                    "count": 3, 
                    "value": 563
                }, 
                {
                    "disposition": "Loans Originated", 
                    "count": 1, 
                    "value": 130
                }, 
                {
                    "disposition": "Apps. Approved But Not Accepted", 
                    "count": 1, 
                    "value": 188
                }, 
                {
                    "disposition": "Aplications Denied", 
                    "count": 1, 
                    "value": 245
                }, 
                {
                    "disposition": "Applications Withdrawn", 
                    "count": 0, 
                    "value": 0
                }, 
                {
                    "disposition": "Files Closed For Incompleteness", 
                    "count": 0, 
                    "value": 0
                }
            ], 
            "genders": [
                {
                    "gender": "Male", 
                    "dispositions": [
                        {
                            "disposition": "Applications Received", 
                            "count": 566, 
                            "value": 0
                        }, 
                        {
                            "disposition": "Loans Originated", 
                            "count": 1, 
                            "value": 130
                        }, 
                        {
                            "disposition": "Apps. Approved But Not Accepted", 
                            "count": 1, 
                            "value": 188
                        }, 
                        {
                            "disposition": "Aplications Denied", 
                            "count": 1, 
                            "value": 245
                        }, 
                        {
                            "disposition": "Applications Withdrawn", 
                            "count": 0, 
                            "value": 0
                        }, 
                        {
                            "disposition": "Files Closed For Incompleteness", 
                            "count": 0, 
                            "value": 0
                        }
                    ]
                }, 
                {
                    "gender": "Female", 
                    "dispositions": [
                        {
                            "disposition": "Applications Received", 
                            "count": 0, 
                            "value": 0
                        }, 
                        {
                            "disposition": "Loans Originated", 
                            "count": 0, 
                            "value": 0
                        }, 
                        {
                            "disposition": "Apps. Approved But Not Accepted", 
                            "count": 0, 
                            "value": 0
                        }, 
                        {
                            "disposition": "Aplications Denied", 
                            "count": 0, 
                            "value": 0
                        }, 
                        {
                            "disposition": "Applications Withdrawn", 
                            "count": 0, 
                            "value": 0
                        }, 
                        {
                            "disposition": "Files Closed For Incompleteness", 
                            "count": 0, 
                            "value": 0
                        }
                    ]
                }, 
                {
                    "gender": "Joint (Male/Female)", 
                    "dispositions": [
                        {
                            "disposition": "Applications Received", 
                            "count": 0, 
                            "value": 0
                        }, 
                        {
                            "disposition": "Loans Originated", 
                            "count": 0, 
                            "value": 0
                        }, 
                        {
                            "disposition": "Apps. Approved But Not Accepted", 
                            "count": 0, 
                            "value": 0
                        }, 
                        {
                            "disposition": "Aplications Denied", 
                            "count": 0, 
                            "value": 0
                        }, 
                        {
                            "disposition": "Applications Withdrawn", 
                            "count": 0, 
                            "value": 0
                        }, 
                        {
                            "disposition": "Files Closed For Incompleteness", 
                            "count": 0, 
                            "value": 0
                        }
                    ]
                }
            ]
        }
    ], 
    "incomes": [
        {
            "incomes": "Less than 50% of MSA/MD median", 
            "dispositions": [
                {
                    "disposition": "Applications Received", 
                    "count": 0, 
                    "value": 0
                }, 
                {
                    "disposition": "Loans Originated", 
                    "count": 0, 
                    "value": 0
                }, 
                {
                    "disposition": "Apps. Approved But Not Accepted", 
                    "count": 0, 
                    "value": 0
                }, 
                {
                    "disposition": "Aplications Denied", 
                    "count": 0, 
                    "value": 0
                }, 
                {
                    "disposition": "Applications Withdrawn", 
                    "count": 0, 
                    "value": 0
                }, 
                {
                    "disposition": "Files Closed For Incompleteness", 
                    "count": 0, 
                    "value": 0
                }
            ]
        }, 
        {
            "incomes": "50-79% of MSA/MD median", 
            "dispositions": [
                {
                    "disposition": "Applications Received", 
                    "count": 0, 
                    "value": 0
                }, 
                {
                    "disposition": "Loans Originated", 
                    "count": 0, 
                    "value": 0
                }, 
                {
                    "disposition": "Apps. Approved But Not Accepted", 
                    "count": 0, 
                    "value": 0
                }, 
                {
                    "disposition": "Aplications Denied", 
                    "count": 0, 
                    "value": 0
                }, 
                {
                    "disposition": "Applications Withdrawn", 
                    "count": 0, 
                    "value": 0
                }, 
                {
                    "disposition": "Files Closed For Incompleteness", 
                    "count": 0, 
                    "value": 0
                }
            ]
        }, 
        {
            "incomes": "80-99% of MSA/MD median", 
            "dispositions": [
                {
                    "disposition": "Applications Received", 
                    "count": 0, 
                    "value": 0
                }, 
                {
                    "disposition": "Loans Originated", 
                    "count": 0, 
                    "value": 0
                }, 
                {
                    "disposition": "Apps. Approved But Not Accepted", 
                    "count": 0, 
                    "value": 0
                }, 
                {
                    "disposition": "Aplications Denied", 
                    "count": 0, 
                    "value": 0
                }, 
                {
                    "disposition": "Applications Withdrawn", 
                    "count": 0, 
                    "value": 0
                }, 
                {
                    "disposition": "Files Closed For Incompleteness", 
                    "count": 0, 
                    "value": 0
                }
            ]
        }, 
        {
            "incomes": "100-119% of MSA/MD median", 
            "dispositions": [
                {
                    "disposition": "Applications Received", 
                    "count": 0, 
                    "value": 0
                }, 
                {
                    "disposition": "Loans Originated", 
                    "count": 0, 
                    "value": 0
                }, 
                {
                    "disposition": "Apps. Approved But Not Accepted", 
                    "count": 0, 
                    "value": 0
                }, 
                {
                    "disposition": "Aplications Denied", 
                    "count": 0, 
                    "value": 0
                }, 
                {
                    "disposition": "Applications Withdrawn", 
                    "count": 0, 
                    "value": 0
                }, 
                {
                    "disposition": "Files Closed For Incompleteness", 
                    "count": 0, 
                    "value": 0
                }
            ]
        }, 
        {
            "incomes": "120% or more of MSA/MD median", 
            "dispositions": [
                {
                    "disposition": "Applications Received", 
                    "count": 0, 
                    "value": 0
                }, 
                {
                    "disposition": "Loans Originated", 
                    "count": 0, 
                    "value": 0
                }, 
                {
                    "disposition": "Apps. Approved But Not Accepted", 
                    "count": 0, 
                    "value": 0
                }, 
                {
                    "disposition": "Aplications Denied", 
                    "count": 0, 
                    "value": 0
                }, 
                {
                    "disposition": "Applications Withdrawn", 
                    "count": 0, 
                    "value": 0
                }, 
                {
                    "disposition": "Files Closed For Incompleteness", 
                    "count": 0, 
                    "value": 0
                }
            ]
        }, 
        {
            "incomes": "income not available", 
            "dispositions": [
                {
                    "disposition": "Applications Received", 
                    "count": 18, 
                    "value": 25789
                }, 
                {
                    "disposition": "Loans Originated", 
                    "count": 15, 
                    "value": 25196
                }, 
                {
                    "disposition": "Apps. Approved But Not Accepted", 
                    "count": 1, 
                    "value": 188
                }, 
                {
                    "disposition": "Aplications Denied", 
                    "count": 2, 
                    "value": 405
                }, 
                {
                    "disposition": "Applications Withdrawn", 
                    "count": 0, 
                    "value": 0
                }, 
                {
                    "disposition": "Files Closed For Incompleteness", 
                    "count": 0, 
                    "value": 0
                }
            ]
        }
    ], 
    "total": [
        {
            "disposition": "Applications Received", 
            "count": 0, 
            "value": 0
        }, 
        {
            "disposition": "Loans Originated", 
            "count": 15, 
            "value": 25196
        }, 
        {
            "disposition": "Apps. Approved But Not Accepted", 
            "count": 1, 
            "value": 188
        }, 
        {
            "disposition": "Aplications Denied", 
            "count": 2, 
            "value": 405
        }, 
        {
            "disposition": "Applications Withdrawn", 
            "count": 0, 
            "value": 0
        }, 
        {
            "disposition": "Files Closed For Incompleteness", 
            "count": 0, 
            "value": 0
        }
    ]
}