{
    "table": "3-1", 
    "type": "Aggregate", 
    "desc": "Loans sold, by characteristics of borrower and census tract in which property is located and by type of purchaser (includes originations and purchased loans)", 
    "year": "2013", 
    "msa": {
        "id": "26300", 
        "name": "Hot-Springs", 
        "state": "AR", 
        "state_name": "Arkansas"
    }, 
    "borrowercharacteristics": [
        {
            "characteristic": "Race", 
            "races": [
                {
                    "race": "American Indian/Alaska Native", 
                    "purchasers": [
                        {
                            "name": "Fannie Mae", 
                            "count": 3, 
                            "value": 287.0
                        }, 
                        {
                            "name": "Ginnie Mae", 
                            "count": 1, 
                            "value": 203.0
                        }, 
                        {
                            "name": "Freddie Mac", 
                            "count": 1, 
                            "value": 82.0
                        }, 
                        {
                            "name": "Farmer Mac", 
                            "count": 0, 
                            "value": 0
                        }, 
                        {
                            "name": "Private Securitization", 
                            "count": 0, 
                            "value": 0
                        }, 
                        {
                            "name": "Commercial bank, savings bank or association", 
                            "count": 0, 
                            "value": 0
                        }, 
                        {
                            "name": "Life insurance co., credit union, finance co.", 
                            "count": 1, 
                            "value": 116.0
                        }, 
                        {
                            "name": "Affiliate institution", 
                            "count": 0, 
                            "value": 0
                        }, 
                        {
                            "name": "Other", 
                            "count": 8, 
                            "value": 1298.0
                        }
                    ]
                }, 
                {
                    "race": "Asian", 
                    "purchasers": [
                        {
                            "name": "Fannie Mae", 
                            "count": 2, 
                            "value": 122.0
                        }, 
                        {
                            "name": "Ginnie Mae", 
                            "count": 1, 
                            "value": 224.0
                        }, 
                        {
                            "name": "Freddie Mac", 
                            "count": 2, 
                            "value": 211.0
                        }, 
                        {
                            "name": "Farmer Mac", 
                            "count": 0, 
                            "value": 0
                        }, 
                        {
                            "name": "Private Securitization", 
                            "count": 0, 
                            "value": 0
                        }, 
                        {
                            "name": "Commercial bank, savings bank or association", 
                            "count": 1, 
                            "value": 224.0
                        }, 
                        {
                            "name": "Life insurance co., credit union, finance co.", 
                            "count": 0, 
                            "value": 0
                        }, 
                        {
                            "name": "Affiliate institution", 
                            "count": 0, 
                            "value": 0
                        }, 
                        {
                            "name": "Other", 
                            "count": 20, 
                            "value": 1492.0
                        }
                    ]
                }, 
                {
                    "race": "Black or African American", 
                    "purchasers": [
                        {
                            "name": "Fannie Mae", 
                            "count": 4, 
                            "value": 273.0
                        }, 
                        {
                            "name": "Ginnie Mae", 
                            "count": 1, 
                            "value": 143.0
                        }, 
                        {
                            "name": "Freddie Mac", 
                            "count": 2, 
                            "value": 422.0
                        }, 
                        {
                            "name": "Farmer Mac", 
                            "count": 0, 
                            "value": 0
                        }, 
                        {
                            "name": "Private Securitization", 
                            "count": 1, 
                            "value": 1000.0
                        }, 
                        {
                            "name": "Commercial bank, savings bank or association", 
                            "count": 2, 
                            "value": 251.0
                        }, 
                        {
                            "name": "Life insurance co., credit union, finance co.", 
                            "count": 1, 
                            "value": 124.0
                        }, 
                        {
                            "name": "Affiliate institution", 
                            "count": 0, 
                            "value": 0
                        }, 
                        {
                            "name": "Other", 
                            "count": 24, 
                            "value": 3780.0
                        }
                    ]
                }, 
                {
                    "race": "Native Hawaiian or Other Pacific Islander", 
                    "purchasers": [
                        {
                            "name": "Fannie Mae", 
                            "count": 8, 
                            "value": 1079.0
                        }, 
                        {
                            "name": "Ginnie Mae", 
                            "count": 18, 
                            "value": 2047.0
                        }, 
                        {
                            "name": "Freddie Mac", 
                            "count": 9, 
                            "value": 1213.0
                        }, 
                        {
                            "name": "Farmer Mac", 
                            "count": 0, 
                            "value": 0
                        }, 
                        {
                            "name": "Private Securitization", 
                            "count": 0, 
                            "value": 0
                        }, 
                        {
                            "name": "Commercial bank, savings bank or association", 
                            "count": 6, 
                            "value": 760.0
                        }, 
                        {
                            "name": "Life insurance co., credit union, finance co.", 
                            "count": 1, 
                            "value": 161.0
                        }, 
                        {
                            "name": "Affiliate institution", 
                            "count": 2, 
                            "value": 290.0
                        }, 
                        {
                            "name": "Other", 
                            "count": 119, 
                            "value": 9422.0
                        }
                    ]
                }, 
                {
                    "race": "White", 
                    "purchasers": [
                        {
                            "name": "Fannie Mae", 
                            "count": 1, 
                            "value": 136.0
                        }, 
                        {
                            "name": "Ginnie Mae", 
                            "count": 0, 
                            "value": 0
                        }, 
                        {
                            "name": "Freddie Mac", 
                            "count": 0, 
                            "value": 0
                        }, 
                        {
                            "name": "Farmer Mac", 
                            "count": 0, 
                            "value": 0
                        }, 
                        {
                            "name": "Private Securitization", 
                            "count": 0, 
                            "value": 0
                        }, 
                        {
                            "name": "Commercial bank, savings bank or association", 
                            "count": 0, 
                            "value": 0
                        }, 
                        {
                            "name": "Life insurance co., credit union, finance co.", 
                            "count": 0, 
                            "value": 0
                        }, 
                        {
                            "name": "Affiliate institution", 
                            "count": 0, 
                            "value": 0
                        }, 
                        {
                            "name": "Other", 
                            "count": 3, 
                            "value": 227.0
                        }
                    ]
                }, 
                {
                    "race": "2 or more minority races", 
                    "purchasers": [
                        {
                            "name": "Fannie Mae", 
                            "count": 643, 
                            "value": 98755.0
                        }, 
                        {
                            "name": "Ginnie Mae", 
                            "count": 469, 
                            "value": 65788.0
                        }, 
                        {
                            "name": "Freddie Mac", 
                            "count": 302, 
                            "value": 44283.0
                        }, 
                        {
                            "name": "Farmer Mac", 
                            "count": 0, 
                            "value": 0
                        }, 
                        {
                            "name": "Private Securitization", 
                            "count": 6, 
                            "value": 1371.0
                        }, 
                        {
                            "name": "Commercial bank, savings bank or association", 
                            "count": 286, 
                            "value": 45151.0
                        }, 
                        {
                            "name": "Life insurance co., credit union, finance co.", 
                            "count": 192, 
                            "value": 30443.0
                        }, 
                        {
                            "name": "Affiliate institution", 
                            "count": 32, 
                            "value": 3477.0
                        }, 
                        {
                            "name": "Other", 
                            "count": 2641, 
                            "value": 316336.0
                        }
                    ]
                }, 
                {
                    "race": "Joint (White/Minority Race", 
                    "purchasers": [
                        {
                            "name": "Fannie Mae", 
                            "count": 7, 
                            "value": 917.0
                        }, 
                        {
                            "name": "Ginnie Mae", 
                            "count": 7, 
                            "value": 1080.0
                        }, 
                        {
                            "name": "Freddie Mac", 
                            "count": 4, 
                            "value": 510.0
                        }, 
                        {
                            "name": "Farmer Mac", 
                            "count": 0, 
                            "value": 0
                        }, 
                        {
                            "name": "Private Securitization", 
                            "count": 0, 
                            "value": 0
                        }, 
                        {
                            "name": "Commercial bank, savings bank or association", 
                            "count": 2, 
                            "value": 324.0
                        }, 
                        {
                            "name": "Life insurance co., credit union, finance co.", 
                            "count": 1, 
                            "value": 258.0
                        }, 
                        {
                            "name": "Affiliate institution", 
                            "count": 1, 
                            "value": 101.0
                        }, 
                        {
                            "name": "Other", 
                            "count": 31, 
                            "value": 2818.0
                        }
                    ]
                }, 
                {
                    "race": "Not Available", 
                    "purchasers": [
                        {
                            "name": "Fannie Mae", 
                            "count": 136, 
                            "value": 21430.0
                        }, 
                        {
                            "name": "Ginnie Mae", 
                            "count": 75, 
                            "value": 345357.0
                        }, 
                        {
                            "name": "Freddie Mac", 
                            "count": 138, 
                            "value": 23086.0
                        }, 
                        {
                            "name": "Farmer Mac", 
                            "count": 0, 
                            "value": 0
                        }, 
                        {
                            "name": "Private Securitization", 
                            "count": 4, 
                            "value": 980.0
                        }, 
                        {
                            "name": "Commercial bank, savings bank or association", 
                            "count": 4, 
                            "value": 525.0
                        }, 
                        {
                            "name": "Life insurance co., credit union, finance co.", 
                            "count": 6, 
                            "value": 481.0
                        }, 
                        {
                            "name": "Affiliate institution", 
                            "count": 5, 
                            "value": 863.0
                        }, 
                        {
                            "name": "Other", 
                            "count": 464, 
                            "value": 77474.0
                        }
                    ]
                }
            ]
        }, 
        {
            "characteristic": "Ethnicity", 
            "ethnicities": [
                {
                    "ethnicity": "Hispanic or Latino", 
                    "purchasers": [
                        {
                            "name": "Fannie Mae", 
                            "count": 4, 
                            "value": 419
                        }, 
                        {
                            "name": "Ginnie Mae", 
                            "count": 3, 
                            "value": 395
                        }, 
                        {
                            "name": "Freddie Mac", 
                            "count": 2, 
                            "value": 201
                        }, 
                        {
                            "name": "Farmer Mac", 
                            "count": 0, 
                            "value": 0
                        }, 
                        {
                            "name": "Private Securitization", 
                            "count": 0, 
                            "value": 0
                        }, 
                        {
                            "name": "Commercial bank, savings bank or association", 
                            "count": 3, 
                            "value": 496
                        }, 
                        {
                            "name": "Life insurance co., credit union, finance co.", 
                            "count": 4, 
                            "value": 511
                        }, 
                        {
                            "name": "Affiliate institution", 
                            "count": 1, 
                            "value": 104
                        }, 
                        {
                            "name": "Other", 
                            "count": 69, 
                            "value": 5701
                        }
                    ]
                }, 
                {
                    "ethnicity": "Not Hispanic or Latino", 
                    "purchasers": [
                        {
                            "name": "Fannie Mae", 
                            "count": 656, 
                            "value": 100324
                        }, 
                        {
                            "name": "Ginnie Mae", 
                            "count": 489, 
                            "value": 68006
                        }, 
                        {
                            "name": "Freddie Mac", 
                            "count": 317, 
                            "value": 46651
                        }, 
                        {
                            "name": "Farmer Mac", 
                            "count": 0, 
                            "value": 0
                        }, 
                        {
                            "name": "Private Securitization", 
                            "count": 7, 
                            "value": 2371
                        }, 
                        {
                            "name": "Commercial bank, savings bank or association", 
                            "count": 288, 
                            "value": 44794
                        }, 
                        {
                            "name": "Life insurance co., credit union, finance co.", 
                            "count": 190, 
                            "value": 30144
                        }, 
                        {
                            "name": "Affiliate institution", 
                            "count": 31, 
                            "value": 3534
                        }, 
                        {
                            "name": "Other", 
                            "count": 2673, 
                            "value": 324001
                        }
                    ]
                }, 
                {
                    "ethnicity": "Joint (Hispanic or Latino/Not Hispanic or Latino", 
                    "purchasers": [
                        {
                            "name": "Fannie Mae", 
                            "count": 8, 
                            "value": 1054
                        }, 
                        {
                            "name": "Ginnie Mae", 
                            "count": 7, 
                            "value": 1166
                        }, 
                        {
                            "name": "Freddie Mac", 
                            "count": 2, 
                            "value": 209
                        }, 
                        {
                            "name": "Farmer Mac", 
                            "count": 0, 
                            "value": 0
                        }, 
                        {
                            "name": "Private Securitization", 
                            "count": 0, 
                            "value": 0
                        }, 
                        {
                            "name": "Commercial bank, savings bank or association", 
                            "count": 4, 
                            "value": 525
                        }, 
                        {
                            "name": "Life insurance co., credit union, finance co.", 
                            "count": 1, 
                            "value": 100
                        }, 
                        {
                            "name": "Affiliate institution", 
                            "count": 0, 
                            "value": 0
                        }, 
                        {
                            "name": "Other", 
                            "count": 30, 
                            "value": 4021
                        }
                    ]
                }, 
                {
                    "ethnicity": "Ethnicity Not Available", 
                    "purchasers": [
                        {
                            "name": "Fannie Mae", 
                            "count": 136, 
                            "value": 21202
                        }, 
                        {
                            "name": "Ginnie Mae", 
                            "count": 73, 
                            "value": 345275
                        }, 
                        {
                            "name": "Freddie Mac", 
                            "count": 137, 
                            "value": 22746
                        }, 
                        {
                            "name": "Farmer Mac", 
                            "count": 0, 
                            "value": 0
                        }, 
                        {
                            "name": "Private Securitization", 
                            "count": 4, 
                            "value": 980
                        }, 
                        {
                            "name": "Commercial bank, savings bank or association", 
                            "count": 6, 
                            "value": 1420
                        }, 
                        {
                            "name": "Life insurance co., credit union, finance co.", 
                            "count": 7, 
                            "value": 828
                        }, 
                        {
                            "name": "Affiliate institution", 
                            "count": 8, 
                            "value": 1093
                        }, 
                        {
                            "name": "Other", 
                            "count": 538, 
                            "value": 79124
                        }
                    ]
                }
            ]
        }, 
        {
            "characteristic": "Minority Status", 
            "minoritystatuses": [
                {
                    "minoritystatus": "White Non-Hispanic", 
                    "purchasers": [
                        {
                            "name": "Fannie Mae", 
                            "count": 770, 
                            "value": 119031
                        }, 
                        {
                            "name": "Ginnie Mae", 
                            "count": 534, 
                            "value": 409584
                        }, 
                        {
                            "name": "Freddie Mac", 
                            "count": 437, 
                            "value": 67080
                        }, 
                        {
                            "name": "Farmer Mac", 
                            "count": 0, 
                            "value": 0
                        }, 
                        {
                            "name": "Private Securitization", 
                            "count": 10, 
                            "value": 2351
                        }, 
                        {
                            "name": "Commercial bank, savings bank or association", 
                            "count": 283, 
                            "value": 44655
                        }, 
                        {
                            "name": "Life insurance co., credit union, finance co.", 
                            "count": 193, 
                            "value": 30313
                        }, 
                        {
                            "name": "Affiliate institution", 
                            "count": 36, 
                            "value": 4236
                        }, 
                        {
                            "name": "Other", 
                            "count": 3024, 
                            "value": 385723
                        }
                    ]
                }, 
                {
                    "minoritystatus": "Others, Including Hispanic", 
                    "purchasers": [
                        {
                            "name": "Fannie Mae", 
                            "count": 34, 
                            "value": 3968
                        }, 
                        {
                            "name": "Ginnie Mae", 
                            "count": 38, 
                            "value": 5258
                        }, 
                        {
                            "name": "Freddie Mac", 
                            "count": 21, 
                            "value": 2727
                        }, 
                        {
                            "name": "Farmer Mac", 
                            "count": 0, 
                            "value": 0
                        }, 
                        {
                            "name": "Private Securitization", 
                            "count": 1, 
                            "value": 1000
                        }, 
                        {
                            "name": "Commercial bank, savings bank or association", 
                            "count": 18, 
                            "value": 2580
                        }, 
                        {
                            "name": "Life insurance co., credit union, finance co.", 
                            "count": 9, 
                            "value": 1270
                        }, 
                        {
                            "name": "Affiliate institution", 
                            "count": 4, 
                            "value": 495
                        }, 
                        {
                            "name": "Other", 
                            "count": 286, 
                            "value": 27124
                        }
                    ]
                }
            ]
        }, 
        {
            "characteristic": "Applicant Income", 
            "applicantincomes": [
                {
                    "applicantincome": "Less than 50% of MSA/MD median", 
                    "purchasers": [
                        {
                            "name": "Fannie Mae", 
                            "count": 42, 
                            "value": 3505
                        }, 
                        {
                            "name": "Ginnie Mae", 
                            "count": 27, 
                            "value": 1867
                        }, 
                        {
                            "name": "Freddie Mac", 
                            "count": 17, 
                            "value": 1818
                        }, 
                        {
                            "name": "Farmer Mac", 
                            "count": 0, 
                            "value": 0
                        }, 
                        {
                            "name": "Private Securitization", 
                            "count": 0, 
                            "value": 0
                        }, 
                        {
                            "name": "Commercial bank, savings bank or association", 
                            "count": 16, 
                            "value": 1331
                        }, 
                        {
                            "name": "Life insurance co., credit union, finance co.", 
                            "count": 14, 
                            "value": 1054
                        }, 
                        {
                            "name": "Affiliate institution", 
                            "count": 3, 
                            "value": 320
                        }, 
                        {
                            "name": "Other", 
                            "count": 350, 
                            "value": 18275
                        }
                    ]
                }, 
                {
                    "applicantincome": "50-79% of MSA/MD median", 
                    "purchasers": [
                        {
                            "name": "Fannie Mae", 
                            "count": 81, 
                            "value": 7217
                        }, 
                        {
                            "name": "Ginnie Mae", 
                            "count": 107, 
                            "value": 11322
                        }, 
                        {
                            "name": "Freddie Mac", 
                            "count": 52, 
                            "value": 5067
                        }, 
                        {
                            "name": "Farmer Mac", 
                            "count": 0, 
                            "value": 0
                        }, 
                        {
                            "name": "Private Securitization", 
                            "count": 0, 
                            "value": 0
                        }, 
                        {
                            "name": "Commercial bank, savings bank or association", 
                            "count": 55, 
                            "value": 6303
                        }, 
                        {
                            "name": "Life insurance co., credit union, finance co.", 
                            "count": 17, 
                            "value": 1940
                        }, 
                        {
                            "name": "Affiliate institution", 
                            "count": 7, 
                            "value": 507
                        }, 
                        {
                            "name": "Other", 
                            "count": 595, 
                            "value": 43041
                        }
                    ]
                }, 
                {
                    "applicantincome": "80-99% of MSA/MD median", 
                    "purchasers": [
                        {
                            "name": "Fannie Mae", 
                            "count": 69, 
                            "value": 7299
                        }, 
                        {
                            "name": "Ginnie Mae", 
                            "count": 71, 
                            "value": 8498
                        }, 
                        {
                            "name": "Freddie Mac", 
                            "count": 29, 
                            "value": 2934
                        }, 
                        {
                            "name": "Farmer Mac", 
                            "count": 0, 
                            "value": 0
                        }, 
                        {
                            "name": "Private Securitization", 
                            "count": 0, 
                            "value": 0
                        }, 
                        {
                            "name": "Commercial bank, savings bank or association", 
                            "count": 38, 
                            "value": 4614
                        }, 
                        {
                            "name": "Life insurance co., credit union, finance co.", 
                            "count": 24, 
                            "value": 2986
                        }, 
                        {
                            "name": "Affiliate institution", 
                            "count": 3, 
                            "value": 250
                        }, 
                        {
                            "name": "Other", 
                            "count": 348, 
                            "value": 29004
                        }
                    ]
                }, 
                {
                    "applicantincome": "100-119% of MSA/MD median", 
                    "purchasers": [
                        {
                            "name": "Fannie Mae", 
                            "count": 79, 
                            "value": 9754
                        }, 
                        {
                            "name": "Ginnie Mae", 
                            "count": 62, 
                            "value": 8092
                        }, 
                        {
                            "name": "Freddie Mac", 
                            "count": 37, 
                            "value": 4492
                        }, 
                        {
                            "name": "Farmer Mac", 
                            "count": 0, 
                            "value": 0
                        }, 
                        {
                            "name": "Private Securitization", 
                            "count": 1, 
                            "value": 280
                        }, 
                        {
                            "name": "Commercial bank, savings bank or association", 
                            "count": 28, 
                            "value": 3701
                        }, 
                        {
                            "name": "Life insurance co., credit union, finance co.", 
                            "count": 22, 
                            "value": 2895
                        }, 
                        {
                            "name": "Affiliate institution", 
                            "count": 2, 
                            "value": 225
                        }, 
                        {
                            "name": "Other", 
                            "count": 311, 
                            "value": 30031
                        }
                    ]
                }, 
                {
                    "applicantincome": "120% or more of MSA/MD median", 
                    "purchasers": [
                        {
                            "name": "Fannie Mae", 
                            "count": 471, 
                            "value": 83662
                        }, 
                        {
                            "name": "Ginnie Mae", 
                            "count": 157, 
                            "value": 28466
                        }, 
                        {
                            "name": "Freddie Mac", 
                            "count": 207, 
                            "value": 34987
                        }, 
                        {
                            "name": "Farmer Mac", 
                            "count": 0, 
                            "value": 0
                        }, 
                        {
                            "name": "Private Securitization", 
                            "count": 10, 
                            "value": 3071
                        }, 
                        {
                            "name": "Commercial bank, savings bank or association", 
                            "count": 161, 
                            "value": 30880
                        }, 
                        {
                            "name": "Life insurance co., credit union, finance co.", 
                            "count": 119, 
                            "value": 21935
                        }, 
                        {
                            "name": "Affiliate institution", 
                            "count": 25, 
                            "value": 3429
                        }, 
                        {
                            "name": "Other", 
                            "count": 1406, 
                            "value": 227820
                        }
                    ]
                }, 
                {
                    "applicantincome": "income not available", 
                    "purchasers": [
                        {
                            "name": "Fannie Mae", 
                            "count": 62, 
                            "value": 11562
                        }, 
                        {
                            "name": "Ginnie Mae", 
                            "count": 148, 
                            "value": 356597
                        }, 
                        {
                            "name": "Freddie Mac", 
                            "count": 116, 
                            "value": 20509
                        }, 
                        {
                            "name": "Farmer Mac", 
                            "count": 0, 
                            "value": 0
                        }, 
                        {
                            "name": "Private Securitization", 
                            "count": 0, 
                            "value": 0
                        }, 
                        {
                            "name": "Commercial bank, savings bank or association", 
                            "count": 3, 
                            "value": 406
                        }, 
                        {
                            "name": "Life insurance co., credit union, finance co.", 
                            "count": 6, 
                            "value": 773
                        }, 
                        {
                            "name": "Affiliate institution", 
                            "count": 0, 
                            "value": 0
                        }, 
                        {
                            "name": "Other", 
                            "count": 300, 
                            "value": 64676
                        }
                    ]
                }
            ]
        }
    ], 
    "censuscharacteristics": [
        {
            "characteristic": "Racial/Ethnic Composition", 
            "tractpctminorities": [
                {
                    "tractpctminority": "Less than 10% minority", 
                    "purchasers": [
                        {
                            "name": "Fannie Mae", 
                            "count": 360, 
                            "value": 54016
                        }, 
                        {
                            "name": "Ginnie Mae", 
                            "count": 303, 
                            "value": 154688
                        }, 
                        {
                            "name": "Freddie Mac", 
                            "count": 207, 
                            "value": 28131
                        }, 
                        {
                            "name": "Farmer Mac", 
                            "count": 0, 
                            "value": 0
                        }, 
                        {
                            "name": "Private Securitization", 
                            "count": 4, 
                            "value": 1525
                        }, 
                        {
                            "name": "Commercial bank, savings bank or association", 
                            "count": 163, 
                            "value": 24345
                        }, 
                        {
                            "name": "Life insurance co., credit union, finance co.", 
                            "count": 94, 
                            "value": 13108
                        }, 
                        {
                            "name": "Affiliate institution", 
                            "count": 22, 
                            "value": 2899
                        }, 
                        {
                            "name": "Other", 
                            "count": 1351, 
                            "value": 163777
                        }
                    ]
                }, 
                {
                    "tractpctminority": "10-19% minority", 
                    "purchasers": [
                        {
                            "name": "Fannie Mae", 
                            "count": 438, 
                            "value": 68637
                        }, 
                        {
                            "name": "Ginnie Mae", 
                            "count": 265, 
                            "value": 259827
                        }, 
                        {
                            "name": "Freddie Mac", 
                            "count": 250, 
                            "value": 41613
                        }, 
                        {
                            "name": "Farmer Mac", 
                            "count": 0, 
                            "value": 0
                        }, 
                        {
                            "name": "Private Securitization", 
                            "count": 7, 
                            "value": 1826
                        }, 
                        {
                            "name": "Commercial bank, savings bank or association", 
                            "count": 137, 
                            "value": 22763
                        }, 
                        {
                            "name": "Life insurance co., credit union, finance co.", 
                            "count": 106, 
                            "value": 18318
                        }, 
                        {
                            "name": "Affiliate institution", 
                            "count": 17, 
                            "value": 1785
                        }, 
                        {
                            "name": "Other", 
                            "count": 1859, 
                            "value": 242631
                        }
                    ]
                }, 
                {
                    "tractpctminority": "20-49% minority", 
                    "purchasers": [
                        {
                            "name": "Fannie Mae", 
                            "count": 6, 
                            "value": 346
                        }, 
                        {
                            "name": "Ginnie Mae", 
                            "count": 4, 
                            "value": 327
                        }, 
                        {
                            "name": "Freddie Mac", 
                            "count": 1, 
                            "value": 63
                        }, 
                        {
                            "name": "Farmer Mac", 
                            "count": 0, 
                            "value": 0
                        }, 
                        {
                            "name": "Private Securitization", 
                            "count": 0, 
                            "value": 0
                        }, 
                        {
                            "name": "Commercial bank, savings bank or association", 
                            "count": 1, 
                            "value": 127
                        }, 
                        {
                            "name": "Life insurance co., credit union, finance co.", 
                            "count": 2, 
                            "value": 157
                        }, 
                        {
                            "name": "Affiliate institution", 
                            "count": 1, 
                            "value": 47
                        }, 
                        {
                            "name": "Other", 
                            "count": 100, 
                            "value": 6439
                        }
                    ]
                }, 
                {
                    "tractpctminority": "50-79% minority", 
                    "purchasers": [
                        {
                            "name": "Fannie Mae", 
                            "count": 0, 
                            "value": 0
                        }, 
                        {
                            "name": "Ginnie Mae", 
                            "count": 0, 
                            "value": 0
                        }, 
                        {
                            "name": "Freddie Mac", 
                            "count": 0, 
                            "value": 0
                        }, 
                        {
                            "name": "Farmer Mac", 
                            "count": 0, 
                            "value": 0
                        }, 
                        {
                            "name": "Private Securitization", 
                            "count": 0, 
                            "value": 0
                        }, 
                        {
                            "name": "Commercial bank, savings bank or association", 
                            "count": 0, 
                            "value": 0
                        }, 
                        {
                            "name": "Life insurance co., credit union, finance co.", 
                            "count": 0, 
                            "value": 0
                        }, 
                        {
                            "name": "Affiliate institution", 
                            "count": 0, 
                            "value": 0
                        }, 
                        {
                            "name": "Other", 
                            "count": 0, 
                            "value": 0
                        }
                    ]
                }, 
                {
                    "tractpctminority": "80-100% minority", 
                    "purchasers": [
                        {
                            "name": "Fannie Mae", 
                            "count": 0, 
                            "value": 0
                        }, 
                        {
                            "name": "Ginnie Mae", 
                            "count": 0, 
                            "value": 0
                        }, 
                        {
                            "name": "Freddie Mac", 
                            "count": 0, 
                            "value": 0
                        }, 
                        {
                            "name": "Farmer Mac", 
                            "count": 0, 
                            "value": 0
                        }, 
                        {
                            "name": "Private Securitization", 
                            "count": 0, 
                            "value": 0
                        }, 
                        {
                            "name": "Commercial bank, savings bank or association", 
                            "count": 0, 
                            "value": 0
                        }, 
                        {
                            "name": "Life insurance co., credit union, finance co.", 
                            "count": 0, 
                            "value": 0
                        }, 
                        {
                            "name": "Affiliate institution", 
                            "count": 0, 
                            "value": 0
                        }, 
                        {
                            "name": "Other", 
                            "count": 0, 
                            "value": 0
                        }
                    ]
                }
            ]
        }, 
        {
            "characteristic": "Income", 
            "incomelevels": [
                {
                    "incomelevel": "Low income", 
                    "purchasers": [
                        {
                            "name": "Fannie Mae", 
                            "count": 4, 
                            "value": 352
                        }, 
                        {
                            "name": "Ginnie Mae", 
                            "count": 4, 
                            "value": 55289
                        }, 
                        {
                            "name": "Freddie Mac", 
                            "count": 1, 
                            "value": 127
                        }, 
                        {
                            "name": "Farmer Mac", 
                            "count": 0, 
                            "value": 0
                        }, 
                        {
                            "name": "Private Securitization", 
                            "count": 0, 
                            "value": 0
                        }, 
                        {
                            "name": "Commercial bank, savings bank or association", 
                            "count": 0, 
                            "value": 0
                        }, 
                        {
                            "name": "Life insurance co., credit union, finance co.", 
                            "count": 0, 
                            "value": 0
                        }, 
                        {
                            "name": "Affiliate institution", 
                            "count": 0, 
                            "value": 0
                        }, 
                        {
                            "name": "Other", 
                            "count": 40, 
                            "value": 2313
                        }
                    ]
                }, 
                {
                    "incomelevel": "Moderate income", 
                    "purchasers": [
                        {
                            "name": "Fannie Mae", 
                            "count": 45, 
                            "value": 4664
                        }, 
                        {
                            "name": "Ginnie Mae", 
                            "count": 33, 
                            "value": 99593
                        }, 
                        {
                            "name": "Freddie Mac", 
                            "count": 22, 
                            "value": 2777
                        }, 
                        {
                            "name": "Farmer Mac", 
                            "count": 0, 
                            "value": 0
                        }, 
                        {
                            "name": "Private Securitization", 
                            "count": 0, 
                            "value": 0
                        }, 
                        {
                            "name": "Commercial bank, savings bank or association", 
                            "count": 17, 
                            "value": 2264
                        }, 
                        {
                            "name": "Life insurance co., credit union, finance co.", 
                            "count": 12, 
                            "value": 1302
                        }, 
                        {
                            "name": "Affiliate institution", 
                            "count": 3, 
                            "value": 148
                        }, 
                        {
                            "name": "Other", 
                            "count": 458, 
                            "value": 32505
                        }
                    ]
                }, 
                {
                    "incomelevel": "Middle income", 
                    "purchasers": [
                        {
                            "name": "Fannie Mae", 
                            "count": 401, 
                            "value": 59587
                        }, 
                        {
                            "name": "Ginnie Mae", 
                            "count": 344, 
                            "value": 182050
                        }, 
                        {
                            "name": "Freddie Mac", 
                            "count": 239, 
                            "value": 33676
                        }, 
                        {
                            "name": "Farmer Mac", 
                            "count": 0, 
                            "value": 0
                        }, 
                        {
                            "name": "Private Securitization", 
                            "count": 3, 
                            "value": 657
                        }, 
                        {
                            "name": "Commercial bank, savings bank or association", 
                            "count": 160, 
                            "value": 23944
                        }, 
                        {
                            "name": "Life insurance co., credit union, finance co.", 
                            "count": 98, 
                            "value": 14062
                        }, 
                        {
                            "name": "Affiliate institution", 
                            "count": 18, 
                            "value": 1755
                        }, 
                        {
                            "name": "Other", 
                            "count": 1655, 
                            "value": 208407
                        }
                    ]
                }, 
                {
                    "incomelevel": "Upper income", 
                    "purchasers": [
                        {
                            "name": "Fannie Mae", 
                            "count": 354, 
                            "value": 58396
                        }, 
                        {
                            "name": "Ginnie Mae", 
                            "count": 191, 
                            "value": 77910
                        }, 
                        {
                            "name": "Freddie Mac", 
                            "count": 196, 
                            "value": 33227
                        }, 
                        {
                            "name": "Farmer Mac", 
                            "count": 0, 
                            "value": 0
                        }, 
                        {
                            "name": "Private Securitization", 
                            "count": 8, 
                            "value": 2694
                        }, 
                        {
                            "name": "Commercial bank, savings bank or association", 
                            "count": 124, 
                            "value": 21027
                        }, 
                        {
                            "name": "Life insurance co., credit union, finance co.", 
                            "count": 92, 
                            "value": 16219
                        }, 
                        {
                            "name": "Affiliate institution", 
                            "count": 19, 
                            "value": 2828
                        }, 
                        {
                            "name": "Other", 
                            "count": 1157, 
                            "value": 169622
                        }
                    ]
                }
            ]
        }
    ], 
    "total": {
        "purchasers": [
            {
                "name": "Fannie Mae", 
                "count": 804, 
                "value": 122999
            }, 
            {
                "name": "Ginnie Mae", 
                "count": 572, 
                "value": 414842
            }, 
            {
                "name": "Freddie Mac", 
                "count": 458, 
                "value": 69807
            }, 
            {
                "name": "Farmer Mac", 
                "count": 0, 
                "value": 0
            }, 
            {
                "name": "Private Securitization", 
                "count": 11, 
                "value": 3351
            }, 
            {
                "name": "Commercial bank, savings bank or association", 
                "count": 301, 
                "value": 47235
            }, 
            {
                "name": "Life insurance co., credit union, finance co.", 
                "count": 202, 
                "value": 31583
            }, 
            {
                "name": "Affiliate institution", 
                "count": 40, 
                "value": 4731
            }, 
            {
                "name": "Other", 
                "count": 3310, 
                "value": 412847
            }
        ]
    }
}