{
    "table": "4-4", 
    "type": "Aggregate", 
    "desc": "Disposition of applications for home improvement loans, 1- to 4-family and manufactured home dwellings, by race, ethnicity, gender and income of applicant", 
    "year": "2013", 
    "msa": {
        "id": "20020", 
        "name": "Dothan", 
        "state": "AL", 
        "state_name": "Alabama"
    }, 
    "races": [
        {
            "race": "American Indian/Alaska Native", 
            "dispositions": [
                {
                    "disposition": "Applications Received", 
                    "count": 1, 
                    "value": 41
                }, 
                {
                    "disposition": "Loans Originated", 
                    "count": 0, 
                    "value": 0
                }, 
                {
                    "disposition": "Apps. Approved But Not Accepted", 
                    "count": 0, 
                    "value": 0
                }, 
                {
                    "disposition": "Aplications Denied", 
                    "count": 1, 
                    "value": 41
                }, 
                {
                    "disposition": "Applications Withdrawn", 
                    "count": 0, 
                    "value": 0
                }, 
                {
                    "disposition": "Files Closed For Incompleteness", 
                    "count": 0, 
                    "value": 0
                }
            ], 
            "genders": [
                {
                    "gender": "Male", 
                    "dispositions": [
                        {
                            "disposition": "Applications Received", 
                            "count": 0, 
                            "value": 0
                        }, 
                        {
                            "disposition": "Loans Originated", 
                            "count": 0, 
                            "value": 0
                        }, 
                        {
                            "disposition": "Apps. Approved But Not Accepted", 
                            "count": 0, 
                            "value": 0
                        }, 
                        {
                            "disposition": "Aplications Denied", 
                            "count": 0, 
                            "value": 0
                        }, 
                        {
                            "disposition": "Applications Withdrawn", 
                            "count": 0, 
                            "value": 0
                        }, 
                        {
                            "disposition": "Files Closed For Incompleteness", 
                            "count": 0, 
                            "value": 0
                        }
                    ]
                }, 
                {
                    "gender": "Female", 
                    "dispositions": [
                        {
                            "disposition": "Applications Received", 
                            "count": 1, 
                            "value": 41
                        }, 
                        {
                            "disposition": "Loans Originated", 
                            "count": 0, 
                            "value": 0
                        }, 
                        {
                            "disposition": "Apps. Approved But Not Accepted", 
                            "count": 0, 
                            "value": 0
                        }, 
                        {
                            "disposition": "Aplications Denied", 
                            "count": 1, 
                            "value": 41
                        }, 
                        {
                            "disposition": "Applications Withdrawn", 
                            "count": 0, 
                            "value": 0
                        }, 
                        {
                            "disposition": "Files Closed For Incompleteness", 
                            "count": 0, 
                            "value": 0
                        }
                    ]
                }, 
                {
                    "gender": "Joint (Male/Female)", 
                    "dispositions": [
                        {
                            "disposition": "Applications Received", 
                            "count": 0, 
                            "value": 0
                        }, 
                        {
                            "disposition": "Loans Originated", 
                            "count": 0, 
                            "value": 0
                        }, 
                        {
                            "disposition": "Apps. Approved But Not Accepted", 
                            "count": 0, 
                            "value": 0
                        }, 
                        {
                            "disposition": "Aplications Denied", 
                            "count": 0, 
                            "value": 0
                        }, 
                        {
                            "disposition": "Applications Withdrawn", 
                            "count": 0, 
                            "value": 0
                        }, 
                        {
                            "disposition": "Files Closed For Incompleteness", 
                            "count": 0, 
                            "value": 0
                        }
                    ]
                }
            ]
        }, 
        {
            "race": "Asian", 
            "dispositions": [
                {
                    "disposition": "Applications Received", 
                    "count": 0, 
                    "value": 0
                }, 
                {
                    "disposition": "Loans Originated", 
                    "count": 0, 
                    "value": 0
                }, 
                {
                    "disposition": "Apps. Approved But Not Accepted", 
                    "count": 0, 
                    "value": 0
                }, 
                {
                    "disposition": "Aplications Denied", 
                    "count": 0, 
                    "value": 0
                }, 
                {
                    "disposition": "Applications Withdrawn", 
                    "count": 0, 
                    "value": 0
                }, 
                {
                    "disposition": "Files Closed For Incompleteness", 
                    "count": 0, 
                    "value": 0
                }
            ], 
            "genders": [
                {
                    "gender": "Male", 
                    "dispositions": [
                        {
                            "disposition": "Applications Received", 
                            "count": 0, 
                            "value": 0
                        }, 
                        {
                            "disposition": "Loans Originated", 
                            "count": 0, 
                            "value": 0
                        }, 
                        {
                            "disposition": "Apps. Approved But Not Accepted", 
                            "count": 0, 
                            "value": 0
                        }, 
                        {
                            "disposition": "Aplications Denied", 
                            "count": 0, 
                            "value": 0
                        }, 
                        {
                            "disposition": "Applications Withdrawn", 
                            "count": 0, 
                            "value": 0
                        }, 
                        {
                            "disposition": "Files Closed For Incompleteness", 
                            "count": 0, 
                            "value": 0
                        }
                    ]
                }, 
                {
                    "gender": "Female", 
                    "dispositions": [
                        {
                            "disposition": "Applications Received", 
                            "count": 0, 
                            "value": 0
                        }, 
                        {
                            "disposition": "Loans Originated", 
                            "count": 0, 
                            "value": 0
                        }, 
                        {
                            "disposition": "Apps. Approved But Not Accepted", 
                            "count": 0, 
                            "value": 0
                        }, 
                        {
                            "disposition": "Aplications Denied", 
                            "count": 0, 
                            "value": 0
                        }, 
                        {
                            "disposition": "Applications Withdrawn", 
                            "count": 0, 
                            "value": 0
                        }, 
                        {
                            "disposition": "Files Closed For Incompleteness", 
                            "count": 0, 
                            "value": 0
                        }
                    ]
                }, 
                {
                    "gender": "Joint (Male/Female)", 
                    "dispositions": [
                        {
                            "disposition": "Applications Received", 
                            "count": 0, 
                            "value": 0
                        }, 
                        {
                            "disposition": "Loans Originated", 
                            "count": 0, 
                            "value": 0
                        }, 
                        {
                            "disposition": "Apps. Approved But Not Accepted", 
                            "count": 0, 
                            "value": 0
                        }, 
                        {
                            "disposition": "Aplications Denied", 
                            "count": 0, 
                            "value": 0
                        }, 
                        {
                            "disposition": "Applications Withdrawn", 
                            "count": 0, 
                            "value": 0
                        }, 
                        {
                            "disposition": "Files Closed For Incompleteness", 
                            "count": 0, 
                            "value": 0
                        }
                    ]
                }
            ]
        }, 
        {
            "race": "Black or African American", 
            "dispositions": [
                {
                    "disposition": "Applications Received", 
                    "count": 1, 
                    "value": 15
                }, 
                {
                    "disposition": "Loans Originated", 
                    "count": 1, 
                    "value": 15
                }, 
                {
                    "disposition": "Apps. Approved But Not Accepted", 
                    "count": 0, 
                    "value": 0
                }, 
                {
                    "disposition": "Aplications Denied", 
                    "count": 0, 
                    "value": 0
                }, 
                {
                    "disposition": "Applications Withdrawn", 
                    "count": 0, 
                    "value": 0
                }, 
                {
                    "disposition": "Files Closed For Incompleteness", 
                    "count": 0, 
                    "value": 0
                }
            ], 
            "genders": [
                {
                    "gender": "Male", 
                    "dispositions": [
                        {
                            "disposition": "Applications Received", 
                            "count": 0, 
                            "value": 0
                        }, 
                        {
                            "disposition": "Loans Originated", 
                            "count": 0, 
                            "value": 0
                        }, 
                        {
                            "disposition": "Apps. Approved But Not Accepted", 
                            "count": 0, 
                            "value": 0
                        }, 
                        {
                            "disposition": "Aplications Denied", 
                            "count": 0, 
                            "value": 0
                        }, 
                        {
                            "disposition": "Applications Withdrawn", 
                            "count": 0, 
                            "value": 0
                        }, 
                        {
                            "disposition": "Files Closed For Incompleteness", 
                            "count": 0, 
                            "value": 0
                        }
                    ]
                }, 
                {
                    "gender": "Female", 
                    "dispositions": [
                        {
                            "disposition": "Applications Received", 
                            "count": 0, 
                            "value": 0
                        }, 
                        {
                            "disposition": "Loans Originated", 
                            "count": 0, 
                            "value": 0
                        }, 
                        {
                            "disposition": "Apps. Approved But Not Accepted", 
                            "count": 0, 
                            "value": 0
                        }, 
                        {
                            "disposition": "Aplications Denied", 
                            "count": 0, 
                            "value": 0
                        }, 
                        {
                            "disposition": "Applications Withdrawn", 
                            "count": 0, 
                            "value": 0
                        }, 
                        {
                            "disposition": "Files Closed For Incompleteness", 
                            "count": 0, 
                            "value": 0
                        }
                    ]
                }, 
                {
                    "gender": "Joint (Male/Female)", 
                    "dispositions": [
                        {
                            "disposition": "Applications Received", 
                            "count": 1, 
                            "value": 15
                        }, 
                        {
                            "disposition": "Loans Originated", 
                            "count": 1, 
                            "value": 15
                        }, 
                        {
                            "disposition": "Apps. Approved But Not Accepted", 
                            "count": 0, 
                            "value": 0
                        }, 
                        {
                            "disposition": "Aplications Denied", 
                            "count": 0, 
                            "value": 0
                        }, 
                        {
                            "disposition": "Applications Withdrawn", 
                            "count": 0, 
                            "value": 0
                        }, 
                        {
                            "disposition": "Files Closed For Incompleteness", 
                            "count": 0, 
                            "value": 0
                        }
                    ]
                }
            ]
        }, 
        {
            "race": "Native Hawaiian or Other Pacific Islander", 
            "dispositions": [
                {
                    "disposition": "Applications Received", 
                    "count": 63, 
                    "value": 1304
                }, 
                {
                    "disposition": "Loans Originated", 
                    "count": 13, 
                    "value": 449
                }, 
                {
                    "disposition": "Apps. Approved But Not Accepted", 
                    "count": 3, 
                    "value": 12
                }, 
                {
                    "disposition": "Aplications Denied", 
                    "count": 44, 
                    "value": 592
                }, 
                {
                    "disposition": "Applications Withdrawn", 
                    "count": 3, 
                    "value": 251
                }, 
                {
                    "disposition": "Files Closed For Incompleteness", 
                    "count": 0, 
                    "value": 0
                }
            ], 
            "genders": [
                {
                    "gender": "Male", 
                    "dispositions": [
                        {
                            "disposition": "Applications Received", 
                            "count": 24, 
                            "value": 412
                        }, 
                        {
                            "disposition": "Loans Originated", 
                            "count": 5, 
                            "value": 53
                        }, 
                        {
                            "disposition": "Apps. Approved But Not Accepted", 
                            "count": 0, 
                            "value": 0
                        }, 
                        {
                            "disposition": "Aplications Denied", 
                            "count": 17, 
                            "value": 126
                        }, 
                        {
                            "disposition": "Applications Withdrawn", 
                            "count": 2, 
                            "value": 233
                        }, 
                        {
                            "disposition": "Files Closed For Incompleteness", 
                            "count": 0, 
                            "value": 0
                        }
                    ]
                }, 
                {
                    "gender": "Female", 
                    "dispositions": [
                        {
                            "disposition": "Applications Received", 
                            "count": 31, 
                            "value": 389
                        }, 
                        {
                            "disposition": "Loans Originated", 
                            "count": 6, 
                            "value": 66
                        }, 
                        {
                            "disposition": "Apps. Approved But Not Accepted", 
                            "count": 3, 
                            "value": 12
                        }, 
                        {
                            "disposition": "Aplications Denied", 
                            "count": 21, 
                            "value": 293
                        }, 
                        {
                            "disposition": "Applications Withdrawn", 
                            "count": 1, 
                            "value": 18
                        }, 
                        {
                            "disposition": "Files Closed For Incompleteness", 
                            "count": 0, 
                            "value": 0
                        }
                    ]
                }, 
                {
                    "gender": "Joint (Male/Female)", 
                    "dispositions": [
                        {
                            "disposition": "Applications Received", 
                            "count": 8, 
                            "value": 503
                        }, 
                        {
                            "disposition": "Loans Originated", 
                            "count": 2, 
                            "value": 330
                        }, 
                        {
                            "disposition": "Apps. Approved But Not Accepted", 
                            "count": 0, 
                            "value": 0
                        }, 
                        {
                            "disposition": "Aplications Denied", 
                            "count": 6, 
                            "value": 173
                        }, 
                        {
                            "disposition": "Applications Withdrawn", 
                            "count": 0, 
                            "value": 0
                        }, 
                        {
                            "disposition": "Files Closed For Incompleteness", 
                            "count": 0, 
                            "value": 0
                        }
                    ]
                }
            ]
        }, 
        {
            "race": "White", 
            "dispositions": [
                {
                    "disposition": "Applications Received", 
                    "count": 2, 
                    "value": 9
                }, 
                {
                    "disposition": "Loans Originated", 
                    "count": 2, 
                    "value": 9
                }, 
                {
                    "disposition": "Apps. Approved But Not Accepted", 
                    "count": 0, 
                    "value": 0
                }, 
                {
                    "disposition": "Aplications Denied", 
                    "count": 0, 
                    "value": 0
                }, 
                {
                    "disposition": "Applications Withdrawn", 
                    "count": 0, 
                    "value": 0
                }, 
                {
                    "disposition": "Files Closed For Incompleteness", 
                    "count": 0, 
                    "value": 0
                }
            ], 
            "genders": [
                {
                    "gender": "Male", 
                    "dispositions": [
                        {
                            "disposition": "Applications Received", 
                            "count": 1, 
                            "value": 5
                        }, 
                        {
                            "disposition": "Loans Originated", 
                            "count": 1, 
                            "value": 5
                        }, 
                        {
                            "disposition": "Apps. Approved But Not Accepted", 
                            "count": 0, 
                            "value": 0
                        }, 
                        {
                            "disposition": "Aplications Denied", 
                            "count": 0, 
                            "value": 0
                        }, 
                        {
                            "disposition": "Applications Withdrawn", 
                            "count": 0, 
                            "value": 0
                        }, 
                        {
                            "disposition": "Files Closed For Incompleteness", 
                            "count": 0, 
                            "value": 0
                        }
                    ]
                }, 
                {
                    "gender": "Female", 
                    "dispositions": [
                        {
                            "disposition": "Applications Received", 
                            "count": 1, 
                            "value": 4
                        }, 
                        {
                            "disposition": "Loans Originated", 
                            "count": 1, 
                            "value": 4
                        }, 
                        {
                            "disposition": "Apps. Approved But Not Accepted", 
                            "count": 0, 
                            "value": 0
                        }, 
                        {
                            "disposition": "Aplications Denied", 
                            "count": 0, 
                            "value": 0
                        }, 
                        {
                            "disposition": "Applications Withdrawn", 
                            "count": 0, 
                            "value": 0
                        }, 
                        {
                            "disposition": "Files Closed For Incompleteness", 
                            "count": 0, 
                            "value": 0
                        }
                    ]
                }, 
                {
                    "gender": "Joint (Male/Female)", 
                    "dispositions": [
                        {
                            "disposition": "Applications Received", 
                            "count": 0, 
                            "value": 0
                        }, 
                        {
                            "disposition": "Loans Originated", 
                            "count": 0, 
                            "value": 0
                        }, 
                        {
                            "disposition": "Apps. Approved But Not Accepted", 
                            "count": 0, 
                            "value": 0
                        }, 
                        {
                            "disposition": "Aplications Denied", 
                            "count": 0, 
                            "value": 0
                        }, 
                        {
                            "disposition": "Applications Withdrawn", 
                            "count": 0, 
                            "value": 0
                        }, 
                        {
                            "disposition": "Files Closed For Incompleteness", 
                            "count": 0, 
                            "value": 0
                        }
                    ]
                }
            ]
        }, 
        {
            "race": "2 or more minority races", 
            "dispositions": [
                {
                    "disposition": "Applications Received", 
                    "count": 321, 
                    "value": 13820
                }, 
                {
                    "disposition": "Loans Originated", 
                    "count": 202, 
                    "value": 10043
                }, 
                {
                    "disposition": "Apps. Approved But Not Accepted", 
                    "count": 11, 
                    "value": 459
                }, 
                {
                    "disposition": "Aplications Denied", 
                    "count": 90, 
                    "value": 2414
                }, 
                {
                    "disposition": "Applications Withdrawn", 
                    "count": 14, 
                    "value": 505
                }, 
                {
                    "disposition": "Files Closed For Incompleteness", 
                    "count": 4, 
                    "value": 399
                }
            ], 
            "genders": [
                {
                    "gender": "Male", 
                    "dispositions": [
                        {
                            "disposition": "Applications Received", 
                            "count": 107, 
                            "value": 3982
                        }, 
                        {
                            "disposition": "Loans Originated", 
                            "count": 58, 
                            "value": 2308
                        }, 
                        {
                            "disposition": "Apps. Approved But Not Accepted", 
                            "count": 5, 
                            "value": 278
                        }, 
                        {
                            "disposition": "Aplications Denied", 
                            "count": 35, 
                            "value": 896
                        }, 
                        {
                            "disposition": "Applications Withdrawn", 
                            "count": 6, 
                            "value": 125
                        }, 
                        {
                            "disposition": "Files Closed For Incompleteness", 
                            "count": 3, 
                            "value": 375
                        }
                    ]
                }, 
                {
                    "gender": "Female", 
                    "dispositions": [
                        {
                            "disposition": "Applications Received", 
                            "count": 72, 
                            "value": 2276
                        }, 
                        {
                            "disposition": "Loans Originated", 
                            "count": 42, 
                            "value": 1644
                        }, 
                        {
                            "disposition": "Apps. Approved But Not Accepted", 
                            "count": 2, 
                            "value": 29
                        }, 
                        {
                            "disposition": "Aplications Denied", 
                            "count": 25, 
                            "value": 429
                        }, 
                        {
                            "disposition": "Applications Withdrawn", 
                            "count": 3, 
                            "value": 174
                        }, 
                        {
                            "disposition": "Files Closed For Incompleteness", 
                            "count": 0, 
                            "value": 0
                        }
                    ]
                }, 
                {
                    "gender": "Joint (Male/Female)", 
                    "dispositions": [
                        {
                            "disposition": "Applications Received", 
                            "count": 142, 
                            "value": 7562
                        }, 
                        {
                            "disposition": "Loans Originated", 
                            "count": 102, 
                            "value": 6091
                        }, 
                        {
                            "disposition": "Apps. Approved But Not Accepted", 
                            "count": 4, 
                            "value": 152
                        }, 
                        {
                            "disposition": "Aplications Denied", 
                            "count": 30, 
                            "value": 1089
                        }, 
                        {
                            "disposition": "Applications Withdrawn", 
                            "count": 5, 
                            "value": 206
                        }, 
                        {
                            "disposition": "Files Closed For Incompleteness", 
                            "count": 1, 
                            "value": 24
                        }
                    ]
                }
            ]
        }, 
        {
            "race": "Joint (White/Minority Race", 
            "dispositions": [
                {
                    "disposition": "Applications Received", 
                    "count": 2, 
                    "value": 195
                }, 
                {
                    "disposition": "Loans Originated", 
                    "count": 0, 
                    "value": 0
                }, 
                {
                    "disposition": "Apps. Approved But Not Accepted", 
                    "count": 0, 
                    "value": 0
                }, 
                {
                    "disposition": "Aplications Denied", 
                    "count": 2, 
                    "value": 195
                }, 
                {
                    "disposition": "Applications Withdrawn", 
                    "count": 0, 
                    "value": 0
                }, 
                {
                    "disposition": "Files Closed For Incompleteness", 
                    "count": 0, 
                    "value": 0
                }
            ], 
            "genders": [
                {
                    "gender": "Male", 
                    "dispositions": [
                        {
                            "disposition": "Applications Received", 
                            "count": 0, 
                            "value": 0
                        }, 
                        {
                            "disposition": "Loans Originated", 
                            "count": 0, 
                            "value": 0
                        }, 
                        {
                            "disposition": "Apps. Approved But Not Accepted", 
                            "count": 0, 
                            "value": 0
                        }, 
                        {
                            "disposition": "Aplications Denied", 
                            "count": 0, 
                            "value": 0
                        }, 
                        {
                            "disposition": "Applications Withdrawn", 
                            "count": 0, 
                            "value": 0
                        }, 
                        {
                            "disposition": "Files Closed For Incompleteness", 
                            "count": 0, 
                            "value": 0
                        }
                    ]
                }, 
                {
                    "gender": "Female", 
                    "dispositions": [
                        {
                            "disposition": "Applications Received", 
                            "count": 0, 
                            "value": 0
                        }, 
                        {
                            "disposition": "Loans Originated", 
                            "count": 0, 
                            "value": 0
                        }, 
                        {
                            "disposition": "Apps. Approved But Not Accepted", 
                            "count": 0, 
                            "value": 0
                        }, 
                        {
                            "disposition": "Aplications Denied", 
                            "count": 0, 
                            "value": 0
                        }, 
                        {
                            "disposition": "Applications Withdrawn", 
                            "count": 0, 
                            "value": 0
                        }, 
                        {
                            "disposition": "Files Closed For Incompleteness", 
                            "count": 0, 
                            "value": 0
                        }
                    ]
                }, 
                {
                    "gender": "Joint (Male/Female)", 
                    "dispositions": [
                        {
                            "disposition": "Applications Received", 
                            "count": 2, 
                            "value": 195
                        }, 
                        {
                            "disposition": "Loans Originated", 
                            "count": 0, 
                            "value": 0
                        }, 
                        {
                            "disposition": "Apps. Approved But Not Accepted", 
                            "count": 0, 
                            "value": 0
                        }, 
                        {
                            "disposition": "Aplications Denied", 
                            "count": 2, 
                            "value": 195
                        }, 
                        {
                            "disposition": "Applications Withdrawn", 
                            "count": 0, 
                            "value": 0
                        }, 
                        {
                            "disposition": "Files Closed For Incompleteness", 
                            "count": 0, 
                            "value": 0
                        }
                    ]
                }
            ]
        }, 
        {
            "race": "Not Available", 
            "dispositions": [
                {
                    "disposition": "Applications Received", 
                    "count": 23, 
                    "value": 1119
                }, 
                {
                    "disposition": "Loans Originated", 
                    "count": 7, 
                    "value": 365
                }, 
                {
                    "disposition": "Apps. Approved But Not Accepted", 
                    "count": 1, 
                    "value": 5
                }, 
                {
                    "disposition": "Aplications Denied", 
                    "count": 12, 
                    "value": 479
                }, 
                {
                    "disposition": "Applications Withdrawn", 
                    "count": 2, 
                    "value": 155
                }, 
                {
                    "disposition": "Files Closed For Incompleteness", 
                    "count": 1, 
                    "value": 115
                }
            ], 
            "genders": [
                {
                    "gender": "Male", 
                    "dispositions": [
                        {
                            "disposition": "Applications Received", 
                            "count": 2, 
                            "value": 29
                        }, 
                        {
                            "disposition": "Loans Originated", 
                            "count": 0, 
                            "value": 0
                        }, 
                        {
                            "disposition": "Apps. Approved But Not Accepted", 
                            "count": 0, 
                            "value": 0
                        }, 
                        {
                            "disposition": "Aplications Denied", 
                            "count": 2, 
                            "value": 29
                        }, 
                        {
                            "disposition": "Applications Withdrawn", 
                            "count": 0, 
                            "value": 0
                        }, 
                        {
                            "disposition": "Files Closed For Incompleteness", 
                            "count": 0, 
                            "value": 0
                        }
                    ]
                }, 
                {
                    "gender": "Female", 
                    "dispositions": [
                        {
                            "disposition": "Applications Received", 
                            "count": 3, 
                            "value": 159
                        }, 
                        {
                            "disposition": "Loans Originated", 
                            "count": 2, 
                            "value": 145
                        }, 
                        {
                            "disposition": "Apps. Approved But Not Accepted", 
                            "count": 0, 
                            "value": 0
                        }, 
                        {
                            "disposition": "Aplications Denied", 
                            "count": 1, 
                            "value": 14
                        }, 
                        {
                            "disposition": "Applications Withdrawn", 
                            "count": 0, 
                            "value": 0
                        }, 
                        {
                            "disposition": "Files Closed For Incompleteness", 
                            "count": 0, 
                            "value": 0
                        }
                    ]
                }, 
                {
                    "gender": "Joint (Male/Female)", 
                    "dispositions": [
                        {
                            "disposition": "Applications Received", 
                            "count": 3, 
                            "value": 185
                        }, 
                        {
                            "disposition": "Loans Originated", 
                            "count": 1, 
                            "value": 30
                        }, 
                        {
                            "disposition": "Apps. Approved But Not Accepted", 
                            "count": 0, 
                            "value": 0
                        }, 
                        {
                            "disposition": "Aplications Denied", 
                            "count": 0, 
                            "value": 0
                        }, 
                        {
                            "disposition": "Applications Withdrawn", 
                            "count": 2, 
                            "value": 155
                        }, 
                        {
                            "disposition": "Files Closed For Incompleteness", 
                            "count": 0, 
                            "value": 0
                        }
                    ]
                }
            ]
        }
    ], 
    "ethnicities": [
        {
            "ethnicity": "Hispanic or Latino", 
            "dispositions": [
                {
                    "disposition": "Applications Received", 
                    "count": 3, 
                    "value": 139
                }, 
                {
                    "disposition": "Loans Originated", 
                    "count": 2, 
                    "value": 45
                }, 
                {
                    "disposition": "Apps. Approved But Not Accepted", 
                    "count": 0, 
                    "value": 0
                }, 
                {
                    "disposition": "Aplications Denied", 
                    "count": 1, 
                    "value": 94
                }, 
                {
                    "disposition": "Applications Withdrawn", 
                    "count": 0, 
                    "value": 0
                }, 
                {
                    "disposition": "Files Closed For Incompleteness", 
                    "count": 0, 
                    "value": 0
                }
            ], 
            "genders": [
                {
                    "gender": "Male", 
                    "dispositions": [
                        {
                            "disposition": "Applications Received", 
                            "count": 1, 
                            "value": 1
                        }, 
                        {
                            "disposition": "Loans Originated", 
                            "count": 1, 
                            "value": 41
                        }, 
                        {
                            "disposition": "Apps. Approved But Not Accepted", 
                            "count": 0, 
                            "value": 0
                        }, 
                        {
                            "disposition": "Aplications Denied", 
                            "count": 0, 
                            "value": 0
                        }, 
                        {
                            "disposition": "Applications Withdrawn", 
                            "count": 0, 
                            "value": 0
                        }, 
                        {
                            "disposition": "Files Closed For Incompleteness", 
                            "count": 0, 
                            "value": 0
                        }
                    ]
                }, 
                {
                    "gender": "Female", 
                    "dispositions": [
                        {
                            "disposition": "Applications Received", 
                            "count": 1, 
                            "value": 1
                        }, 
                        {
                            "disposition": "Loans Originated", 
                            "count": 1, 
                            "value": 4
                        }, 
                        {
                            "disposition": "Apps. Approved But Not Accepted", 
                            "count": 0, 
                            "value": 0
                        }, 
                        {
                            "disposition": "Aplications Denied", 
                            "count": 0, 
                            "value": 0
                        }, 
                        {
                            "disposition": "Applications Withdrawn", 
                            "count": 0, 
                            "value": 0
                        }, 
                        {
                            "disposition": "Files Closed For Incompleteness", 
                            "count": 0, 
                            "value": 0
                        }
                    ]
                }, 
                {
                    "gender": "Joint (Male/Female)", 
                    "dispositions": [
                        {
                            "disposition": "Applications Received", 
                            "count": 1, 
                            "value": 1
                        }, 
                        {
                            "disposition": "Loans Originated", 
                            "count": 0, 
                            "value": 0
                        }, 
                        {
                            "disposition": "Apps. Approved But Not Accepted", 
                            "count": 0, 
                            "value": 0
                        }, 
                        {
                            "disposition": "Aplications Denied", 
                            "count": 1, 
                            "value": 94
                        }, 
                        {
                            "disposition": "Applications Withdrawn", 
                            "count": 0, 
                            "value": 0
                        }, 
                        {
                            "disposition": "Files Closed For Incompleteness", 
                            "count": 0, 
                            "value": 0
                        }
                    ]
                }
            ]
        }, 
        {
            "ethnicity": "Not Hispanic or Latino", 
            "dispositions": [
                {
                    "disposition": "Applications Received", 
                    "count": 383, 
                    "value": 15233
                }, 
                {
                    "disposition": "Loans Originated", 
                    "count": 213, 
                    "value": 10513
                }, 
                {
                    "disposition": "Apps. Approved But Not Accepted", 
                    "count": 13, 
                    "value": 421
                }, 
                {
                    "disposition": "Aplications Denied", 
                    "count": 137, 
                    "value": 3184
                }, 
                {
                    "disposition": "Applications Withdrawn", 
                    "count": 16, 
                    "value": 716
                }, 
                {
                    "disposition": "Files Closed For Incompleteness", 
                    "count": 4, 
                    "value": 399
                }
            ], 
            "genders": [
                {
                    "gender": "Male", 
                    "dispositions": [
                        {
                            "disposition": "Applications Received", 
                            "count": 130, 
                            "value": 130
                        }, 
                        {
                            "disposition": "Loans Originated", 
                            "count": 62, 
                            "value": 2322
                        }, 
                        {
                            "disposition": "Apps. Approved But Not Accepted", 
                            "count": 5, 
                            "value": 278
                        }, 
                        {
                            "disposition": "Aplications Denied", 
                            "count": 52, 
                            "value": 1044
                        }, 
                        {
                            "disposition": "Applications Withdrawn", 
                            "count": 8, 
                            "value": 358
                        }, 
                        {
                            "disposition": "Files Closed For Incompleteness", 
                            "count": 3, 
                            "value": 375
                        }
                    ]
                }, 
                {
                    "gender": "Female", 
                    "dispositions": [
                        {
                            "disposition": "Applications Received", 
                            "count": 106, 
                            "value": 106
                        }, 
                        {
                            "disposition": "Loans Originated", 
                            "count": 49, 
                            "value": 1840
                        }, 
                        {
                            "disposition": "Apps. Approved But Not Accepted", 
                            "count": 5, 
                            "value": 41
                        }, 
                        {
                            "disposition": "Aplications Denied", 
                            "count": 48, 
                            "value": 777
                        }, 
                        {
                            "disposition": "Applications Withdrawn", 
                            "count": 4, 
                            "value": 192
                        }, 
                        {
                            "disposition": "Files Closed For Incompleteness", 
                            "count": 0, 
                            "value": 0
                        }
                    ]
                }, 
                {
                    "gender": "Joint (Male/Female)", 
                    "dispositions": [
                        {
                            "disposition": "Applications Received", 
                            "count": 147, 
                            "value": 147
                        }, 
                        {
                            "disposition": "Loans Originated", 
                            "count": 102, 
                            "value": 6351
                        }, 
                        {
                            "disposition": "Apps. Approved But Not Accepted", 
                            "count": 3, 
                            "value": 102
                        }, 
                        {
                            "disposition": "Aplications Denied", 
                            "count": 37, 
                            "value": 1363
                        }, 
                        {
                            "disposition": "Applications Withdrawn", 
                            "count": 4, 
                            "value": 166
                        }, 
                        {
                            "disposition": "Files Closed For Incompleteness", 
                            "count": 1, 
                            "value": 24
                        }
                    ]
                }
            ]
        }, 
        {
            "ethnicity": "Joint (Hispanic or Latino/Not Hispanic or Latino", 
            "dispositions": [
                {
                    "disposition": "Applications Received", 
                    "count": 2, 
                    "value": 111
                }, 
                {
                    "disposition": "Loans Originated", 
                    "count": 1, 
                    "value": 61
                }, 
                {
                    "disposition": "Apps. Approved But Not Accepted", 
                    "count": 1, 
                    "value": 50
                }, 
                {
                    "disposition": "Aplications Denied", 
                    "count": 0, 
                    "value": 0
                }, 
                {
                    "disposition": "Applications Withdrawn", 
                    "count": 0, 
                    "value": 0
                }, 
                {
                    "disposition": "Files Closed For Incompleteness", 
                    "count": 0, 
                    "value": 0
                }
            ], 
            "genders": [
                {
                    "gender": "Male", 
                    "dispositions": [
                        {
                            "disposition": "Applications Received", 
                            "count": 0, 
                            "value": 0
                        }, 
                        {
                            "disposition": "Loans Originated", 
                            "count": 0, 
                            "value": 0
                        }, 
                        {
                            "disposition": "Apps. Approved But Not Accepted", 
                            "count": 0, 
                            "value": 0
                        }, 
                        {
                            "disposition": "Aplications Denied", 
                            "count": 0, 
                            "value": 0
                        }, 
                        {
                            "disposition": "Applications Withdrawn", 
                            "count": 0, 
                            "value": 0
                        }, 
                        {
                            "disposition": "Files Closed For Incompleteness", 
                            "count": 0, 
                            "value": 0
                        }
                    ]
                }, 
                {
                    "gender": "Female", 
                    "dispositions": [
                        {
                            "disposition": "Applications Received", 
                            "count": 0, 
                            "value": 0
                        }, 
                        {
                            "disposition": "Loans Originated", 
                            "count": 0, 
                            "value": 0
                        }, 
                        {
                            "disposition": "Apps. Approved But Not Accepted", 
                            "count": 0, 
                            "value": 0
                        }, 
                        {
                            "disposition": "Aplications Denied", 
                            "count": 0, 
                            "value": 0
                        }, 
                        {
                            "disposition": "Applications Withdrawn", 
                            "count": 0, 
                            "value": 0
                        }, 
                        {
                            "disposition": "Files Closed For Incompleteness", 
                            "count": 0, 
                            "value": 0
                        }
                    ]
                }, 
                {
                    "gender": "Joint (Male/Female)", 
                    "dispositions": [
                        {
                            "disposition": "Applications Received", 
                            "count": 2, 
                            "value": 2
                        }, 
                        {
                            "disposition": "Loans Originated", 
                            "count": 1, 
                            "value": 61
                        }, 
                        {
                            "disposition": "Apps. Approved But Not Accepted", 
                            "count": 1, 
                            "value": 50
                        }, 
                        {
                            "disposition": "Aplications Denied", 
                            "count": 0, 
                            "value": 0
                        }, 
                        {
                            "disposition": "Applications Withdrawn", 
                            "count": 0, 
                            "value": 0
                        }, 
                        {
                            "disposition": "Files Closed For Incompleteness", 
                            "count": 0, 
                            "value": 0
                        }
                    ]
                }
            ]
        }, 
        {
            "ethnicity": "Ethnicity Not Available", 
            "dispositions": [
                {
                    "disposition": "Applications Received", 
                    "count": 25, 
                    "value": 1020
                }, 
                {
                    "disposition": "Loans Originated", 
                    "count": 9, 
                    "value": 262
                }, 
                {
                    "disposition": "Apps. Approved But Not Accepted", 
                    "count": 1, 
                    "value": 5
                }, 
                {
                    "disposition": "Aplications Denied", 
                    "count": 11, 
                    "value": 443
                }, 
                {
                    "disposition": "Applications Withdrawn", 
                    "count": 3, 
                    "value": 195
                }, 
                {
                    "disposition": "Files Closed For Incompleteness", 
                    "count": 1, 
                    "value": 115
                }
            ], 
            "genders": [
                {
                    "gender": "Male", 
                    "dispositions": [
                        {
                            "disposition": "Applications Received", 
                            "count": 3, 
                            "value": 3
                        }, 
                        {
                            "disposition": "Loans Originated", 
                            "count": 1, 
                            "value": 3
                        }, 
                        {
                            "disposition": "Apps. Approved But Not Accepted", 
                            "count": 0, 
                            "value": 0
                        }, 
                        {
                            "disposition": "Aplications Denied", 
                            "count": 2, 
                            "value": 7
                        }, 
                        {
                            "disposition": "Applications Withdrawn", 
                            "count": 0, 
                            "value": 0
                        }, 
                        {
                            "disposition": "Files Closed For Incompleteness", 
                            "count": 0, 
                            "value": 0
                        }
                    ]
                }, 
                {
                    "gender": "Female", 
                    "dispositions": [
                        {
                            "disposition": "Applications Received", 
                            "count": 1, 
                            "value": 1
                        }, 
                        {
                            "disposition": "Loans Originated", 
                            "count": 1, 
                            "value": 15
                        }, 
                        {
                            "disposition": "Apps. Approved But Not Accepted", 
                            "count": 0, 
                            "value": 0
                        }, 
                        {
                            "disposition": "Aplications Denied", 
                            "count": 0, 
                            "value": 0
                        }, 
                        {
                            "disposition": "Applications Withdrawn", 
                            "count": 0, 
                            "value": 0
                        }, 
                        {
                            "disposition": "Files Closed For Incompleteness", 
                            "count": 0, 
                            "value": 0
                        }
                    ]
                }, 
                {
                    "gender": "Joint (Male/Female)", 
                    "dispositions": [
                        {
                            "disposition": "Applications Received", 
                            "count": 6, 
                            "value": 6
                        }, 
                        {
                            "disposition": "Loans Originated", 
                            "count": 3, 
                            "value": 54
                        }, 
                        {
                            "disposition": "Apps. Approved But Not Accepted", 
                            "count": 0, 
                            "value": 0
                        }, 
                        {
                            "disposition": "Aplications Denied", 
                            "count": 0, 
                            "value": 0
                        }, 
                        {
                            "disposition": "Applications Withdrawn", 
                            "count": 3, 
                            "value": 195
                        }, 
                        {
                            "disposition": "Files Closed For Incompleteness", 
                            "count": 0, 
                            "value": 0
                        }
                    ]
                }
            ]
        }
    ], 
    "minoritystatuses": [
        {
            "minoritystatus": "White Non-Hispanic", 
            "dispositions": [
                {
                    "disposition": "Applications Received", 
                    "count": 341, 
                    "value": 14734
                }, 
                {
                    "disposition": "Loans Originated", 
                    "count": 207, 
                    "value": 10306
                }, 
                {
                    "disposition": "Apps. Approved But Not Accepted", 
                    "count": 11, 
                    "value": 414
                }, 
                {
                    "disposition": "Aplications Denied", 
                    "count": 102, 
                    "value": 2840
                }, 
                {
                    "disposition": "Applications Withdrawn", 
                    "count": 16, 
                    "value": 660
                }, 
                {
                    "disposition": "Files Closed For Incompleteness", 
                    "count": 5, 
                    "value": 514
                }
            ], 
            "genders": [
                {
                    "gender": "Male", 
                    "dispositions": [
                        {
                            "disposition": "Applications Received", 
                            "count": 4078, 
                            "value": 0
                        }, 
                        {
                            "disposition": "Loans Originated", 
                            "count": 57, 
                            "value": 2267
                        }, 
                        {
                            "disposition": "Apps. Approved But Not Accepted", 
                            "count": 5, 
                            "value": 278
                        }, 
                        {
                            "disposition": "Aplications Denied", 
                            "count": 37, 
                            "value": 925
                        }, 
                        {
                            "disposition": "Applications Withdrawn", 
                            "count": 6, 
                            "value": 125
                        }, 
                        {
                            "disposition": "Files Closed For Incompleteness", 
                            "count": 3, 
                            "value": 375
                        }
                    ]
                }, 
                {
                    "gender": "Female", 
                    "dispositions": [
                        {
                            "disposition": "Applications Received", 
                            "count": 2552, 
                            "value": 0
                        }, 
                        {
                            "disposition": "Loans Originated", 
                            "count": 44, 
                            "value": 1789
                        }, 
                        {
                            "disposition": "Apps. Approved But Not Accepted", 
                            "count": 2, 
                            "value": 29
                        }, 
                        {
                            "disposition": "Aplications Denied", 
                            "count": 27, 
                            "value": 484
                        }, 
                        {
                            "disposition": "Applications Withdrawn", 
                            "count": 3, 
                            "value": 174
                        }, 
                        {
                            "disposition": "Files Closed For Incompleteness", 
                            "count": 0, 
                            "value": 0
                        }
                    ]
                }, 
                {
                    "gender": "Joint (Male/Female)", 
                    "dispositions": [
                        {
                            "disposition": "Applications Received", 
                            "count": 7684, 
                            "value": 0
                        }, 
                        {
                            "disposition": "Loans Originated", 
                            "count": 102, 
                            "value": 6060
                        }, 
                        {
                            "disposition": "Apps. Approved But Not Accepted", 
                            "count": 3, 
                            "value": 102
                        }, 
                        {
                            "disposition": "Aplications Denied", 
                            "count": 29, 
                            "value": 995
                        }, 
                        {
                            "disposition": "Applications Withdrawn", 
                            "count": 7, 
                            "value": 361
                        }, 
                        {
                            "disposition": "Files Closed For Incompleteness", 
                            "count": 1, 
                            "value": 24
                        }
                    ]
                }
            ]
        }, 
        {
            "minoritystatus": "Others, Including Hispanic", 
            "dispositions": [
                {
                    "disposition": "Applications Received", 
                    "count": 72, 
                    "value": 1769
                }, 
                {
                    "disposition": "Loans Originated", 
                    "count": 18, 
                    "value": 575
                }, 
                {
                    "disposition": "Apps. Approved But Not Accepted", 
                    "count": 4, 
                    "value": 62
                }, 
                {
                    "disposition": "Aplications Denied", 
                    "count": 47, 
                    "value": 881
                }, 
                {
                    "disposition": "Applications Withdrawn", 
                    "count": 3, 
                    "value": 251
                }, 
                {
                    "disposition": "Files Closed For Incompleteness", 
                    "count": 0, 
                    "value": 0
                }
            ], 
            "genders": [
                {
                    "gender": "Male", 
                    "dispositions": [
                        {
                            "disposition": "Applications Received", 
                            "count": 484, 
                            "value": 0
                        }, 
                        {
                            "disposition": "Loans Originated", 
                            "count": 7, 
                            "value": 99
                        }, 
                        {
                            "disposition": "Apps. Approved But Not Accepted", 
                            "count": 0, 
                            "value": 0
                        }, 
                        {
                            "disposition": "Aplications Denied", 
                            "count": 17, 
                            "value": 126
                        }, 
                        {
                            "disposition": "Applications Withdrawn", 
                            "count": 2, 
                            "value": 233
                        }, 
                        {
                            "disposition": "Files Closed For Incompleteness", 
                            "count": 0, 
                            "value": 0
                        }
                    ]
                }, 
                {
                    "gender": "Female", 
                    "dispositions": [
                        {
                            "disposition": "Applications Received", 
                            "count": 425, 
                            "value": 0
                        }, 
                        {
                            "disposition": "Loans Originated", 
                            "count": 7, 
                            "value": 70
                        }, 
                        {
                            "disposition": "Apps. Approved But Not Accepted", 
                            "count": 3, 
                            "value": 12
                        }, 
                        {
                            "disposition": "Aplications Denied", 
                            "count": 21, 
                            "value": 293
                        }, 
                        {
                            "disposition": "Applications Withdrawn", 
                            "count": 1, 
                            "value": 18
                        }, 
                        {
                            "disposition": "Files Closed For Incompleteness", 
                            "count": 0, 
                            "value": 0
                        }
                    ]
                }, 
                {
                    "gender": "Joint (Male/Female)", 
                    "dispositions": [
                        {
                            "disposition": "Applications Received", 
                            "count": 932, 
                            "value": 0
                        }, 
                        {
                            "disposition": "Loans Originated", 
                            "count": 4, 
                            "value": 406
                        }, 
                        {
                            "disposition": "Apps. Approved But Not Accepted", 
                            "count": 1, 
                            "value": 50
                        }, 
                        {
                            "disposition": "Aplications Denied", 
                            "count": 9, 
                            "value": 462
                        }, 
                        {
                            "disposition": "Applications Withdrawn", 
                            "count": 0, 
                            "value": 0
                        }, 
                        {
                            "disposition": "Files Closed For Incompleteness", 
                            "count": 0, 
                            "value": 0
                        }
                    ]
                }
            ]
        }
    ], 
    "incomes": [
        {
            "incomes": "Less than 50% of MSA/MD median", 
            "dispositions": [
                {
                    "disposition": "Applications Received", 
                    "count": 76, 
                    "value": 1117
                }, 
                {
                    "disposition": "Loans Originated", 
                    "count": 30, 
                    "value": 714
                }, 
                {
                    "disposition": "Apps. Approved But Not Accepted", 
                    "count": 2, 
                    "value": 4
                }, 
                {
                    "disposition": "Aplications Denied", 
                    "count": 43, 
                    "value": 357
                }, 
                {
                    "disposition": "Applications Withdrawn", 
                    "count": 1, 
                    "value": 42
                }, 
                {
                    "disposition": "Files Closed For Incompleteness", 
                    "count": 0, 
                    "value": 0
                }
            ]
        }, 
        {
            "incomes": "50-79% of MSA/MD median", 
            "dispositions": [
                {
                    "disposition": "Applications Received", 
                    "count": 88, 
                    "value": 2109
                }, 
                {
                    "disposition": "Loans Originated", 
                    "count": 43, 
                    "value": 1112
                }, 
                {
                    "disposition": "Apps. Approved But Not Accepted", 
                    "count": 2, 
                    "value": 15
                }, 
                {
                    "disposition": "Aplications Denied", 
                    "count": 37, 
                    "value": 673
                }, 
                {
                    "disposition": "Applications Withdrawn", 
                    "count": 6, 
                    "value": 309
                }, 
                {
                    "disposition": "Files Closed For Incompleteness", 
                    "count": 0, 
                    "value": 0
                }
            ]
        }, 
        {
            "incomes": "80-99% of MSA/MD median", 
            "dispositions": [
                {
                    "disposition": "Applications Received", 
                    "count": 39, 
                    "value": 1054
                }, 
                {
                    "disposition": "Loans Originated", 
                    "count": 21, 
                    "value": 674
                }, 
                {
                    "disposition": "Apps. Approved But Not Accepted", 
                    "count": 1, 
                    "value": 55
                }, 
                {
                    "disposition": "Aplications Denied", 
                    "count": 14, 
                    "value": 238
                }, 
                {
                    "disposition": "Applications Withdrawn", 
                    "count": 3, 
                    "value": 87
                }, 
                {
                    "disposition": "Files Closed For Incompleteness", 
                    "count": 0, 
                    "value": 0
                }
            ]
        }, 
        {
            "incomes": "100-119% of MSA/MD median", 
            "dispositions": [
                {
                    "disposition": "Applications Received", 
                    "count": 36, 
                    "value": 1225
                }, 
                {
                    "disposition": "Loans Originated", 
                    "count": 24, 
                    "value": 863
                }, 
                {
                    "disposition": "Apps. Approved But Not Accepted", 
                    "count": 2, 
                    "value": 75
                }, 
                {
                    "disposition": "Aplications Denied", 
                    "count": 10, 
                    "value": 287
                }, 
                {
                    "disposition": "Applications Withdrawn", 
                    "count": 0, 
                    "value": 0
                }, 
                {
                    "disposition": "Files Closed For Incompleteness", 
                    "count": 0, 
                    "value": 0
                }
            ]
        }, 
        {
            "incomes": "120% or more of MSA/MD median", 
            "dispositions": [
                {
                    "disposition": "Applications Received", 
                    "count": 166, 
                    "value": 10192
                }, 
                {
                    "disposition": "Loans Originated", 
                    "count": 102, 
                    "value": 7036
                }, 
                {
                    "disposition": "Apps. Approved But Not Accepted", 
                    "count": 8, 
                    "value": 327
                }, 
                {
                    "disposition": "Aplications Denied", 
                    "count": 42, 
                    "value": 1842
                }, 
                {
                    "disposition": "Applications Withdrawn", 
                    "count": 9, 
                    "value": 473
                }, 
                {
                    "disposition": "Files Closed For Incompleteness", 
                    "count": 5, 
                    "value": 514
                }
            ]
        }, 
        {
            "incomes": "income not available", 
            "dispositions": [
                {
                    "disposition": "Applications Received", 
                    "count": 8, 
                    "value": 806
                }, 
                {
                    "disposition": "Loans Originated", 
                    "count": 5, 
                    "value": 482
                }, 
                {
                    "disposition": "Apps. Approved But Not Accepted", 
                    "count": 0, 
                    "value": 0
                }, 
                {
                    "disposition": "Aplications Denied", 
                    "count": 3, 
                    "value": 324
                }, 
                {
                    "disposition": "Applications Withdrawn", 
                    "count": 0, 
                    "value": 0
                }, 
                {
                    "disposition": "Files Closed For Incompleteness", 
                    "count": 0, 
                    "value": 0
                }
            ]
        }
    ], 
    "total": [
        {
            "disposition": "Applications Received", 
            "count": 0, 
            "value": 0
        }, 
        {
            "disposition": "Loans Originated", 
            "count": 225, 
            "value": 10881
        }, 
        {
            "disposition": "Apps. Approved But Not Accepted", 
            "count": 15, 
            "value": 476
        }, 
        {
            "disposition": "Aplications Denied", 
            "count": 149, 
            "value": 3721
        }, 
        {
            "disposition": "Applications Withdrawn", 
            "count": 19, 
            "value": 911
        }, 
        {
            "disposition": "Files Closed For Incompleteness", 
            "count": 5, 
            "value": 514
        }
    ]
}