{
    "table": "3-1", 
    "type": "Aggregate", 
    "desc": "Loans sold, by characteristics of borrower and census tract in which property is located and by type of purchaser (includes originations and purchased loans)", 
    "year": "2013", 
    "msa": {
        "id": "29420", 
        "name": "Lake-Havasu-City-Kingman", 
        "state": "AZ", 
        "state_name": "Arizona"
    }, 
    "borrowercharacteristics": [
        {
            "characteristic": "Race", 
            "races": [
                {
                    "race": "American Indian/Alaska Native", 
                    "purchasers": [
                        {
                            "name": "Fannie Mae", 
                            "count": 10, 
                            "value": 1151.0
                        }, 
                        {
                            "name": "Ginnie Mae", 
                            "count": 2, 
                            "value": 148.0
                        }, 
                        {
                            "name": "Freddie Mac", 
                            "count": 3, 
                            "value": 575.0
                        }, 
                        {
                            "name": "Farmer Mac", 
                            "count": 0, 
                            "value": 0
                        }, 
                        {
                            "name": "Private Securitization", 
                            "count": 0, 
                            "value": 0
                        }, 
                        {
                            "name": "Commercial bank, savings bank or association", 
                            "count": 1, 
                            "value": 197.0
                        }, 
                        {
                            "name": "Life insurance co., credit union, finance co.", 
                            "count": 0, 
                            "value": 0
                        }, 
                        {
                            "name": "Affiliate institution", 
                            "count": 0, 
                            "value": 0
                        }, 
                        {
                            "name": "Other", 
                            "count": 19, 
                            "value": 2213.0
                        }
                    ]
                }, 
                {
                    "race": "Asian", 
                    "purchasers": [
                        {
                            "name": "Fannie Mae", 
                            "count": 15, 
                            "value": 2026.0
                        }, 
                        {
                            "name": "Ginnie Mae", 
                            "count": 10, 
                            "value": 1316.0
                        }, 
                        {
                            "name": "Freddie Mac", 
                            "count": 5, 
                            "value": 878.0
                        }, 
                        {
                            "name": "Farmer Mac", 
                            "count": 0, 
                            "value": 0
                        }, 
                        {
                            "name": "Private Securitization", 
                            "count": 0, 
                            "value": 0
                        }, 
                        {
                            "name": "Commercial bank, savings bank or association", 
                            "count": 2, 
                            "value": 262.0
                        }, 
                        {
                            "name": "Life insurance co., credit union, finance co.", 
                            "count": 0, 
                            "value": 0
                        }, 
                        {
                            "name": "Affiliate institution", 
                            "count": 1, 
                            "value": 133.0
                        }, 
                        {
                            "name": "Other", 
                            "count": 37, 
                            "value": 3016.0
                        }
                    ]
                }, 
                {
                    "race": "Black or African American", 
                    "purchasers": [
                        {
                            "name": "Fannie Mae", 
                            "count": 31, 
                            "value": 5728.0
                        }, 
                        {
                            "name": "Ginnie Mae", 
                            "count": 5, 
                            "value": 716.0
                        }, 
                        {
                            "name": "Freddie Mac", 
                            "count": 7, 
                            "value": 1298.0
                        }, 
                        {
                            "name": "Farmer Mac", 
                            "count": 0, 
                            "value": 0
                        }, 
                        {
                            "name": "Private Securitization", 
                            "count": 0, 
                            "value": 0
                        }, 
                        {
                            "name": "Commercial bank, savings bank or association", 
                            "count": 7, 
                            "value": 1003.0
                        }, 
                        {
                            "name": "Life insurance co., credit union, finance co.", 
                            "count": 2, 
                            "value": 378.0
                        }, 
                        {
                            "name": "Affiliate institution", 
                            "count": 1, 
                            "value": 88.0
                        }, 
                        {
                            "name": "Other", 
                            "count": 59, 
                            "value": 8500.0
                        }
                    ]
                }, 
                {
                    "race": "Native Hawaiian or Other Pacific Islander", 
                    "purchasers": [
                        {
                            "name": "Fannie Mae", 
                            "count": 11, 
                            "value": 1543.0
                        }, 
                        {
                            "name": "Ginnie Mae", 
                            "count": 13, 
                            "value": 1820.0
                        }, 
                        {
                            "name": "Freddie Mac", 
                            "count": 8, 
                            "value": 1048.0
                        }, 
                        {
                            "name": "Farmer Mac", 
                            "count": 0, 
                            "value": 0
                        }, 
                        {
                            "name": "Private Securitization", 
                            "count": 0, 
                            "value": 0
                        }, 
                        {
                            "name": "Commercial bank, savings bank or association", 
                            "count": 1, 
                            "value": 109.0
                        }, 
                        {
                            "name": "Life insurance co., credit union, finance co.", 
                            "count": 2, 
                            "value": 262.0
                        }, 
                        {
                            "name": "Affiliate institution", 
                            "count": 1, 
                            "value": 147.0
                        }, 
                        {
                            "name": "Other", 
                            "count": 30, 
                            "value": 4277.0
                        }
                    ]
                }, 
                {
                    "race": "White", 
                    "purchasers": [
                        {
                            "name": "Fannie Mae", 
                            "count": 4, 
                            "value": 689.0
                        }, 
                        {
                            "name": "Ginnie Mae", 
                            "count": 1, 
                            "value": 81.0
                        }, 
                        {
                            "name": "Freddie Mac", 
                            "count": 0, 
                            "value": 0
                        }, 
                        {
                            "name": "Farmer Mac", 
                            "count": 0, 
                            "value": 0
                        }, 
                        {
                            "name": "Private Securitization", 
                            "count": 0, 
                            "value": 0
                        }, 
                        {
                            "name": "Commercial bank, savings bank or association", 
                            "count": 0, 
                            "value": 0
                        }, 
                        {
                            "name": "Life insurance co., credit union, finance co.", 
                            "count": 0, 
                            "value": 0
                        }, 
                        {
                            "name": "Affiliate institution", 
                            "count": 0, 
                            "value": 0
                        }, 
                        {
                            "name": "Other", 
                            "count": 13, 
                            "value": 2060.0
                        }
                    ]
                }, 
                {
                    "race": "2 or more minority races", 
                    "purchasers": [
                        {
                            "name": "Fannie Mae", 
                            "count": 2162, 
                            "value": 308860.0
                        }, 
                        {
                            "name": "Ginnie Mae", 
                            "count": 1014, 
                            "value": 137148.0
                        }, 
                        {
                            "name": "Freddie Mac", 
                            "count": 1176, 
                            "value": 168025.0
                        }, 
                        {
                            "name": "Farmer Mac", 
                            "count": 0, 
                            "value": 0
                        }, 
                        {
                            "name": "Private Securitization", 
                            "count": 11, 
                            "value": 2401.0
                        }, 
                        {
                            "name": "Commercial bank, savings bank or association", 
                            "count": 386, 
                            "value": 59054.0
                        }, 
                        {
                            "name": "Life insurance co., credit union, finance co.", 
                            "count": 397, 
                            "value": 56706.0
                        }, 
                        {
                            "name": "Affiliate institution", 
                            "count": 138, 
                            "value": 19830.0
                        }, 
                        {
                            "name": "Other", 
                            "count": 4150, 
                            "value": 546625.0
                        }
                    ]
                }, 
                {
                    "race": "Joint (White/Minority Race", 
                    "purchasers": [
                        {
                            "name": "Fannie Mae", 
                            "count": 44, 
                            "value": 6489.0
                        }, 
                        {
                            "name": "Ginnie Mae", 
                            "count": 23, 
                            "value": 3607.0
                        }, 
                        {
                            "name": "Freddie Mac", 
                            "count": 28, 
                            "value": 4355.0
                        }, 
                        {
                            "name": "Farmer Mac", 
                            "count": 0, 
                            "value": 0
                        }, 
                        {
                            "name": "Private Securitization", 
                            "count": 0, 
                            "value": 0
                        }, 
                        {
                            "name": "Commercial bank, savings bank or association", 
                            "count": 7, 
                            "value": 1015.0
                        }, 
                        {
                            "name": "Life insurance co., credit union, finance co.", 
                            "count": 7, 
                            "value": 780.0
                        }, 
                        {
                            "name": "Affiliate institution", 
                            "count": 4, 
                            "value": 691.0
                        }, 
                        {
                            "name": "Other", 
                            "count": 136, 
                            "value": 18925.0
                        }
                    ]
                }, 
                {
                    "race": "Not Available", 
                    "purchasers": [
                        {
                            "name": "Fannie Mae", 
                            "count": 483, 
                            "value": 67590.0
                        }, 
                        {
                            "name": "Ginnie Mae", 
                            "count": 249, 
                            "value": 374914.0
                        }, 
                        {
                            "name": "Freddie Mac", 
                            "count": 298, 
                            "value": 44182.0
                        }, 
                        {
                            "name": "Farmer Mac", 
                            "count": 0, 
                            "value": 0
                        }, 
                        {
                            "name": "Private Securitization", 
                            "count": 3, 
                            "value": 378.0
                        }, 
                        {
                            "name": "Commercial bank, savings bank or association", 
                            "count": 25, 
                            "value": 3842.0
                        }, 
                        {
                            "name": "Life insurance co., credit union, finance co.", 
                            "count": 28, 
                            "value": 4625.0
                        }, 
                        {
                            "name": "Affiliate institution", 
                            "count": 30, 
                            "value": 4497.0
                        }, 
                        {
                            "name": "Other", 
                            "count": 811, 
                            "value": 124951.0
                        }
                    ]
                }
            ]
        }, 
        {
            "characteristic": "Ethnicity", 
            "ethnicities": [
                {
                    "ethnicity": "Hispanic or Latino", 
                    "purchasers": [
                        {
                            "name": "Fannie Mae", 
                            "count": 127, 
                            "value": 17373
                        }, 
                        {
                            "name": "Ginnie Mae", 
                            "count": 80, 
                            "value": 9529
                        }, 
                        {
                            "name": "Freddie Mac", 
                            "count": 95, 
                            "value": 13119
                        }, 
                        {
                            "name": "Farmer Mac", 
                            "count": 0, 
                            "value": 0
                        }, 
                        {
                            "name": "Private Securitization", 
                            "count": 0, 
                            "value": 0
                        }, 
                        {
                            "name": "Commercial bank, savings bank or association", 
                            "count": 15, 
                            "value": 1926
                        }, 
                        {
                            "name": "Life insurance co., credit union, finance co.", 
                            "count": 23, 
                            "value": 3265
                        }, 
                        {
                            "name": "Affiliate institution", 
                            "count": 8, 
                            "value": 1194
                        }, 
                        {
                            "name": "Other", 
                            "count": 329, 
                            "value": 39178
                        }
                    ]
                }, 
                {
                    "ethnicity": "Not Hispanic or Latino", 
                    "purchasers": [
                        {
                            "name": "Fannie Mae", 
                            "count": 2094, 
                            "value": 302318
                        }, 
                        {
                            "name": "Ginnie Mae", 
                            "count": 961, 
                            "value": 131230
                        }, 
                        {
                            "name": "Freddie Mac", 
                            "count": 1111, 
                            "value": 159889
                        }, 
                        {
                            "name": "Farmer Mac", 
                            "count": 0, 
                            "value": 0
                        }, 
                        {
                            "name": "Private Securitization", 
                            "count": 10, 
                            "value": 2195
                        }, 
                        {
                            "name": "Commercial bank, savings bank or association", 
                            "count": 379, 
                            "value": 57816
                        }, 
                        {
                            "name": "Life insurance co., credit union, finance co.", 
                            "count": 386, 
                            "value": 54927
                        }, 
                        {
                            "name": "Affiliate institution", 
                            "count": 132, 
                            "value": 18867
                        }, 
                        {
                            "name": "Other", 
                            "count": 3962, 
                            "value": 523903
                        }
                    ]
                }, 
                {
                    "ethnicity": "Joint (Hispanic or Latino/Not Hispanic or Latino", 
                    "purchasers": [
                        {
                            "name": "Fannie Mae", 
                            "count": 93, 
                            "value": 12649
                        }, 
                        {
                            "name": "Ginnie Mae", 
                            "count": 23, 
                            "value": 3360
                        }, 
                        {
                            "name": "Freddie Mac", 
                            "count": 43, 
                            "value": 6474
                        }, 
                        {
                            "name": "Farmer Mac", 
                            "count": 0, 
                            "value": 0
                        }, 
                        {
                            "name": "Private Securitization", 
                            "count": 1, 
                            "value": 206
                        }, 
                        {
                            "name": "Commercial bank, savings bank or association", 
                            "count": 11, 
                            "value": 1990
                        }, 
                        {
                            "name": "Life insurance co., credit union, finance co.", 
                            "count": 5, 
                            "value": 812
                        }, 
                        {
                            "name": "Affiliate institution", 
                            "count": 6, 
                            "value": 1036
                        }, 
                        {
                            "name": "Other", 
                            "count": 156, 
                            "value": 23698
                        }
                    ]
                }, 
                {
                    "ethnicity": "Ethnicity Not Available", 
                    "purchasers": [
                        {
                            "name": "Fannie Mae", 
                            "count": 446, 
                            "value": 61736
                        }, 
                        {
                            "name": "Ginnie Mae", 
                            "count": 253, 
                            "value": 375631
                        }, 
                        {
                            "name": "Freddie Mac", 
                            "count": 276, 
                            "value": 40879
                        }, 
                        {
                            "name": "Farmer Mac", 
                            "count": 0, 
                            "value": 0
                        }, 
                        {
                            "name": "Private Securitization", 
                            "count": 3, 
                            "value": 378
                        }, 
                        {
                            "name": "Commercial bank, savings bank or association", 
                            "count": 24, 
                            "value": 3750
                        }, 
                        {
                            "name": "Life insurance co., credit union, finance co.", 
                            "count": 22, 
                            "value": 3747
                        }, 
                        {
                            "name": "Affiliate institution", 
                            "count": 29, 
                            "value": 4289
                        }, 
                        {
                            "name": "Other", 
                            "count": 808, 
                            "value": 123788
                        }
                    ]
                }
            ]
        }, 
        {
            "characteristic": "Minority Status", 
            "minoritystatuses": [
                {
                    "minoritystatus": "White Non-Hispanic", 
                    "purchasers": [
                        {
                            "name": "Fannie Mae", 
                            "count": 2440, 
                            "value": 348643
                        }, 
                        {
                            "name": "Ginnie Mae", 
                            "count": 1173, 
                            "value": 501037
                        }, 
                        {
                            "name": "Freddie Mac", 
                            "count": 1347, 
                            "value": 194266
                        }, 
                        {
                            "name": "Farmer Mac", 
                            "count": 0, 
                            "value": 0
                        }, 
                        {
                            "name": "Private Securitization", 
                            "count": 13, 
                            "value": 2573
                        }, 
                        {
                            "name": "Commercial bank, savings bank or association", 
                            "count": 388, 
                            "value": 59400
                        }, 
                        {
                            "name": "Life insurance co., credit union, finance co.", 
                            "count": 397, 
                            "value": 57254
                        }, 
                        {
                            "name": "Affiliate institution", 
                            "count": 156, 
                            "value": 22595
                        }, 
                        {
                            "name": "Other", 
                            "count": 4521, 
                            "value": 613847
                        }
                    ]
                }, 
                {
                    "minoritystatus": "Others, Including Hispanic", 
                    "purchasers": [
                        {
                            "name": "Fannie Mae", 
                            "count": 320, 
                            "value": 45433
                        }, 
                        {
                            "name": "Ginnie Mae", 
                            "count": 144, 
                            "value": 18713
                        }, 
                        {
                            "name": "Freddie Mac", 
                            "count": 178, 
                            "value": 26095
                        }, 
                        {
                            "name": "Farmer Mac", 
                            "count": 0, 
                            "value": 0
                        }, 
                        {
                            "name": "Private Securitization", 
                            "count": 1, 
                            "value": 206
                        }, 
                        {
                            "name": "Commercial bank, savings bank or association", 
                            "count": 41, 
                            "value": 6082
                        }, 
                        {
                            "name": "Life insurance co., credit union, finance co.", 
                            "count": 39, 
                            "value": 5497
                        }, 
                        {
                            "name": "Affiliate institution", 
                            "count": 19, 
                            "value": 2791
                        }, 
                        {
                            "name": "Other", 
                            "count": 734, 
                            "value": 96720
                        }
                    ]
                }
            ]
        }, 
        {
            "characteristic": "Applicant Income", 
            "applicantincomes": [
                {
                    "applicantincome": "Less than 50% of MSA/MD median", 
                    "purchasers": [
                        {
                            "name": "Fannie Mae", 
                            "count": 164, 
                            "value": 16565
                        }, 
                        {
                            "name": "Ginnie Mae", 
                            "count": 63, 
                            "value": 4771
                        }, 
                        {
                            "name": "Freddie Mac", 
                            "count": 73, 
                            "value": 7647
                        }, 
                        {
                            "name": "Farmer Mac", 
                            "count": 0, 
                            "value": 0
                        }, 
                        {
                            "name": "Private Securitization", 
                            "count": 0, 
                            "value": 0
                        }, 
                        {
                            "name": "Commercial bank, savings bank or association", 
                            "count": 15, 
                            "value": 1216
                        }, 
                        {
                            "name": "Life insurance co., credit union, finance co.", 
                            "count": 26, 
                            "value": 2361
                        }, 
                        {
                            "name": "Affiliate institution", 
                            "count": 5, 
                            "value": 416
                        }, 
                        {
                            "name": "Other", 
                            "count": 357, 
                            "value": 26090
                        }
                    ]
                }, 
                {
                    "applicantincome": "50-79% of MSA/MD median", 
                    "purchasers": [
                        {
                            "name": "Fannie Mae", 
                            "count": 331, 
                            "value": 34628
                        }, 
                        {
                            "name": "Ginnie Mae", 
                            "count": 214, 
                            "value": 21920
                        }, 
                        {
                            "name": "Freddie Mac", 
                            "count": 178, 
                            "value": 20145
                        }, 
                        {
                            "name": "Farmer Mac", 
                            "count": 0, 
                            "value": 0
                        }, 
                        {
                            "name": "Private Securitization", 
                            "count": 2, 
                            "value": 172
                        }, 
                        {
                            "name": "Commercial bank, savings bank or association", 
                            "count": 65, 
                            "value": 7271
                        }, 
                        {
                            "name": "Life insurance co., credit union, finance co.", 
                            "count": 71, 
                            "value": 7182
                        }, 
                        {
                            "name": "Affiliate institution", 
                            "count": 15, 
                            "value": 1597
                        }, 
                        {
                            "name": "Other", 
                            "count": 786, 
                            "value": 72489
                        }
                    ]
                }, 
                {
                    "applicantincome": "80-99% of MSA/MD median", 
                    "purchasers": [
                        {
                            "name": "Fannie Mae", 
                            "count": 195, 
                            "value": 22280
                        }, 
                        {
                            "name": "Ginnie Mae", 
                            "count": 121, 
                            "value": 14584
                        }, 
                        {
                            "name": "Freddie Mac", 
                            "count": 126, 
                            "value": 14157
                        }, 
                        {
                            "name": "Farmer Mac", 
                            "count": 0, 
                            "value": 0
                        }, 
                        {
                            "name": "Private Securitization", 
                            "count": 2, 
                            "value": 271
                        }, 
                        {
                            "name": "Commercial bank, savings bank or association", 
                            "count": 39, 
                            "value": 4868
                        }, 
                        {
                            "name": "Life insurance co., credit union, finance co.", 
                            "count": 44, 
                            "value": 4978
                        }, 
                        {
                            "name": "Affiliate institution", 
                            "count": 13, 
                            "value": 1425
                        }, 
                        {
                            "name": "Other", 
                            "count": 517, 
                            "value": 54824
                        }
                    ]
                }, 
                {
                    "applicantincome": "100-119% of MSA/MD median", 
                    "purchasers": [
                        {
                            "name": "Fannie Mae", 
                            "count": 229, 
                            "value": 28543
                        }, 
                        {
                            "name": "Ginnie Mae", 
                            "count": 109, 
                            "value": 14009
                        }, 
                        {
                            "name": "Freddie Mac", 
                            "count": 145, 
                            "value": 18829
                        }, 
                        {
                            "name": "Farmer Mac", 
                            "count": 0, 
                            "value": 0
                        }, 
                        {
                            "name": "Private Securitization", 
                            "count": 0, 
                            "value": 0
                        }, 
                        {
                            "name": "Commercial bank, savings bank or association", 
                            "count": 35, 
                            "value": 4265
                        }, 
                        {
                            "name": "Life insurance co., credit union, finance co.", 
                            "count": 51, 
                            "value": 6775
                        }, 
                        {
                            "name": "Affiliate institution", 
                            "count": 18, 
                            "value": 2279
                        }, 
                        {
                            "name": "Other", 
                            "count": 471, 
                            "value": 54450
                        }
                    ]
                }, 
                {
                    "applicantincome": "120% or more of MSA/MD median", 
                    "purchasers": [
                        {
                            "name": "Fannie Mae", 
                            "count": 1643, 
                            "value": 263148
                        }, 
                        {
                            "name": "Ginnie Mae", 
                            "count": 342, 
                            "value": 60112
                        }, 
                        {
                            "name": "Freddie Mac", 
                            "count": 861, 
                            "value": 138162
                        }, 
                        {
                            "name": "Farmer Mac", 
                            "count": 0, 
                            "value": 0
                        }, 
                        {
                            "name": "Private Securitization", 
                            "count": 9, 
                            "value": 2176
                        }, 
                        {
                            "name": "Commercial bank, savings bank or association", 
                            "count": 255, 
                            "value": 44396
                        }, 
                        {
                            "name": "Life insurance co., credit union, finance co.", 
                            "count": 222, 
                            "value": 37426
                        }, 
                        {
                            "name": "Affiliate institution", 
                            "count": 124, 
                            "value": 19669
                        }, 
                        {
                            "name": "Other", 
                            "count": 2601, 
                            "value": 424019
                        }
                    ]
                }, 
                {
                    "applicantincome": "income not available", 
                    "purchasers": [
                        {
                            "name": "Fannie Mae", 
                            "count": 198, 
                            "value": 28912
                        }, 
                        {
                            "name": "Ginnie Mae", 
                            "count": 468, 
                            "value": 404354
                        }, 
                        {
                            "name": "Freddie Mac", 
                            "count": 142, 
                            "value": 21421
                        }, 
                        {
                            "name": "Farmer Mac", 
                            "count": 0, 
                            "value": 0
                        }, 
                        {
                            "name": "Private Securitization", 
                            "count": 1, 
                            "value": 160
                        }, 
                        {
                            "name": "Commercial bank, savings bank or association", 
                            "count": 20, 
                            "value": 3466
                        }, 
                        {
                            "name": "Life insurance co., credit union, finance co.", 
                            "count": 22, 
                            "value": 4029
                        }, 
                        {
                            "name": "Affiliate institution", 
                            "count": 0, 
                            "value": 0
                        }, 
                        {
                            "name": "Other", 
                            "count": 523, 
                            "value": 78695
                        }
                    ]
                }
            ]
        }
    ], 
    "censuscharacteristics": [
        {
            "characteristic": "Racial/Ethnic Composition", 
            "tractpctminorities": [
                {
                    "tractpctminority": "Less than 10% minority", 
                    "purchasers": [
                        {
                            "name": "Fannie Mae", 
                            "count": 74, 
                            "value": 15964
                        }, 
                        {
                            "name": "Ginnie Mae", 
                            "count": 7, 
                            "value": 27023
                        }, 
                        {
                            "name": "Freddie Mac", 
                            "count": 34, 
                            "value": 7122
                        }, 
                        {
                            "name": "Farmer Mac", 
                            "count": 0, 
                            "value": 0
                        }, 
                        {
                            "name": "Private Securitization", 
                            "count": 1, 
                            "value": 297
                        }, 
                        {
                            "name": "Commercial bank, savings bank or association", 
                            "count": 9, 
                            "value": 1886
                        }, 
                        {
                            "name": "Life insurance co., credit union, finance co.", 
                            "count": 7, 
                            "value": 1741
                        }, 
                        {
                            "name": "Affiliate institution", 
                            "count": 6, 
                            "value": 923
                        }, 
                        {
                            "name": "Other", 
                            "count": 114, 
                            "value": 26266
                        }
                    ]
                }, 
                {
                    "tractpctminority": "10-19% minority", 
                    "purchasers": [
                        {
                            "name": "Fannie Mae", 
                            "count": 2686, 
                            "value": 378112
                        }, 
                        {
                            "name": "Ginnie Mae", 
                            "count": 1310, 
                            "value": 492727
                        }, 
                        {
                            "name": "Freddie Mac", 
                            "count": 1489, 
                            "value": 212876
                        }, 
                        {
                            "name": "Farmer Mac", 
                            "count": 0, 
                            "value": 0
                        }, 
                        {
                            "name": "Private Securitization", 
                            "count": 13, 
                            "value": 2482
                        }, 
                        {
                            "name": "Commercial bank, savings bank or association", 
                            "count": 420, 
                            "value": 63596
                        }, 
                        {
                            "name": "Life insurance co., credit union, finance co.", 
                            "count": 429, 
                            "value": 61010
                        }, 
                        {
                            "name": "Affiliate institution", 
                            "count": 168, 
                            "value": 24259
                        }, 
                        {
                            "name": "Other", 
                            "count": 5135, 
                            "value": 684061
                        }
                    ]
                }, 
                {
                    "tractpctminority": "20-49% minority", 
                    "purchasers": [
                        {
                            "name": "Fannie Mae", 
                            "count": 0, 
                            "value": 0
                        }, 
                        {
                            "name": "Ginnie Mae", 
                            "count": 0, 
                            "value": 0
                        }, 
                        {
                            "name": "Freddie Mac", 
                            "count": 0, 
                            "value": 0
                        }, 
                        {
                            "name": "Farmer Mac", 
                            "count": 0, 
                            "value": 0
                        }, 
                        {
                            "name": "Private Securitization", 
                            "count": 0, 
                            "value": 0
                        }, 
                        {
                            "name": "Commercial bank, savings bank or association", 
                            "count": 0, 
                            "value": 0
                        }, 
                        {
                            "name": "Life insurance co., credit union, finance co.", 
                            "count": 0, 
                            "value": 0
                        }, 
                        {
                            "name": "Affiliate institution", 
                            "count": 0, 
                            "value": 0
                        }, 
                        {
                            "name": "Other", 
                            "count": 0, 
                            "value": 0
                        }
                    ]
                }, 
                {
                    "tractpctminority": "50-79% minority", 
                    "purchasers": [
                        {
                            "name": "Fannie Mae", 
                            "count": 0, 
                            "value": 0
                        }, 
                        {
                            "name": "Ginnie Mae", 
                            "count": 0, 
                            "value": 0
                        }, 
                        {
                            "name": "Freddie Mac", 
                            "count": 2, 
                            "value": 363
                        }, 
                        {
                            "name": "Farmer Mac", 
                            "count": 0, 
                            "value": 0
                        }, 
                        {
                            "name": "Private Securitization", 
                            "count": 0, 
                            "value": 0
                        }, 
                        {
                            "name": "Commercial bank, savings bank or association", 
                            "count": 0, 
                            "value": 0
                        }, 
                        {
                            "name": "Life insurance co., credit union, finance co.", 
                            "count": 0, 
                            "value": 0
                        }, 
                        {
                            "name": "Affiliate institution", 
                            "count": 1, 
                            "value": 204
                        }, 
                        {
                            "name": "Other", 
                            "count": 6, 
                            "value": 240
                        }
                    ]
                }, 
                {
                    "tractpctminority": "80-100% minority", 
                    "purchasers": [
                        {
                            "name": "Fannie Mae", 
                            "count": 0, 
                            "value": 0
                        }, 
                        {
                            "name": "Ginnie Mae", 
                            "count": 0, 
                            "value": 0
                        }, 
                        {
                            "name": "Freddie Mac", 
                            "count": 0, 
                            "value": 0
                        }, 
                        {
                            "name": "Farmer Mac", 
                            "count": 0, 
                            "value": 0
                        }, 
                        {
                            "name": "Private Securitization", 
                            "count": 0, 
                            "value": 0
                        }, 
                        {
                            "name": "Commercial bank, savings bank or association", 
                            "count": 0, 
                            "value": 0
                        }, 
                        {
                            "name": "Life insurance co., credit union, finance co.", 
                            "count": 0, 
                            "value": 0
                        }, 
                        {
                            "name": "Affiliate institution", 
                            "count": 0, 
                            "value": 0
                        }, 
                        {
                            "name": "Other", 
                            "count": 0, 
                            "value": 0
                        }
                    ]
                }
            ]
        }, 
        {
            "characteristic": "Income", 
            "incomelevels": [
                {
                    "incomelevel": "Low income", 
                    "purchasers": [
                        {
                            "name": "Fannie Mae", 
                            "count": 0, 
                            "value": 0
                        }, 
                        {
                            "name": "Ginnie Mae", 
                            "count": 0, 
                            "value": 0
                        }, 
                        {
                            "name": "Freddie Mac", 
                            "count": 0, 
                            "value": 0
                        }, 
                        {
                            "name": "Farmer Mac", 
                            "count": 0, 
                            "value": 0
                        }, 
                        {
                            "name": "Private Securitization", 
                            "count": 0, 
                            "value": 0
                        }, 
                        {
                            "name": "Commercial bank, savings bank or association", 
                            "count": 0, 
                            "value": 0
                        }, 
                        {
                            "name": "Life insurance co., credit union, finance co.", 
                            "count": 0, 
                            "value": 0
                        }, 
                        {
                            "name": "Affiliate institution", 
                            "count": 0, 
                            "value": 0
                        }, 
                        {
                            "name": "Other", 
                            "count": 0, 
                            "value": 0
                        }
                    ]
                }, 
                {
                    "incomelevel": "Moderate income", 
                    "purchasers": [
                        {
                            "name": "Fannie Mae", 
                            "count": 65, 
                            "value": 5871
                        }, 
                        {
                            "name": "Ginnie Mae", 
                            "count": 53, 
                            "value": 4801
                        }, 
                        {
                            "name": "Freddie Mac", 
                            "count": 31, 
                            "value": 3678
                        }, 
                        {
                            "name": "Farmer Mac", 
                            "count": 0, 
                            "value": 0
                        }, 
                        {
                            "name": "Private Securitization", 
                            "count": 0, 
                            "value": 0
                        }, 
                        {
                            "name": "Commercial bank, savings bank or association", 
                            "count": 8, 
                            "value": 733
                        }, 
                        {
                            "name": "Life insurance co., credit union, finance co.", 
                            "count": 13, 
                            "value": 1333
                        }, 
                        {
                            "name": "Affiliate institution", 
                            "count": 1, 
                            "value": 204
                        }, 
                        {
                            "name": "Other", 
                            "count": 190, 
                            "value": 13258
                        }
                    ]
                }, 
                {
                    "incomelevel": "Middle income", 
                    "purchasers": [
                        {
                            "name": "Fannie Mae", 
                            "count": 2504, 
                            "value": 356091
                        }, 
                        {
                            "name": "Ginnie Mae", 
                            "count": 1196, 
                            "value": 462036
                        }, 
                        {
                            "name": "Freddie Mac", 
                            "count": 1396, 
                            "value": 200527
                        }, 
                        {
                            "name": "Farmer Mac", 
                            "count": 0, 
                            "value": 0
                        }, 
                        {
                            "name": "Private Securitization", 
                            "count": 13, 
                            "value": 2482
                        }, 
                        {
                            "name": "Commercial bank, savings bank or association", 
                            "count": 393, 
                            "value": 60428
                        }, 
                        {
                            "name": "Life insurance co., credit union, finance co.", 
                            "count": 401, 
                            "value": 57209
                        }, 
                        {
                            "name": "Affiliate institution", 
                            "count": 161, 
                            "value": 23171
                        }, 
                        {
                            "name": "Other", 
                            "count": 4734, 
                            "value": 642801
                        }
                    ]
                }, 
                {
                    "incomelevel": "Upper income", 
                    "purchasers": [
                        {
                            "name": "Fannie Mae", 
                            "count": 191, 
                            "value": 32114
                        }, 
                        {
                            "name": "Ginnie Mae", 
                            "count": 68, 
                            "value": 52913
                        }, 
                        {
                            "name": "Freddie Mac", 
                            "count": 98, 
                            "value": 16156
                        }, 
                        {
                            "name": "Farmer Mac", 
                            "count": 0, 
                            "value": 0
                        }, 
                        {
                            "name": "Private Securitization", 
                            "count": 1, 
                            "value": 297
                        }, 
                        {
                            "name": "Commercial bank, savings bank or association", 
                            "count": 28, 
                            "value": 4321
                        }, 
                        {
                            "name": "Life insurance co., credit union, finance co.", 
                            "count": 22, 
                            "value": 4209
                        }, 
                        {
                            "name": "Affiliate institution", 
                            "count": 13, 
                            "value": 2011
                        }, 
                        {
                            "name": "Other", 
                            "count": 331, 
                            "value": 54508
                        }
                    ]
                }
            ]
        }
    ], 
    "total": {
        "purchasers": [
            {
                "name": "Fannie Mae", 
                "count": 2760, 
                "value": 394076
            }, 
            {
                "name": "Ginnie Mae", 
                "count": 1317, 
                "value": 519750
            }, 
            {
                "name": "Freddie Mac", 
                "count": 1525, 
                "value": 220361
            }, 
            {
                "name": "Farmer Mac", 
                "count": 0, 
                "value": 0
            }, 
            {
                "name": "Private Securitization", 
                "count": 14, 
                "value": 2779
            }, 
            {
                "name": "Commercial bank, savings bank or association", 
                "count": 429, 
                "value": 65482
            }, 
            {
                "name": "Life insurance co., credit union, finance co.", 
                "count": 436, 
                "value": 62751
            }, 
            {
                "name": "Affiliate institution", 
                "count": 175, 
                "value": 25386
            }, 
            {
                "name": "Other", 
                "count": 5255, 
                "value": 710567
            }
        ]
    }
}