{
    "table": "4-1", 
    "type": "Aggregate", 
    "desc": "Disposition of applications for FHA, FSA/RHS, and VA home-purchase loans, 1- to 4-family and manufactured home dwellings, by race, ethnicity, gender and income of applicant", 
    "year": "2012", 
    "msa": {
        "id": "32900", 
        "name": "Merced", 
        "state": "CA", 
        "state_name": "California"
    }, 
    "races": [
        {
            "race": "American Indian/Alaska Native", 
            "dispositions": [
                {
                    "disposition": "Applications Received", 
                    "count": 3, 
                    "value": 606
                }, 
                {
                    "disposition": "Loans Originated", 
                    "count": 0, 
                    "value": 210
                }, 
                {
                    "disposition": "Apps. Approved But Not Accepted", 
                    "count": 0, 
                    "value": 0
                }, 
                {
                    "disposition": "Aplications Denied", 
                    "count": 0, 
                    "value": 0
                }, 
                {
                    "disposition": "Applications Withdrawn", 
                    "count": 0, 
                    "value": 0
                }, 
                {
                    "disposition": "Files Closed For Incompleteness", 
                    "count": 0, 
                    "value": 399
                }
            ], 
            "genders": [
                {
                    "gender": "Male", 
                    "dispositions": [
                        {
                            "disposition": "Applications Received", 
                            "count": 0, 
                            "value": 0
                        }, 
                        {
                            "disposition": "Loans Originated", 
                            "count": 0, 
                            "value": 0
                        }, 
                        {
                            "disposition": "Apps. Approved But Not Accepted", 
                            "count": 0, 
                            "value": 0
                        }, 
                        {
                            "disposition": "Aplications Denied", 
                            "count": 0, 
                            "value": 0
                        }, 
                        {
                            "disposition": "Applications Withdrawn", 
                            "count": 0, 
                            "value": 0
                        }, 
                        {
                            "disposition": "Files Closed For Incompleteness", 
                            "count": 1, 
                            "value": 398
                        }
                    ]
                }, 
                {
                    "gender": "Female", 
                    "dispositions": [
                        {
                            "disposition": "Applications Received", 
                            "count": 0, 
                            "value": 0
                        }, 
                        {
                            "disposition": "Loans Originated", 
                            "count": 0, 
                            "value": 0
                        }, 
                        {
                            "disposition": "Apps. Approved But Not Accepted", 
                            "count": 0, 
                            "value": 0
                        }, 
                        {
                            "disposition": "Aplications Denied", 
                            "count": 0, 
                            "value": 0
                        }, 
                        {
                            "disposition": "Applications Withdrawn", 
                            "count": 0, 
                            "value": 0
                        }, 
                        {
                            "disposition": "Files Closed For Incompleteness", 
                            "count": 0, 
                            "value": 0
                        }
                    ]
                }, 
                {
                    "gender": "Joint (Male/Female)", 
                    "dispositions": [
                        {
                            "disposition": "Applications Received", 
                            "count": 0, 
                            "value": 0
                        }, 
                        {
                            "disposition": "Loans Originated", 
                            "count": 2, 
                            "value": 208
                        }, 
                        {
                            "disposition": "Apps. Approved But Not Accepted", 
                            "count": 0, 
                            "value": 0
                        }, 
                        {
                            "disposition": "Aplications Denied", 
                            "count": 0, 
                            "value": 0
                        }, 
                        {
                            "disposition": "Applications Withdrawn", 
                            "count": 0, 
                            "value": 0
                        }, 
                        {
                            "disposition": "Files Closed For Incompleteness", 
                            "count": 0, 
                            "value": 0
                        }
                    ]
                }
            ]
        }, 
        {
            "race": "Asian", 
            "dispositions": [
                {
                    "disposition": "Applications Received", 
                    "count": 26, 
                    "value": 4147
                }, 
                {
                    "disposition": "Loans Originated", 
                    "count": 0, 
                    "value": 3123
                }, 
                {
                    "disposition": "Apps. Approved But Not Accepted", 
                    "count": 0, 
                    "value": 0
                }, 
                {
                    "disposition": "Aplications Denied", 
                    "count": 0, 
                    "value": 288
                }, 
                {
                    "disposition": "Applications Withdrawn", 
                    "count": 0, 
                    "value": 762
                }, 
                {
                    "disposition": "Files Closed For Incompleteness", 
                    "count": 0, 
                    "value": 0
                }
            ], 
            "genders": [
                {
                    "gender": "Male", 
                    "dispositions": [
                        {
                            "disposition": "Applications Received", 
                            "count": 0, 
                            "value": 0
                        }, 
                        {
                            "disposition": "Loans Originated", 
                            "count": 8, 
                            "value": 1130
                        }, 
                        {
                            "disposition": "Apps. Approved But Not Accepted", 
                            "count": 0, 
                            "value": 0
                        }, 
                        {
                            "disposition": "Aplications Denied", 
                            "count": 1, 
                            "value": 145
                        }, 
                        {
                            "disposition": "Applications Withdrawn", 
                            "count": 3, 
                            "value": 615
                        }, 
                        {
                            "disposition": "Files Closed For Incompleteness", 
                            "count": 0, 
                            "value": 0
                        }
                    ]
                }, 
                {
                    "gender": "Female", 
                    "dispositions": [
                        {
                            "disposition": "Applications Received", 
                            "count": 0, 
                            "value": 0
                        }, 
                        {
                            "disposition": "Loans Originated", 
                            "count": 5, 
                            "value": 791
                        }, 
                        {
                            "disposition": "Apps. Approved But Not Accepted", 
                            "count": 0, 
                            "value": 0
                        }, 
                        {
                            "disposition": "Aplications Denied", 
                            "count": 0, 
                            "value": 0
                        }, 
                        {
                            "disposition": "Applications Withdrawn", 
                            "count": 1, 
                            "value": 143
                        }, 
                        {
                            "disposition": "Files Closed For Incompleteness", 
                            "count": 0, 
                            "value": 0
                        }
                    ]
                }, 
                {
                    "gender": "Joint (Male/Female)", 
                    "dispositions": [
                        {
                            "disposition": "Applications Received", 
                            "count": 0, 
                            "value": 0
                        }, 
                        {
                            "disposition": "Loans Originated", 
                            "count": 7, 
                            "value": 1182
                        }, 
                        {
                            "disposition": "Apps. Approved But Not Accepted", 
                            "count": 0, 
                            "value": 0
                        }, 
                        {
                            "disposition": "Aplications Denied", 
                            "count": 1, 
                            "value": 141
                        }, 
                        {
                            "disposition": "Applications Withdrawn", 
                            "count": 0, 
                            "value": 0
                        }, 
                        {
                            "disposition": "Files Closed For Incompleteness", 
                            "count": 0, 
                            "value": 0
                        }
                    ]
                }
            ]
        }, 
        {
            "race": "Black or African American", 
            "dispositions": [
                {
                    "disposition": "Applications Received", 
                    "count": 93, 
                    "value": 14119
                }, 
                {
                    "disposition": "Loans Originated", 
                    "count": 0, 
                    "value": 9554
                }, 
                {
                    "disposition": "Apps. Approved But Not Accepted", 
                    "count": 0, 
                    "value": 712
                }, 
                {
                    "disposition": "Aplications Denied", 
                    "count": 0, 
                    "value": 1372
                }, 
                {
                    "disposition": "Applications Withdrawn", 
                    "count": 0, 
                    "value": 2475
                }, 
                {
                    "disposition": "Files Closed For Incompleteness", 
                    "count": 0, 
                    "value": 99
                }
            ], 
            "genders": [
                {
                    "gender": "Male", 
                    "dispositions": [
                        {
                            "disposition": "Applications Received", 
                            "count": 0, 
                            "value": 0
                        }, 
                        {
                            "disposition": "Loans Originated", 
                            "count": 22, 
                            "value": 3228
                        }, 
                        {
                            "disposition": "Apps. Approved But Not Accepted", 
                            "count": 1, 
                            "value": 147
                        }, 
                        {
                            "disposition": "Aplications Denied", 
                            "count": 4, 
                            "value": 560
                        }, 
                        {
                            "disposition": "Applications Withdrawn", 
                            "count": 7, 
                            "value": 1107
                        }, 
                        {
                            "disposition": "Files Closed For Incompleteness", 
                            "count": 0, 
                            "value": 0
                        }
                    ]
                }, 
                {
                    "gender": "Female", 
                    "dispositions": [
                        {
                            "disposition": "Applications Received", 
                            "count": 0, 
                            "value": 0
                        }, 
                        {
                            "disposition": "Loans Originated", 
                            "count": 15, 
                            "value": 2327
                        }, 
                        {
                            "disposition": "Apps. Approved But Not Accepted", 
                            "count": 1, 
                            "value": 137
                        }, 
                        {
                            "disposition": "Aplications Denied", 
                            "count": 3, 
                            "value": 347
                        }, 
                        {
                            "disposition": "Applications Withdrawn", 
                            "count": 7, 
                            "value": 929
                        }, 
                        {
                            "disposition": "Files Closed For Incompleteness", 
                            "count": 0, 
                            "value": 0
                        }
                    ]
                }, 
                {
                    "gender": "Joint (Male/Female)", 
                    "dispositions": [
                        {
                            "disposition": "Applications Received", 
                            "count": 0, 
                            "value": 0
                        }, 
                        {
                            "disposition": "Loans Originated", 
                            "count": 24, 
                            "value": 3938
                        }, 
                        {
                            "disposition": "Apps. Approved But Not Accepted", 
                            "count": 2, 
                            "value": 424
                        }, 
                        {
                            "disposition": "Aplications Denied", 
                            "count": 3, 
                            "value": 455
                        }, 
                        {
                            "disposition": "Applications Withdrawn", 
                            "count": 3, 
                            "value": 422
                        }, 
                        {
                            "disposition": "Files Closed For Incompleteness", 
                            "count": 1, 
                            "value": 98
                        }
                    ]
                }
            ]
        }, 
        {
            "race": "Native Hawaiian or Other Pacific Islander", 
            "dispositions": [
                {
                    "disposition": "Applications Received", 
                    "count": 16, 
                    "value": 2762
                }, 
                {
                    "disposition": "Loans Originated", 
                    "count": 0, 
                    "value": 2405
                }, 
                {
                    "disposition": "Apps. Approved But Not Accepted", 
                    "count": 0, 
                    "value": 134
                }, 
                {
                    "disposition": "Aplications Denied", 
                    "count": 0, 
                    "value": 239
                }, 
                {
                    "disposition": "Applications Withdrawn", 
                    "count": 0, 
                    "value": 0
                }, 
                {
                    "disposition": "Files Closed For Incompleteness", 
                    "count": 0, 
                    "value": 0
                }
            ], 
            "genders": [
                {
                    "gender": "Male", 
                    "dispositions": [
                        {
                            "disposition": "Applications Received", 
                            "count": 0, 
                            "value": 0
                        }, 
                        {
                            "disposition": "Loans Originated", 
                            "count": 3, 
                            "value": 391
                        }, 
                        {
                            "disposition": "Apps. Approved But Not Accepted", 
                            "count": 0, 
                            "value": 0
                        }, 
                        {
                            "disposition": "Aplications Denied", 
                            "count": 0, 
                            "value": 0
                        }, 
                        {
                            "disposition": "Applications Withdrawn", 
                            "count": 0, 
                            "value": 0
                        }, 
                        {
                            "disposition": "Files Closed For Incompleteness", 
                            "count": 0, 
                            "value": 0
                        }
                    ]
                }, 
                {
                    "gender": "Female", 
                    "dispositions": [
                        {
                            "disposition": "Applications Received", 
                            "count": 0, 
                            "value": 0
                        }, 
                        {
                            "disposition": "Loans Originated", 
                            "count": 7, 
                            "value": 1133
                        }, 
                        {
                            "disposition": "Apps. Approved But Not Accepted", 
                            "count": 1, 
                            "value": 133
                        }, 
                        {
                            "disposition": "Aplications Denied", 
                            "count": 2, 
                            "value": 237
                        }, 
                        {
                            "disposition": "Applications Withdrawn", 
                            "count": 0, 
                            "value": 0
                        }, 
                        {
                            "disposition": "Files Closed For Incompleteness", 
                            "count": 0, 
                            "value": 0
                        }
                    ]
                }, 
                {
                    "gender": "Joint (Male/Female)", 
                    "dispositions": [
                        {
                            "disposition": "Applications Received", 
                            "count": 0, 
                            "value": 0
                        }, 
                        {
                            "disposition": "Loans Originated", 
                            "count": 3, 
                            "value": 868
                        }, 
                        {
                            "disposition": "Apps. Approved But Not Accepted", 
                            "count": 0, 
                            "value": 0
                        }, 
                        {
                            "disposition": "Aplications Denied", 
                            "count": 0, 
                            "value": 0
                        }, 
                        {
                            "disposition": "Applications Withdrawn", 
                            "count": 0, 
                            "value": 0
                        }, 
                        {
                            "disposition": "Files Closed For Incompleteness", 
                            "count": 0, 
                            "value": 0
                        }
                    ]
                }
            ]
        }, 
        {
            "race": "White", 
            "dispositions": [
                {
                    "disposition": "Applications Received", 
                    "count": 9, 
                    "value": 1471
                }, 
                {
                    "disposition": "Loans Originated", 
                    "count": 0, 
                    "value": 548
                }, 
                {
                    "disposition": "Apps. Approved But Not Accepted", 
                    "count": 0, 
                    "value": 0
                }, 
                {
                    "disposition": "Aplications Denied", 
                    "count": 0, 
                    "value": 0
                }, 
                {
                    "disposition": "Applications Withdrawn", 
                    "count": 0, 
                    "value": 932
                }, 
                {
                    "disposition": "Files Closed For Incompleteness", 
                    "count": 0, 
                    "value": 0
                }
            ], 
            "genders": [
                {
                    "gender": "Male", 
                    "dispositions": [
                        {
                            "disposition": "Applications Received", 
                            "count": 0, 
                            "value": 0
                        }, 
                        {
                            "disposition": "Loans Originated", 
                            "count": 3, 
                            "value": 408
                        }, 
                        {
                            "disposition": "Apps. Approved But Not Accepted", 
                            "count": 0, 
                            "value": 0
                        }, 
                        {
                            "disposition": "Aplications Denied", 
                            "count": 0, 
                            "value": 0
                        }, 
                        {
                            "disposition": "Applications Withdrawn", 
                            "count": 4, 
                            "value": 784
                        }, 
                        {
                            "disposition": "Files Closed For Incompleteness", 
                            "count": 0, 
                            "value": 0
                        }
                    ]
                }, 
                {
                    "gender": "Female", 
                    "dispositions": [
                        {
                            "disposition": "Applications Received", 
                            "count": 0, 
                            "value": 0
                        }, 
                        {
                            "disposition": "Loans Originated", 
                            "count": 0, 
                            "value": 0
                        }, 
                        {
                            "disposition": "Apps. Approved But Not Accepted", 
                            "count": 0, 
                            "value": 0
                        }, 
                        {
                            "disposition": "Aplications Denied", 
                            "count": 0, 
                            "value": 0
                        }, 
                        {
                            "disposition": "Applications Withdrawn", 
                            "count": 1, 
                            "value": 143
                        }, 
                        {
                            "disposition": "Files Closed For Incompleteness", 
                            "count": 0, 
                            "value": 0
                        }
                    ]
                }, 
                {
                    "gender": "Joint (Male/Female)", 
                    "dispositions": [
                        {
                            "disposition": "Applications Received", 
                            "count": 0, 
                            "value": 0
                        }, 
                        {
                            "disposition": "Loans Originated", 
                            "count": 1, 
                            "value": 136
                        }, 
                        {
                            "disposition": "Apps. Approved But Not Accepted", 
                            "count": 0, 
                            "value": 0
                        }, 
                        {
                            "disposition": "Aplications Denied", 
                            "count": 0, 
                            "value": 0
                        }, 
                        {
                            "disposition": "Applications Withdrawn", 
                            "count": 0, 
                            "value": 0
                        }, 
                        {
                            "disposition": "Files Closed For Incompleteness", 
                            "count": 0, 
                            "value": 0
                        }
                    ]
                }
            ]
        }, 
        {
            "race": "2 or more minority races", 
            "dispositions": [
                {
                    "disposition": "Applications Received", 
                    "count": 1327, 
                    "value": 186261
                }, 
                {
                    "disposition": "Loans Originated", 
                    "count": 0, 
                    "value": 133830
                }, 
                {
                    "disposition": "Apps. Approved But Not Accepted", 
                    "count": 0, 
                    "value": 5466
                }, 
                {
                    "disposition": "Aplications Denied", 
                    "count": 0, 
                    "value": 22134
                }, 
                {
                    "disposition": "Applications Withdrawn", 
                    "count": 0, 
                    "value": 22236
                }, 
                {
                    "disposition": "Files Closed For Incompleteness", 
                    "count": 0, 
                    "value": 3922
                }
            ], 
            "genders": [
                {
                    "gender": "Male", 
                    "dispositions": [
                        {
                            "disposition": "Applications Received", 
                            "count": 0, 
                            "value": 0
                        }, 
                        {
                            "disposition": "Loans Originated", 
                            "count": 429, 
                            "value": 56667
                        }, 
                        {
                            "disposition": "Apps. Approved But Not Accepted", 
                            "count": 16, 
                            "value": 2151
                        }, 
                        {
                            "disposition": "Aplications Denied", 
                            "count": 63, 
                            "value": 8705
                        }, 
                        {
                            "disposition": "Applications Withdrawn", 
                            "count": 73, 
                            "value": 11498
                        }, 
                        {
                            "disposition": "Files Closed For Incompleteness", 
                            "count": 7, 
                            "value": 1292
                        }
                    ]
                }, 
                {
                    "gender": "Female", 
                    "dispositions": [
                        {
                            "disposition": "Applications Received", 
                            "count": 0, 
                            "value": 0
                        }, 
                        {
                            "disposition": "Loans Originated", 
                            "count": 228, 
                            "value": 29085
                        }, 
                        {
                            "disposition": "Apps. Approved But Not Accepted", 
                            "count": 11, 
                            "value": 1144
                        }, 
                        {
                            "disposition": "Aplications Denied", 
                            "count": 31, 
                            "value": 4038
                        }, 
                        {
                            "disposition": "Applications Withdrawn", 
                            "count": 30, 
                            "value": 3421
                        }, 
                        {
                            "disposition": "Files Closed For Incompleteness", 
                            "count": 8, 
                            "value": 987
                        }
                    ]
                }, 
                {
                    "gender": "Joint (Male/Female)", 
                    "dispositions": [
                        {
                            "disposition": "Applications Received", 
                            "count": 0, 
                            "value": 0
                        }, 
                        {
                            "disposition": "Loans Originated", 
                            "count": 293, 
                            "value": 47043
                        }, 
                        {
                            "disposition": "Apps. Approved But Not Accepted", 
                            "count": 17, 
                            "value": 2127
                        }, 
                        {
                            "disposition": "Aplications Denied", 
                            "count": 57, 
                            "value": 8867
                        }, 
                        {
                            "disposition": "Applications Withdrawn", 
                            "count": 48, 
                            "value": 7166
                        }, 
                        {
                            "disposition": "Files Closed For Incompleteness", 
                            "count": 11, 
                            "value": 1617
                        }
                    ]
                }
            ]
        }, 
        {
            "race": "Joint (White/Minority Race", 
            "dispositions": [
                {
                    "disposition": "Applications Received", 
                    "count": 16, 
                    "value": 3334
                }, 
                {
                    "disposition": "Loans Originated", 
                    "count": 0, 
                    "value": 2159
                }, 
                {
                    "disposition": "Apps. Approved But Not Accepted", 
                    "count": 0, 
                    "value": 0
                }, 
                {
                    "disposition": "Aplications Denied", 
                    "count": 0, 
                    "value": 840
                }, 
                {
                    "disposition": "Applications Withdrawn", 
                    "count": 0, 
                    "value": 351
                }, 
                {
                    "disposition": "Files Closed For Incompleteness", 
                    "count": 0, 
                    "value": 0
                }
            ], 
            "genders": [
                {
                    "gender": "Male", 
                    "dispositions": [
                        {
                            "disposition": "Applications Received", 
                            "count": 0, 
                            "value": 0
                        }, 
                        {
                            "disposition": "Loans Originated", 
                            "count": 0, 
                            "value": 0
                        }, 
                        {
                            "disposition": "Apps. Approved But Not Accepted", 
                            "count": 0, 
                            "value": 0
                        }, 
                        {
                            "disposition": "Aplications Denied", 
                            "count": 0, 
                            "value": 0
                        }, 
                        {
                            "disposition": "Applications Withdrawn", 
                            "count": 0, 
                            "value": 0
                        }, 
                        {
                            "disposition": "Files Closed For Incompleteness", 
                            "count": 0, 
                            "value": 0
                        }
                    ]
                }, 
                {
                    "gender": "Female", 
                    "dispositions": [
                        {
                            "disposition": "Applications Received", 
                            "count": 0, 
                            "value": 0
                        }, 
                        {
                            "disposition": "Loans Originated", 
                            "count": 0, 
                            "value": 0
                        }, 
                        {
                            "disposition": "Apps. Approved But Not Accepted", 
                            "count": 0, 
                            "value": 0
                        }, 
                        {
                            "disposition": "Aplications Denied", 
                            "count": 0, 
                            "value": 0
                        }, 
                        {
                            "disposition": "Applications Withdrawn", 
                            "count": 2, 
                            "value": 349
                        }, 
                        {
                            "disposition": "Files Closed For Incompleteness", 
                            "count": 0, 
                            "value": 0
                        }
                    ]
                }, 
                {
                    "gender": "Joint (Male/Female)", 
                    "dispositions": [
                        {
                            "disposition": "Applications Received", 
                            "count": 0, 
                            "value": 0
                        }, 
                        {
                            "disposition": "Loans Originated", 
                            "count": 11, 
                            "value": 2148
                        }, 
                        {
                            "disposition": "Apps. Approved But Not Accepted", 
                            "count": 0, 
                            "value": 0
                        }, 
                        {
                            "disposition": "Aplications Denied", 
                            "count": 3, 
                            "value": 837
                        }, 
                        {
                            "disposition": "Applications Withdrawn", 
                            "count": 0, 
                            "value": 0
                        }, 
                        {
                            "disposition": "Files Closed For Incompleteness", 
                            "count": 0, 
                            "value": 0
                        }
                    ]
                }
            ]
        }, 
        {
            "race": "Not Available", 
            "dispositions": [
                {
                    "disposition": "Applications Received", 
                    "count": 85, 
                    "value": 11501
                }, 
                {
                    "disposition": "Loans Originated", 
                    "count": 0, 
                    "value": 7267
                }, 
                {
                    "disposition": "Apps. Approved But Not Accepted", 
                    "count": 0, 
                    "value": 601
                }, 
                {
                    "disposition": "Aplications Denied", 
                    "count": 0, 
                    "value": 2095
                }, 
                {
                    "disposition": "Applications Withdrawn", 
                    "count": 0, 
                    "value": 1623
                }, 
                {
                    "disposition": "Files Closed For Incompleteness", 
                    "count": 0, 
                    "value": 0
                }
            ], 
            "genders": [
                {
                    "gender": "Male", 
                    "dispositions": [
                        {
                            "disposition": "Applications Received", 
                            "count": 0, 
                            "value": 0
                        }, 
                        {
                            "disposition": "Loans Originated", 
                            "count": 18, 
                            "value": 2191
                        }, 
                        {
                            "disposition": "Apps. Approved But Not Accepted", 
                            "count": 1, 
                            "value": 132
                        }, 
                        {
                            "disposition": "Aplications Denied", 
                            "count": 6, 
                            "value": 1002
                        }, 
                        {
                            "disposition": "Applications Withdrawn", 
                            "count": 5, 
                            "value": 606
                        }, 
                        {
                            "disposition": "Files Closed For Incompleteness", 
                            "count": 0, 
                            "value": 0
                        }
                    ]
                }, 
                {
                    "gender": "Female", 
                    "dispositions": [
                        {
                            "disposition": "Applications Received", 
                            "count": 0, 
                            "value": 0
                        }, 
                        {
                            "disposition": "Loans Originated", 
                            "count": 10, 
                            "value": 1242
                        }, 
                        {
                            "disposition": "Apps. Approved But Not Accepted", 
                            "count": 0, 
                            "value": 0
                        }, 
                        {
                            "disposition": "Aplications Denied", 
                            "count": 1, 
                            "value": 141
                        }, 
                        {
                            "disposition": "Applications Withdrawn", 
                            "count": 4, 
                            "value": 401
                        }, 
                        {
                            "disposition": "Files Closed For Incompleteness", 
                            "count": 0, 
                            "value": 0
                        }
                    ]
                }, 
                {
                    "gender": "Joint (Male/Female)", 
                    "dispositions": [
                        {
                            "disposition": "Applications Received", 
                            "count": 0, 
                            "value": 0
                        }, 
                        {
                            "disposition": "Loans Originated", 
                            "count": 16, 
                            "value": 2448
                        }, 
                        {
                            "disposition": "Apps. Approved But Not Accepted", 
                            "count": 3, 
                            "value": 465
                        }, 
                        {
                            "disposition": "Aplications Denied", 
                            "count": 5, 
                            "value": 683
                        }, 
                        {
                            "disposition": "Applications Withdrawn", 
                            "count": 3, 
                            "value": 425
                        }, 
                        {
                            "disposition": "Files Closed For Incompleteness", 
                            "count": 0, 
                            "value": 0
                        }
                    ]
                }
            ]
        }
    ], 
    "ethnicities": [
        {
            "ethnicity": "Hispanic or Latino", 
            "dispositions": [
                {
                    "disposition": "Applications Received", 
                    "count": 875, 
                    "value": 113442
                }, 
                {
                    "disposition": "Loans Originated", 
                    "count": 0, 
                    "value": 78068
                }, 
                {
                    "disposition": "Apps. Approved But Not Accepted", 
                    "count": 0, 
                    "value": 3782
                }, 
                {
                    "disposition": "Aplications Denied", 
                    "count": 0, 
                    "value": 15225
                }, 
                {
                    "disposition": "Applications Withdrawn", 
                    "count": 0, 
                    "value": 14901
                }, 
                {
                    "disposition": "Files Closed For Incompleteness", 
                    "count": 0, 
                    "value": 2341
                }
            ], 
            "genders": [
                {
                    "gender": "Male", 
                    "dispositions": [
                        {
                            "disposition": "Applications Received", 
                            "count": 0, 
                            "value": 0
                        }, 
                        {
                            "disposition": "Loans Originated", 
                            "count": 314, 
                            "value": 39868
                        }, 
                        {
                            "disposition": "Apps. Approved But Not Accepted", 
                            "count": 10, 
                            "value": 1463
                        }, 
                        {
                            "disposition": "Aplications Denied", 
                            "count": 43, 
                            "value": 5536
                        }, 
                        {
                            "disposition": "Applications Withdrawn", 
                            "count": 53, 
                            "value": 7809
                        }, 
                        {
                            "disposition": "Files Closed For Incompleteness", 
                            "count": 5, 
                            "value": 1077
                        }
                    ]
                }, 
                {
                    "gender": "Female", 
                    "dispositions": [
                        {
                            "disposition": "Applications Received", 
                            "count": 0, 
                            "value": 0
                        }, 
                        {
                            "disposition": "Loans Originated", 
                            "count": 129, 
                            "value": 14498
                        }, 
                        {
                            "disposition": "Apps. Approved But Not Accepted", 
                            "count": 9, 
                            "value": 950
                        }, 
                        {
                            "disposition": "Aplications Denied", 
                            "count": 26, 
                            "value": 3232
                        }, 
                        {
                            "disposition": "Applications Withdrawn", 
                            "count": 24, 
                            "value": 2434
                        }, 
                        {
                            "disposition": "Files Closed For Incompleteness", 
                            "count": 2, 
                            "value": 215
                        }
                    ]
                }, 
                {
                    "gender": "Joint (Male/Female)", 
                    "dispositions": [
                        {
                            "disposition": "Applications Received", 
                            "count": 0, 
                            "value": 0
                        }, 
                        {
                            "disposition": "Loans Originated", 
                            "count": 165, 
                            "value": 23009
                        }, 
                        {
                            "disposition": "Apps. Approved But Not Accepted", 
                            "count": 11, 
                            "value": 1339
                        }, 
                        {
                            "disposition": "Aplications Denied", 
                            "count": 40, 
                            "value": 5975
                        }, 
                        {
                            "disposition": "Applications Withdrawn", 
                            "count": 32, 
                            "value": 4549
                        }, 
                        {
                            "disposition": "Files Closed For Incompleteness", 
                            "count": 7, 
                            "value": 1035
                        }
                    ]
                }
            ]
        }, 
        {
            "ethnicity": "Not Hispanic or Latino", 
            "dispositions": [
                {
                    "disposition": "Applications Received", 
                    "count": 604, 
                    "value": 95286
                }, 
                {
                    "disposition": "Loans Originated", 
                    "count": 0, 
                    "value": 70304
                }, 
                {
                    "disposition": "Apps. Approved But Not Accepted", 
                    "count": 0, 
                    "value": 2960
                }, 
                {
                    "disposition": "Aplications Denied", 
                    "count": 0, 
                    "value": 8650
                }, 
                {
                    "disposition": "Applications Withdrawn", 
                    "count": 0, 
                    "value": 12022
                }, 
                {
                    "disposition": "Files Closed For Incompleteness", 
                    "count": 0, 
                    "value": 1954
                }
            ], 
            "genders": [
                {
                    "gender": "Male", 
                    "dispositions": [
                        {
                            "disposition": "Applications Received", 
                            "count": 0, 
                            "value": 0
                        }, 
                        {
                            "disposition": "Loans Originated", 
                            "count": 155, 
                            "value": 22193
                        }, 
                        {
                            "disposition": "Apps. Approved But Not Accepted", 
                            "count": 7, 
                            "value": 891
                        }, 
                        {
                            "disposition": "Aplications Denied", 
                            "count": 27, 
                            "value": 4242
                        }, 
                        {
                            "disposition": "Applications Withdrawn", 
                            "count": 35, 
                            "value": 6112
                        }, 
                        {
                            "disposition": "Files Closed For Incompleteness", 
                            "count": 3, 
                            "value": 613
                        }
                    ]
                }, 
                {
                    "gender": "Female", 
                    "dispositions": [
                        {
                            "disposition": "Applications Received", 
                            "count": 0, 
                            "value": 0
                        }, 
                        {
                            "disposition": "Loans Originated", 
                            "count": 129, 
                            "value": 19015
                        }, 
                        {
                            "disposition": "Apps. Approved But Not Accepted", 
                            "count": 4, 
                            "value": 464
                        }, 
                        {
                            "disposition": "Aplications Denied", 
                            "count": 11, 
                            "value": 1531
                        }, 
                        {
                            "disposition": "Applications Withdrawn", 
                            "count": 19, 
                            "value": 2737
                        }, 
                        {
                            "disposition": "Files Closed For Incompleteness", 
                            "count": 6, 
                            "value": 772
                        }
                    ]
                }, 
                {
                    "gender": "Joint (Male/Female)", 
                    "dispositions": [
                        {
                            "disposition": "Applications Received", 
                            "count": 0, 
                            "value": 0
                        }, 
                        {
                            "disposition": "Loans Originated", 
                            "count": 157, 
                            "value": 28655
                        }, 
                        {
                            "disposition": "Apps. Approved But Not Accepted", 
                            "count": 10, 
                            "value": 1584
                        }, 
                        {
                            "disposition": "Aplications Denied", 
                            "count": 17, 
                            "value": 2741
                        }, 
                        {
                            "disposition": "Applications Withdrawn", 
                            "count": 19, 
                            "value": 3100
                        }, 
                        {
                            "disposition": "Files Closed For Incompleteness", 
                            "count": 4, 
                            "value": 556
                        }
                    ]
                }
            ]
        }, 
        {
            "ethnicity": "Joint (Hispanic or Latino/Not Hispanic or Latino", 
            "dispositions": [
                {
                    "disposition": "Applications Received", 
                    "count": 38, 
                    "value": 7242
                }, 
                {
                    "disposition": "Loans Originated", 
                    "count": 0, 
                    "value": 4770
                }, 
                {
                    "disposition": "Apps. Approved But Not Accepted", 
                    "count": 0, 
                    "value": 0
                }, 
                {
                    "disposition": "Aplications Denied", 
                    "count": 0, 
                    "value": 1997
                }, 
                {
                    "disposition": "Applications Withdrawn", 
                    "count": 0, 
                    "value": 388
                }, 
                {
                    "disposition": "Files Closed For Incompleteness", 
                    "count": 0, 
                    "value": 125
                }
            ], 
            "genders": [
                {
                    "gender": "Male", 
                    "dispositions": [
                        {
                            "disposition": "Applications Received", 
                            "count": 0, 
                            "value": 0
                        }, 
                        {
                            "disposition": "Loans Originated", 
                            "count": 0, 
                            "value": 0
                        }, 
                        {
                            "disposition": "Apps. Approved But Not Accepted", 
                            "count": 0, 
                            "value": 0
                        }, 
                        {
                            "disposition": "Aplications Denied", 
                            "count": 1, 
                            "value": 182
                        }, 
                        {
                            "disposition": "Applications Withdrawn", 
                            "count": 1, 
                            "value": 268
                        }, 
                        {
                            "disposition": "Files Closed For Incompleteness", 
                            "count": 0, 
                            "value": 0
                        }
                    ]
                }, 
                {
                    "gender": "Female", 
                    "dispositions": [
                        {
                            "disposition": "Applications Received", 
                            "count": 0, 
                            "value": 0
                        }, 
                        {
                            "disposition": "Loans Originated", 
                            "count": 0, 
                            "value": 0
                        }, 
                        {
                            "disposition": "Apps. Approved But Not Accepted", 
                            "count": 0, 
                            "value": 0
                        }, 
                        {
                            "disposition": "Aplications Denied", 
                            "count": 0, 
                            "value": 0
                        }, 
                        {
                            "disposition": "Applications Withdrawn", 
                            "count": 0, 
                            "value": 0
                        }, 
                        {
                            "disposition": "Files Closed For Incompleteness", 
                            "count": 0, 
                            "value": 0
                        }
                    ]
                }, 
                {
                    "gender": "Joint (Male/Female)", 
                    "dispositions": [
                        {
                            "disposition": "Applications Received", 
                            "count": 0, 
                            "value": 0
                        }, 
                        {
                            "disposition": "Loans Originated", 
                            "count": 25, 
                            "value": 4745
                        }, 
                        {
                            "disposition": "Apps. Approved But Not Accepted", 
                            "count": 0, 
                            "value": 0
                        }, 
                        {
                            "disposition": "Aplications Denied", 
                            "count": 9, 
                            "value": 1805
                        }, 
                        {
                            "disposition": "Applications Withdrawn", 
                            "count": 1, 
                            "value": 118
                        }, 
                        {
                            "disposition": "Files Closed For Incompleteness", 
                            "count": 1, 
                            "value": 124
                        }
                    ]
                }
            ]
        }, 
        {
            "ethnicity": "Ethnicity Not Available", 
            "dispositions": [
                {
                    "disposition": "Applications Received", 
                    "count": 58, 
                    "value": 8231
                }, 
                {
                    "disposition": "Loans Originated", 
                    "count": 0, 
                    "value": 5954
                }, 
                {
                    "disposition": "Apps. Approved But Not Accepted", 
                    "count": 0, 
                    "value": 171
                }, 
                {
                    "disposition": "Aplications Denied", 
                    "count": 0, 
                    "value": 1096
                }, 
                {
                    "disposition": "Applications Withdrawn", 
                    "count": 0, 
                    "value": 1068
                }, 
                {
                    "disposition": "Files Closed For Incompleteness", 
                    "count": 0, 
                    "value": 0
                }
            ], 
            "genders": [
                {
                    "gender": "Male", 
                    "dispositions": [
                        {
                            "disposition": "Applications Received", 
                            "count": 0, 
                            "value": 0
                        }, 
                        {
                            "disposition": "Loans Originated", 
                            "count": 14, 
                            "value": 1954
                        }, 
                        {
                            "disposition": "Apps. Approved But Not Accepted", 
                            "count": 1, 
                            "value": 76
                        }, 
                        {
                            "disposition": "Aplications Denied", 
                            "count": 3, 
                            "value": 452
                        }, 
                        {
                            "disposition": "Applications Withdrawn", 
                            "count": 3, 
                            "value": 421
                        }, 
                        {
                            "disposition": "Files Closed For Incompleteness", 
                            "count": 0, 
                            "value": 0
                        }
                    ]
                }, 
                {
                    "gender": "Female", 
                    "dispositions": [
                        {
                            "disposition": "Applications Received", 
                            "count": 0, 
                            "value": 0
                        }, 
                        {
                            "disposition": "Loans Originated", 
                            "count": 7, 
                            "value": 1065
                        }, 
                        {
                            "disposition": "Apps. Approved But Not Accepted", 
                            "count": 0, 
                            "value": 0
                        }, 
                        {
                            "disposition": "Aplications Denied", 
                            "count": 0, 
                            "value": 0
                        }, 
                        {
                            "disposition": "Applications Withdrawn", 
                            "count": 2, 
                            "value": 215
                        }, 
                        {
                            "disposition": "Files Closed For Incompleteness", 
                            "count": 0, 
                            "value": 0
                        }
                    ]
                }, 
                {
                    "gender": "Joint (Male/Female)", 
                    "dispositions": [
                        {
                            "disposition": "Applications Received", 
                            "count": 0, 
                            "value": 0
                        }, 
                        {
                            "disposition": "Loans Originated", 
                            "count": 10, 
                            "value": 1562
                        }, 
                        {
                            "disposition": "Apps. Approved But Not Accepted", 
                            "count": 1, 
                            "value": 93
                        }, 
                        {
                            "disposition": "Aplications Denied", 
                            "count": 3, 
                            "value": 462
                        }, 
                        {
                            "disposition": "Applications Withdrawn", 
                            "count": 2, 
                            "value": 246
                        }, 
                        {
                            "disposition": "Files Closed For Incompleteness", 
                            "count": 0, 
                            "value": 0
                        }
                    ]
                }
            ]
        }
    ], 
    "minoritystatuses": [
        {
            "minoritystatus": "White Non-Hispanic", 
            "dispositions": [
                {
                    "disposition": "Applications Received", 
                    "count": 536, 
                    "value": 83676
                }, 
                {
                    "disposition": "Loans Originated", 
                    "count": 400, 
                    "value": 62784
                }, 
                {
                    "disposition": "Apps. Approved But Not Accepted", 
                    "count": 18, 
                    "value": 2267
                }, 
                {
                    "disposition": "Aplications Denied", 
                    "count": 48, 
                    "value": 7613
                }, 
                {
                    "disposition": "Applications Withdrawn", 
                    "count": 59, 
                    "value": 9567
                }, 
                {
                    "disposition": "Files Closed For Incompleteness", 
                    "count": 11, 
                    "value": 1445
                }
            ], 
            "genders": [
                {
                    "gender": "Male", 
                    "dispositions": [
                        {
                            "disposition": "Applications Received", 
                            "count": 0, 
                            "value": 0
                        }, 
                        {
                            "disposition": "Loans Originated", 
                            "count": 144, 
                            "value": 20651
                        }, 
                        {
                            "disposition": "Apps. Approved But Not Accepted", 
                            "count": 7, 
                            "value": 820
                        }, 
                        {
                            "disposition": "Aplications Denied", 
                            "count": 26, 
                            "value": 4134
                        }, 
                        {
                            "disposition": "Applications Withdrawn", 
                            "count": 29, 
                            "value": 5078
                        }, 
                        {
                            "disposition": "Files Closed For Incompleteness", 
                            "count": 2, 
                            "value": 215
                        }
                    ]
                }, 
                {
                    "gender": "Female", 
                    "dispositions": [
                        {
                            "disposition": "Applications Received", 
                            "count": 0, 
                            "value": 0
                        }, 
                        {
                            "disposition": "Loans Originated", 
                            "count": 113, 
                            "value": 16228
                        }, 
                        {
                            "disposition": "Apps. Approved But Not Accepted", 
                            "count": 2, 
                            "value": 194
                        }, 
                        {
                            "disposition": "Aplications Denied", 
                            "count": 6, 
                            "value": 947
                        }, 
                        {
                            "disposition": "Applications Withdrawn", 
                            "count": 10, 
                            "value": 1388
                        }, 
                        {
                            "disposition": "Files Closed For Incompleteness", 
                            "count": 6, 
                            "value": 772
                        }
                    ]
                }, 
                {
                    "gender": "Joint (Male/Female)", 
                    "dispositions": [
                        {
                            "disposition": "Applications Received", 
                            "count": 0, 
                            "value": 0
                        }, 
                        {
                            "disposition": "Loans Originated", 
                            "count": 134, 
                            "value": 24572
                        }, 
                        {
                            "disposition": "Apps. Approved But Not Accepted", 
                            "count": 9, 
                            "value": 1253
                        }, 
                        {
                            "disposition": "Aplications Denied", 
                            "count": 14, 
                            "value": 2277
                        }, 
                        {
                            "disposition": "Applications Withdrawn", 
                            "count": 18, 
                            "value": 2924
                        }, 
                        {
                            "disposition": "Files Closed For Incompleteness", 
                            "count": 3, 
                            "value": 458
                        }
                    ]
                }
            ]
        }, 
        {
            "minoritystatus": "Others, Including Hispanic", 
            "dispositions": [
                {
                    "disposition": "Applications Received", 
                    "count": 1039, 
                    "value": 140525
                }, 
                {
                    "disposition": "Loans Originated", 
                    "count": 715, 
                    "value": 95197
                }, 
                {
                    "disposition": "Apps. Approved But Not Accepted", 
                    "count": 35, 
                    "value": 4593
                }, 
                {
                    "disposition": "Aplications Denied", 
                    "count": 138, 
                    "value": 19169
                }, 
                {
                    "disposition": "Applications Withdrawn", 
                    "count": 134, 
                    "value": 18619
                }, 
                {
                    "disposition": "Files Closed For Incompleteness", 
                    "count": 17, 
                    "value": 2947
                }
            ], 
            "genders": [
                {
                    "gender": "Male", 
                    "dispositions": [
                        {
                            "disposition": "Applications Received", 
                            "count": 0, 
                            "value": 0
                        }, 
                        {
                            "disposition": "Loans Originated", 
                            "count": 339, 
                            "value": 43364
                        }, 
                        {
                            "disposition": "Apps. Approved But Not Accepted", 
                            "count": 11, 
                            "value": 1610
                        }, 
                        {
                            "disposition": "Aplications Denied", 
                            "count": 48, 
                            "value": 6278
                        }, 
                        {
                            "disposition": "Applications Withdrawn", 
                            "count": 63, 
                            "value": 9532
                        }, 
                        {
                            "disposition": "Files Closed For Incompleteness", 
                            "count": 6, 
                            "value": 1475
                        }
                    ]
                }, 
                {
                    "gender": "Female", 
                    "dispositions": [
                        {
                            "disposition": "Applications Received", 
                            "count": 0, 
                            "value": 0
                        }, 
                        {
                            "disposition": "Loans Originated", 
                            "count": 152, 
                            "value": 18350
                        }, 
                        {
                            "disposition": "Apps. Approved But Not Accepted", 
                            "count": 11, 
                            "value": 1220
                        }, 
                        {
                            "disposition": "Aplications Denied", 
                            "count": 31, 
                            "value": 3816
                        }, 
                        {
                            "disposition": "Applications Withdrawn", 
                            "count": 35, 
                            "value": 3998
                        }, 
                        {
                            "disposition": "Files Closed For Incompleteness", 
                            "count": 2, 
                            "value": 215
                        }
                    ]
                }, 
                {
                    "gender": "Joint (Male/Female)", 
                    "dispositions": [
                        {
                            "disposition": "Applications Received", 
                            "count": 0, 
                            "value": 0
                        }, 
                        {
                            "disposition": "Loans Originated", 
                            "count": 223, 
                            "value": 33399
                        }, 
                        {
                            "disposition": "Apps. Approved But Not Accepted", 
                            "count": 13, 
                            "value": 1763
                        }, 
                        {
                            "disposition": "Aplications Denied", 
                            "count": 55, 
                            "value": 8706
                        }, 
                        {
                            "disposition": "Applications Withdrawn", 
                            "count": 36, 
                            "value": 5089
                        }, 
                        {
                            "disposition": "Files Closed For Incompleteness", 
                            "count": 9, 
                            "value": 1257
                        }
                    ]
                }
            ]
        }
    ], 
    "incomes": [
        {
            "incomes": "Less than 50% of MSA/MD median", 
            "dispositions": [
                {
                    "disposition": "Applications Received", 
                    "count": 206, 
                    "value": 18251
                }, 
                {
                    "disposition": "Loans Originated", 
                    "count": 146, 
                    "value": 12596
                }, 
                {
                    "disposition": "Apps. Approved But Not Accepted", 
                    "count": 7, 
                    "value": 604
                }, 
                {
                    "disposition": "Aplications Denied", 
                    "count": 27, 
                    "value": 2701
                }, 
                {
                    "disposition": "Applications Withdrawn", 
                    "count": 23, 
                    "value": 2122
                }, 
                {
                    "disposition": "Files Closed For Incompleteness", 
                    "count": 3, 
                    "value": 228
                }
            ]
        }, 
        {
            "incomes": "50-79% of MSA/MD median", 
            "dispositions": [
                {
                    "disposition": "Applications Received", 
                    "count": 472, 
                    "value": 55612
                }, 
                {
                    "disposition": "Loans Originated", 
                    "count": 344, 
                    "value": 40165
                }, 
                {
                    "disposition": "Apps. Approved But Not Accepted", 
                    "count": 14, 
                    "value": 1599
                }, 
                {
                    "disposition": "Aplications Denied", 
                    "count": 51, 
                    "value": 6346
                }, 
                {
                    "disposition": "Applications Withdrawn", 
                    "count": 54, 
                    "value": 6241
                }, 
                {
                    "disposition": "Files Closed For Incompleteness", 
                    "count": 9, 
                    "value": 1261
                }
            ]
        }, 
        {
            "incomes": "80-99% of MSA/MD median", 
            "dispositions": [
                {
                    "disposition": "Applications Received", 
                    "count": 314, 
                    "value": 43456
                }, 
                {
                    "disposition": "Loans Originated", 
                    "count": 221, 
                    "value": 30356
                }, 
                {
                    "disposition": "Apps. Approved But Not Accepted", 
                    "count": 13, 
                    "value": 1663
                }, 
                {
                    "disposition": "Aplications Denied", 
                    "count": 48, 
                    "value": 6928
                }, 
                {
                    "disposition": "Applications Withdrawn", 
                    "count": 28, 
                    "value": 3747
                }, 
                {
                    "disposition": "Files Closed For Incompleteness", 
                    "count": 4, 
                    "value": 762
                }
            ]
        }, 
        {
            "incomes": "100-119% of MSA/MD median", 
            "dispositions": [
                {
                    "disposition": "Applications Received", 
                    "count": 159, 
                    "value": 23658
                }, 
                {
                    "disposition": "Loans Originated", 
                    "count": 115, 
                    "value": 16974
                }, 
                {
                    "disposition": "Apps. Approved But Not Accepted", 
                    "count": 3, 
                    "value": 386
                }, 
                {
                    "disposition": "Aplications Denied", 
                    "count": 16, 
                    "value": 2344
                }, 
                {
                    "disposition": "Applications Withdrawn", 
                    "count": 24, 
                    "value": 3882
                }, 
                {
                    "disposition": "Files Closed For Incompleteness", 
                    "count": 1, 
                    "value": 72
                }
            ]
        }, 
        {
            "incomes": "120% or more of MSA/MD median", 
            "dispositions": [
                {
                    "disposition": "Applications Received", 
                    "count": 407, 
                    "value": 80313
                }, 
                {
                    "disposition": "Loans Originated", 
                    "count": 285, 
                    "value": 56987
                }, 
                {
                    "disposition": "Apps. Approved But Not Accepted", 
                    "count": 16, 
                    "value": 2608
                }, 
                {
                    "disposition": "Aplications Denied", 
                    "count": 42, 
                    "value": 8290
                }, 
                {
                    "disposition": "Applications Withdrawn", 
                    "count": 53, 
                    "value": 10359
                }, 
                {
                    "disposition": "Files Closed For Incompleteness", 
                    "count": 11, 
                    "value": 2069
                }
            ]
        }, 
        {
            "incomes": "income not available", 
            "dispositions": [
                {
                    "disposition": "Applications Received", 
                    "count": 17, 
                    "value": 2911
                }, 
                {
                    "disposition": "Loans Originated", 
                    "count": 4, 
                    "value": 903
                }, 
                {
                    "disposition": "Apps. Approved But Not Accepted", 
                    "count": 0, 
                    "value": 0
                }, 
                {
                    "disposition": "Aplications Denied", 
                    "count": 2, 
                    "value": 173
                }, 
                {
                    "disposition": "Applications Withdrawn", 
                    "count": 11, 
                    "value": 1835
                }, 
                {
                    "disposition": "Files Closed For Incompleteness", 
                    "count": 0, 
                    "value": 0
                }
            ]
        }
    ], 
    "total": [
        {
            "disposition": "Applications Received", 
            "count": 0, 
            "value": 0
        }, 
        {
            "disposition": "Loans Originated", 
            "count": 1115, 
            "value": 157981
        }, 
        {
            "disposition": "Apps. Approved But Not Accepted", 
            "count": 53, 
            "value": 6860
        }, 
        {
            "disposition": "Aplications Denied", 
            "count": 186, 
            "value": 26782
        }, 
        {
            "disposition": "Applications Withdrawn", 
            "count": 193, 
            "value": 28186
        }, 
        {
            "disposition": "Files Closed For Incompleteness", 
            "count": 28, 
            "value": 4392
        }
    ]
}