{
    "table": "4-7", 
    "type": "Aggregate", 
    "desc": "Disposition of applications for home-purchase, home improvement, or refinancing loans, manufactured home dwellings by race, ethnicity, gender and income of applicant", 
    "year": "2012", 
    "report-date": "05/03/2015", 
    "msa": {
        "id": "46060", 
        "name": "Tucson", 
        "state": "AZ", 
        "state_name": "Arizona"
    }, 
    "races": [
        {
            "race": "American Indian/Alaska Native", 
            "dispositions": [
                {
                    "disposition": "Applications Received", 
                    "count": 4, 
                    "value": 351
                }, 
                {
                    "disposition": "Loans Originated", 
                    "count": 1, 
                    "value": 69
                }, 
                {
                    "disposition": "Apps. Approved But Not Accepted", 
                    "count": 0, 
                    "value": 0
                }, 
                {
                    "disposition": "Aplications Denied", 
                    "count": 1, 
                    "value": 54
                }, 
                {
                    "disposition": "Applications Withdrawn", 
                    "count": 2, 
                    "value": 228
                }, 
                {
                    "disposition": "Files Closed For Incompleteness", 
                    "count": 0, 
                    "value": 0
                }
            ], 
            "genders": [
                {
                    "gender": "Male", 
                    "dispositions": [
                        {
                            "disposition": "Applications Received", 
                            "count": 1, 
                            "value": 110
                        }, 
                        {
                            "disposition": "Loans Originated", 
                            "count": 0, 
                            "value": 0
                        }, 
                        {
                            "disposition": "Apps. Approved But Not Accepted", 
                            "count": 0, 
                            "value": 0
                        }, 
                        {
                            "disposition": "Aplications Denied", 
                            "count": 0, 
                            "value": 0
                        }, 
                        {
                            "disposition": "Applications Withdrawn", 
                            "count": 1, 
                            "value": 110
                        }, 
                        {
                            "disposition": "Files Closed For Incompleteness", 
                            "count": 0, 
                            "value": 0
                        }
                    ]
                }, 
                {
                    "gender": "Female", 
                    "dispositions": [
                        {
                            "disposition": "Applications Received", 
                            "count": 2, 
                            "value": 172
                        }, 
                        {
                            "disposition": "Loans Originated", 
                            "count": 0, 
                            "value": 0
                        }, 
                        {
                            "disposition": "Apps. Approved But Not Accepted", 
                            "count": 0, 
                            "value": 0
                        }, 
                        {
                            "disposition": "Aplications Denied", 
                            "count": 1, 
                            "value": 54
                        }, 
                        {
                            "disposition": "Applications Withdrawn", 
                            "count": 1, 
                            "value": 118
                        }, 
                        {
                            "disposition": "Files Closed For Incompleteness", 
                            "count": 0, 
                            "value": 0
                        }
                    ]
                }, 
                {
                    "gender": "Joint (Male/Female)", 
                    "dispositions": [
                        {
                            "disposition": "Applications Received", 
                            "count": 1, 
                            "value": 69
                        }, 
                        {
                            "disposition": "Loans Originated", 
                            "count": 1, 
                            "value": 69
                        }, 
                        {
                            "disposition": "Apps. Approved But Not Accepted", 
                            "count": 0, 
                            "value": 0
                        }, 
                        {
                            "disposition": "Aplications Denied", 
                            "count": 0, 
                            "value": 0
                        }, 
                        {
                            "disposition": "Applications Withdrawn", 
                            "count": 0, 
                            "value": 0
                        }, 
                        {
                            "disposition": "Files Closed For Incompleteness", 
                            "count": 0, 
                            "value": 0
                        }
                    ]
                }
            ]
        }, 
        {
            "race": "Asian", 
            "dispositions": [
                {
                    "disposition": "Applications Received", 
                    "count": 79, 
                    "value": 4938
                }, 
                {
                    "disposition": "Loans Originated", 
                    "count": 10, 
                    "value": 463
                }, 
                {
                    "disposition": "Apps. Approved But Not Accepted", 
                    "count": 24, 
                    "value": 1317
                }, 
                {
                    "disposition": "Aplications Denied", 
                    "count": 43, 
                    "value": 2998
                }, 
                {
                    "disposition": "Applications Withdrawn", 
                    "count": 1, 
                    "value": 98
                }, 
                {
                    "disposition": "Files Closed For Incompleteness", 
                    "count": 1, 
                    "value": 62
                }
            ], 
            "genders": [
                {
                    "gender": "Male", 
                    "dispositions": [
                        {
                            "disposition": "Applications Received", 
                            "count": 17, 
                            "value": 850
                        }, 
                        {
                            "disposition": "Loans Originated", 
                            "count": 4, 
                            "value": 125
                        }, 
                        {
                            "disposition": "Apps. Approved But Not Accepted", 
                            "count": 4, 
                            "value": 174
                        }, 
                        {
                            "disposition": "Aplications Denied", 
                            "count": 8, 
                            "value": 489
                        }, 
                        {
                            "disposition": "Applications Withdrawn", 
                            "count": 0, 
                            "value": 0
                        }, 
                        {
                            "disposition": "Files Closed For Incompleteness", 
                            "count": 1, 
                            "value": 62
                        }
                    ]
                }, 
                {
                    "gender": "Female", 
                    "dispositions": [
                        {
                            "disposition": "Applications Received", 
                            "count": 45, 
                            "value": 2725
                        }, 
                        {
                            "disposition": "Loans Originated", 
                            "count": 6, 
                            "value": 338
                        }, 
                        {
                            "disposition": "Apps. Approved But Not Accepted", 
                            "count": 12, 
                            "value": 618
                        }, 
                        {
                            "disposition": "Aplications Denied", 
                            "count": 27, 
                            "value": 1769
                        }, 
                        {
                            "disposition": "Applications Withdrawn", 
                            "count": 0, 
                            "value": 0
                        }, 
                        {
                            "disposition": "Files Closed For Incompleteness", 
                            "count": 0, 
                            "value": 0
                        }
                    ]
                }, 
                {
                    "gender": "Joint (Male/Female)", 
                    "dispositions": [
                        {
                            "disposition": "Applications Received", 
                            "count": 16, 
                            "value": 1323
                        }, 
                        {
                            "disposition": "Loans Originated", 
                            "count": 0, 
                            "value": 0
                        }, 
                        {
                            "disposition": "Apps. Approved But Not Accepted", 
                            "count": 8, 
                            "value": 525
                        }, 
                        {
                            "disposition": "Aplications Denied", 
                            "count": 7, 
                            "value": 700
                        }, 
                        {
                            "disposition": "Applications Withdrawn", 
                            "count": 1, 
                            "value": 98
                        }, 
                        {
                            "disposition": "Files Closed For Incompleteness", 
                            "count": 0, 
                            "value": 0
                        }
                    ]
                }
            ]
        }, 
        {
            "race": "Black or African American", 
            "dispositions": [
                {
                    "disposition": "Applications Received", 
                    "count": 5, 
                    "value": 569
                }, 
                {
                    "disposition": "Loans Originated", 
                    "count": 2, 
                    "value": 149
                }, 
                {
                    "disposition": "Apps. Approved But Not Accepted", 
                    "count": 1, 
                    "value": 188
                }, 
                {
                    "disposition": "Aplications Denied", 
                    "count": 1, 
                    "value": 111
                }, 
                {
                    "disposition": "Applications Withdrawn", 
                    "count": 0, 
                    "value": 0
                }, 
                {
                    "disposition": "Files Closed For Incompleteness", 
                    "count": 1, 
                    "value": 121
                }
            ], 
            "genders": [
                {
                    "gender": "Male", 
                    "dispositions": [
                        {
                            "disposition": "Applications Received", 
                            "count": 2, 
                            "value": 309
                        }, 
                        {
                            "disposition": "Loans Originated", 
                            "count": 0, 
                            "value": 0
                        }, 
                        {
                            "disposition": "Apps. Approved But Not Accepted", 
                            "count": 1, 
                            "value": 188
                        }, 
                        {
                            "disposition": "Aplications Denied", 
                            "count": 0, 
                            "value": 0
                        }, 
                        {
                            "disposition": "Applications Withdrawn", 
                            "count": 0, 
                            "value": 0
                        }, 
                        {
                            "disposition": "Files Closed For Incompleteness", 
                            "count": 1, 
                            "value": 121
                        }
                    ]
                }, 
                {
                    "gender": "Female", 
                    "dispositions": [
                        {
                            "disposition": "Applications Received", 
                            "count": 2, 
                            "value": 149
                        }, 
                        {
                            "disposition": "Loans Originated", 
                            "count": 2, 
                            "value": 149
                        }, 
                        {
                            "disposition": "Apps. Approved But Not Accepted", 
                            "count": 0, 
                            "value": 0
                        }, 
                        {
                            "disposition": "Aplications Denied", 
                            "count": 0, 
                            "value": 0
                        }, 
                        {
                            "disposition": "Applications Withdrawn", 
                            "count": 0, 
                            "value": 0
                        }, 
                        {
                            "disposition": "Files Closed For Incompleteness", 
                            "count": 0, 
                            "value": 0
                        }
                    ]
                }, 
                {
                    "gender": "Joint (Male/Female)", 
                    "dispositions": [
                        {
                            "disposition": "Applications Received", 
                            "count": 1, 
                            "value": 111
                        }, 
                        {
                            "disposition": "Loans Originated", 
                            "count": 0, 
                            "value": 0
                        }, 
                        {
                            "disposition": "Apps. Approved But Not Accepted", 
                            "count": 0, 
                            "value": 0
                        }, 
                        {
                            "disposition": "Aplications Denied", 
                            "count": 1, 
                            "value": 111
                        }, 
                        {
                            "disposition": "Applications Withdrawn", 
                            "count": 0, 
                            "value": 0
                        }, 
                        {
                            "disposition": "Files Closed For Incompleteness", 
                            "count": 0, 
                            "value": 0
                        }
                    ]
                }
            ]
        }, 
        {
            "race": "Native Hawaiian or Other Pacific Islander", 
            "dispositions": [
                {
                    "disposition": "Applications Received", 
                    "count": 12, 
                    "value": 1227
                }, 
                {
                    "disposition": "Loans Originated", 
                    "count": 3, 
                    "value": 353
                }, 
                {
                    "disposition": "Apps. Approved But Not Accepted", 
                    "count": 1, 
                    "value": 120
                }, 
                {
                    "disposition": "Aplications Denied", 
                    "count": 8, 
                    "value": 754
                }, 
                {
                    "disposition": "Applications Withdrawn", 
                    "count": 0, 
                    "value": 0
                }, 
                {
                    "disposition": "Files Closed For Incompleteness", 
                    "count": 0, 
                    "value": 0
                }
            ], 
            "genders": [
                {
                    "gender": "Male", 
                    "dispositions": [
                        {
                            "disposition": "Applications Received", 
                            "count": 4, 
                            "value": 470
                        }, 
                        {
                            "disposition": "Loans Originated", 
                            "count": 1, 
                            "value": 143
                        }, 
                        {
                            "disposition": "Apps. Approved But Not Accepted", 
                            "count": 0, 
                            "value": 0
                        }, 
                        {
                            "disposition": "Aplications Denied", 
                            "count": 3, 
                            "value": 327
                        }, 
                        {
                            "disposition": "Applications Withdrawn", 
                            "count": 0, 
                            "value": 0
                        }, 
                        {
                            "disposition": "Files Closed For Incompleteness", 
                            "count": 0, 
                            "value": 0
                        }
                    ]
                }, 
                {
                    "gender": "Female", 
                    "dispositions": [
                        {
                            "disposition": "Applications Received", 
                            "count": 3, 
                            "value": 292
                        }, 
                        {
                            "disposition": "Loans Originated", 
                            "count": 0, 
                            "value": 0
                        }, 
                        {
                            "disposition": "Apps. Approved But Not Accepted", 
                            "count": 0, 
                            "value": 0
                        }, 
                        {
                            "disposition": "Aplications Denied", 
                            "count": 3, 
                            "value": 292
                        }, 
                        {
                            "disposition": "Applications Withdrawn", 
                            "count": 0, 
                            "value": 0
                        }, 
                        {
                            "disposition": "Files Closed For Incompleteness", 
                            "count": 0, 
                            "value": 0
                        }
                    ]
                }, 
                {
                    "gender": "Joint (Male/Female)", 
                    "dispositions": [
                        {
                            "disposition": "Applications Received", 
                            "count": 4, 
                            "value": 345
                        }, 
                        {
                            "disposition": "Loans Originated", 
                            "count": 2, 
                            "value": 210
                        }, 
                        {
                            "disposition": "Apps. Approved But Not Accepted", 
                            "count": 0, 
                            "value": 0
                        }, 
                        {
                            "disposition": "Aplications Denied", 
                            "count": 2, 
                            "value": 135
                        }, 
                        {
                            "disposition": "Applications Withdrawn", 
                            "count": 0, 
                            "value": 0
                        }, 
                        {
                            "disposition": "Files Closed For Incompleteness", 
                            "count": 0, 
                            "value": 0
                        }
                    ]
                }
            ]
        }, 
        {
            "race": "White", 
            "dispositions": [
                {
                    "disposition": "Applications Received", 
                    "count": 3, 
                    "value": 234
                }, 
                {
                    "disposition": "Loans Originated", 
                    "count": 0, 
                    "value": 0
                }, 
                {
                    "disposition": "Apps. Approved But Not Accepted", 
                    "count": 1, 
                    "value": 31
                }, 
                {
                    "disposition": "Aplications Denied", 
                    "count": 2, 
                    "value": 203
                }, 
                {
                    "disposition": "Applications Withdrawn", 
                    "count": 0, 
                    "value": 0
                }, 
                {
                    "disposition": "Files Closed For Incompleteness", 
                    "count": 0, 
                    "value": 0
                }
            ], 
            "genders": [
                {
                    "gender": "Male", 
                    "dispositions": [
                        {
                            "disposition": "Applications Received", 
                            "count": 1, 
                            "value": 72
                        }, 
                        {
                            "disposition": "Loans Originated", 
                            "count": 0, 
                            "value": 0
                        }, 
                        {
                            "disposition": "Apps. Approved But Not Accepted", 
                            "count": 0, 
                            "value": 0
                        }, 
                        {
                            "disposition": "Aplications Denied", 
                            "count": 1, 
                            "value": 72
                        }, 
                        {
                            "disposition": "Applications Withdrawn", 
                            "count": 0, 
                            "value": 0
                        }, 
                        {
                            "disposition": "Files Closed For Incompleteness", 
                            "count": 0, 
                            "value": 0
                        }
                    ]
                }, 
                {
                    "gender": "Female", 
                    "dispositions": [
                        {
                            "disposition": "Applications Received", 
                            "count": 1, 
                            "value": 31
                        }, 
                        {
                            "disposition": "Loans Originated", 
                            "count": 0, 
                            "value": 0
                        }, 
                        {
                            "disposition": "Apps. Approved But Not Accepted", 
                            "count": 1, 
                            "value": 31
                        }, 
                        {
                            "disposition": "Aplications Denied", 
                            "count": 0, 
                            "value": 0
                        }, 
                        {
                            "disposition": "Applications Withdrawn", 
                            "count": 0, 
                            "value": 0
                        }, 
                        {
                            "disposition": "Files Closed For Incompleteness", 
                            "count": 0, 
                            "value": 0
                        }
                    ]
                }, 
                {
                    "gender": "Joint (Male/Female)", 
                    "dispositions": [
                        {
                            "disposition": "Applications Received", 
                            "count": 0, 
                            "value": 0
                        }, 
                        {
                            "disposition": "Loans Originated", 
                            "count": 0, 
                            "value": 0
                        }, 
                        {
                            "disposition": "Apps. Approved But Not Accepted", 
                            "count": 0, 
                            "value": 0
                        }, 
                        {
                            "disposition": "Aplications Denied", 
                            "count": 0, 
                            "value": 0
                        }, 
                        {
                            "disposition": "Applications Withdrawn", 
                            "count": 0, 
                            "value": 0
                        }, 
                        {
                            "disposition": "Files Closed For Incompleteness", 
                            "count": 0, 
                            "value": 0
                        }
                    ]
                }
            ]
        }, 
        {
            "race": "2 or more minority races", 
            "dispositions": [
                {
                    "disposition": "Applications Received", 
                    "count": 1123, 
                    "value": 89505
                }, 
                {
                    "disposition": "Loans Originated", 
                    "count": 440, 
                    "value": 37573
                }, 
                {
                    "disposition": "Apps. Approved But Not Accepted", 
                    "count": 117, 
                    "value": 8013
                }, 
                {
                    "disposition": "Aplications Denied", 
                    "count": 448, 
                    "value": 33398
                }, 
                {
                    "disposition": "Applications Withdrawn", 
                    "count": 84, 
                    "value": 7805
                }, 
                {
                    "disposition": "Files Closed For Incompleteness", 
                    "count": 34, 
                    "value": 2716
                }
            ], 
            "genders": [
                {
                    "gender": "Male", 
                    "dispositions": [
                        {
                            "disposition": "Applications Received", 
                            "count": 354, 
                            "value": 27279
                        }, 
                        {
                            "disposition": "Loans Originated", 
                            "count": 127, 
                            "value": 10677
                        }, 
                        {
                            "disposition": "Apps. Approved But Not Accepted", 
                            "count": 45, 
                            "value": 3096
                        }, 
                        {
                            "disposition": "Aplications Denied", 
                            "count": 136, 
                            "value": 10039
                        }, 
                        {
                            "disposition": "Applications Withdrawn", 
                            "count": 29, 
                            "value": 2126
                        }, 
                        {
                            "disposition": "Files Closed For Incompleteness", 
                            "count": 17, 
                            "value": 1341
                        }
                    ]
                }, 
                {
                    "gender": "Female", 
                    "dispositions": [
                        {
                            "disposition": "Applications Received", 
                            "count": 306, 
                            "value": 20582
                        }, 
                        {
                            "disposition": "Loans Originated", 
                            "count": 111, 
                            "value": 8300
                        }, 
                        {
                            "disposition": "Apps. Approved But Not Accepted", 
                            "count": 30, 
                            "value": 1482
                        }, 
                        {
                            "disposition": "Aplications Denied", 
                            "count": 141, 
                            "value": 8929
                        }, 
                        {
                            "disposition": "Applications Withdrawn", 
                            "count": 18, 
                            "value": 1509
                        }, 
                        {
                            "disposition": "Files Closed For Incompleteness", 
                            "count": 6, 
                            "value": 362
                        }
                    ]
                }, 
                {
                    "gender": "Joint (Male/Female)", 
                    "dispositions": [
                        {
                            "disposition": "Applications Received", 
                            "count": 453, 
                            "value": 40779
                        }, 
                        {
                            "disposition": "Loans Originated", 
                            "count": 202, 
                            "value": 18596
                        }, 
                        {
                            "disposition": "Apps. Approved But Not Accepted", 
                            "count": 39, 
                            "value": 3117
                        }, 
                        {
                            "disposition": "Aplications Denied", 
                            "count": 165, 
                            "value": 13950
                        }, 
                        {
                            "disposition": "Applications Withdrawn", 
                            "count": 36, 
                            "value": 4103
                        }, 
                        {
                            "disposition": "Files Closed For Incompleteness", 
                            "count": 11, 
                            "value": 1013
                        }
                    ]
                }
            ]
        }, 
        {
            "race": "Joint (White/Minority Race", 
            "dispositions": [
                {
                    "disposition": "Applications Received", 
                    "count": 18, 
                    "value": 1652
                }, 
                {
                    "disposition": "Loans Originated", 
                    "count": 6, 
                    "value": 563
                }, 
                {
                    "disposition": "Apps. Approved But Not Accepted", 
                    "count": 3, 
                    "value": 285
                }, 
                {
                    "disposition": "Aplications Denied", 
                    "count": 8, 
                    "value": 723
                }, 
                {
                    "disposition": "Applications Withdrawn", 
                    "count": 1, 
                    "value": 81
                }, 
                {
                    "disposition": "Files Closed For Incompleteness", 
                    "count": 0, 
                    "value": 0
                }
            ], 
            "genders": [
                {
                    "gender": "Male", 
                    "dispositions": [
                        {
                            "disposition": "Applications Received", 
                            "count": 0, 
                            "value": 0
                        }, 
                        {
                            "disposition": "Loans Originated", 
                            "count": 0, 
                            "value": 0
                        }, 
                        {
                            "disposition": "Apps. Approved But Not Accepted", 
                            "count": 0, 
                            "value": 0
                        }, 
                        {
                            "disposition": "Aplications Denied", 
                            "count": 0, 
                            "value": 0
                        }, 
                        {
                            "disposition": "Applications Withdrawn", 
                            "count": 0, 
                            "value": 0
                        }, 
                        {
                            "disposition": "Files Closed For Incompleteness", 
                            "count": 0, 
                            "value": 0
                        }
                    ]
                }, 
                {
                    "gender": "Female", 
                    "dispositions": [
                        {
                            "disposition": "Applications Received", 
                            "count": 0, 
                            "value": 0
                        }, 
                        {
                            "disposition": "Loans Originated", 
                            "count": 0, 
                            "value": 0
                        }, 
                        {
                            "disposition": "Apps. Approved But Not Accepted", 
                            "count": 0, 
                            "value": 0
                        }, 
                        {
                            "disposition": "Aplications Denied", 
                            "count": 0, 
                            "value": 0
                        }, 
                        {
                            "disposition": "Applications Withdrawn", 
                            "count": 0, 
                            "value": 0
                        }, 
                        {
                            "disposition": "Files Closed For Incompleteness", 
                            "count": 0, 
                            "value": 0
                        }
                    ]
                }, 
                {
                    "gender": "Joint (Male/Female)", 
                    "dispositions": [
                        {
                            "disposition": "Applications Received", 
                            "count": 18, 
                            "value": 1652
                        }, 
                        {
                            "disposition": "Loans Originated", 
                            "count": 6, 
                            "value": 563
                        }, 
                        {
                            "disposition": "Apps. Approved But Not Accepted", 
                            "count": 3, 
                            "value": 285
                        }, 
                        {
                            "disposition": "Aplications Denied", 
                            "count": 8, 
                            "value": 723
                        }, 
                        {
                            "disposition": "Applications Withdrawn", 
                            "count": 1, 
                            "value": 81
                        }, 
                        {
                            "disposition": "Files Closed For Incompleteness", 
                            "count": 0, 
                            "value": 0
                        }
                    ]
                }
            ]
        }, 
        {
            "race": "Not Available", 
            "dispositions": [
                {
                    "disposition": "Applications Received", 
                    "count": 354, 
                    "value": 29591
                }, 
                {
                    "disposition": "Loans Originated", 
                    "count": 58, 
                    "value": 4738
                }, 
                {
                    "disposition": "Apps. Approved But Not Accepted", 
                    "count": 59, 
                    "value": 4267
                }, 
                {
                    "disposition": "Aplications Denied", 
                    "count": 217, 
                    "value": 18739
                }, 
                {
                    "disposition": "Applications Withdrawn", 
                    "count": 14, 
                    "value": 1233
                }, 
                {
                    "disposition": "Files Closed For Incompleteness", 
                    "count": 6, 
                    "value": 614
                }
            ], 
            "genders": [
                {
                    "gender": "Male", 
                    "dispositions": [
                        {
                            "disposition": "Applications Received", 
                            "count": 94, 
                            "value": 8136
                        }, 
                        {
                            "disposition": "Loans Originated", 
                            "count": 13, 
                            "value": 984
                        }, 
                        {
                            "disposition": "Apps. Approved But Not Accepted", 
                            "count": 12, 
                            "value": 1060
                        }, 
                        {
                            "disposition": "Aplications Denied", 
                            "count": 65, 
                            "value": 5779
                        }, 
                        {
                            "disposition": "Applications Withdrawn", 
                            "count": 4, 
                            "value": 313
                        }, 
                        {
                            "disposition": "Files Closed For Incompleteness", 
                            "count": 0, 
                            "value": 0
                        }
                    ]
                }, 
                {
                    "gender": "Female", 
                    "dispositions": [
                        {
                            "disposition": "Applications Received", 
                            "count": 61, 
                            "value": 4535
                        }, 
                        {
                            "disposition": "Loans Originated", 
                            "count": 9, 
                            "value": 754
                        }, 
                        {
                            "disposition": "Apps. Approved But Not Accepted", 
                            "count": 9, 
                            "value": 528
                        }, 
                        {
                            "disposition": "Aplications Denied", 
                            "count": 39, 
                            "value": 3018
                        }, 
                        {
                            "disposition": "Applications Withdrawn", 
                            "count": 4, 
                            "value": 235
                        }, 
                        {
                            "disposition": "Files Closed For Incompleteness", 
                            "count": 0, 
                            "value": 0
                        }
                    ]
                }, 
                {
                    "gender": "Joint (Male/Female)", 
                    "dispositions": [
                        {
                            "disposition": "Applications Received", 
                            "count": 100, 
                            "value": 8940
                        }, 
                        {
                            "disposition": "Loans Originated", 
                            "count": 7, 
                            "value": 533
                        }, 
                        {
                            "disposition": "Apps. Approved But Not Accepted", 
                            "count": 17, 
                            "value": 1176
                        }, 
                        {
                            "disposition": "Aplications Denied", 
                            "count": 72, 
                            "value": 6835
                        }, 
                        {
                            "disposition": "Applications Withdrawn", 
                            "count": 3, 
                            "value": 318
                        }, 
                        {
                            "disposition": "Files Closed For Incompleteness", 
                            "count": 1, 
                            "value": 78
                        }
                    ]
                }
            ]
        }
    ], 
    "ethnicities": [
        {
            "ethnicity": "Hispanic or Latino", 
            "dispositions": [
                {
                    "disposition": "Applications Received", 
                    "count": 426, 
                    "value": 33496
                }, 
                {
                    "disposition": "Loans Originated", 
                    "count": 69, 
                    "value": 5048
                }, 
                {
                    "disposition": "Apps. Approved But Not Accepted", 
                    "count": 41, 
                    "value": 2830
                }, 
                {
                    "disposition": "Aplications Denied", 
                    "count": 291, 
                    "value": 23768
                }, 
                {
                    "disposition": "Applications Withdrawn", 
                    "count": 15, 
                    "value": 956
                }, 
                {
                    "disposition": "Files Closed For Incompleteness", 
                    "count": 10, 
                    "value": 894
                }
            ], 
            "genders": [
                {
                    "gender": "Male", 
                    "dispositions": [
                        {
                            "disposition": "Applications Received", 
                            "count": 149, 
                            "value": 149
                        }, 
                        {
                            "disposition": "Loans Originated", 
                            "count": 28, 
                            "value": 1724
                        }, 
                        {
                            "disposition": "Apps. Approved But Not Accepted", 
                            "count": 13, 
                            "value": 878
                        }, 
                        {
                            "disposition": "Aplications Denied", 
                            "count": 94, 
                            "value": 7753
                        }, 
                        {
                            "disposition": "Applications Withdrawn", 
                            "count": 9, 
                            "value": 604
                        }, 
                        {
                            "disposition": "Files Closed For Incompleteness", 
                            "count": 5, 
                            "value": 493
                        }
                    ]
                }, 
                {
                    "gender": "Female", 
                    "dispositions": [
                        {
                            "disposition": "Applications Received", 
                            "count": 130, 
                            "value": 130
                        }, 
                        {
                            "disposition": "Loans Originated", 
                            "count": 22, 
                            "value": 1508
                        }, 
                        {
                            "disposition": "Apps. Approved But Not Accepted", 
                            "count": 12, 
                            "value": 737
                        }, 
                        {
                            "disposition": "Aplications Denied", 
                            "count": 90, 
                            "value": 5903
                        }, 
                        {
                            "disposition": "Applications Withdrawn", 
                            "count": 4, 
                            "value": 246
                        }, 
                        {
                            "disposition": "Files Closed For Incompleteness", 
                            "count": 2, 
                            "value": 136
                        }
                    ]
                }, 
                {
                    "gender": "Joint (Male/Female)", 
                    "dispositions": [
                        {
                            "disposition": "Applications Received", 
                            "count": 139, 
                            "value": 139
                        }, 
                        {
                            "disposition": "Loans Originated", 
                            "count": 19, 
                            "value": 1816
                        }, 
                        {
                            "disposition": "Apps. Approved But Not Accepted", 
                            "count": 13, 
                            "value": 829
                        }, 
                        {
                            "disposition": "Aplications Denied", 
                            "count": 102, 
                            "value": 9570
                        }, 
                        {
                            "disposition": "Applications Withdrawn", 
                            "count": 2, 
                            "value": 106
                        }, 
                        {
                            "disposition": "Files Closed For Incompleteness", 
                            "count": 3, 
                            "value": 265
                        }
                    ]
                }
            ]
        }, 
        {
            "ethnicity": "Not Hispanic or Latino", 
            "dispositions": [
                {
                    "disposition": "Applications Received", 
                    "count": 901, 
                    "value": 72625
                }, 
                {
                    "disposition": "Loans Originated", 
                    "count": 382, 
                    "value": 32663
                }, 
                {
                    "disposition": "Apps. Approved But Not Accepted", 
                    "count": 109, 
                    "value": 7464
                }, 
                {
                    "disposition": "Aplications Denied", 
                    "count": 312, 
                    "value": 23663
                }, 
                {
                    "disposition": "Applications Withdrawn", 
                    "count": 72, 
                    "value": 6870
                }, 
                {
                    "disposition": "Files Closed For Incompleteness", 
                    "count": 26, 
                    "value": 1965
                }
            ], 
            "genders": [
                {
                    "gender": "Male", 
                    "dispositions": [
                        {
                            "disposition": "Applications Received", 
                            "count": 286, 
                            "value": 286
                        }, 
                        {
                            "disposition": "Loans Originated", 
                            "count": 110, 
                            "value": 9505
                        }, 
                        {
                            "disposition": "Apps. Approved But Not Accepted", 
                            "count": 38, 
                            "value": 2728
                        }, 
                        {
                            "disposition": "Aplications Denied", 
                            "count": 100, 
                            "value": 7558
                        }, 
                        {
                            "disposition": "Applications Withdrawn", 
                            "count": 24, 
                            "value": 1848
                        }, 
                        {
                            "disposition": "Files Closed For Incompleteness", 
                            "count": 14, 
                            "value": 1031
                        }
                    ]
                }, 
                {
                    "gender": "Female", 
                    "dispositions": [
                        {
                            "disposition": "Applications Received", 
                            "count": 245, 
                            "value": 245
                        }, 
                        {
                            "disposition": "Loans Originated", 
                            "count": 96, 
                            "value": 7379
                        }, 
                        {
                            "disposition": "Apps. Approved But Not Accepted", 
                            "count": 31, 
                            "value": 1493
                        }, 
                        {
                            "disposition": "Aplications Denied", 
                            "count": 98, 
                            "value": 6600
                        }, 
                        {
                            "disposition": "Applications Withdrawn", 
                            "count": 16, 
                            "value": 1439
                        }, 
                        {
                            "disposition": "Files Closed For Incompleteness", 
                            "count": 4, 
                            "value": 226
                        }
                    ]
                }, 
                {
                    "gender": "Joint (Male/Female)", 
                    "dispositions": [
                        {
                            "disposition": "Applications Received", 
                            "count": 362, 
                            "value": 362
                        }, 
                        {
                            "disposition": "Loans Originated", 
                            "count": 174, 
                            "value": 15593
                        }, 
                        {
                            "disposition": "Apps. Approved But Not Accepted", 
                            "count": 39, 
                            "value": 3223
                        }, 
                        {
                            "disposition": "Aplications Denied", 
                            "count": 110, 
                            "value": 9187
                        }, 
                        {
                            "disposition": "Applications Withdrawn", 
                            "count": 31, 
                            "value": 3516
                        }, 
                        {
                            "disposition": "Files Closed For Incompleteness", 
                            "count": 8, 
                            "value": 708
                        }
                    ]
                }
            ]
        }, 
        {
            "ethnicity": "Joint (Hispanic or Latino/Not Hispanic or Latino", 
            "dispositions": [
                {
                    "disposition": "Applications Received", 
                    "count": 49, 
                    "value": 4790
                }, 
                {
                    "disposition": "Loans Originated", 
                    "count": 19, 
                    "value": 1995
                }, 
                {
                    "disposition": "Apps. Approved But Not Accepted", 
                    "count": 8, 
                    "value": 523
                }, 
                {
                    "disposition": "Aplications Denied", 
                    "count": 16, 
                    "value": 1464
                }, 
                {
                    "disposition": "Applications Withdrawn", 
                    "count": 5, 
                    "value": 690
                }, 
                {
                    "disposition": "Files Closed For Incompleteness", 
                    "count": 1, 
                    "value": 118
                }
            ], 
            "genders": [
                {
                    "gender": "Male", 
                    "dispositions": [
                        {
                            "disposition": "Applications Received", 
                            "count": 1, 
                            "value": 1
                        }, 
                        {
                            "disposition": "Loans Originated", 
                            "count": 0, 
                            "value": 0
                        }, 
                        {
                            "disposition": "Apps. Approved But Not Accepted", 
                            "count": 1, 
                            "value": 100
                        }, 
                        {
                            "disposition": "Aplications Denied", 
                            "count": 0, 
                            "value": 0
                        }, 
                        {
                            "disposition": "Applications Withdrawn", 
                            "count": 0, 
                            "value": 0
                        }, 
                        {
                            "disposition": "Files Closed For Incompleteness", 
                            "count": 0, 
                            "value": 0
                        }
                    ]
                }, 
                {
                    "gender": "Female", 
                    "dispositions": [
                        {
                            "disposition": "Applications Received", 
                            "count": 0, 
                            "value": 0
                        }, 
                        {
                            "disposition": "Loans Originated", 
                            "count": 0, 
                            "value": 0
                        }, 
                        {
                            "disposition": "Apps. Approved But Not Accepted", 
                            "count": 0, 
                            "value": 0
                        }, 
                        {
                            "disposition": "Aplications Denied", 
                            "count": 0, 
                            "value": 0
                        }, 
                        {
                            "disposition": "Applications Withdrawn", 
                            "count": 0, 
                            "value": 0
                        }, 
                        {
                            "disposition": "Files Closed For Incompleteness", 
                            "count": 0, 
                            "value": 0
                        }
                    ]
                }, 
                {
                    "gender": "Joint (Male/Female)", 
                    "dispositions": [
                        {
                            "disposition": "Applications Received", 
                            "count": 48, 
                            "value": 48
                        }, 
                        {
                            "disposition": "Loans Originated", 
                            "count": 19, 
                            "value": 1995
                        }, 
                        {
                            "disposition": "Apps. Approved But Not Accepted", 
                            "count": 7, 
                            "value": 423
                        }, 
                        {
                            "disposition": "Aplications Denied", 
                            "count": 16, 
                            "value": 1464
                        }, 
                        {
                            "disposition": "Applications Withdrawn", 
                            "count": 5, 
                            "value": 690
                        }, 
                        {
                            "disposition": "Files Closed For Incompleteness", 
                            "count": 1, 
                            "value": 118
                        }
                    ]
                }
            ]
        }, 
        {
            "ethnicity": "Ethnicity Not Available", 
            "dispositions": [
                {
                    "disposition": "Applications Received", 
                    "count": 222, 
                    "value": 17156
                }, 
                {
                    "disposition": "Loans Originated", 
                    "count": 50, 
                    "value": 4202
                }, 
                {
                    "disposition": "Apps. Approved But Not Accepted", 
                    "count": 48, 
                    "value": 3404
                }, 
                {
                    "disposition": "Aplications Denied", 
                    "count": 109, 
                    "value": 8085
                }, 
                {
                    "disposition": "Applications Withdrawn", 
                    "count": 10, 
                    "value": 929
                }, 
                {
                    "disposition": "Files Closed For Incompleteness", 
                    "count": 5, 
                    "value": 536
                }
            ], 
            "genders": [
                {
                    "gender": "Male", 
                    "dispositions": [
                        {
                            "disposition": "Applications Received", 
                            "count": 37, 
                            "value": 37
                        }, 
                        {
                            "disposition": "Loans Originated", 
                            "count": 7, 
                            "value": 700
                        }, 
                        {
                            "disposition": "Apps. Approved But Not Accepted", 
                            "count": 10, 
                            "value": 812
                        }, 
                        {
                            "disposition": "Aplications Denied", 
                            "count": 19, 
                            "value": 1395
                        }, 
                        {
                            "disposition": "Applications Withdrawn", 
                            "count": 1, 
                            "value": 97
                        }, 
                        {
                            "disposition": "Files Closed For Incompleteness", 
                            "count": 0, 
                            "value": 0
                        }
                    ]
                }, 
                {
                    "gender": "Female", 
                    "dispositions": [
                        {
                            "disposition": "Applications Received", 
                            "count": 45, 
                            "value": 45
                        }, 
                        {
                            "disposition": "Loans Originated", 
                            "count": 10, 
                            "value": 654
                        }, 
                        {
                            "disposition": "Apps. Approved But Not Accepted", 
                            "count": 9, 
                            "value": 429
                        }, 
                        {
                            "disposition": "Aplications Denied", 
                            "count": 23, 
                            "value": 1559
                        }, 
                        {
                            "disposition": "Applications Withdrawn", 
                            "count": 3, 
                            "value": 177
                        }, 
                        {
                            "disposition": "Files Closed For Incompleteness", 
                            "count": 0, 
                            "value": 0
                        }
                    ]
                }, 
                {
                    "gender": "Joint (Male/Female)", 
                    "dispositions": [
                        {
                            "disposition": "Applications Received", 
                            "count": 44, 
                            "value": 44
                        }, 
                        {
                            "disposition": "Loans Originated", 
                            "count": 6, 
                            "value": 567
                        }, 
                        {
                            "disposition": "Apps. Approved But Not Accepted", 
                            "count": 8, 
                            "value": 628
                        }, 
                        {
                            "disposition": "Aplications Denied", 
                            "count": 27, 
                            "value": 2233
                        }, 
                        {
                            "disposition": "Applications Withdrawn", 
                            "count": 3, 
                            "value": 288
                        }, 
                        {
                            "disposition": "Files Closed For Incompleteness", 
                            "count": 0, 
                            "value": 0
                        }
                    ]
                }
            ]
        }
    ], 
    "minoritystatuses": [
        {
            "minoritystatus": "White Non-Hispanic", 
            "dispositions": [
                {
                    "disposition": "Applications Received", 
                    "count": 1017, 
                    "value": 81940
                }, 
                {
                    "disposition": "Loans Originated", 
                    "count": 413, 
                    "value": 35400
                }, 
                {
                    "disposition": "Apps. Approved But Not Accepted", 
                    "count": 129, 
                    "value": 9096
                }, 
                {
                    "disposition": "Aplications Denied", 
                    "count": 367, 
                    "value": 27624
                }, 
                {
                    "disposition": "Applications Withdrawn", 
                    "count": 79, 
                    "value": 7502
                }, 
                {
                    "disposition": "Files Closed For Incompleteness", 
                    "count": 29, 
                    "value": 2318
                }
            ], 
            "genders": [
                {
                    "gender": "Male", 
                    "dispositions": [
                        {
                            "disposition": "Applications Received", 
                            "count": 24282, 
                            "value": 0
                        }, 
                        {
                            "disposition": "Loans Originated", 
                            "count": 113, 
                            "value": 9942
                        }, 
                        {
                            "disposition": "Apps. Approved But Not Accepted", 
                            "count": 43, 
                            "value": 3178
                        }, 
                        {
                            "disposition": "Aplications Denied", 
                            "count": 108, 
                            "value": 8068
                        }, 
                        {
                            "disposition": "Applications Withdrawn", 
                            "count": 25, 
                            "value": 1945
                        }, 
                        {
                            "disposition": "Files Closed For Incompleteness", 
                            "count": 12, 
                            "value": 848
                        }
                    ]
                }, 
                {
                    "gender": "Female", 
                    "dispositions": [
                        {
                            "disposition": "Applications Received", 
                            "count": 17099, 
                            "value": 0
                        }, 
                        {
                            "disposition": "Loans Originated", 
                            "count": 99, 
                            "value": 7605
                        }, 
                        {
                            "disposition": "Apps. Approved But Not Accepted", 
                            "count": 27, 
                            "value": 1273
                        }, 
                        {
                            "disposition": "Aplications Denied", 
                            "count": 94, 
                            "value": 6255
                        }, 
                        {
                            "disposition": "Applications Withdrawn", 
                            "count": 18, 
                            "value": 1498
                        }, 
                        {
                            "disposition": "Files Closed For Incompleteness", 
                            "count": 4, 
                            "value": 226
                        }
                    ]
                }, 
                {
                    "gender": "Joint (Male/Female)", 
                    "dispositions": [
                        {
                            "disposition": "Applications Received", 
                            "count": 33437, 
                            "value": 0
                        }, 
                        {
                            "disposition": "Loans Originated", 
                            "count": 172, 
                            "value": 15386
                        }, 
                        {
                            "disposition": "Apps. Approved But Not Accepted", 
                            "count": 37, 
                            "value": 3090
                        }, 
                        {
                            "disposition": "Aplications Denied", 
                            "count": 123, 
                            "value": 10256
                        }, 
                        {
                            "disposition": "Applications Withdrawn", 
                            "count": 32, 
                            "value": 3625
                        }, 
                        {
                            "disposition": "Files Closed For Incompleteness", 
                            "count": 8, 
                            "value": 708
                        }
                    ]
                }
            ]
        }, 
        {
            "minoritystatus": "Others, Including Hispanic", 
            "dispositions": [
                {
                    "disposition": "Applications Received", 
                    "count": 581, 
                    "value": 46127
                }, 
                {
                    "disposition": "Loans Originated", 
                    "count": 107, 
                    "value": 8508
                }, 
                {
                    "disposition": "Apps. Approved But Not Accepted", 
                    "count": 77, 
                    "value": 5125
                }, 
                {
                    "disposition": "Aplications Denied", 
                    "count": 361, 
                    "value": 29356
                }, 
                {
                    "disposition": "Applications Withdrawn", 
                    "count": 23, 
                    "value": 1943
                }, 
                {
                    "disposition": "Files Closed For Incompleteness", 
                    "count": 13, 
                    "value": 1195
                }
            ], 
            "genders": [
                {
                    "gender": "Male", 
                    "dispositions": [
                        {
                            "disposition": "Applications Received", 
                            "count": 13417, 
                            "value": 0
                        }, 
                        {
                            "disposition": "Loans Originated", 
                            "count": 32, 
                            "value": 1987
                        }, 
                        {
                            "disposition": "Apps. Approved But Not Accepted", 
                            "count": 19, 
                            "value": 1340
                        }, 
                        {
                            "disposition": "Aplications Denied", 
                            "count": 105, 
                            "value": 8638
                        }, 
                        {
                            "disposition": "Applications Withdrawn", 
                            "count": 9, 
                            "value": 604
                        }, 
                        {
                            "disposition": "Files Closed For Incompleteness", 
                            "count": 7, 
                            "value": 676
                        }
                    ]
                }, 
                {
                    "gender": "Female", 
                    "dispositions": [
                        {
                            "disposition": "Applications Received", 
                            "count": 11807, 
                            "value": 0
                        }, 
                        {
                            "disposition": "Loans Originated", 
                            "count": 29, 
                            "value": 1936
                        }, 
                        {
                            "disposition": "Apps. Approved But Not Accepted", 
                            "count": 25, 
                            "value": 1386
                        }, 
                        {
                            "disposition": "Aplications Denied", 
                            "count": 117, 
                            "value": 7807
                        }, 
                        {
                            "disposition": "Applications Withdrawn", 
                            "count": 5, 
                            "value": 364
                        }, 
                        {
                            "disposition": "Files Closed For Incompleteness", 
                            "count": 2, 
                            "value": 136
                        }
                    ]
                }, 
                {
                    "gender": "Joint (Male/Female)", 
                    "dispositions": [
                        {
                            "disposition": "Applications Received", 
                            "count": 20375, 
                            "value": 0
                        }, 
                        {
                            "disposition": "Loans Originated", 
                            "count": 46, 
                            "value": 4585
                        }, 
                        {
                            "disposition": "Apps. Approved But Not Accepted", 
                            "count": 30, 
                            "value": 2013
                        }, 
                        {
                            "disposition": "Aplications Denied", 
                            "count": 132, 
                            "value": 12198
                        }, 
                        {
                            "disposition": "Applications Withdrawn", 
                            "count": 9, 
                            "value": 975
                        }, 
                        {
                            "disposition": "Files Closed For Incompleteness", 
                            "count": 4, 
                            "value": 383
                        }
                    ]
                }
            ]
        }
    ], 
    "incomes": [
        {
            "income": "Less than 50% of MSA/MD median", 
            "dispositions": [
                {
                    "disposition": "Applications Received", 
                    "count": 423, 
                    "value": 25249
                }, 
                {
                    "disposition": "Loans Originated", 
                    "count": 98, 
                    "value": 5390
                }, 
                {
                    "disposition": "Apps. Approved But Not Accepted", 
                    "count": 40, 
                    "value": 1738
                }, 
                {
                    "disposition": "Aplications Denied", 
                    "count": 259, 
                    "value": 16451
                }, 
                {
                    "disposition": "Applications Withdrawn", 
                    "count": 16, 
                    "value": 1035
                }, 
                {
                    "disposition": "Files Closed For Incompleteness", 
                    "count": 10, 
                    "value": 635
                }
            ]
        }, 
        {
            "income": "50-79% of MSA/MD median", 
            "dispositions": [
                {
                    "disposition": "Applications Received", 
                    "count": 495, 
                    "value": 37040
                }, 
                {
                    "disposition": "Loans Originated", 
                    "count": 136, 
                    "value": 9944
                }, 
                {
                    "disposition": "Apps. Approved But Not Accepted", 
                    "count": 78, 
                    "value": 4736
                }, 
                {
                    "disposition": "Aplications Denied", 
                    "count": 233, 
                    "value": 18571
                }, 
                {
                    "disposition": "Applications Withdrawn", 
                    "count": 31, 
                    "value": 2594
                }, 
                {
                    "disposition": "Files Closed For Incompleteness", 
                    "count": 17, 
                    "value": 1195
                }
            ]
        }, 
        {
            "income": "80-99% of MSA/MD median", 
            "dispositions": [
                {
                    "disposition": "Applications Received", 
                    "count": 187, 
                    "value": 15924
                }, 
                {
                    "disposition": "Loans Originated", 
                    "count": 56, 
                    "value": 4306
                }, 
                {
                    "disposition": "Apps. Approved But Not Accepted", 
                    "count": 28, 
                    "value": 2233
                }, 
                {
                    "disposition": "Aplications Denied", 
                    "count": 89, 
                    "value": 8110
                }, 
                {
                    "disposition": "Applications Withdrawn", 
                    "count": 14, 
                    "value": 1275
                }, 
                {
                    "disposition": "Files Closed For Incompleteness", 
                    "count": 0, 
                    "value": 0
                }
            ]
        }, 
        {
            "income": "100-119% of MSA/MD median", 
            "dispositions": [
                {
                    "disposition": "Applications Received", 
                    "count": 115, 
                    "value": 9540
                }, 
                {
                    "disposition": "Loans Originated", 
                    "count": 37, 
                    "value": 2715
                }, 
                {
                    "disposition": "Apps. Approved But Not Accepted", 
                    "count": 18, 
                    "value": 1630
                }, 
                {
                    "disposition": "Aplications Denied", 
                    "count": 52, 
                    "value": 4589
                }, 
                {
                    "disposition": "Applications Withdrawn", 
                    "count": 6, 
                    "value": 454
                }, 
                {
                    "disposition": "Files Closed For Incompleteness", 
                    "count": 2, 
                    "value": 152
                }
            ]
        }, 
        {
            "income": "120% or more of MSA/MD median", 
            "dispositions": [
                {
                    "disposition": "Applications Received", 
                    "count": 209, 
                    "value": 20687
                }, 
                {
                    "disposition": "Loans Originated", 
                    "count": 77, 
                    "value": 7615
                }, 
                {
                    "disposition": "Apps. Approved But Not Accepted", 
                    "count": 34, 
                    "value": 2970
                }, 
                {
                    "disposition": "Aplications Denied", 
                    "count": 72, 
                    "value": 7169
                }, 
                {
                    "disposition": "Applications Withdrawn", 
                    "count": 22, 
                    "value": 2519
                }, 
                {
                    "disposition": "Files Closed For Incompleteness", 
                    "count": 4, 
                    "value": 414
                }
            ]
        }, 
        {
            "income": "Income not available", 
            "dispositions": [
                {
                    "disposition": "Applications Received", 
                    "count": 169, 
                    "value": 19627
                }, 
                {
                    "disposition": "Loans Originated", 
                    "count": 116, 
                    "value": 13938
                }, 
                {
                    "disposition": "Apps. Approved But Not Accepted", 
                    "count": 8, 
                    "value": 914
                }, 
                {
                    "disposition": "Aplications Denied", 
                    "count": 23, 
                    "value": 2090
                }, 
                {
                    "disposition": "Applications Withdrawn", 
                    "count": 13, 
                    "value": 1568
                }, 
                {
                    "disposition": "Files Closed For Incompleteness", 
                    "count": 9, 
                    "value": 1117
                }
            ]
        }
    ], 
    "total": [
        {
            "disposition": "Applications Received", 
            "count": 0, 
            "value": 0
        }, 
        {
            "disposition": "Loans Originated", 
            "count": 520, 
            "value": 43908
        }, 
        {
            "disposition": "Apps. Approved But Not Accepted", 
            "count": 206, 
            "value": 14221
        }, 
        {
            "disposition": "Aplications Denied", 
            "count": 728, 
            "value": 56980
        }, 
        {
            "disposition": "Applications Withdrawn", 
            "count": 102, 
            "value": 9445
        }, 
        {
            "disposition": "Files Closed For Incompleteness", 
            "count": 42, 
            "value": 3513
        }
    ]
}