{
    "table": "4-7", 
    "type": "Aggregate", 
    "desc": "Disposition of applications for home-purchase, home improvement, or refinancing loans, manufactured home dwellings by race, ethnicity, gender and income of applicant", 
    "year": "2013", 
    "msa": {
        "id": "38060", 
        "name": "Phoenix-Mesa-Glendale", 
        "state": "AZ", 
        "state_name": "Arizona"
    }, 
    "races": [
        {
            "race": "American Indian/Alaska Native", 
            "dispositions": [
                {
                    "disposition": "Applications Received", 
                    "count": 7, 
                    "value": 1341
                }, 
                {
                    "disposition": "Loans Originated", 
                    "count": 3, 
                    "value": 464
                }, 
                {
                    "disposition": "Apps. Approved But Not Accepted", 
                    "count": 1, 
                    "value": 75
                }, 
                {
                    "disposition": "Aplications Denied", 
                    "count": 2, 
                    "value": 660
                }, 
                {
                    "disposition": "Applications Withdrawn", 
                    "count": 0, 
                    "value": 0
                }, 
                {
                    "disposition": "Files Closed For Incompleteness", 
                    "count": 1, 
                    "value": 142
                }
            ], 
            "genders": [
                {
                    "gender": "Male", 
                    "dispositions": [
                        {
                            "disposition": "Applications Received", 
                            "count": 5, 
                            "value": 1124
                        }, 
                        {
                            "disposition": "Loans Originated", 
                            "count": 3, 
                            "value": 464
                        }, 
                        {
                            "disposition": "Apps. Approved But Not Accepted", 
                            "count": 0, 
                            "value": 0
                        }, 
                        {
                            "disposition": "Aplications Denied", 
                            "count": 2, 
                            "value": 660
                        }, 
                        {
                            "disposition": "Applications Withdrawn", 
                            "count": 0, 
                            "value": 0
                        }, 
                        {
                            "disposition": "Files Closed For Incompleteness", 
                            "count": 0, 
                            "value": 0
                        }
                    ]
                }, 
                {
                    "gender": "Female", 
                    "dispositions": [
                        {
                            "disposition": "Applications Received", 
                            "count": 2, 
                            "value": 217
                        }, 
                        {
                            "disposition": "Loans Originated", 
                            "count": 0, 
                            "value": 0
                        }, 
                        {
                            "disposition": "Apps. Approved But Not Accepted", 
                            "count": 1, 
                            "value": 75
                        }, 
                        {
                            "disposition": "Aplications Denied", 
                            "count": 0, 
                            "value": 0
                        }, 
                        {
                            "disposition": "Applications Withdrawn", 
                            "count": 0, 
                            "value": 0
                        }, 
                        {
                            "disposition": "Files Closed For Incompleteness", 
                            "count": 1, 
                            "value": 142
                        }
                    ]
                }, 
                {
                    "gender": "Joint (Male/Female)", 
                    "dispositions": [
                        {
                            "disposition": "Applications Received", 
                            "count": 0, 
                            "value": 0
                        }, 
                        {
                            "disposition": "Loans Originated", 
                            "count": 0, 
                            "value": 0
                        }, 
                        {
                            "disposition": "Apps. Approved But Not Accepted", 
                            "count": 0, 
                            "value": 0
                        }, 
                        {
                            "disposition": "Aplications Denied", 
                            "count": 0, 
                            "value": 0
                        }, 
                        {
                            "disposition": "Applications Withdrawn", 
                            "count": 0, 
                            "value": 0
                        }, 
                        {
                            "disposition": "Files Closed For Incompleteness", 
                            "count": 0, 
                            "value": 0
                        }
                    ]
                }
            ]
        }, 
        {
            "race": "Asian", 
            "dispositions": [
                {
                    "disposition": "Applications Received", 
                    "count": 9, 
                    "value": 2064
                }, 
                {
                    "disposition": "Loans Originated", 
                    "count": 4, 
                    "value": 592
                }, 
                {
                    "disposition": "Apps. Approved But Not Accepted", 
                    "count": 0, 
                    "value": 0
                }, 
                {
                    "disposition": "Aplications Denied", 
                    "count": 3, 
                    "value": 1261
                }, 
                {
                    "disposition": "Applications Withdrawn", 
                    "count": 1, 
                    "value": 128
                }, 
                {
                    "disposition": "Files Closed For Incompleteness", 
                    "count": 1, 
                    "value": 83
                }
            ], 
            "genders": [
                {
                    "gender": "Male", 
                    "dispositions": [
                        {
                            "disposition": "Applications Received", 
                            "count": 1, 
                            "value": 104
                        }, 
                        {
                            "disposition": "Loans Originated", 
                            "count": 1, 
                            "value": 104
                        }, 
                        {
                            "disposition": "Apps. Approved But Not Accepted", 
                            "count": 0, 
                            "value": 0
                        }, 
                        {
                            "disposition": "Aplications Denied", 
                            "count": 0, 
                            "value": 0
                        }, 
                        {
                            "disposition": "Applications Withdrawn", 
                            "count": 0, 
                            "value": 0
                        }, 
                        {
                            "disposition": "Files Closed For Incompleteness", 
                            "count": 0, 
                            "value": 0
                        }
                    ]
                }, 
                {
                    "gender": "Female", 
                    "dispositions": [
                        {
                            "disposition": "Applications Received", 
                            "count": 5, 
                            "value": 475
                        }, 
                        {
                            "disposition": "Loans Originated", 
                            "count": 2, 
                            "value": 179
                        }, 
                        {
                            "disposition": "Apps. Approved But Not Accepted", 
                            "count": 0, 
                            "value": 0
                        }, 
                        {
                            "disposition": "Aplications Denied", 
                            "count": 1, 
                            "value": 85
                        }, 
                        {
                            "disposition": "Applications Withdrawn", 
                            "count": 1, 
                            "value": 128
                        }, 
                        {
                            "disposition": "Files Closed For Incompleteness", 
                            "count": 1, 
                            "value": 83
                        }
                    ]
                }, 
                {
                    "gender": "Joint (Male/Female)", 
                    "dispositions": [
                        {
                            "disposition": "Applications Received", 
                            "count": 3, 
                            "value": 1485
                        }, 
                        {
                            "disposition": "Loans Originated", 
                            "count": 1, 
                            "value": 309
                        }, 
                        {
                            "disposition": "Apps. Approved But Not Accepted", 
                            "count": 0, 
                            "value": 0
                        }, 
                        {
                            "disposition": "Aplications Denied", 
                            "count": 2, 
                            "value": 1176
                        }, 
                        {
                            "disposition": "Applications Withdrawn", 
                            "count": 0, 
                            "value": 0
                        }, 
                        {
                            "disposition": "Files Closed For Incompleteness", 
                            "count": 0, 
                            "value": 0
                        }
                    ]
                }
            ]
        }, 
        {
            "race": "Black or African American", 
            "dispositions": [
                {
                    "disposition": "Applications Received", 
                    "count": 84, 
                    "value": 18875
                }, 
                {
                    "disposition": "Loans Originated", 
                    "count": 49, 
                    "value": 10811
                }, 
                {
                    "disposition": "Apps. Approved But Not Accepted", 
                    "count": 7, 
                    "value": 1143
                }, 
                {
                    "disposition": "Aplications Denied", 
                    "count": 16, 
                    "value": 4362
                }, 
                {
                    "disposition": "Applications Withdrawn", 
                    "count": 8, 
                    "value": 1984
                }, 
                {
                    "disposition": "Files Closed For Incompleteness", 
                    "count": 4, 
                    "value": 575
                }
            ], 
            "genders": [
                {
                    "gender": "Male", 
                    "dispositions": [
                        {
                            "disposition": "Applications Received", 
                            "count": 42, 
                            "value": 9058
                        }, 
                        {
                            "disposition": "Loans Originated", 
                            "count": 27, 
                            "value": 6219
                        }, 
                        {
                            "disposition": "Apps. Approved But Not Accepted", 
                            "count": 4, 
                            "value": 619
                        }, 
                        {
                            "disposition": "Aplications Denied", 
                            "count": 7, 
                            "value": 1288
                        }, 
                        {
                            "disposition": "Applications Withdrawn", 
                            "count": 4, 
                            "value": 932
                        }, 
                        {
                            "disposition": "Files Closed For Incompleteness", 
                            "count": 0, 
                            "value": 0
                        }
                    ]
                }, 
                {
                    "gender": "Female", 
                    "dispositions": [
                        {
                            "disposition": "Applications Received", 
                            "count": 9, 
                            "value": 1761
                        }, 
                        {
                            "disposition": "Loans Originated", 
                            "count": 5, 
                            "value": 1262
                        }, 
                        {
                            "disposition": "Apps. Approved But Not Accepted", 
                            "count": 2, 
                            "value": 291
                        }, 
                        {
                            "disposition": "Aplications Denied", 
                            "count": 0, 
                            "value": 0
                        }, 
                        {
                            "disposition": "Applications Withdrawn", 
                            "count": 0, 
                            "value": 0
                        }, 
                        {
                            "disposition": "Files Closed For Incompleteness", 
                            "count": 2, 
                            "value": 208
                        }
                    ]
                }, 
                {
                    "gender": "Joint (Male/Female)", 
                    "dispositions": [
                        {
                            "disposition": "Applications Received", 
                            "count": 33, 
                            "value": 8056
                        }, 
                        {
                            "disposition": "Loans Originated", 
                            "count": 17, 
                            "value": 3330
                        }, 
                        {
                            "disposition": "Apps. Approved But Not Accepted", 
                            "count": 1, 
                            "value": 233
                        }, 
                        {
                            "disposition": "Aplications Denied", 
                            "count": 9, 
                            "value": 3074
                        }, 
                        {
                            "disposition": "Applications Withdrawn", 
                            "count": 4, 
                            "value": 1052
                        }, 
                        {
                            "disposition": "Files Closed For Incompleteness", 
                            "count": 2, 
                            "value": 367
                        }
                    ]
                }
            ]
        }, 
        {
            "race": "Native Hawaiian or Other Pacific Islander", 
            "dispositions": [
                {
                    "disposition": "Applications Received", 
                    "count": 34, 
                    "value": 5503
                }, 
                {
                    "disposition": "Loans Originated", 
                    "count": 23, 
                    "value": 3721
                }, 
                {
                    "disposition": "Apps. Approved But Not Accepted", 
                    "count": 1, 
                    "value": 164
                }, 
                {
                    "disposition": "Aplications Denied", 
                    "count": 6, 
                    "value": 999
                }, 
                {
                    "disposition": "Applications Withdrawn", 
                    "count": 3, 
                    "value": 520
                }, 
                {
                    "disposition": "Files Closed For Incompleteness", 
                    "count": 1, 
                    "value": 99
                }
            ], 
            "genders": [
                {
                    "gender": "Male", 
                    "dispositions": [
                        {
                            "disposition": "Applications Received", 
                            "count": 12, 
                            "value": 1595
                        }, 
                        {
                            "disposition": "Loans Originated", 
                            "count": 9, 
                            "value": 1158
                        }, 
                        {
                            "disposition": "Apps. Approved But Not Accepted", 
                            "count": 0, 
                            "value": 0
                        }, 
                        {
                            "disposition": "Aplications Denied", 
                            "count": 1, 
                            "value": 235
                        }, 
                        {
                            "disposition": "Applications Withdrawn", 
                            "count": 1, 
                            "value": 103
                        }, 
                        {
                            "disposition": "Files Closed For Incompleteness", 
                            "count": 1, 
                            "value": 99
                        }
                    ]
                }, 
                {
                    "gender": "Female", 
                    "dispositions": [
                        {
                            "disposition": "Applications Received", 
                            "count": 13, 
                            "value": 2143
                        }, 
                        {
                            "disposition": "Loans Originated", 
                            "count": 7, 
                            "value": 1076
                        }, 
                        {
                            "disposition": "Apps. Approved But Not Accepted", 
                            "count": 0, 
                            "value": 0
                        }, 
                        {
                            "disposition": "Aplications Denied", 
                            "count": 4, 
                            "value": 650
                        }, 
                        {
                            "disposition": "Applications Withdrawn", 
                            "count": 2, 
                            "value": 417
                        }, 
                        {
                            "disposition": "Files Closed For Incompleteness", 
                            "count": 0, 
                            "value": 0
                        }
                    ]
                }, 
                {
                    "gender": "Joint (Male/Female)", 
                    "dispositions": [
                        {
                            "disposition": "Applications Received", 
                            "count": 9, 
                            "value": 1765
                        }, 
                        {
                            "disposition": "Loans Originated", 
                            "count": 7, 
                            "value": 1487
                        }, 
                        {
                            "disposition": "Apps. Approved But Not Accepted", 
                            "count": 1, 
                            "value": 164
                        }, 
                        {
                            "disposition": "Aplications Denied", 
                            "count": 1, 
                            "value": 114
                        }, 
                        {
                            "disposition": "Applications Withdrawn", 
                            "count": 0, 
                            "value": 0
                        }, 
                        {
                            "disposition": "Files Closed For Incompleteness", 
                            "count": 0, 
                            "value": 0
                        }
                    ]
                }
            ]
        }, 
        {
            "race": "White", 
            "dispositions": [
                {
                    "disposition": "Applications Received", 
                    "count": 3, 
                    "value": 432
                }, 
                {
                    "disposition": "Loans Originated", 
                    "count": 1, 
                    "value": 62
                }, 
                {
                    "disposition": "Apps. Approved But Not Accepted", 
                    "count": 0, 
                    "value": 0
                }, 
                {
                    "disposition": "Aplications Denied", 
                    "count": 0, 
                    "value": 0
                }, 
                {
                    "disposition": "Applications Withdrawn", 
                    "count": 1, 
                    "value": 99
                }, 
                {
                    "disposition": "Files Closed For Incompleteness", 
                    "count": 1, 
                    "value": 271
                }
            ], 
            "genders": [
                {
                    "gender": "Male", 
                    "dispositions": [
                        {
                            "disposition": "Applications Received", 
                            "count": 1, 
                            "value": 99
                        }, 
                        {
                            "disposition": "Loans Originated", 
                            "count": 0, 
                            "value": 0
                        }, 
                        {
                            "disposition": "Apps. Approved But Not Accepted", 
                            "count": 0, 
                            "value": 0
                        }, 
                        {
                            "disposition": "Aplications Denied", 
                            "count": 0, 
                            "value": 0
                        }, 
                        {
                            "disposition": "Applications Withdrawn", 
                            "count": 1, 
                            "value": 99
                        }, 
                        {
                            "disposition": "Files Closed For Incompleteness", 
                            "count": 0, 
                            "value": 0
                        }
                    ]
                }, 
                {
                    "gender": "Female", 
                    "dispositions": [
                        {
                            "disposition": "Applications Received", 
                            "count": 1, 
                            "value": 62
                        }, 
                        {
                            "disposition": "Loans Originated", 
                            "count": 1, 
                            "value": 62
                        }, 
                        {
                            "disposition": "Apps. Approved But Not Accepted", 
                            "count": 0, 
                            "value": 0
                        }, 
                        {
                            "disposition": "Aplications Denied", 
                            "count": 0, 
                            "value": 0
                        }, 
                        {
                            "disposition": "Applications Withdrawn", 
                            "count": 0, 
                            "value": 0
                        }, 
                        {
                            "disposition": "Files Closed For Incompleteness", 
                            "count": 0, 
                            "value": 0
                        }
                    ]
                }, 
                {
                    "gender": "Joint (Male/Female)", 
                    "dispositions": [
                        {
                            "disposition": "Applications Received", 
                            "count": 1, 
                            "value": 271
                        }, 
                        {
                            "disposition": "Loans Originated", 
                            "count": 0, 
                            "value": 0
                        }, 
                        {
                            "disposition": "Apps. Approved But Not Accepted", 
                            "count": 0, 
                            "value": 0
                        }, 
                        {
                            "disposition": "Aplications Denied", 
                            "count": 0, 
                            "value": 0
                        }, 
                        {
                            "disposition": "Applications Withdrawn", 
                            "count": 0, 
                            "value": 0
                        }, 
                        {
                            "disposition": "Files Closed For Incompleteness", 
                            "count": 1, 
                            "value": 271
                        }
                    ]
                }
            ]
        }, 
        {
            "race": "2 or more minority races", 
            "dispositions": [
                {
                    "disposition": "Applications Received", 
                    "count": 1679, 
                    "value": 319953
                }, 
                {
                    "disposition": "Loans Originated", 
                    "count": 1028, 
                    "value": 190801
                }, 
                {
                    "disposition": "Apps. Approved But Not Accepted", 
                    "count": 118, 
                    "value": 23698
                }, 
                {
                    "disposition": "Aplications Denied", 
                    "count": 302, 
                    "value": 63125
                }, 
                {
                    "disposition": "Applications Withdrawn", 
                    "count": 133, 
                    "value": 22743
                }, 
                {
                    "disposition": "Files Closed For Incompleteness", 
                    "count": 98, 
                    "value": 19586
                }
            ], 
            "genders": [
                {
                    "gender": "Male", 
                    "dispositions": [
                        {
                            "disposition": "Applications Received", 
                            "count": 416, 
                            "value": 81669
                        }, 
                        {
                            "disposition": "Loans Originated", 
                            "count": 249, 
                            "value": 46139
                        }, 
                        {
                            "disposition": "Apps. Approved But Not Accepted", 
                            "count": 29, 
                            "value": 6047
                        }, 
                        {
                            "disposition": "Aplications Denied", 
                            "count": 78, 
                            "value": 17478
                        }, 
                        {
                            "disposition": "Applications Withdrawn", 
                            "count": 25, 
                            "value": 3960
                        }, 
                        {
                            "disposition": "Files Closed For Incompleteness", 
                            "count": 35, 
                            "value": 8045
                        }
                    ]
                }, 
                {
                    "gender": "Female", 
                    "dispositions": [
                        {
                            "disposition": "Applications Received", 
                            "count": 352, 
                            "value": 50121
                        }, 
                        {
                            "disposition": "Loans Originated", 
                            "count": 201, 
                            "value": 28663
                        }, 
                        {
                            "disposition": "Apps. Approved But Not Accepted", 
                            "count": 20, 
                            "value": 3380
                        }, 
                        {
                            "disposition": "Aplications Denied", 
                            "count": 70, 
                            "value": 9265
                        }, 
                        {
                            "disposition": "Applications Withdrawn", 
                            "count": 40, 
                            "value": 5702
                        }, 
                        {
                            "disposition": "Files Closed For Incompleteness", 
                            "count": 21, 
                            "value": 3111
                        }
                    ]
                }, 
                {
                    "gender": "Joint (Male/Female)", 
                    "dispositions": [
                        {
                            "disposition": "Applications Received", 
                            "count": 907, 
                            "value": 187713
                        }, 
                        {
                            "disposition": "Loans Originated", 
                            "count": 578, 
                            "value": 115999
                        }, 
                        {
                            "disposition": "Apps. Approved But Not Accepted", 
                            "count": 69, 
                            "value": 14271
                        }, 
                        {
                            "disposition": "Aplications Denied", 
                            "count": 152, 
                            "value": 36128
                        }, 
                        {
                            "disposition": "Applications Withdrawn", 
                            "count": 68, 
                            "value": 13081
                        }, 
                        {
                            "disposition": "Files Closed For Incompleteness", 
                            "count": 40, 
                            "value": 8234
                        }
                    ]
                }
            ]
        }, 
        {
            "race": "Joint (White/Minority Race", 
            "dispositions": [
                {
                    "disposition": "Applications Received", 
                    "count": 48, 
                    "value": 9705
                }, 
                {
                    "disposition": "Loans Originated", 
                    "count": 27, 
                    "value": 5426
                }, 
                {
                    "disposition": "Apps. Approved But Not Accepted", 
                    "count": 3, 
                    "value": 647
                }, 
                {
                    "disposition": "Aplications Denied", 
                    "count": 12, 
                    "value": 2531
                }, 
                {
                    "disposition": "Applications Withdrawn", 
                    "count": 5, 
                    "value": 951
                }, 
                {
                    "disposition": "Files Closed For Incompleteness", 
                    "count": 1, 
                    "value": 150
                }
            ], 
            "genders": [
                {
                    "gender": "Male", 
                    "dispositions": [
                        {
                            "disposition": "Applications Received", 
                            "count": 1, 
                            "value": 206
                        }, 
                        {
                            "disposition": "Loans Originated", 
                            "count": 0, 
                            "value": 0
                        }, 
                        {
                            "disposition": "Apps. Approved But Not Accepted", 
                            "count": 1, 
                            "value": 206
                        }, 
                        {
                            "disposition": "Aplications Denied", 
                            "count": 0, 
                            "value": 0
                        }, 
                        {
                            "disposition": "Applications Withdrawn", 
                            "count": 0, 
                            "value": 0
                        }, 
                        {
                            "disposition": "Files Closed For Incompleteness", 
                            "count": 0, 
                            "value": 0
                        }
                    ]
                }, 
                {
                    "gender": "Female", 
                    "dispositions": [
                        {
                            "disposition": "Applications Received", 
                            "count": 0, 
                            "value": 0
                        }, 
                        {
                            "disposition": "Loans Originated", 
                            "count": 0, 
                            "value": 0
                        }, 
                        {
                            "disposition": "Apps. Approved But Not Accepted", 
                            "count": 0, 
                            "value": 0
                        }, 
                        {
                            "disposition": "Aplications Denied", 
                            "count": 0, 
                            "value": 0
                        }, 
                        {
                            "disposition": "Applications Withdrawn", 
                            "count": 0, 
                            "value": 0
                        }, 
                        {
                            "disposition": "Files Closed For Incompleteness", 
                            "count": 0, 
                            "value": 0
                        }
                    ]
                }, 
                {
                    "gender": "Joint (Male/Female)", 
                    "dispositions": [
                        {
                            "disposition": "Applications Received", 
                            "count": 47, 
                            "value": 9499
                        }, 
                        {
                            "disposition": "Loans Originated", 
                            "count": 27, 
                            "value": 5426
                        }, 
                        {
                            "disposition": "Apps. Approved But Not Accepted", 
                            "count": 2, 
                            "value": 441
                        }, 
                        {
                            "disposition": "Aplications Denied", 
                            "count": 12, 
                            "value": 2531
                        }, 
                        {
                            "disposition": "Applications Withdrawn", 
                            "count": 5, 
                            "value": 951
                        }, 
                        {
                            "disposition": "Files Closed For Incompleteness", 
                            "count": 1, 
                            "value": 150
                        }
                    ]
                }
            ]
        }, 
        {
            "race": "Not Available", 
            "dispositions": [
                {
                    "disposition": "Applications Received", 
                    "count": 482, 
                    "value": 91936
                }, 
                {
                    "disposition": "Loans Originated", 
                    "count": 273, 
                    "value": 50063
                }, 
                {
                    "disposition": "Apps. Approved But Not Accepted", 
                    "count": 36, 
                    "value": 7291
                }, 
                {
                    "disposition": "Aplications Denied", 
                    "count": 100, 
                    "value": 19371
                }, 
                {
                    "disposition": "Applications Withdrawn", 
                    "count": 47, 
                    "value": 8590
                }, 
                {
                    "disposition": "Files Closed For Incompleteness", 
                    "count": 26, 
                    "value": 6621
                }
            ], 
            "genders": [
                {
                    "gender": "Male", 
                    "dispositions": [
                        {
                            "disposition": "Applications Received", 
                            "count": 93, 
                            "value": 17229
                        }, 
                        {
                            "disposition": "Loans Originated", 
                            "count": 50, 
                            "value": 9240
                        }, 
                        {
                            "disposition": "Apps. Approved But Not Accepted", 
                            "count": 11, 
                            "value": 1829
                        }, 
                        {
                            "disposition": "Aplications Denied", 
                            "count": 26, 
                            "value": 4115
                        }, 
                        {
                            "disposition": "Applications Withdrawn", 
                            "count": 2, 
                            "value": 235
                        }, 
                        {
                            "disposition": "Files Closed For Incompleteness", 
                            "count": 4, 
                            "value": 1810
                        }
                    ]
                }, 
                {
                    "gender": "Female", 
                    "dispositions": [
                        {
                            "disposition": "Applications Received", 
                            "count": 62, 
                            "value": 10062
                        }, 
                        {
                            "disposition": "Loans Originated", 
                            "count": 40, 
                            "value": 5980
                        }, 
                        {
                            "disposition": "Apps. Approved But Not Accepted", 
                            "count": 3, 
                            "value": 508
                        }, 
                        {
                            "disposition": "Aplications Denied", 
                            "count": 11, 
                            "value": 2510
                        }, 
                        {
                            "disposition": "Applications Withdrawn", 
                            "count": 3, 
                            "value": 407
                        }, 
                        {
                            "disposition": "Files Closed For Incompleteness", 
                            "count": 5, 
                            "value": 657
                        }
                    ]
                }, 
                {
                    "gender": "Joint (Male/Female)", 
                    "dispositions": [
                        {
                            "disposition": "Applications Received", 
                            "count": 145, 
                            "value": 28834
                        }, 
                        {
                            "disposition": "Loans Originated", 
                            "count": 98, 
                            "value": 19245
                        }, 
                        {
                            "disposition": "Apps. Approved But Not Accepted", 
                            "count": 11, 
                            "value": 2038
                        }, 
                        {
                            "disposition": "Aplications Denied", 
                            "count": 18, 
                            "value": 3794
                        }, 
                        {
                            "disposition": "Applications Withdrawn", 
                            "count": 16, 
                            "value": 3071
                        }, 
                        {
                            "disposition": "Files Closed For Incompleteness", 
                            "count": 2, 
                            "value": 686
                        }
                    ]
                }
            ]
        }
    ], 
    "ethnicities": [
        {
            "ethnicity": "Hispanic or Latino", 
            "dispositions": [
                {
                    "disposition": "Applications Received", 
                    "count": 149, 
                    "value": 21346
                }, 
                {
                    "disposition": "Loans Originated", 
                    "count": 74, 
                    "value": 9814
                }, 
                {
                    "disposition": "Apps. Approved But Not Accepted", 
                    "count": 6, 
                    "value": 946
                }, 
                {
                    "disposition": "Aplications Denied", 
                    "count": 40, 
                    "value": 6592
                }, 
                {
                    "disposition": "Applications Withdrawn", 
                    "count": 14, 
                    "value": 1899
                }, 
                {
                    "disposition": "Files Closed For Incompleteness", 
                    "count": 15, 
                    "value": 2095
                }
            ], 
            "genders": [
                {
                    "gender": "Male", 
                    "dispositions": [
                        {
                            "disposition": "Applications Received", 
                            "count": 54, 
                            "value": 54
                        }, 
                        {
                            "disposition": "Loans Originated", 
                            "count": 26, 
                            "value": 3508
                        }, 
                        {
                            "disposition": "Apps. Approved But Not Accepted", 
                            "count": 1, 
                            "value": 78
                        }, 
                        {
                            "disposition": "Aplications Denied", 
                            "count": 14, 
                            "value": 2623
                        }, 
                        {
                            "disposition": "Applications Withdrawn", 
                            "count": 4, 
                            "value": 369
                        }, 
                        {
                            "disposition": "Files Closed For Incompleteness", 
                            "count": 9, 
                            "value": 1612
                        }
                    ]
                }, 
                {
                    "gender": "Female", 
                    "dispositions": [
                        {
                            "disposition": "Applications Received", 
                            "count": 43, 
                            "value": 43
                        }, 
                        {
                            "disposition": "Loans Originated", 
                            "count": 20, 
                            "value": 2562
                        }, 
                        {
                            "disposition": "Apps. Approved But Not Accepted", 
                            "count": 5, 
                            "value": 868
                        }, 
                        {
                            "disposition": "Aplications Denied", 
                            "count": 7, 
                            "value": 872
                        }, 
                        {
                            "disposition": "Applications Withdrawn", 
                            "count": 9, 
                            "value": 1234
                        }, 
                        {
                            "disposition": "Files Closed For Incompleteness", 
                            "count": 2, 
                            "value": 138
                        }
                    ]
                }, 
                {
                    "gender": "Joint (Male/Female)", 
                    "dispositions": [
                        {
                            "disposition": "Applications Received", 
                            "count": 51, 
                            "value": 51
                        }, 
                        {
                            "disposition": "Loans Originated", 
                            "count": 28, 
                            "value": 3744
                        }, 
                        {
                            "disposition": "Apps. Approved But Not Accepted", 
                            "count": 0, 
                            "value": 0
                        }, 
                        {
                            "disposition": "Aplications Denied", 
                            "count": 18, 
                            "value": 2943
                        }, 
                        {
                            "disposition": "Applications Withdrawn", 
                            "count": 1, 
                            "value": 296
                        }, 
                        {
                            "disposition": "Files Closed For Incompleteness", 
                            "count": 4, 
                            "value": 345
                        }
                    ]
                }
            ]
        }, 
        {
            "ethnicity": "Not Hispanic or Latino", 
            "dispositions": [
                {
                    "disposition": "Applications Received", 
                    "count": 1663, 
                    "value": 324896
                }, 
                {
                    "disposition": "Loans Originated", 
                    "count": 1035, 
                    "value": 197337
                }, 
                {
                    "disposition": "Apps. Approved But Not Accepted", 
                    "count": 118, 
                    "value": 23542
                }, 
                {
                    "disposition": "Aplications Denied", 
                    "count": 286, 
                    "value": 61138
                }, 
                {
                    "disposition": "Applications Withdrawn", 
                    "count": 131, 
                    "value": 23903
                }, 
                {
                    "disposition": "Files Closed For Incompleteness", 
                    "count": 93, 
                    "value": 18976
                }
            ], 
            "genders": [
                {
                    "gender": "Male", 
                    "dispositions": [
                        {
                            "disposition": "Applications Received", 
                            "count": 428, 
                            "value": 428
                        }, 
                        {
                            "disposition": "Loans Originated", 
                            "count": 259, 
                            "value": 49809
                        }, 
                        {
                            "disposition": "Apps. Approved But Not Accepted", 
                            "count": 32, 
                            "value": 6588
                        }, 
                        {
                            "disposition": "Aplications Denied", 
                            "count": 81, 
                            "value": 18047
                        }, 
                        {
                            "disposition": "Applications Withdrawn", 
                            "count": 28, 
                            "value": 4843
                        }, 
                        {
                            "disposition": "Files Closed For Incompleteness", 
                            "count": 28, 
                            "value": 6698
                        }
                    ]
                }, 
                {
                    "gender": "Female", 
                    "dispositions": [
                        {
                            "disposition": "Applications Received", 
                            "count": 351, 
                            "value": 351
                        }, 
                        {
                            "disposition": "Loans Originated", 
                            "count": 204, 
                            "value": 29736
                        }, 
                        {
                            "disposition": "Apps. Approved But Not Accepted", 
                            "count": 18, 
                            "value": 2859
                        }, 
                        {
                            "disposition": "Aplications Denied", 
                            "count": 69, 
                            "value": 9147
                        }, 
                        {
                            "disposition": "Applications Withdrawn", 
                            "count": 34, 
                            "value": 5080
                        }, 
                        {
                            "disposition": "Files Closed For Incompleteness", 
                            "count": 26, 
                            "value": 3778
                        }
                    ]
                }, 
                {
                    "gender": "Joint (Male/Female)", 
                    "dispositions": [
                        {
                            "disposition": "Applications Received", 
                            "count": 880, 
                            "value": 880
                        }, 
                        {
                            "disposition": "Loans Originated", 
                            "count": 571, 
                            "value": 117674
                        }, 
                        {
                            "disposition": "Apps. Approved But Not Accepted", 
                            "count": 68, 
                            "value": 14095
                        }, 
                        {
                            "disposition": "Aplications Denied", 
                            "count": 136, 
                            "value": 33944
                        }, 
                        {
                            "disposition": "Applications Withdrawn", 
                            "count": 68, 
                            "value": 13852
                        }, 
                        {
                            "disposition": "Files Closed For Incompleteness", 
                            "count": 37, 
                            "value": 8304
                        }
                    ]
                }
            ]
        }, 
        {
            "ethnicity": "Joint (Hispanic or Latino/Not Hispanic or Latino", 
            "dispositions": [
                {
                    "disposition": "Applications Received", 
                    "count": 78, 
                    "value": 13934
                }, 
                {
                    "disposition": "Loans Originated", 
                    "count": 39, 
                    "value": 7039
                }, 
                {
                    "disposition": "Apps. Approved But Not Accepted", 
                    "count": 4, 
                    "value": 720
                }, 
                {
                    "disposition": "Aplications Denied", 
                    "count": 22, 
                    "value": 4225
                }, 
                {
                    "disposition": "Applications Withdrawn", 
                    "count": 9, 
                    "value": 1191
                }, 
                {
                    "disposition": "Files Closed For Incompleteness", 
                    "count": 4, 
                    "value": 759
                }
            ], 
            "genders": [
                {
                    "gender": "Male", 
                    "dispositions": [
                        {
                            "disposition": "Applications Received", 
                            "count": 5, 
                            "value": 5
                        }, 
                        {
                            "disposition": "Loans Originated", 
                            "count": 4, 
                            "value": 465
                        }, 
                        {
                            "disposition": "Apps. Approved But Not Accepted", 
                            "count": 1, 
                            "value": 206
                        }, 
                        {
                            "disposition": "Aplications Denied", 
                            "count": 0, 
                            "value": 0
                        }, 
                        {
                            "disposition": "Applications Withdrawn", 
                            "count": 0, 
                            "value": 0
                        }, 
                        {
                            "disposition": "Files Closed For Incompleteness", 
                            "count": 0, 
                            "value": 0
                        }
                    ]
                }, 
                {
                    "gender": "Female", 
                    "dispositions": [
                        {
                            "disposition": "Applications Received", 
                            "count": 1, 
                            "value": 1
                        }, 
                        {
                            "disposition": "Loans Originated", 
                            "count": 1, 
                            "value": 243
                        }, 
                        {
                            "disposition": "Apps. Approved But Not Accepted", 
                            "count": 0, 
                            "value": 0
                        }, 
                        {
                            "disposition": "Aplications Denied", 
                            "count": 0, 
                            "value": 0
                        }, 
                        {
                            "disposition": "Applications Withdrawn", 
                            "count": 0, 
                            "value": 0
                        }, 
                        {
                            "disposition": "Files Closed For Incompleteness", 
                            "count": 0, 
                            "value": 0
                        }
                    ]
                }, 
                {
                    "gender": "Joint (Male/Female)", 
                    "dispositions": [
                        {
                            "disposition": "Applications Received", 
                            "count": 72, 
                            "value": 72
                        }, 
                        {
                            "disposition": "Loans Originated", 
                            "count": 34, 
                            "value": 6331
                        }, 
                        {
                            "disposition": "Apps. Approved But Not Accepted", 
                            "count": 3, 
                            "value": 514
                        }, 
                        {
                            "disposition": "Aplications Denied", 
                            "count": 22, 
                            "value": 4225
                        }, 
                        {
                            "disposition": "Applications Withdrawn", 
                            "count": 9, 
                            "value": 1191
                        }, 
                        {
                            "disposition": "Files Closed For Incompleteness", 
                            "count": 4, 
                            "value": 759
                        }
                    ]
                }
            ]
        }, 
        {
            "ethnicity": "Ethnicity Not Available", 
            "dispositions": [
                {
                    "disposition": "Applications Received", 
                    "count": 456, 
                    "value": 89633
                }, 
                {
                    "disposition": "Loans Originated", 
                    "count": 260, 
                    "value": 47750
                }, 
                {
                    "disposition": "Apps. Approved But Not Accepted", 
                    "count": 38, 
                    "value": 7810
                }, 
                {
                    "disposition": "Aplications Denied", 
                    "count": 93, 
                    "value": 20354
                }, 
                {
                    "disposition": "Applications Withdrawn", 
                    "count": 44, 
                    "value": 8022
                }, 
                {
                    "disposition": "Files Closed For Incompleteness", 
                    "count": 21, 
                    "value": 5697
                }
            ], 
            "genders": [
                {
                    "gender": "Male", 
                    "dispositions": [
                        {
                            "disposition": "Applications Received", 
                            "count": 84, 
                            "value": 84
                        }, 
                        {
                            "disposition": "Loans Originated", 
                            "count": 50, 
                            "value": 9542
                        }, 
                        {
                            "disposition": "Apps. Approved But Not Accepted", 
                            "count": 11, 
                            "value": 1829
                        }, 
                        {
                            "disposition": "Aplications Denied", 
                            "count": 19, 
                            "value": 3106
                        }, 
                        {
                            "disposition": "Applications Withdrawn", 
                            "count": 1, 
                            "value": 117
                        }, 
                        {
                            "disposition": "Files Closed For Incompleteness", 
                            "count": 3, 
                            "value": 1644
                        }
                    ]
                }, 
                {
                    "gender": "Female", 
                    "dispositions": [
                        {
                            "disposition": "Applications Received", 
                            "count": 49, 
                            "value": 49
                        }, 
                        {
                            "disposition": "Loans Originated", 
                            "count": 31, 
                            "value": 4681
                        }, 
                        {
                            "disposition": "Apps. Approved But Not Accepted", 
                            "count": 3, 
                            "value": 527
                        }, 
                        {
                            "disposition": "Aplications Denied", 
                            "count": 10, 
                            "value": 2491
                        }, 
                        {
                            "disposition": "Applications Withdrawn", 
                            "count": 3, 
                            "value": 340
                        }, 
                        {
                            "disposition": "Files Closed For Incompleteness", 
                            "count": 2, 
                            "value": 285
                        }
                    ]
                }, 
                {
                    "gender": "Joint (Male/Female)", 
                    "dispositions": [
                        {
                            "disposition": "Applications Received", 
                            "count": 142, 
                            "value": 142
                        }, 
                        {
                            "disposition": "Loans Originated", 
                            "count": 95, 
                            "value": 18047
                        }, 
                        {
                            "disposition": "Apps. Approved But Not Accepted", 
                            "count": 13, 
                            "value": 2538
                        }, 
                        {
                            "disposition": "Aplications Denied", 
                            "count": 18, 
                            "value": 5705
                        }, 
                        {
                            "disposition": "Applications Withdrawn", 
                            "count": 15, 
                            "value": 2816
                        }, 
                        {
                            "disposition": "Files Closed For Incompleteness", 
                            "count": 1, 
                            "value": 300
                        }
                    ]
                }
            ]
        }
    ], 
    "minoritystatuses": [
        {
            "minoritystatus": "White Non-Hispanic", 
            "dispositions": [
                {
                    "disposition": "Applications Received", 
                    "count": 1947, 
                    "value": 378920
                }, 
                {
                    "disposition": "Loans Originated", 
                    "count": 1191, 
                    "value": 224578
                }, 
                {
                    "disposition": "Apps. Approved But Not Accepted", 
                    "count": 145, 
                    "value": 29529
                }, 
                {
                    "disposition": "Aplications Denied", 
                    "count": 346, 
                    "value": 72796
                }, 
                {
                    "disposition": "Applications Withdrawn", 
                    "count": 160, 
                    "value": 28664
                }, 
                {
                    "disposition": "Files Closed For Incompleteness", 
                    "count": 105, 
                    "value": 23353
                }
            ], 
            "genders": [
                {
                    "gender": "Male", 
                    "dispositions": [
                        {
                            "disposition": "Applications Received", 
                            "count": 90794, 
                            "value": 0
                        }, 
                        {
                            "disposition": "Loans Originated", 
                            "count": 269, 
                            "value": 51406
                        }, 
                        {
                            "disposition": "Apps. Approved But Not Accepted", 
                            "count": 39, 
                            "value": 7798
                        }, 
                        {
                            "disposition": "Aplications Denied", 
                            "count": 90, 
                            "value": 18970
                        }, 
                        {
                            "disposition": "Applications Withdrawn", 
                            "count": 24, 
                            "value": 3925
                        }, 
                        {
                            "disposition": "Files Closed For Incompleteness", 
                            "count": 30, 
                            "value": 8243
                        }
                    ]
                }, 
                {
                    "gender": "Female", 
                    "dispositions": [
                        {
                            "disposition": "Applications Received", 
                            "count": 54851, 
                            "value": 0
                        }, 
                        {
                            "disposition": "Loans Originated", 
                            "count": 220, 
                            "value": 31838
                        }, 
                        {
                            "disposition": "Apps. Approved But Not Accepted", 
                            "count": 18, 
                            "value": 3020
                        }, 
                        {
                            "disposition": "Aplications Denied", 
                            "count": 75, 
                            "value": 10988
                        }, 
                        {
                            "disposition": "Applications Withdrawn", 
                            "count": 35, 
                            "value": 5003
                        }, 
                        {
                            "disposition": "Files Closed For Incompleteness", 
                            "count": 24, 
                            "value": 3630
                        }
                    ]
                }, 
                {
                    "gender": "Joint (Male/Female)", 
                    "dispositions": [
                        {
                            "disposition": "Applications Received", 
                            "count": 198930, 
                            "value": 0
                        }, 
                        {
                            "disposition": "Loans Originated", 
                            "count": 617, 
                            "value": 125736
                        }, 
                        {
                            "disposition": "Apps. Approved But Not Accepted", 
                            "count": 77, 
                            "value": 15795
                        }, 
                        {
                            "disposition": "Aplications Denied", 
                            "count": 135, 
                            "value": 33786
                        }, 
                        {
                            "disposition": "Applications Withdrawn", 
                            "count": 75, 
                            "value": 14859
                        }, 
                        {
                            "disposition": "Files Closed For Incompleteness", 
                            "count": 34, 
                            "value": 7816
                        }
                    ]
                }
            ]
        }, 
        {
            "minoritystatus": "Others, Including Hispanic", 
            "dispositions": [
                {
                    "disposition": "Applications Received", 
                    "count": 399, 
                    "value": 70889
                }, 
                {
                    "disposition": "Loans Originated", 
                    "count": 217, 
                    "value": 37362
                }, 
                {
                    "disposition": "Apps. Approved But Not Accepted", 
                    "count": 21, 
                    "value": 3489
                }, 
                {
                    "disposition": "Aplications Denied", 
                    "count": 95, 
                    "value": 19513
                }, 
                {
                    "disposition": "Applications Withdrawn", 
                    "count": 38, 
                    "value": 6351
                }, 
                {
                    "disposition": "Files Closed For Incompleteness", 
                    "count": 28, 
                    "value": 4174
                }
            ], 
            "genders": [
                {
                    "gender": "Male", 
                    "dispositions": [
                        {
                            "disposition": "Applications Received", 
                            "count": 20861, 
                            "value": 0
                        }, 
                        {
                            "disposition": "Loans Originated", 
                            "count": 70, 
                            "value": 11918
                        }, 
                        {
                            "disposition": "Apps. Approved But Not Accepted", 
                            "count": 6, 
                            "value": 903
                        }, 
                        {
                            "disposition": "Aplications Denied", 
                            "count": 24, 
                            "value": 4806
                        }, 
                        {
                            "disposition": "Applications Withdrawn", 
                            "count": 9, 
                            "value": 1404
                        }, 
                        {
                            "disposition": "Files Closed For Incompleteness", 
                            "count": 10, 
                            "value": 1711
                        }
                    ]
                }, 
                {
                    "gender": "Female", 
                    "dispositions": [
                        {
                            "disposition": "Applications Received", 
                            "count": 10434, 
                            "value": 0
                        }, 
                        {
                            "disposition": "Loans Originated", 
                            "count": 36, 
                            "value": 5384
                        }, 
                        {
                            "disposition": "Apps. Approved But Not Accepted", 
                            "count": 8, 
                            "value": 1234
                        }, 
                        {
                            "disposition": "Aplications Denied", 
                            "count": 11, 
                            "value": 1522
                        }, 
                        {
                            "disposition": "Applications Withdrawn", 
                            "count": 11, 
                            "value": 1651
                        }, 
                        {
                            "disposition": "Files Closed For Incompleteness", 
                            "count": 6, 
                            "value": 571
                        }
                    ]
                }, 
                {
                    "gender": "Joint (Male/Female)", 
                    "dispositions": [
                        {
                            "disposition": "Applications Received", 
                            "count": 39838, 
                            "value": 0
                        }, 
                        {
                            "disposition": "Loans Originated", 
                            "count": 111, 
                            "value": 20060
                        }, 
                        {
                            "disposition": "Apps. Approved But Not Accepted", 
                            "count": 7, 
                            "value": 1352
                        }, 
                        {
                            "disposition": "Aplications Denied", 
                            "count": 59, 
                            "value": 13031
                        }, 
                        {
                            "disposition": "Applications Withdrawn", 
                            "count": 18, 
                            "value": 3296
                        }, 
                        {
                            "disposition": "Files Closed For Incompleteness", 
                            "count": 12, 
                            "value": 1892
                        }
                    ]
                }
            ]
        }
    ], 
    "incomes": [
        {
            "incomes": "Less than 50% of MSA/MD median", 
            "dispositions": [
                {
                    "disposition": "Applications Received", 
                    "count": 163, 
                    "value": 16495
                }, 
                {
                    "disposition": "Loans Originated", 
                    "count": 83, 
                    "value": 8450
                }, 
                {
                    "disposition": "Apps. Approved But Not Accepted", 
                    "count": 4, 
                    "value": 310
                }, 
                {
                    "disposition": "Aplications Denied", 
                    "count": 49, 
                    "value": 5674
                }, 
                {
                    "disposition": "Applications Withdrawn", 
                    "count": 13, 
                    "value": 967
                }, 
                {
                    "disposition": "Files Closed For Incompleteness", 
                    "count": 14, 
                    "value": 1094
                }
            ]
        }, 
        {
            "incomes": "50-79% of MSA/MD median", 
            "dispositions": [
                {
                    "disposition": "Applications Received", 
                    "count": 343, 
                    "value": 43347
                }, 
                {
                    "disposition": "Loans Originated", 
                    "count": 197, 
                    "value": 24752
                }, 
                {
                    "disposition": "Apps. Approved But Not Accepted", 
                    "count": 17, 
                    "value": 2241
                }, 
                {
                    "disposition": "Aplications Denied", 
                    "count": 79, 
                    "value": 10485
                }, 
                {
                    "disposition": "Applications Withdrawn", 
                    "count": 33, 
                    "value": 3813
                }, 
                {
                    "disposition": "Files Closed For Incompleteness", 
                    "count": 17, 
                    "value": 2056
                }
            ]
        }, 
        {
            "incomes": "80-99% of MSA/MD median", 
            "dispositions": [
                {
                    "disposition": "Applications Received", 
                    "count": 252, 
                    "value": 36503
                }, 
                {
                    "disposition": "Loans Originated", 
                    "count": 154, 
                    "value": 22474
                }, 
                {
                    "disposition": "Apps. Approved But Not Accepted", 
                    "count": 24, 
                    "value": 3645
                }, 
                {
                    "disposition": "Aplications Denied", 
                    "count": 33, 
                    "value": 4586
                }, 
                {
                    "disposition": "Applications Withdrawn", 
                    "count": 26, 
                    "value": 3736
                }, 
                {
                    "disposition": "Files Closed For Incompleteness", 
                    "count": 15, 
                    "value": 2062
                }
            ]
        }, 
        {
            "incomes": "100-119% of MSA/MD median", 
            "dispositions": [
                {
                    "disposition": "Applications Received", 
                    "count": 200, 
                    "value": 32028
                }, 
                {
                    "disposition": "Loans Originated", 
                    "count": 117, 
                    "value": 18872
                }, 
                {
                    "disposition": "Apps. Approved But Not Accepted", 
                    "count": 13, 
                    "value": 2110
                }, 
                {
                    "disposition": "Aplications Denied", 
                    "count": 44, 
                    "value": 7616
                }, 
                {
                    "disposition": "Applications Withdrawn", 
                    "count": 16, 
                    "value": 2318
                }, 
                {
                    "disposition": "Files Closed For Incompleteness", 
                    "count": 10, 
                    "value": 1112
                }
            ]
        }, 
        {
            "incomes": "120% or more of MSA/MD median", 
            "dispositions": [
                {
                    "disposition": "Applications Received", 
                    "count": 1307, 
                    "value": 304054
                }, 
                {
                    "disposition": "Loans Originated", 
                    "count": 817, 
                    "value": 177731
                }, 
                {
                    "disposition": "Apps. Approved But Not Accepted", 
                    "count": 80, 
                    "value": 19452
                }, 
                {
                    "disposition": "Aplications Denied", 
                    "count": 228, 
                    "value": 62720
                }, 
                {
                    "disposition": "Applications Withdrawn", 
                    "count": 106, 
                    "value": 23043
                }, 
                {
                    "disposition": "Files Closed For Incompleteness", 
                    "count": 76, 
                    "value": 21108
                }
            ]
        }, 
        {
            "incomes": "income not available", 
            "dispositions": [
                {
                    "disposition": "Applications Received", 
                    "count": 81, 
                    "value": 17382
                }, 
                {
                    "disposition": "Loans Originated", 
                    "count": 40, 
                    "value": 9661
                }, 
                {
                    "disposition": "Apps. Approved But Not Accepted", 
                    "count": 28, 
                    "value": 5260
                }, 
                {
                    "disposition": "Aplications Denied", 
                    "count": 8, 
                    "value": 1228
                }, 
                {
                    "disposition": "Applications Withdrawn", 
                    "count": 4, 
                    "value": 1138
                }, 
                {
                    "disposition": "Files Closed For Incompleteness", 
                    "count": 1, 
                    "value": 95
                }
            ]
        }
    ], 
    "total": [
        {
            "disposition": "Applications Received", 
            "count": 0, 
            "value": 0
        }, 
        {
            "disposition": "Loans Originated", 
            "count": 1408, 
            "value": 261940
        }, 
        {
            "disposition": "Apps. Approved But Not Accepted", 
            "count": 166, 
            "value": 33018
        }, 
        {
            "disposition": "Aplications Denied", 
            "count": 441, 
            "value": 92309
        }, 
        {
            "disposition": "Applications Withdrawn", 
            "count": 198, 
            "value": 35015
        }, 
        {
            "disposition": "Files Closed For Incompleteness", 
            "count": 133, 
            "value": 27527
        }
    ]
}