{
    "table": "4-3", 
    "type": "Aggregate", 
    "desc": "Disposition of applications to refinnace loans on 1- to 4- family and manufactured home dwellings, by race, ethnicity, gender and income of applicant", 
    "year": "2012", 
    "report-date": "04/03/2015", 
    "msa": {
        "id": "39140", 
        "name": "Prescott", 
        "state": "AZ", 
        "state_name": "Arizona"
    }, 
    "races": [
        {
            "race": "American Indian/Alaska Native", 
            "dispositions": [
                {
                    "disposition": "Applications Received", 
                    "count": 21, 
                    "value": 3244
                }, 
                {
                    "disposition": "Loans Originated", 
                    "count": 15, 
                    "value": 2585
                }, 
                {
                    "disposition": "Apps. Approved But Not Accepted", 
                    "count": 0, 
                    "value": 0
                }, 
                {
                    "disposition": "Aplications Denied", 
                    "count": 4, 
                    "value": 385
                }, 
                {
                    "disposition": "Applications Withdrawn", 
                    "count": 2, 
                    "value": 274
                }, 
                {
                    "disposition": "Files Closed For Incompleteness", 
                    "count": 0, 
                    "value": 0
                }
            ], 
            "genders": [
                {
                    "gender": "Male", 
                    "dispositions": [
                        {
                            "disposition": "Applications Received", 
                            "count": 9, 
                            "value": 1606
                        }, 
                        {
                            "disposition": "Loans Originated", 
                            "count": 6, 
                            "value": 1219
                        }, 
                        {
                            "disposition": "Apps. Approved But Not Accepted", 
                            "count": 0, 
                            "value": 0
                        }, 
                        {
                            "disposition": "Aplications Denied", 
                            "count": 1, 
                            "value": 113
                        }, 
                        {
                            "disposition": "Applications Withdrawn", 
                            "count": 2, 
                            "value": 274
                        }, 
                        {
                            "disposition": "Files Closed For Incompleteness", 
                            "count": 0, 
                            "value": 0
                        }
                    ]
                }, 
                {
                    "gender": "Female", 
                    "dispositions": [
                        {
                            "disposition": "Applications Received", 
                            "count": 7, 
                            "value": 1080
                        }, 
                        {
                            "disposition": "Loans Originated", 
                            "count": 5, 
                            "value": 872
                        }, 
                        {
                            "disposition": "Apps. Approved But Not Accepted", 
                            "count": 0, 
                            "value": 0
                        }, 
                        {
                            "disposition": "Aplications Denied", 
                            "count": 2, 
                            "value": 208
                        }, 
                        {
                            "disposition": "Applications Withdrawn", 
                            "count": 0, 
                            "value": 0
                        }, 
                        {
                            "disposition": "Files Closed For Incompleteness", 
                            "count": 0, 
                            "value": 0
                        }
                    ]
                }, 
                {
                    "gender": "Joint (Male/Female)", 
                    "dispositions": [
                        {
                            "disposition": "Applications Received", 
                            "count": 5, 
                            "value": 558
                        }, 
                        {
                            "disposition": "Loans Originated", 
                            "count": 4, 
                            "value": 494
                        }, 
                        {
                            "disposition": "Apps. Approved But Not Accepted", 
                            "count": 0, 
                            "value": 0
                        }, 
                        {
                            "disposition": "Aplications Denied", 
                            "count": 1, 
                            "value": 64
                        }, 
                        {
                            "disposition": "Applications Withdrawn", 
                            "count": 0, 
                            "value": 0
                        }, 
                        {
                            "disposition": "Files Closed For Incompleteness", 
                            "count": 0, 
                            "value": 0
                        }
                    ]
                }
            ]
        }, 
        {
            "race": "Asian", 
            "dispositions": [
                {
                    "disposition": "Applications Received", 
                    "count": 40, 
                    "value": 6711
                }, 
                {
                    "disposition": "Loans Originated", 
                    "count": 26, 
                    "value": 4294
                }, 
                {
                    "disposition": "Apps. Approved But Not Accepted", 
                    "count": 1, 
                    "value": 76
                }, 
                {
                    "disposition": "Aplications Denied", 
                    "count": 7, 
                    "value": 1121
                }, 
                {
                    "disposition": "Applications Withdrawn", 
                    "count": 2, 
                    "value": 347
                }, 
                {
                    "disposition": "Files Closed For Incompleteness", 
                    "count": 4, 
                    "value": 873
                }
            ], 
            "genders": [
                {
                    "gender": "Male", 
                    "dispositions": [
                        {
                            "disposition": "Applications Received", 
                            "count": 19, 
                            "value": 2600
                        }, 
                        {
                            "disposition": "Loans Originated", 
                            "count": 10, 
                            "value": 1327
                        }, 
                        {
                            "disposition": "Apps. Approved But Not Accepted", 
                            "count": 1, 
                            "value": 76
                        }, 
                        {
                            "disposition": "Aplications Denied", 
                            "count": 4, 
                            "value": 441
                        }, 
                        {
                            "disposition": "Applications Withdrawn", 
                            "count": 2, 
                            "value": 347
                        }, 
                        {
                            "disposition": "Files Closed For Incompleteness", 
                            "count": 2, 
                            "value": 409
                        }
                    ]
                }, 
                {
                    "gender": "Female", 
                    "dispositions": [
                        {
                            "disposition": "Applications Received", 
                            "count": 10, 
                            "value": 2006
                        }, 
                        {
                            "disposition": "Loans Originated", 
                            "count": 9, 
                            "value": 1739
                        }, 
                        {
                            "disposition": "Apps. Approved But Not Accepted", 
                            "count": 0, 
                            "value": 0
                        }, 
                        {
                            "disposition": "Aplications Denied", 
                            "count": 0, 
                            "value": 0
                        }, 
                        {
                            "disposition": "Applications Withdrawn", 
                            "count": 0, 
                            "value": 0
                        }, 
                        {
                            "disposition": "Files Closed For Incompleteness", 
                            "count": 1, 
                            "value": 267
                        }
                    ]
                }, 
                {
                    "gender": "Joint (Male/Female)", 
                    "dispositions": [
                        {
                            "disposition": "Applications Received", 
                            "count": 11, 
                            "value": 2105
                        }, 
                        {
                            "disposition": "Loans Originated", 
                            "count": 7, 
                            "value": 1228
                        }, 
                        {
                            "disposition": "Apps. Approved But Not Accepted", 
                            "count": 0, 
                            "value": 0
                        }, 
                        {
                            "disposition": "Aplications Denied", 
                            "count": 3, 
                            "value": 680
                        }, 
                        {
                            "disposition": "Applications Withdrawn", 
                            "count": 0, 
                            "value": 0
                        }, 
                        {
                            "disposition": "Files Closed For Incompleteness", 
                            "count": 1, 
                            "value": 197
                        }
                    ]
                }
            ]
        }, 
        {
            "race": "Black or African American", 
            "dispositions": [
                {
                    "disposition": "Applications Received", 
                    "count": 60, 
                    "value": 12749
                }, 
                {
                    "disposition": "Loans Originated", 
                    "count": 37, 
                    "value": 7322
                }, 
                {
                    "disposition": "Apps. Approved But Not Accepted", 
                    "count": 2, 
                    "value": 354
                }, 
                {
                    "disposition": "Aplications Denied", 
                    "count": 11, 
                    "value": 2405
                }, 
                {
                    "disposition": "Applications Withdrawn", 
                    "count": 10, 
                    "value": 2668
                }, 
                {
                    "disposition": "Files Closed For Incompleteness", 
                    "count": 0, 
                    "value": 0
                }
            ], 
            "genders": [
                {
                    "gender": "Male", 
                    "dispositions": [
                        {
                            "disposition": "Applications Received", 
                            "count": 14, 
                            "value": 3011
                        }, 
                        {
                            "disposition": "Loans Originated", 
                            "count": 8, 
                            "value": 1552
                        }, 
                        {
                            "disposition": "Apps. Approved But Not Accepted", 
                            "count": 0, 
                            "value": 0
                        }, 
                        {
                            "disposition": "Aplications Denied", 
                            "count": 2, 
                            "value": 300
                        }, 
                        {
                            "disposition": "Applications Withdrawn", 
                            "count": 4, 
                            "value": 1159
                        }, 
                        {
                            "disposition": "Files Closed For Incompleteness", 
                            "count": 0, 
                            "value": 0
                        }
                    ]
                }, 
                {
                    "gender": "Female", 
                    "dispositions": [
                        {
                            "disposition": "Applications Received", 
                            "count": 19, 
                            "value": 3412
                        }, 
                        {
                            "disposition": "Loans Originated", 
                            "count": 8, 
                            "value": 1346
                        }, 
                        {
                            "disposition": "Apps. Approved But Not Accepted", 
                            "count": 2, 
                            "value": 354
                        }, 
                        {
                            "disposition": "Aplications Denied", 
                            "count": 5, 
                            "value": 1015
                        }, 
                        {
                            "disposition": "Applications Withdrawn", 
                            "count": 4, 
                            "value": 697
                        }, 
                        {
                            "disposition": "Files Closed For Incompleteness", 
                            "count": 0, 
                            "value": 0
                        }
                    ]
                }, 
                {
                    "gender": "Joint (Male/Female)", 
                    "dispositions": [
                        {
                            "disposition": "Applications Received", 
                            "count": 27, 
                            "value": 6326
                        }, 
                        {
                            "disposition": "Loans Originated", 
                            "count": 21, 
                            "value": 4424
                        }, 
                        {
                            "disposition": "Apps. Approved But Not Accepted", 
                            "count": 0, 
                            "value": 0
                        }, 
                        {
                            "disposition": "Aplications Denied", 
                            "count": 4, 
                            "value": 1090
                        }, 
                        {
                            "disposition": "Applications Withdrawn", 
                            "count": 2, 
                            "value": 812
                        }, 
                        {
                            "disposition": "Files Closed For Incompleteness", 
                            "count": 0, 
                            "value": 0
                        }
                    ]
                }
            ]
        }, 
        {
            "race": "Native Hawaiian or Other Pacific Islander", 
            "dispositions": [
                {
                    "disposition": "Applications Received", 
                    "count": 29, 
                    "value": 6281
                }, 
                {
                    "disposition": "Loans Originated", 
                    "count": 16, 
                    "value": 3884
                }, 
                {
                    "disposition": "Apps. Approved But Not Accepted", 
                    "count": 1, 
                    "value": 218
                }, 
                {
                    "disposition": "Aplications Denied", 
                    "count": 11, 
                    "value": 2054
                }, 
                {
                    "disposition": "Applications Withdrawn", 
                    "count": 1, 
                    "value": 125
                }, 
                {
                    "disposition": "Files Closed For Incompleteness", 
                    "count": 0, 
                    "value": 0
                }
            ], 
            "genders": [
                {
                    "gender": "Male", 
                    "dispositions": [
                        {
                            "disposition": "Applications Received", 
                            "count": 9, 
                            "value": 2181
                        }, 
                        {
                            "disposition": "Loans Originated", 
                            "count": 6, 
                            "value": 1629
                        }, 
                        {
                            "disposition": "Apps. Approved But Not Accepted", 
                            "count": 1, 
                            "value": 218
                        }, 
                        {
                            "disposition": "Aplications Denied", 
                            "count": 2, 
                            "value": 334
                        }, 
                        {
                            "disposition": "Applications Withdrawn", 
                            "count": 0, 
                            "value": 0
                        }, 
                        {
                            "disposition": "Files Closed For Incompleteness", 
                            "count": 0, 
                            "value": 0
                        }
                    ]
                }, 
                {
                    "gender": "Female", 
                    "dispositions": [
                        {
                            "disposition": "Applications Received", 
                            "count": 10, 
                            "value": 1600
                        }, 
                        {
                            "disposition": "Loans Originated", 
                            "count": 6, 
                            "value": 1038
                        }, 
                        {
                            "disposition": "Apps. Approved But Not Accepted", 
                            "count": 0, 
                            "value": 0
                        }, 
                        {
                            "disposition": "Aplications Denied", 
                            "count": 3, 
                            "value": 437
                        }, 
                        {
                            "disposition": "Applications Withdrawn", 
                            "count": 1, 
                            "value": 125
                        }, 
                        {
                            "disposition": "Files Closed For Incompleteness", 
                            "count": 0, 
                            "value": 0
                        }
                    ]
                }, 
                {
                    "gender": "Joint (Male/Female)", 
                    "dispositions": [
                        {
                            "disposition": "Applications Received", 
                            "count": 10, 
                            "value": 2500
                        }, 
                        {
                            "disposition": "Loans Originated", 
                            "count": 4, 
                            "value": 1217
                        }, 
                        {
                            "disposition": "Apps. Approved But Not Accepted", 
                            "count": 0, 
                            "value": 0
                        }, 
                        {
                            "disposition": "Aplications Denied", 
                            "count": 6, 
                            "value": 1283
                        }, 
                        {
                            "disposition": "Applications Withdrawn", 
                            "count": 0, 
                            "value": 0
                        }, 
                        {
                            "disposition": "Files Closed For Incompleteness", 
                            "count": 0, 
                            "value": 0
                        }
                    ]
                }
            ]
        }, 
        {
            "race": "White", 
            "dispositions": [
                {
                    "disposition": "Applications Received", 
                    "count": 6, 
                    "value": 1310
                }, 
                {
                    "disposition": "Loans Originated", 
                    "count": 4, 
                    "value": 946
                }, 
                {
                    "disposition": "Apps. Approved But Not Accepted", 
                    "count": 0, 
                    "value": 0
                }, 
                {
                    "disposition": "Aplications Denied", 
                    "count": 2, 
                    "value": 364
                }, 
                {
                    "disposition": "Applications Withdrawn", 
                    "count": 0, 
                    "value": 0
                }, 
                {
                    "disposition": "Files Closed For Incompleteness", 
                    "count": 0, 
                    "value": 0
                }
            ], 
            "genders": [
                {
                    "gender": "Male", 
                    "dispositions": [
                        {
                            "disposition": "Applications Received", 
                            "count": 5, 
                            "value": 1178
                        }, 
                        {
                            "disposition": "Loans Originated", 
                            "count": 3, 
                            "value": 814
                        }, 
                        {
                            "disposition": "Apps. Approved But Not Accepted", 
                            "count": 0, 
                            "value": 0
                        }, 
                        {
                            "disposition": "Aplications Denied", 
                            "count": 2, 
                            "value": 364
                        }, 
                        {
                            "disposition": "Applications Withdrawn", 
                            "count": 0, 
                            "value": 0
                        }, 
                        {
                            "disposition": "Files Closed For Incompleteness", 
                            "count": 0, 
                            "value": 0
                        }
                    ]
                }, 
                {
                    "gender": "Female", 
                    "dispositions": [
                        {
                            "disposition": "Applications Received", 
                            "count": 0, 
                            "value": 0
                        }, 
                        {
                            "disposition": "Loans Originated", 
                            "count": 0, 
                            "value": 0
                        }, 
                        {
                            "disposition": "Apps. Approved But Not Accepted", 
                            "count": 0, 
                            "value": 0
                        }, 
                        {
                            "disposition": "Aplications Denied", 
                            "count": 0, 
                            "value": 0
                        }, 
                        {
                            "disposition": "Applications Withdrawn", 
                            "count": 0, 
                            "value": 0
                        }, 
                        {
                            "disposition": "Files Closed For Incompleteness", 
                            "count": 0, 
                            "value": 0
                        }
                    ]
                }, 
                {
                    "gender": "Joint (Male/Female)", 
                    "dispositions": [
                        {
                            "disposition": "Applications Received", 
                            "count": 1, 
                            "value": 132
                        }, 
                        {
                            "disposition": "Loans Originated", 
                            "count": 1, 
                            "value": 132
                        }, 
                        {
                            "disposition": "Apps. Approved But Not Accepted", 
                            "count": 0, 
                            "value": 0
                        }, 
                        {
                            "disposition": "Aplications Denied", 
                            "count": 0, 
                            "value": 0
                        }, 
                        {
                            "disposition": "Applications Withdrawn", 
                            "count": 0, 
                            "value": 0
                        }, 
                        {
                            "disposition": "Files Closed For Incompleteness", 
                            "count": 0, 
                            "value": 0
                        }
                    ]
                }
            ]
        }, 
        {
            "race": "2 or more minority races", 
            "dispositions": [
                {
                    "disposition": "Applications Received", 
                    "count": 7838, 
                    "value": 1471186
                }, 
                {
                    "disposition": "Loans Originated", 
                    "count": 5121, 
                    "value": 943230
                }, 
                {
                    "disposition": "Apps. Approved But Not Accepted", 
                    "count": 280, 
                    "value": 52630
                }, 
                {
                    "disposition": "Aplications Denied", 
                    "count": 1428, 
                    "value": 272763
                }, 
                {
                    "disposition": "Applications Withdrawn", 
                    "count": 768, 
                    "value": 152901
                }, 
                {
                    "disposition": "Files Closed For Incompleteness", 
                    "count": 241, 
                    "value": 49662
                }
            ], 
            "genders": [
                {
                    "gender": "Male", 
                    "dispositions": [
                        {
                            "disposition": "Applications Received", 
                            "count": 1545, 
                            "value": 278166
                        }, 
                        {
                            "disposition": "Loans Originated", 
                            "count": 916, 
                            "value": 160137
                        }, 
                        {
                            "disposition": "Apps. Approved But Not Accepted", 
                            "count": 52, 
                            "value": 8770
                        }, 
                        {
                            "disposition": "Aplications Denied", 
                            "count": 363, 
                            "value": 68460
                        }, 
                        {
                            "disposition": "Applications Withdrawn", 
                            "count": 160, 
                            "value": 30783
                        }, 
                        {
                            "disposition": "Files Closed For Incompleteness", 
                            "count": 54, 
                            "value": 10016
                        }
                    ]
                }, 
                {
                    "gender": "Female", 
                    "dispositions": [
                        {
                            "disposition": "Applications Received", 
                            "count": 1605, 
                            "value": 246754
                        }, 
                        {
                            "disposition": "Loans Originated", 
                            "count": 1021, 
                            "value": 154909
                        }, 
                        {
                            "disposition": "Apps. Approved But Not Accepted", 
                            "count": 55, 
                            "value": 8728
                        }, 
                        {
                            "disposition": "Aplications Denied", 
                            "count": 335, 
                            "value": 50930
                        }, 
                        {
                            "disposition": "Applications Withdrawn", 
                            "count": 148, 
                            "value": 23920
                        }, 
                        {
                            "disposition": "Files Closed For Incompleteness", 
                            "count": 46, 
                            "value": 8267
                        }
                    ]
                }, 
                {
                    "gender": "Joint (Male/Female)", 
                    "dispositions": [
                        {
                            "disposition": "Applications Received", 
                            "count": 4656, 
                            "value": 939980
                        }, 
                        {
                            "disposition": "Loans Originated", 
                            "count": 3163, 
                            "value": 624094
                        }, 
                        {
                            "disposition": "Apps. Approved But Not Accepted", 
                            "count": 173, 
                            "value": 35132
                        }, 
                        {
                            "disposition": "Aplications Denied", 
                            "count": 725, 
                            "value": 152514
                        }, 
                        {
                            "disposition": "Applications Withdrawn", 
                            "count": 454, 
                            "value": 96861
                        }, 
                        {
                            "disposition": "Files Closed For Incompleteness", 
                            "count": 141, 
                            "value": 31379
                        }
                    ]
                }
            ]
        }, 
        {
            "race": "Joint (White/Minority Race", 
            "dispositions": [
                {
                    "disposition": "Applications Received", 
                    "count": 126, 
                    "value": 26547
                }, 
                {
                    "disposition": "Loans Originated", 
                    "count": 85, 
                    "value": 18791
                }, 
                {
                    "disposition": "Apps. Approved But Not Accepted", 
                    "count": 4, 
                    "value": 905
                }, 
                {
                    "disposition": "Aplications Denied", 
                    "count": 26, 
                    "value": 4378
                }, 
                {
                    "disposition": "Applications Withdrawn", 
                    "count": 6, 
                    "value": 1244
                }, 
                {
                    "disposition": "Files Closed For Incompleteness", 
                    "count": 5, 
                    "value": 1229
                }
            ], 
            "genders": [
                {
                    "gender": "Male", 
                    "dispositions": [
                        {
                            "disposition": "Applications Received", 
                            "count": 1, 
                            "value": 168
                        }, 
                        {
                            "disposition": "Loans Originated", 
                            "count": 1, 
                            "value": 168
                        }, 
                        {
                            "disposition": "Apps. Approved But Not Accepted", 
                            "count": 0, 
                            "value": 0
                        }, 
                        {
                            "disposition": "Aplications Denied", 
                            "count": 0, 
                            "value": 0
                        }, 
                        {
                            "disposition": "Applications Withdrawn", 
                            "count": 0, 
                            "value": 0
                        }, 
                        {
                            "disposition": "Files Closed For Incompleteness", 
                            "count": 0, 
                            "value": 0
                        }
                    ]
                }, 
                {
                    "gender": "Female", 
                    "dispositions": [
                        {
                            "disposition": "Applications Received", 
                            "count": 2, 
                            "value": 478
                        }, 
                        {
                            "disposition": "Loans Originated", 
                            "count": 2, 
                            "value": 478
                        }, 
                        {
                            "disposition": "Apps. Approved But Not Accepted", 
                            "count": 0, 
                            "value": 0
                        }, 
                        {
                            "disposition": "Aplications Denied", 
                            "count": 0, 
                            "value": 0
                        }, 
                        {
                            "disposition": "Applications Withdrawn", 
                            "count": 0, 
                            "value": 0
                        }, 
                        {
                            "disposition": "Files Closed For Incompleteness", 
                            "count": 0, 
                            "value": 0
                        }
                    ]
                }, 
                {
                    "gender": "Joint (Male/Female)", 
                    "dispositions": [
                        {
                            "disposition": "Applications Received", 
                            "count": 123, 
                            "value": 25901
                        }, 
                        {
                            "disposition": "Loans Originated", 
                            "count": 82, 
                            "value": 18145
                        }, 
                        {
                            "disposition": "Apps. Approved But Not Accepted", 
                            "count": 4, 
                            "value": 905
                        }, 
                        {
                            "disposition": "Aplications Denied", 
                            "count": 26, 
                            "value": 4378
                        }, 
                        {
                            "disposition": "Applications Withdrawn", 
                            "count": 6, 
                            "value": 1244
                        }, 
                        {
                            "disposition": "Files Closed For Incompleteness", 
                            "count": 5, 
                            "value": 1229
                        }
                    ]
                }
            ]
        }, 
        {
            "race": "Not Available", 
            "dispositions": [
                {
                    "disposition": "Applications Received", 
                    "count": 1183, 
                    "value": 223250
                }, 
                {
                    "disposition": "Loans Originated", 
                    "count": 643, 
                    "value": 120276
                }, 
                {
                    "disposition": "Apps. Approved But Not Accepted", 
                    "count": 42, 
                    "value": 7445
                }, 
                {
                    "disposition": "Aplications Denied", 
                    "count": 235, 
                    "value": 46239
                }, 
                {
                    "disposition": "Applications Withdrawn", 
                    "count": 193, 
                    "value": 35933
                }, 
                {
                    "disposition": "Files Closed For Incompleteness", 
                    "count": 70, 
                    "value": 13357
                }
            ], 
            "genders": [
                {
                    "gender": "Male", 
                    "dispositions": [
                        {
                            "disposition": "Applications Received", 
                            "count": 109, 
                            "value": 18189
                        }, 
                        {
                            "disposition": "Loans Originated", 
                            "count": 56, 
                            "value": 9972
                        }, 
                        {
                            "disposition": "Apps. Approved But Not Accepted", 
                            "count": 6, 
                            "value": 882
                        }, 
                        {
                            "disposition": "Aplications Denied", 
                            "count": 23, 
                            "value": 3168
                        }, 
                        {
                            "disposition": "Applications Withdrawn", 
                            "count": 15, 
                            "value": 2857
                        }, 
                        {
                            "disposition": "Files Closed For Incompleteness", 
                            "count": 9, 
                            "value": 1310
                        }
                    ]
                }, 
                {
                    "gender": "Female", 
                    "dispositions": [
                        {
                            "disposition": "Applications Received", 
                            "count": 73, 
                            "value": 10804
                        }, 
                        {
                            "disposition": "Loans Originated", 
                            "count": 38, 
                            "value": 5410
                        }, 
                        {
                            "disposition": "Apps. Approved But Not Accepted", 
                            "count": 1, 
                            "value": 360
                        }, 
                        {
                            "disposition": "Aplications Denied", 
                            "count": 19, 
                            "value": 2494
                        }, 
                        {
                            "disposition": "Applications Withdrawn", 
                            "count": 15, 
                            "value": 2540
                        }, 
                        {
                            "disposition": "Files Closed For Incompleteness", 
                            "count": 0, 
                            "value": 0
                        }
                    ]
                }, 
                {
                    "gender": "Joint (Male/Female)", 
                    "dispositions": [
                        {
                            "disposition": "Applications Received", 
                            "count": 242, 
                            "value": 49362
                        }, 
                        {
                            "disposition": "Loans Originated", 
                            "count": 164, 
                            "value": 33972
                        }, 
                        {
                            "disposition": "Apps. Approved But Not Accepted", 
                            "count": 10, 
                            "value": 1432
                        }, 
                        {
                            "disposition": "Aplications Denied", 
                            "count": 36, 
                            "value": 7971
                        }, 
                        {
                            "disposition": "Applications Withdrawn", 
                            "count": 23, 
                            "value": 4317
                        }, 
                        {
                            "disposition": "Files Closed For Incompleteness", 
                            "count": 9, 
                            "value": 1670
                        }
                    ]
                }
            ]
        }
    ], 
    "ethnicities": [
        {
            "ethnicity": "Hispanic or Latino", 
            "dispositions": [
                {
                    "disposition": "Applications Received", 
                    "count": 281, 
                    "value": 42815
                }, 
                {
                    "disposition": "Loans Originated", 
                    "count": 166, 
                    "value": 25461
                }, 
                {
                    "disposition": "Apps. Approved But Not Accepted", 
                    "count": 13, 
                    "value": 2293
                }, 
                {
                    "disposition": "Aplications Denied", 
                    "count": 69, 
                    "value": 10121
                }, 
                {
                    "disposition": "Applications Withdrawn", 
                    "count": 23, 
                    "value": 3371
                }, 
                {
                    "disposition": "Files Closed For Incompleteness", 
                    "count": 10, 
                    "value": 1569
                }
            ], 
            "genders": [
                {
                    "gender": "Male", 
                    "dispositions": [
                        {
                            "disposition": "Applications Received", 
                            "count": 90, 
                            "value": 90
                        }, 
                        {
                            "disposition": "Loans Originated", 
                            "count": 48, 
                            "value": 6372
                        }, 
                        {
                            "disposition": "Apps. Approved But Not Accepted", 
                            "count": 3, 
                            "value": 279
                        }, 
                        {
                            "disposition": "Aplications Denied", 
                            "count": 26, 
                            "value": 3673
                        }, 
                        {
                            "disposition": "Applications Withdrawn", 
                            "count": 9, 
                            "value": 1133
                        }, 
                        {
                            "disposition": "Files Closed For Incompleteness", 
                            "count": 4, 
                            "value": 725
                        }
                    ]
                }, 
                {
                    "gender": "Female", 
                    "dispositions": [
                        {
                            "disposition": "Applications Received", 
                            "count": 78, 
                            "value": 78
                        }, 
                        {
                            "disposition": "Loans Originated", 
                            "count": 50, 
                            "value": 6905
                        }, 
                        {
                            "disposition": "Apps. Approved But Not Accepted", 
                            "count": 3, 
                            "value": 578
                        }, 
                        {
                            "disposition": "Aplications Denied", 
                            "count": 14, 
                            "value": 1690
                        }, 
                        {
                            "disposition": "Applications Withdrawn", 
                            "count": 8, 
                            "value": 1160
                        }, 
                        {
                            "disposition": "Files Closed For Incompleteness", 
                            "count": 3, 
                            "value": 452
                        }
                    ]
                }, 
                {
                    "gender": "Joint (Male/Female)", 
                    "dispositions": [
                        {
                            "disposition": "Applications Received", 
                            "count": 111, 
                            "value": 111
                        }, 
                        {
                            "disposition": "Loans Originated", 
                            "count": 67, 
                            "value": 11781
                        }, 
                        {
                            "disposition": "Apps. Approved But Not Accepted", 
                            "count": 7, 
                            "value": 1436
                        }, 
                        {
                            "disposition": "Aplications Denied", 
                            "count": 29, 
                            "value": 4758
                        }, 
                        {
                            "disposition": "Applications Withdrawn", 
                            "count": 5, 
                            "value": 901
                        }, 
                        {
                            "disposition": "Files Closed For Incompleteness", 
                            "count": 3, 
                            "value": 392
                        }
                    ]
                }
            ]
        }, 
        {
            "ethnicity": "Not Hispanic or Latino", 
            "dispositions": [
                {
                    "disposition": "Applications Received", 
                    "count": 7621, 
                    "value": 1446064
                }, 
                {
                    "disposition": "Loans Originated", 
                    "count": 4986, 
                    "value": 930414
                }, 
                {
                    "disposition": "Apps. Approved But Not Accepted", 
                    "count": 268, 
                    "value": 50147
                }, 
                {
                    "disposition": "Aplications Denied", 
                    "count": 1386, 
                    "value": 266527
                }, 
                {
                    "disposition": "Applications Withdrawn", 
                    "count": 748, 
                    "value": 150765
                }, 
                {
                    "disposition": "Files Closed For Incompleteness", 
                    "count": 233, 
                    "value": 48211
                }
            ], 
            "genders": [
                {
                    "gender": "Male", 
                    "dispositions": [
                        {
                            "disposition": "Applications Received", 
                            "count": 1508, 
                            "value": 1508
                        }, 
                        {
                            "disposition": "Loans Originated", 
                            "count": 893, 
                            "value": 159314
                        }, 
                        {
                            "disposition": "Apps. Approved But Not Accepted", 
                            "count": 52, 
                            "value": 9044
                        }, 
                        {
                            "disposition": "Aplications Denied", 
                            "count": 348, 
                            "value": 65877
                        }, 
                        {
                            "disposition": "Applications Withdrawn", 
                            "count": 160, 
                            "value": 31507
                        }, 
                        {
                            "disposition": "Files Closed For Incompleteness", 
                            "count": 55, 
                            "value": 10182
                        }
                    ]
                }, 
                {
                    "gender": "Female", 
                    "dispositions": [
                        {
                            "disposition": "Applications Received", 
                            "count": 1572, 
                            "value": 1572
                        }, 
                        {
                            "disposition": "Loans Originated", 
                            "count": 996, 
                            "value": 152787
                        }, 
                        {
                            "disposition": "Apps. Approved But Not Accepted", 
                            "count": 54, 
                            "value": 8504
                        }, 
                        {
                            "disposition": "Aplications Denied", 
                            "count": 331, 
                            "value": 50906
                        }, 
                        {
                            "disposition": "Applications Withdrawn", 
                            "count": 147, 
                            "value": 23912
                        }, 
                        {
                            "disposition": "Files Closed For Incompleteness", 
                            "count": 44, 
                            "value": 8082
                        }
                    ]
                }, 
                {
                    "gender": "Joint (Male/Female)", 
                    "dispositions": [
                        {
                            "disposition": "Applications Received", 
                            "count": 4509, 
                            "value": 4509
                        }, 
                        {
                            "disposition": "Loans Originated", 
                            "count": 3077, 
                            "value": 613365
                        }, 
                        {
                            "disposition": "Apps. Approved But Not Accepted", 
                            "count": 162, 
                            "value": 32599
                        }, 
                        {
                            "disposition": "Aplications Denied", 
                            "count": 700, 
                            "value": 148480
                        }, 
                        {
                            "disposition": "Applications Withdrawn", 
                            "count": 437, 
                            "value": 94269
                        }, 
                        {
                            "disposition": "Files Closed For Incompleteness", 
                            "count": 133, 
                            "value": 29605
                        }
                    ]
                }
            ]
        }, 
        {
            "ethnicity": "Joint (Hispanic or Latino/Not Hispanic or Latino", 
            "dispositions": [
                {
                    "disposition": "Applications Received", 
                    "count": 235, 
                    "value": 43525
                }, 
                {
                    "disposition": "Loans Originated", 
                    "count": 156, 
                    "value": 27842
                }, 
                {
                    "disposition": "Apps. Approved But Not Accepted", 
                    "count": 12, 
                    "value": 2668
                }, 
                {
                    "disposition": "Aplications Denied", 
                    "count": 34, 
                    "value": 6157
                }, 
                {
                    "disposition": "Applications Withdrawn", 
                    "count": 22, 
                    "value": 4171
                }, 
                {
                    "disposition": "Files Closed For Incompleteness", 
                    "count": 11, 
                    "value": 2687
                }
            ], 
            "genders": [
                {
                    "gender": "Male", 
                    "dispositions": [
                        {
                            "disposition": "Applications Received", 
                            "count": 5, 
                            "value": 5
                        }, 
                        {
                            "disposition": "Loans Originated", 
                            "count": 5, 
                            "value": 890
                        }, 
                        {
                            "disposition": "Apps. Approved But Not Accepted", 
                            "count": 0, 
                            "value": 0
                        }, 
                        {
                            "disposition": "Aplications Denied", 
                            "count": 0, 
                            "value": 0
                        }, 
                        {
                            "disposition": "Applications Withdrawn", 
                            "count": 0, 
                            "value": 0
                        }, 
                        {
                            "disposition": "Files Closed For Incompleteness", 
                            "count": 0, 
                            "value": 0
                        }
                    ]
                }, 
                {
                    "gender": "Female", 
                    "dispositions": [
                        {
                            "disposition": "Applications Received", 
                            "count": 7, 
                            "value": 7
                        }, 
                        {
                            "disposition": "Loans Originated", 
                            "count": 3, 
                            "value": 737
                        }, 
                        {
                            "disposition": "Apps. Approved But Not Accepted", 
                            "count": 0, 
                            "value": 0
                        }, 
                        {
                            "disposition": "Aplications Denied", 
                            "count": 2, 
                            "value": 436
                        }, 
                        {
                            "disposition": "Applications Withdrawn", 
                            "count": 2, 
                            "value": 369
                        }, 
                        {
                            "disposition": "Files Closed For Incompleteness", 
                            "count": 0, 
                            "value": 0
                        }
                    ]
                }, 
                {
                    "gender": "Joint (Male/Female)", 
                    "dispositions": [
                        {
                            "disposition": "Applications Received", 
                            "count": 223, 
                            "value": 223
                        }, 
                        {
                            "disposition": "Loans Originated", 
                            "count": 148, 
                            "value": 26215
                        }, 
                        {
                            "disposition": "Apps. Approved But Not Accepted", 
                            "count": 12, 
                            "value": 2668
                        }, 
                        {
                            "disposition": "Aplications Denied", 
                            "count": 32, 
                            "value": 5721
                        }, 
                        {
                            "disposition": "Applications Withdrawn", 
                            "count": 20, 
                            "value": 3802
                        }, 
                        {
                            "disposition": "Files Closed For Incompleteness", 
                            "count": 11, 
                            "value": 2687
                        }
                    ]
                }
            ]
        }, 
        {
            "ethnicity": "Ethnicity Not Available", 
            "dispositions": [
                {
                    "disposition": "Applications Received", 
                    "count": 1166, 
                    "value": 218874
                }, 
                {
                    "disposition": "Loans Originated", 
                    "count": 639, 
                    "value": 117611
                }, 
                {
                    "disposition": "Apps. Approved But Not Accepted", 
                    "count": 37, 
                    "value": 6520
                }, 
                {
                    "disposition": "Aplications Denied", 
                    "count": 235, 
                    "value": 46904
                }, 
                {
                    "disposition": "Applications Withdrawn", 
                    "count": 189, 
                    "value": 35185
                }, 
                {
                    "disposition": "Files Closed For Incompleteness", 
                    "count": 66, 
                    "value": 12654
                }
            ], 
            "genders": [
                {
                    "gender": "Male", 
                    "dispositions": [
                        {
                            "disposition": "Applications Received", 
                            "count": 108, 
                            "value": 108
                        }, 
                        {
                            "disposition": "Loans Originated", 
                            "count": 60, 
                            "value": 10242
                        }, 
                        {
                            "disposition": "Apps. Approved But Not Accepted", 
                            "count": 5, 
                            "value": 623
                        }, 
                        {
                            "disposition": "Aplications Denied", 
                            "count": 23, 
                            "value": 3630
                        }, 
                        {
                            "disposition": "Applications Withdrawn", 
                            "count": 14, 
                            "value": 2780
                        }, 
                        {
                            "disposition": "Files Closed For Incompleteness", 
                            "count": 6, 
                            "value": 828
                        }
                    ]
                }, 
                {
                    "gender": "Female", 
                    "dispositions": [
                        {
                            "disposition": "Applications Received", 
                            "count": 69, 
                            "value": 69
                        }, 
                        {
                            "disposition": "Loans Originated", 
                            "count": 40, 
                            "value": 5363
                        }, 
                        {
                            "disposition": "Apps. Approved But Not Accepted", 
                            "count": 1, 
                            "value": 360
                        }, 
                        {
                            "disposition": "Aplications Denied", 
                            "count": 17, 
                            "value": 2052
                        }, 
                        {
                            "disposition": "Applications Withdrawn", 
                            "count": 11, 
                            "value": 1841
                        }, 
                        {
                            "disposition": "Files Closed For Incompleteness", 
                            "count": 0, 
                            "value": 0
                        }
                    ]
                }, 
                {
                    "gender": "Joint (Male/Female)", 
                    "dispositions": [
                        {
                            "disposition": "Applications Received", 
                            "count": 232, 
                            "value": 232
                        }, 
                        {
                            "disposition": "Loans Originated", 
                            "count": 154, 
                            "value": 32345
                        }, 
                        {
                            "disposition": "Apps. Approved But Not Accepted", 
                            "count": 6, 
                            "value": 766
                        }, 
                        {
                            "disposition": "Aplications Denied", 
                            "count": 40, 
                            "value": 9021
                        }, 
                        {
                            "disposition": "Applications Withdrawn", 
                            "count": 23, 
                            "value": 4262
                        }, 
                        {
                            "disposition": "Files Closed For Incompleteness", 
                            "count": 9, 
                            "value": 1791
                        }
                    ]
                }
            ]
        }
    ], 
    "minoritystatuses": [
        {
            "minoritystatus": "White Non-Hispanic", 
            "dispositions": [
                {
                    "disposition": "Applications Received", 
                    "count": 8549, 
                    "value": 1616709
                }, 
                {
                    "disposition": "Loans Originated", 
                    "count": 5466, 
                    "value": 1015238
                }, 
                {
                    "disposition": "Apps. Approved But Not Accepted", 
                    "count": 299, 
                    "value": 55371
                }, 
                {
                    "disposition": "Aplications Denied", 
                    "count": 1572, 
                    "value": 304608
                }, 
                {
                    "disposition": "Applications Withdrawn", 
                    "count": 918, 
                    "value": 181612
                }, 
                {
                    "disposition": "Files Closed For Incompleteness", 
                    "count": 294, 
                    "value": 59880
                }
            ], 
            "genders": [
                {
                    "gender": "Male", 
                    "dispositions": [
                        {
                            "disposition": "Applications Received", 
                            "count": 287106, 
                            "value": 0
                        }, 
                        {
                            "disposition": "Loans Originated", 
                            "count": 923, 
                            "value": 163796
                        }, 
                        {
                            "disposition": "Apps. Approved But Not Accepted", 
                            "count": 56, 
                            "value": 9449
                        }, 
                        {
                            "disposition": "Aplications Denied", 
                            "count": 365, 
                            "value": 68585
                        }, 
                        {
                            "disposition": "Applications Withdrawn", 
                            "count": 168, 
                            "value": 32854
                        }, 
                        {
                            "disposition": "Files Closed For Incompleteness", 
                            "count": 60, 
                            "value": 10850
                        }
                    ]
                }, 
                {
                    "gender": "Female", 
                    "dispositions": [
                        {
                            "disposition": "Applications Received", 
                            "count": 247408, 
                            "value": 0
                        }, 
                        {
                            "disposition": "Loans Originated", 
                            "count": 1008, 
                            "value": 153022
                        }, 
                        {
                            "disposition": "Apps. Approved But Not Accepted", 
                            "count": 53, 
                            "value": 8510
                        }, 
                        {
                            "disposition": "Aplications Denied", 
                            "count": 339, 
                            "value": 51413
                        }, 
                        {
                            "disposition": "Applications Withdrawn", 
                            "count": 152, 
                            "value": 24785
                        }, 
                        {
                            "disposition": "Files Closed For Incompleteness", 
                            "count": 44, 
                            "value": 8082
                        }
                    ]
                }, 
                {
                    "gender": "Joint (Male/Female)", 
                    "dispositions": [
                        {
                            "disposition": "Applications Received", 
                            "count": 939354, 
                            "value": 0
                        }, 
                        {
                            "disposition": "Loans Originated", 
                            "count": 3130, 
                            "value": 623811
                        }, 
                        {
                            "disposition": "Apps. Approved But Not Accepted", 
                            "count": 165, 
                            "value": 32641
                        }, 
                        {
                            "disposition": "Aplications Denied", 
                            "count": 706, 
                            "value": 151145
                        }, 
                        {
                            "disposition": "Applications Withdrawn", 
                            "count": 453, 
                            "value": 96594
                        }, 
                        {
                            "disposition": "Files Closed For Incompleteness", 
                            "count": 138, 
                            "value": 30571
                        }
                    ]
                }
            ]
        }, 
        {
            "minoritystatus": "Others, Including Hispanic", 
            "dispositions": [
                {
                    "disposition": "Applications Received", 
                    "count": 754, 
                    "value": 134569
                }, 
                {
                    "disposition": "Loans Originated", 
                    "count": 481, 
                    "value": 86090
                }, 
                {
                    "disposition": "Apps. Approved But Not Accepted", 
                    "count": 31, 
                    "value": 6257
                }, 
                {
                    "disposition": "Aplications Denied", 
                    "count": 152, 
                    "value": 25101
                }, 
                {
                    "disposition": "Applications Withdrawn", 
                    "count": 64, 
                    "value": 11880
                }, 
                {
                    "disposition": "Files Closed For Incompleteness", 
                    "count": 26, 
                    "value": 5241
                }
            ], 
            "genders": [
                {
                    "gender": "Male", 
                    "dispositions": [
                        {
                            "disposition": "Applications Received", 
                            "count": 21704, 
                            "value": 0
                        }, 
                        {
                            "disposition": "Loans Originated", 
                            "count": 83, 
                            "value": 13022
                        }, 
                        {
                            "disposition": "Apps. Approved But Not Accepted", 
                            "count": 4, 
                            "value": 497
                        }, 
                        {
                            "disposition": "Aplications Denied", 
                            "count": 32, 
                            "value": 4595
                        }, 
                        {
                            "disposition": "Applications Withdrawn", 
                            "count": 15, 
                            "value": 2566
                        }, 
                        {
                            "disposition": "Files Closed For Incompleteness", 
                            "count": 5, 
                            "value": 885
                        }
                    ]
                }, 
                {
                    "gender": "Female", 
                    "dispositions": [
                        {
                            "disposition": "Applications Received", 
                            "count": 20452, 
                            "value": 0
                        }, 
                        {
                            "disposition": "Loans Originated", 
                            "count": 81, 
                            "value": 12770
                        }, 
                        {
                            "disposition": "Apps. Approved But Not Accepted", 
                            "count": 5, 
                            "value": 932
                        }, 
                        {
                            "disposition": "Aplications Denied", 
                            "count": 25, 
                            "value": 3671
                        }, 
                        {
                            "disposition": "Applications Withdrawn", 
                            "count": 16, 
                            "value": 2497
                        }, 
                        {
                            "disposition": "Files Closed For Incompleteness", 
                            "count": 3, 
                            "value": 452
                        }
                    ]
                }, 
                {
                    "gender": "Joint (Male/Female)", 
                    "dispositions": [
                        {
                            "disposition": "Applications Received", 
                            "count": 92585, 
                            "value": 0
                        }, 
                        {
                            "disposition": "Loans Originated", 
                            "count": 316, 
                            "value": 59895
                        }, 
                        {
                            "disposition": "Apps. Approved But Not Accepted", 
                            "count": 22, 
                            "value": 4828
                        }, 
                        {
                            "disposition": "Aplications Denied", 
                            "count": 95, 
                            "value": 16835
                        }, 
                        {
                            "disposition": "Applications Withdrawn", 
                            "count": 32, 
                            "value": 6640
                        }, 
                        {
                            "disposition": "Files Closed For Incompleteness", 
                            "count": 18, 
                            "value": 3904
                        }
                    ]
                }
            ]
        }
    ], 
    "incomes": [
        {
            "income": "Less than 50% of MSA/MD median", 
            "dispositions": [
                {
                    "disposition": "Applications Received", 
                    "count": 817, 
                    "value": 98350
                }, 
                {
                    "disposition": "Loans Originated", 
                    "count": 473, 
                    "value": 56833
                }, 
                {
                    "disposition": "Apps. Approved But Not Accepted", 
                    "count": 19, 
                    "value": 2057
                }, 
                {
                    "disposition": "Aplications Denied", 
                    "count": 221, 
                    "value": 26718
                }, 
                {
                    "disposition": "Applications Withdrawn", 
                    "count": 76, 
                    "value": 9293
                }, 
                {
                    "disposition": "Files Closed For Incompleteness", 
                    "count": 28, 
                    "value": 3449
                }
            ]
        }, 
        {
            "income": "50-79% of MSA/MD median", 
            "dispositions": [
                {
                    "disposition": "Applications Received", 
                    "count": 1586, 
                    "value": 213048
                }, 
                {
                    "disposition": "Loans Originated", 
                    "count": 995, 
                    "value": 130760
                }, 
                {
                    "disposition": "Apps. Approved But Not Accepted", 
                    "count": 62, 
                    "value": 7676
                }, 
                {
                    "disposition": "Aplications Denied", 
                    "count": 343, 
                    "value": 47954
                }, 
                {
                    "disposition": "Applications Withdrawn", 
                    "count": 138, 
                    "value": 19599
                }, 
                {
                    "disposition": "Files Closed For Incompleteness", 
                    "count": 48, 
                    "value": 7059
                }
            ]
        }, 
        {
            "income": "80-99% of MSA/MD median", 
            "dispositions": [
                {
                    "disposition": "Applications Received", 
                    "count": 1035, 
                    "value": 164644
                }, 
                {
                    "disposition": "Loans Originated", 
                    "count": 676, 
                    "value": 104089
                }, 
                {
                    "disposition": "Apps. Approved But Not Accepted", 
                    "count": 39, 
                    "value": 6412
                }, 
                {
                    "disposition": "Aplications Denied", 
                    "count": 184, 
                    "value": 31261
                }, 
                {
                    "disposition": "Applications Withdrawn", 
                    "count": 113, 
                    "value": 18850
                }, 
                {
                    "disposition": "Files Closed For Incompleteness", 
                    "count": 23, 
                    "value": 4032
                }
            ]
        }, 
        {
            "income": "100-119% of MSA/MD median", 
            "dispositions": [
                {
                    "disposition": "Applications Received", 
                    "count": 1012, 
                    "value": 179240
                }, 
                {
                    "disposition": "Loans Originated", 
                    "count": 669, 
                    "value": 117495
                }, 
                {
                    "disposition": "Apps. Approved But Not Accepted", 
                    "count": 33, 
                    "value": 5877
                }, 
                {
                    "disposition": "Aplications Denied", 
                    "count": 157, 
                    "value": 27452
                }, 
                {
                    "disposition": "Applications Withdrawn", 
                    "count": 112, 
                    "value": 20904
                }, 
                {
                    "disposition": "Files Closed For Incompleteness", 
                    "count": 41, 
                    "value": 7512
                }
            ]
        }, 
        {
            "income": "120% or more of MSA/MD median", 
            "dispositions": [
                {
                    "disposition": "Applications Received", 
                    "count": 4113, 
                    "value": 955136
                }, 
                {
                    "disposition": "Loans Originated", 
                    "count": 2633, 
                    "value": 598092
                }, 
                {
                    "disposition": "Apps. Approved But Not Accepted", 
                    "count": 157, 
                    "value": 35569
                }, 
                {
                    "disposition": "Aplications Denied", 
                    "count": 711, 
                    "value": 173581
                }, 
                {
                    "disposition": "Applications Withdrawn", 
                    "count": 462, 
                    "value": 111482
                }, 
                {
                    "disposition": "Files Closed For Incompleteness", 
                    "count": 150, 
                    "value": 36412
                }
            ]
        }, 
        {
            "income": "Income not available", 
            "dispositions": [
                {
                    "disposition": "Applications Received", 
                    "count": 740, 
                    "value": 140860
                }, 
                {
                    "disposition": "Loans Originated", 
                    "count": 501, 
                    "value": 94059
                }, 
                {
                    "disposition": "Apps. Approved But Not Accepted", 
                    "count": 20, 
                    "value": 4037
                }, 
                {
                    "disposition": "Aplications Denied", 
                    "count": 108, 
                    "value": 22743
                }, 
                {
                    "disposition": "Applications Withdrawn", 
                    "count": 81, 
                    "value": 13364
                }, 
                {
                    "disposition": "Files Closed For Incompleteness", 
                    "count": 30, 
                    "value": 6657
                }
            ]
        }
    ], 
    "total": [
        {
            "disposition": "Applications Received", 
            "count": 0, 
            "value": 0
        }, 
        {
            "disposition": "Loans Originated", 
            "count": 5947, 
            "value": 1101328
        }, 
        {
            "disposition": "Apps. Approved But Not Accepted", 
            "count": 330, 
            "value": 61628
        }, 
        {
            "disposition": "Aplications Denied", 
            "count": 1724, 
            "value": 329709
        }, 
        {
            "disposition": "Applications Withdrawn", 
            "count": 982, 
            "value": 193492
        }, 
        {
            "disposition": "Files Closed For Incompleteness", 
            "count": 320, 
            "value": 65121
        }
    ]
}