{
    "table": "4-2", 
    "type": "Aggregate", 
    "desc": "Disposition of applications for conventional home-purchase loans 1- to 4- family and manufactured home dwellings, by race, ethnicity, gender and income of applicant", 
    "year": "2012", 
    "report-date": "04/03/2015", 
    "msa": {
        "id": "38060", 
        "name": "Phoenix-Mesa-Glendale", 
        "state": "AZ", 
        "state_name": "Arizona"
    }, 
    "races": [
        {
            "race": "American Indian/Alaska Native", 
            "dispositions": [
                {
                    "disposition": "Applications Received", 
                    "count": 102, 
                    "value": 19059
                }, 
                {
                    "disposition": "Loans Originated", 
                    "count": 59, 
                    "value": 11086
                }, 
                {
                    "disposition": "Apps. Approved But Not Accepted", 
                    "count": 4, 
                    "value": 597
                }, 
                {
                    "disposition": "Aplications Denied", 
                    "count": 18, 
                    "value": 3457
                }, 
                {
                    "disposition": "Applications Withdrawn", 
                    "count": 19, 
                    "value": 3589
                }, 
                {
                    "disposition": "Files Closed For Incompleteness", 
                    "count": 2, 
                    "value": 330
                }
            ], 
            "genders": [
                {
                    "gender": "Male", 
                    "dispositions": [
                        {
                            "disposition": "Applications Received", 
                            "count": 44, 
                            "value": 7331
                        }, 
                        {
                            "disposition": "Loans Originated", 
                            "count": 28, 
                            "value": 4824
                        }, 
                        {
                            "disposition": "Apps. Approved But Not Accepted", 
                            "count": 3, 
                            "value": 446
                        }, 
                        {
                            "disposition": "Aplications Denied", 
                            "count": 7, 
                            "value": 1014
                        }, 
                        {
                            "disposition": "Applications Withdrawn", 
                            "count": 6, 
                            "value": 1047
                        }, 
                        {
                            "disposition": "Files Closed For Incompleteness", 
                            "count": 0, 
                            "value": 0
                        }
                    ]
                }, 
                {
                    "gender": "Female", 
                    "dispositions": [
                        {
                            "disposition": "Applications Received", 
                            "count": 33, 
                            "value": 5058
                        }, 
                        {
                            "disposition": "Loans Originated", 
                            "count": 18, 
                            "value": 2743
                        }, 
                        {
                            "disposition": "Apps. Approved But Not Accepted", 
                            "count": 1, 
                            "value": 151
                        }, 
                        {
                            "disposition": "Aplications Denied", 
                            "count": 5, 
                            "value": 600
                        }, 
                        {
                            "disposition": "Applications Withdrawn", 
                            "count": 8, 
                            "value": 1440
                        }, 
                        {
                            "disposition": "Files Closed For Incompleteness", 
                            "count": 1, 
                            "value": 124
                        }
                    ]
                }, 
                {
                    "gender": "Joint (Male/Female)", 
                    "dispositions": [
                        {
                            "disposition": "Applications Received", 
                            "count": 25, 
                            "value": 6670
                        }, 
                        {
                            "disposition": "Loans Originated", 
                            "count": 13, 
                            "value": 3519
                        }, 
                        {
                            "disposition": "Apps. Approved But Not Accepted", 
                            "count": 0, 
                            "value": 0
                        }, 
                        {
                            "disposition": "Aplications Denied", 
                            "count": 6, 
                            "value": 1843
                        }, 
                        {
                            "disposition": "Applications Withdrawn", 
                            "count": 5, 
                            "value": 1102
                        }, 
                        {
                            "disposition": "Files Closed For Incompleteness", 
                            "count": 1, 
                            "value": 206
                        }
                    ]
                }
            ]
        }, 
        {
            "race": "Asian", 
            "dispositions": [
                {
                    "disposition": "Applications Received", 
                    "count": 120, 
                    "value": 16236
                }, 
                {
                    "disposition": "Loans Originated", 
                    "count": 60, 
                    "value": 8632
                }, 
                {
                    "disposition": "Apps. Approved But Not Accepted", 
                    "count": 10, 
                    "value": 1651
                }, 
                {
                    "disposition": "Aplications Denied", 
                    "count": 30, 
                    "value": 3498
                }, 
                {
                    "disposition": "Applications Withdrawn", 
                    "count": 18, 
                    "value": 2225
                }, 
                {
                    "disposition": "Files Closed For Incompleteness", 
                    "count": 2, 
                    "value": 230
                }
            ], 
            "genders": [
                {
                    "gender": "Male", 
                    "dispositions": [
                        {
                            "disposition": "Applications Received", 
                            "count": 53, 
                            "value": 7684
                        }, 
                        {
                            "disposition": "Loans Originated", 
                            "count": 30, 
                            "value": 4103
                        }, 
                        {
                            "disposition": "Apps. Approved But Not Accepted", 
                            "count": 4, 
                            "value": 938
                        }, 
                        {
                            "disposition": "Aplications Denied", 
                            "count": 15, 
                            "value": 2084
                        }, 
                        {
                            "disposition": "Applications Withdrawn", 
                            "count": 3, 
                            "value": 409
                        }, 
                        {
                            "disposition": "Files Closed For Incompleteness", 
                            "count": 1, 
                            "value": 150
                        }
                    ]
                }, 
                {
                    "gender": "Female", 
                    "dispositions": [
                        {
                            "disposition": "Applications Received", 
                            "count": 39, 
                            "value": 4829
                        }, 
                        {
                            "disposition": "Loans Originated", 
                            "count": 20, 
                            "value": 2880
                        }, 
                        {
                            "disposition": "Apps. Approved But Not Accepted", 
                            "count": 2, 
                            "value": 218
                        }, 
                        {
                            "disposition": "Aplications Denied", 
                            "count": 10, 
                            "value": 1038
                        }, 
                        {
                            "disposition": "Applications Withdrawn", 
                            "count": 7, 
                            "value": 693
                        }, 
                        {
                            "disposition": "Files Closed For Incompleteness", 
                            "count": 0, 
                            "value": 0
                        }
                    ]
                }, 
                {
                    "gender": "Joint (Male/Female)", 
                    "dispositions": [
                        {
                            "disposition": "Applications Received", 
                            "count": 25, 
                            "value": 3251
                        }, 
                        {
                            "disposition": "Loans Originated", 
                            "count": 9, 
                            "value": 1544
                        }, 
                        {
                            "disposition": "Apps. Approved But Not Accepted", 
                            "count": 4, 
                            "value": 495
                        }, 
                        {
                            "disposition": "Aplications Denied", 
                            "count": 4, 
                            "value": 172
                        }, 
                        {
                            "disposition": "Applications Withdrawn", 
                            "count": 7, 
                            "value": 960
                        }, 
                        {
                            "disposition": "Files Closed For Incompleteness", 
                            "count": 1, 
                            "value": 80
                        }
                    ]
                }
            ]
        }, 
        {
            "race": "Black or African American", 
            "dispositions": [
                {
                    "disposition": "Applications Received", 
                    "count": 2827, 
                    "value": 564445
                }, 
                {
                    "disposition": "Loans Originated", 
                    "count": 2016, 
                    "value": 404374
                }, 
                {
                    "disposition": "Apps. Approved But Not Accepted", 
                    "count": 120, 
                    "value": 27124
                }, 
                {
                    "disposition": "Aplications Denied", 
                    "count": 322, 
                    "value": 58556
                }, 
                {
                    "disposition": "Applications Withdrawn", 
                    "count": 315, 
                    "value": 62504
                }, 
                {
                    "disposition": "Files Closed For Incompleteness", 
                    "count": 54, 
                    "value": 11887
                }
            ], 
            "genders": [
                {
                    "gender": "Male", 
                    "dispositions": [
                        {
                            "disposition": "Applications Received", 
                            "count": 1277, 
                            "value": 249151
                        }, 
                        {
                            "disposition": "Loans Originated", 
                            "count": 899, 
                            "value": 175609
                        }, 
                        {
                            "disposition": "Apps. Approved But Not Accepted", 
                            "count": 60, 
                            "value": 14033
                        }, 
                        {
                            "disposition": "Aplications Denied", 
                            "count": 151, 
                            "value": 27934
                        }, 
                        {
                            "disposition": "Applications Withdrawn", 
                            "count": 148, 
                            "value": 28417
                        }, 
                        {
                            "disposition": "Files Closed For Incompleteness", 
                            "count": 19, 
                            "value": 3158
                        }
                    ]
                }, 
                {
                    "gender": "Female", 
                    "dispositions": [
                        {
                            "disposition": "Applications Received", 
                            "count": 688, 
                            "value": 114444
                        }, 
                        {
                            "disposition": "Loans Originated", 
                            "count": 485, 
                            "value": 82223
                        }, 
                        {
                            "disposition": "Apps. Approved But Not Accepted", 
                            "count": 25, 
                            "value": 4705
                        }, 
                        {
                            "disposition": "Aplications Denied", 
                            "count": 91, 
                            "value": 12991
                        }, 
                        {
                            "disposition": "Applications Withdrawn", 
                            "count": 73, 
                            "value": 10840
                        }, 
                        {
                            "disposition": "Files Closed For Incompleteness", 
                            "count": 14, 
                            "value": 3685
                        }
                    ]
                }, 
                {
                    "gender": "Joint (Male/Female)", 
                    "dispositions": [
                        {
                            "disposition": "Applications Received", 
                            "count": 853, 
                            "value": 198797
                        }, 
                        {
                            "disposition": "Loans Originated", 
                            "count": 627, 
                            "value": 145119
                        }, 
                        {
                            "disposition": "Apps. Approved But Not Accepted", 
                            "count": 34, 
                            "value": 8269
                        }, 
                        {
                            "disposition": "Aplications Denied", 
                            "count": 77, 
                            "value": 17118
                        }, 
                        {
                            "disposition": "Applications Withdrawn", 
                            "count": 94, 
                            "value": 23247
                        }, 
                        {
                            "disposition": "Files Closed For Incompleteness", 
                            "count": 21, 
                            "value": 5044
                        }
                    ]
                }
            ]
        }, 
        {
            "race": "Native Hawaiian or Other Pacific Islander", 
            "dispositions": [
                {
                    "disposition": "Applications Received", 
                    "count": 437, 
                    "value": 79267
                }, 
                {
                    "disposition": "Loans Originated", 
                    "count": 279, 
                    "value": 52231
                }, 
                {
                    "disposition": "Apps. Approved But Not Accepted", 
                    "count": 20, 
                    "value": 3409
                }, 
                {
                    "disposition": "Aplications Denied", 
                    "count": 82, 
                    "value": 13572
                }, 
                {
                    "disposition": "Applications Withdrawn", 
                    "count": 50, 
                    "value": 9404
                }, 
                {
                    "disposition": "Files Closed For Incompleteness", 
                    "count": 6, 
                    "value": 651
                }
            ], 
            "genders": [
                {
                    "gender": "Male", 
                    "dispositions": [
                        {
                            "disposition": "Applications Received", 
                            "count": 178, 
                            "value": 33385
                        }, 
                        {
                            "disposition": "Loans Originated", 
                            "count": 107, 
                            "value": 21387
                        }, 
                        {
                            "disposition": "Apps. Approved But Not Accepted", 
                            "count": 7, 
                            "value": 1345
                        }, 
                        {
                            "disposition": "Aplications Denied", 
                            "count": 42, 
                            "value": 6836
                        }, 
                        {
                            "disposition": "Applications Withdrawn", 
                            "count": 21, 
                            "value": 3697
                        }, 
                        {
                            "disposition": "Files Closed For Incompleteness", 
                            "count": 1, 
                            "value": 120
                        }
                    ]
                }, 
                {
                    "gender": "Female", 
                    "dispositions": [
                        {
                            "disposition": "Applications Received", 
                            "count": 160, 
                            "value": 24297
                        }, 
                        {
                            "disposition": "Loans Originated", 
                            "count": 98, 
                            "value": 14628
                        }, 
                        {
                            "disposition": "Apps. Approved But Not Accepted", 
                            "count": 5, 
                            "value": 325
                        }, 
                        {
                            "disposition": "Aplications Denied", 
                            "count": 27, 
                            "value": 3888
                        }, 
                        {
                            "disposition": "Applications Withdrawn", 
                            "count": 26, 
                            "value": 5018
                        }, 
                        {
                            "disposition": "Files Closed For Incompleteness", 
                            "count": 4, 
                            "value": 438
                        }
                    ]
                }, 
                {
                    "gender": "Joint (Male/Female)", 
                    "dispositions": [
                        {
                            "disposition": "Applications Received", 
                            "count": 99, 
                            "value": 21585
                        }, 
                        {
                            "disposition": "Loans Originated", 
                            "count": 74, 
                            "value": 16216
                        }, 
                        {
                            "disposition": "Apps. Approved But Not Accepted", 
                            "count": 8, 
                            "value": 1739
                        }, 
                        {
                            "disposition": "Aplications Denied", 
                            "count": 13, 
                            "value": 2848
                        }, 
                        {
                            "disposition": "Applications Withdrawn", 
                            "count": 3, 
                            "value": 689
                        }, 
                        {
                            "disposition": "Files Closed For Incompleteness", 
                            "count": 1, 
                            "value": 93
                        }
                    ]
                }
            ]
        }, 
        {
            "race": "White", 
            "dispositions": [
                {
                    "disposition": "Applications Received", 
                    "count": 89, 
                    "value": 17142
                }, 
                {
                    "disposition": "Loans Originated", 
                    "count": 58, 
                    "value": 11643
                }, 
                {
                    "disposition": "Apps. Approved But Not Accepted", 
                    "count": 5, 
                    "value": 1120
                }, 
                {
                    "disposition": "Aplications Denied", 
                    "count": 10, 
                    "value": 1372
                }, 
                {
                    "disposition": "Applications Withdrawn", 
                    "count": 12, 
                    "value": 2489
                }, 
                {
                    "disposition": "Files Closed For Incompleteness", 
                    "count": 4, 
                    "value": 518
                }
            ], 
            "genders": [
                {
                    "gender": "Male", 
                    "dispositions": [
                        {
                            "disposition": "Applications Received", 
                            "count": 41, 
                            "value": 7410
                        }, 
                        {
                            "disposition": "Loans Originated", 
                            "count": 32, 
                            "value": 5416
                        }, 
                        {
                            "disposition": "Apps. Approved But Not Accepted", 
                            "count": 0, 
                            "value": 0
                        }, 
                        {
                            "disposition": "Aplications Denied", 
                            "count": 1, 
                            "value": 169
                        }, 
                        {
                            "disposition": "Applications Withdrawn", 
                            "count": 6, 
                            "value": 1440
                        }, 
                        {
                            "disposition": "Files Closed For Incompleteness", 
                            "count": 2, 
                            "value": 385
                        }
                    ]
                }, 
                {
                    "gender": "Female", 
                    "dispositions": [
                        {
                            "disposition": "Applications Received", 
                            "count": 26, 
                            "value": 3984
                        }, 
                        {
                            "disposition": "Loans Originated", 
                            "count": 14, 
                            "value": 2565
                        }, 
                        {
                            "disposition": "Apps. Approved But Not Accepted", 
                            "count": 1, 
                            "value": 143
                        }, 
                        {
                            "disposition": "Aplications Denied", 
                            "count": 7, 
                            "value": 855
                        }, 
                        {
                            "disposition": "Applications Withdrawn", 
                            "count": 4, 
                            "value": 421
                        }, 
                        {
                            "disposition": "Files Closed For Incompleteness", 
                            "count": 0, 
                            "value": 0
                        }
                    ]
                }, 
                {
                    "gender": "Joint (Male/Female)", 
                    "dispositions": [
                        {
                            "disposition": "Applications Received", 
                            "count": 22, 
                            "value": 5748
                        }, 
                        {
                            "disposition": "Loans Originated", 
                            "count": 12, 
                            "value": 3662
                        }, 
                        {
                            "disposition": "Apps. Approved But Not Accepted", 
                            "count": 4, 
                            "value": 977
                        }, 
                        {
                            "disposition": "Aplications Denied", 
                            "count": 2, 
                            "value": 348
                        }, 
                        {
                            "disposition": "Applications Withdrawn", 
                            "count": 2, 
                            "value": 628
                        }, 
                        {
                            "disposition": "Files Closed For Incompleteness", 
                            "count": 2, 
                            "value": 133
                        }
                    ]
                }
            ]
        }, 
        {
            "race": "2 or more minority races", 
            "dispositions": [
                {
                    "disposition": "Applications Received", 
                    "count": 36239, 
                    "value": 7309241
                }, 
                {
                    "disposition": "Loans Originated", 
                    "count": 26569, 
                    "value": 5372897
                }, 
                {
                    "disposition": "Apps. Approved But Not Accepted", 
                    "count": 1477, 
                    "value": 306210
                }, 
                {
                    "disposition": "Aplications Denied", 
                    "count": 3754, 
                    "value": 723553
                }, 
                {
                    "disposition": "Applications Withdrawn", 
                    "count": 3851, 
                    "value": 775157
                }, 
                {
                    "disposition": "Files Closed For Incompleteness", 
                    "count": 588, 
                    "value": 131424
                }
            ], 
            "genders": [
                {
                    "gender": "Male", 
                    "dispositions": [
                        {
                            "disposition": "Applications Received", 
                            "count": 11121, 
                            "value": 2190898
                        }, 
                        {
                            "disposition": "Loans Originated", 
                            "count": 7820, 
                            "value": 1540406
                        }, 
                        {
                            "disposition": "Apps. Approved But Not Accepted", 
                            "count": 492, 
                            "value": 102005
                        }, 
                        {
                            "disposition": "Aplications Denied", 
                            "count": 1282, 
                            "value": 237836
                        }, 
                        {
                            "disposition": "Applications Withdrawn", 
                            "count": 1322, 
                            "value": 267778
                        }, 
                        {
                            "disposition": "Files Closed For Incompleteness", 
                            "count": 205, 
                            "value": 42873
                        }
                    ]
                }, 
                {
                    "gender": "Female", 
                    "dispositions": [
                        {
                            "disposition": "Applications Received", 
                            "count": 7663, 
                            "value": 1246565
                        }, 
                        {
                            "disposition": "Loans Originated", 
                            "count": 5505, 
                            "value": 905505
                        }, 
                        {
                            "disposition": "Apps. Approved But Not Accepted", 
                            "count": 307, 
                            "value": 51863
                        }, 
                        {
                            "disposition": "Aplications Denied", 
                            "count": 899, 
                            "value": 131466
                        }, 
                        {
                            "disposition": "Applications Withdrawn", 
                            "count": 824, 
                            "value": 137101
                        }, 
                        {
                            "disposition": "Files Closed For Incompleteness", 
                            "count": 128, 
                            "value": 20630
                        }
                    ]
                }, 
                {
                    "gender": "Joint (Male/Female)", 
                    "dispositions": [
                        {
                            "disposition": "Applications Received", 
                            "count": 17337, 
                            "value": 3848481
                        }, 
                        {
                            "disposition": "Loans Originated", 
                            "count": 13178, 
                            "value": 2912985
                        }, 
                        {
                            "disposition": "Apps. Approved But Not Accepted", 
                            "count": 661, 
                            "value": 148811
                        }, 
                        {
                            "disposition": "Aplications Denied", 
                            "count": 1553, 
                            "value": 350520
                        }, 
                        {
                            "disposition": "Applications Withdrawn", 
                            "count": 1692, 
                            "value": 368385
                        }, 
                        {
                            "disposition": "Files Closed For Incompleteness", 
                            "count": 253, 
                            "value": 67780
                        }
                    ]
                }
            ]
        }, 
        {
            "race": "Joint (White/Minority Race", 
            "dispositions": [
                {
                    "disposition": "Applications Received", 
                    "count": 632, 
                    "value": 133181
                }, 
                {
                    "disposition": "Loans Originated", 
                    "count": 479, 
                    "value": 102269
                }, 
                {
                    "disposition": "Apps. Approved But Not Accepted", 
                    "count": 24, 
                    "value": 5551
                }, 
                {
                    "disposition": "Aplications Denied", 
                    "count": 60, 
                    "value": 9974
                }, 
                {
                    "disposition": "Applications Withdrawn", 
                    "count": 58, 
                    "value": 13182
                }, 
                {
                    "disposition": "Files Closed For Incompleteness", 
                    "count": 11, 
                    "value": 2205
                }
            ], 
            "genders": [
                {
                    "gender": "Male", 
                    "dispositions": [
                        {
                            "disposition": "Applications Received", 
                            "count": 17, 
                            "value": 2876
                        }, 
                        {
                            "disposition": "Loans Originated", 
                            "count": 9, 
                            "value": 1606
                        }, 
                        {
                            "disposition": "Apps. Approved But Not Accepted", 
                            "count": 2, 
                            "value": 490
                        }, 
                        {
                            "disposition": "Aplications Denied", 
                            "count": 5, 
                            "value": 672
                        }, 
                        {
                            "disposition": "Applications Withdrawn", 
                            "count": 0, 
                            "value": 0
                        }, 
                        {
                            "disposition": "Files Closed For Incompleteness", 
                            "count": 1, 
                            "value": 108
                        }
                    ]
                }, 
                {
                    "gender": "Female", 
                    "dispositions": [
                        {
                            "disposition": "Applications Received", 
                            "count": 8, 
                            "value": 1744
                        }, 
                        {
                            "disposition": "Loans Originated", 
                            "count": 6, 
                            "value": 1052
                        }, 
                        {
                            "disposition": "Apps. Approved But Not Accepted", 
                            "count": 0, 
                            "value": 0
                        }, 
                        {
                            "disposition": "Aplications Denied", 
                            "count": 1, 
                            "value": 383
                        }, 
                        {
                            "disposition": "Applications Withdrawn", 
                            "count": 1, 
                            "value": 309
                        }, 
                        {
                            "disposition": "Files Closed For Incompleteness", 
                            "count": 0, 
                            "value": 0
                        }
                    ]
                }, 
                {
                    "gender": "Joint (Male/Female)", 
                    "dispositions": [
                        {
                            "disposition": "Applications Received", 
                            "count": 606, 
                            "value": 128302
                        }, 
                        {
                            "disposition": "Loans Originated", 
                            "count": 464, 
                            "value": 99611
                        }, 
                        {
                            "disposition": "Apps. Approved But Not Accepted", 
                            "count": 22, 
                            "value": 5061
                        }, 
                        {
                            "disposition": "Aplications Denied", 
                            "count": 54, 
                            "value": 8919
                        }, 
                        {
                            "disposition": "Applications Withdrawn", 
                            "count": 56, 
                            "value": 12614
                        }, 
                        {
                            "disposition": "Files Closed For Incompleteness", 
                            "count": 10, 
                            "value": 2097
                        }
                    ]
                }
            ]
        }, 
        {
            "race": "Not Available", 
            "dispositions": [
                {
                    "disposition": "Applications Received", 
                    "count": 4915, 
                    "value": 1074104
                }, 
                {
                    "disposition": "Loans Originated", 
                    "count": 3168, 
                    "value": 706269
                }, 
                {
                    "disposition": "Apps. Approved But Not Accepted", 
                    "count": 261, 
                    "value": 55515
                }, 
                {
                    "disposition": "Aplications Denied", 
                    "count": 658, 
                    "value": 127899
                }, 
                {
                    "disposition": "Applications Withdrawn", 
                    "count": 719, 
                    "value": 159588
                }, 
                {
                    "disposition": "Files Closed For Incompleteness", 
                    "count": 109, 
                    "value": 24833
                }
            ], 
            "genders": [
                {
                    "gender": "Male", 
                    "dispositions": [
                        {
                            "disposition": "Applications Received", 
                            "count": 771, 
                            "value": 150068
                        }, 
                        {
                            "disposition": "Loans Originated", 
                            "count": 474, 
                            "value": 93953
                        }, 
                        {
                            "disposition": "Apps. Approved But Not Accepted", 
                            "count": 49, 
                            "value": 9072
                        }, 
                        {
                            "disposition": "Aplications Denied", 
                            "count": 101, 
                            "value": 19076
                        }, 
                        {
                            "disposition": "Applications Withdrawn", 
                            "count": 134, 
                            "value": 25303
                        }, 
                        {
                            "disposition": "Files Closed For Incompleteness", 
                            "count": 13, 
                            "value": 2664
                        }
                    ]
                }, 
                {
                    "gender": "Female", 
                    "dispositions": [
                        {
                            "disposition": "Applications Received", 
                            "count": 418, 
                            "value": 67063
                        }, 
                        {
                            "disposition": "Loans Originated", 
                            "count": 251, 
                            "value": 40413
                        }, 
                        {
                            "disposition": "Apps. Approved But Not Accepted", 
                            "count": 24, 
                            "value": 3759
                        }, 
                        {
                            "disposition": "Aplications Denied", 
                            "count": 68, 
                            "value": 8838
                        }, 
                        {
                            "disposition": "Applications Withdrawn", 
                            "count": 68, 
                            "value": 13017
                        }, 
                        {
                            "disposition": "Files Closed For Incompleteness", 
                            "count": 7, 
                            "value": 1036
                        }
                    ]
                }, 
                {
                    "gender": "Joint (Male/Female)", 
                    "dispositions": [
                        {
                            "disposition": "Applications Received", 
                            "count": 1093, 
                            "value": 254779
                        }, 
                        {
                            "disposition": "Loans Originated", 
                            "count": 742, 
                            "value": 174392
                        }, 
                        {
                            "disposition": "Apps. Approved But Not Accepted", 
                            "count": 65, 
                            "value": 14004
                        }, 
                        {
                            "disposition": "Aplications Denied", 
                            "count": 123, 
                            "value": 25271
                        }, 
                        {
                            "disposition": "Applications Withdrawn", 
                            "count": 151, 
                            "value": 37366
                        }, 
                        {
                            "disposition": "Files Closed For Incompleteness", 
                            "count": 12, 
                            "value": 3746
                        }
                    ]
                }
            ]
        }
    ], 
    "ethnicities": [
        {
            "ethnicity": "Hispanic or Latino", 
            "dispositions": [
                {
                    "disposition": "Applications Received", 
                    "count": 2545, 
                    "value": 348434
                }, 
                {
                    "disposition": "Loans Originated", 
                    "count": 1583, 
                    "value": 234453
                }, 
                {
                    "disposition": "Apps. Approved But Not Accepted", 
                    "count": 117, 
                    "value": 17491
                }, 
                {
                    "disposition": "Aplications Denied", 
                    "count": 478, 
                    "value": 51250
                }, 
                {
                    "disposition": "Applications Withdrawn", 
                    "count": 312, 
                    "value": 38385
                }, 
                {
                    "disposition": "Files Closed For Incompleteness", 
                    "count": 55, 
                    "value": 6855
                }
            ], 
            "genders": [
                {
                    "gender": "Male", 
                    "dispositions": [
                        {
                            "disposition": "Applications Received", 
                            "count": 1131, 
                            "value": 1131
                        }, 
                        {
                            "disposition": "Loans Originated", 
                            "count": 710, 
                            "value": 107896
                        }, 
                        {
                            "disposition": "Apps. Approved But Not Accepted", 
                            "count": 56, 
                            "value": 10033
                        }, 
                        {
                            "disposition": "Aplications Denied", 
                            "count": 195, 
                            "value": 20566
                        }, 
                        {
                            "disposition": "Applications Withdrawn", 
                            "count": 142, 
                            "value": 16722
                        }, 
                        {
                            "disposition": "Files Closed For Incompleteness", 
                            "count": 28, 
                            "value": 3728
                        }
                    ]
                }, 
                {
                    "gender": "Female", 
                    "dispositions": [
                        {
                            "disposition": "Applications Received", 
                            "count": 792, 
                            "value": 792
                        }, 
                        {
                            "disposition": "Loans Originated", 
                            "count": 491, 
                            "value": 61127
                        }, 
                        {
                            "disposition": "Apps. Approved But Not Accepted", 
                            "count": 31, 
                            "value": 3557
                        }, 
                        {
                            "disposition": "Aplications Denied", 
                            "count": 156, 
                            "value": 14604
                        }, 
                        {
                            "disposition": "Applications Withdrawn", 
                            "count": 100, 
                            "value": 11297
                        }, 
                        {
                            "disposition": "Files Closed For Incompleteness", 
                            "count": 14, 
                            "value": 1145
                        }
                    ]
                }, 
                {
                    "gender": "Joint (Male/Female)", 
                    "dispositions": [
                        {
                            "disposition": "Applications Received", 
                            "count": 613, 
                            "value": 613
                        }, 
                        {
                            "disposition": "Loans Originated", 
                            "count": 378, 
                            "value": 64728
                        }, 
                        {
                            "disposition": "Apps. Approved But Not Accepted", 
                            "count": 30, 
                            "value": 3901
                        }, 
                        {
                            "disposition": "Aplications Denied", 
                            "count": 125, 
                            "value": 15738
                        }, 
                        {
                            "disposition": "Applications Withdrawn", 
                            "count": 68, 
                            "value": 9231
                        }, 
                        {
                            "disposition": "Files Closed For Incompleteness", 
                            "count": 12, 
                            "value": 1876
                        }
                    ]
                }
            ]
        }, 
        {
            "ethnicity": "Not Hispanic or Latino", 
            "dispositions": [
                {
                    "disposition": "Applications Received", 
                    "count": 37195, 
                    "value": 7624936
                }, 
                {
                    "disposition": "Loans Originated", 
                    "count": 27410, 
                    "value": 5605537
                }, 
                {
                    "disposition": "Apps. Approved But Not Accepted", 
                    "count": 1517, 
                    "value": 323186
                }, 
                {
                    "disposition": "Aplications Denied", 
                    "count": 3707, 
                    "value": 741402
                }, 
                {
                    "disposition": "Applications Withdrawn", 
                    "count": 3962, 
                    "value": 818376
                }, 
                {
                    "disposition": "Files Closed For Incompleteness", 
                    "count": 599, 
                    "value": 136435
                }
            ], 
            "genders": [
                {
                    "gender": "Male", 
                    "dispositions": [
                        {
                            "disposition": "Applications Received", 
                            "count": 11582, 
                            "value": 11582
                        }, 
                        {
                            "disposition": "Loans Originated", 
                            "count": 8194, 
                            "value": 1639334
                        }, 
                        {
                            "disposition": "Apps. Approved But Not Accepted", 
                            "count": 516, 
                            "value": 111051
                        }, 
                        {
                            "disposition": "Aplications Denied", 
                            "count": 1296, 
                            "value": 255420
                        }, 
                        {
                            "disposition": "Applications Withdrawn", 
                            "count": 1375, 
                            "value": 287557
                        }, 
                        {
                            "disposition": "Files Closed For Incompleteness", 
                            "count": 201, 
                            "value": 42017
                        }
                    ]
                }, 
                {
                    "gender": "Female", 
                    "dispositions": [
                        {
                            "disposition": "Applications Received", 
                            "count": 7829, 
                            "value": 7829
                        }, 
                        {
                            "disposition": "Loans Originated", 
                            "count": 5655, 
                            "value": 950270
                        }, 
                        {
                            "disposition": "Apps. Approved But Not Accepted", 
                            "count": 311, 
                            "value": 53598
                        }, 
                        {
                            "disposition": "Aplications Denied", 
                            "count": 881, 
                            "value": 134520
                        }, 
                        {
                            "disposition": "Applications Withdrawn", 
                            "count": 848, 
                            "value": 145200
                        }, 
                        {
                            "disposition": "Files Closed For Incompleteness", 
                            "count": 134, 
                            "value": 23984
                        }
                    ]
                }, 
                {
                    "gender": "Joint (Male/Female)", 
                    "dispositions": [
                        {
                            "disposition": "Applications Received", 
                            "count": 17673, 
                            "value": 17673
                        }, 
                        {
                            "disposition": "Loans Originated", 
                            "count": 13501, 
                            "value": 3003310
                        }, 
                        {
                            "disposition": "Apps. Approved But Not Accepted", 
                            "count": 679, 
                            "value": 155851
                        }, 
                        {
                            "disposition": "Aplications Denied", 
                            "count": 1505, 
                            "value": 346764
                        }, 
                        {
                            "disposition": "Applications Withdrawn", 
                            "count": 1725, 
                            "value": 383265
                        }, 
                        {
                            "disposition": "Files Closed For Incompleteness", 
                            "count": 263, 
                            "value": 70220
                        }
                    ]
                }
            ]
        }, 
        {
            "ethnicity": "Joint (Hispanic or Latino/Not Hispanic or Latino", 
            "dispositions": [
                {
                    "disposition": "Applications Received", 
                    "count": 771, 
                    "value": 177464
                }, 
                {
                    "disposition": "Loans Originated", 
                    "count": 559, 
                    "value": 130288
                }, 
                {
                    "disposition": "Apps. Approved But Not Accepted", 
                    "count": 32, 
                    "value": 8266
                }, 
                {
                    "disposition": "Aplications Denied", 
                    "count": 97, 
                    "value": 20697
                }, 
                {
                    "disposition": "Applications Withdrawn", 
                    "count": 70, 
                    "value": 15227
                }, 
                {
                    "disposition": "Files Closed For Incompleteness", 
                    "count": 13, 
                    "value": 2986
                }
            ], 
            "genders": [
                {
                    "gender": "Male", 
                    "dispositions": [
                        {
                            "disposition": "Applications Received", 
                            "count": 11, 
                            "value": 11
                        }, 
                        {
                            "disposition": "Loans Originated", 
                            "count": 10, 
                            "value": 2149
                        }, 
                        {
                            "disposition": "Apps. Approved But Not Accepted", 
                            "count": 1, 
                            "value": 416
                        }, 
                        {
                            "disposition": "Aplications Denied", 
                            "count": 0, 
                            "value": 0
                        }, 
                        {
                            "disposition": "Applications Withdrawn", 
                            "count": 0, 
                            "value": 0
                        }, 
                        {
                            "disposition": "Files Closed For Incompleteness", 
                            "count": 0, 
                            "value": 0
                        }
                    ]
                }, 
                {
                    "gender": "Female", 
                    "dispositions": [
                        {
                            "disposition": "Applications Received", 
                            "count": 12, 
                            "value": 12
                        }, 
                        {
                            "disposition": "Loans Originated", 
                            "count": 8, 
                            "value": 1785
                        }, 
                        {
                            "disposition": "Apps. Approved But Not Accepted", 
                            "count": 1, 
                            "value": 67
                        }, 
                        {
                            "disposition": "Aplications Denied", 
                            "count": 0, 
                            "value": 0
                        }, 
                        {
                            "disposition": "Applications Withdrawn", 
                            "count": 3, 
                            "value": 704
                        }, 
                        {
                            "disposition": "Files Closed For Incompleteness", 
                            "count": 0, 
                            "value": 0
                        }
                    ]
                }, 
                {
                    "gender": "Joint (Male/Female)", 
                    "dispositions": [
                        {
                            "disposition": "Applications Received", 
                            "count": 748, 
                            "value": 748
                        }, 
                        {
                            "disposition": "Loans Originated", 
                            "count": 541, 
                            "value": 126354
                        }, 
                        {
                            "disposition": "Apps. Approved But Not Accepted", 
                            "count": 30, 
                            "value": 7783
                        }, 
                        {
                            "disposition": "Aplications Denied", 
                            "count": 97, 
                            "value": 20697
                        }, 
                        {
                            "disposition": "Applications Withdrawn", 
                            "count": 67, 
                            "value": 14523
                        }, 
                        {
                            "disposition": "Files Closed For Incompleteness", 
                            "count": 13, 
                            "value": 2986
                        }
                    ]
                }
            ]
        }, 
        {
            "ethnicity": "Ethnicity Not Available", 
            "dispositions": [
                {
                    "disposition": "Applications Received", 
                    "count": 4850, 
                    "value": 1061841
                }, 
                {
                    "disposition": "Loans Originated", 
                    "count": 3136, 
                    "value": 699123
                }, 
                {
                    "disposition": "Apps. Approved But Not Accepted", 
                    "count": 255, 
                    "value": 52234
                }, 
                {
                    "disposition": "Aplications Denied", 
                    "count": 652, 
                    "value": 128532
                }, 
                {
                    "disposition": "Applications Withdrawn", 
                    "count": 698, 
                    "value": 156150
                }, 
                {
                    "disposition": "Files Closed For Incompleteness", 
                    "count": 109, 
                    "value": 25802
                }
            ], 
            "genders": [
                {
                    "gender": "Male", 
                    "dispositions": [
                        {
                            "disposition": "Applications Received", 
                            "count": 778, 
                            "value": 778
                        }, 
                        {
                            "disposition": "Loans Originated", 
                            "count": 485, 
                            "value": 97925
                        }, 
                        {
                            "disposition": "Apps. Approved But Not Accepted", 
                            "count": 44, 
                            "value": 6829
                        }, 
                        {
                            "disposition": "Aplications Denied", 
                            "count": 113, 
                            "value": 19635
                        }, 
                        {
                            "disposition": "Applications Withdrawn", 
                            "count": 123, 
                            "value": 23812
                        }, 
                        {
                            "disposition": "Files Closed For Incompleteness", 
                            "count": 13, 
                            "value": 3713
                        }
                    ]
                }, 
                {
                    "gender": "Female", 
                    "dispositions": [
                        {
                            "disposition": "Applications Received", 
                            "count": 402, 
                            "value": 402
                        }, 
                        {
                            "disposition": "Loans Originated", 
                            "count": 243, 
                            "value": 38827
                        }, 
                        {
                            "disposition": "Apps. Approved But Not Accepted", 
                            "count": 22, 
                            "value": 3942
                        }, 
                        {
                            "disposition": "Aplications Denied", 
                            "count": 71, 
                            "value": 10935
                        }, 
                        {
                            "disposition": "Applications Withdrawn", 
                            "count": 60, 
                            "value": 11638
                        }, 
                        {
                            "disposition": "Files Closed For Incompleteness", 
                            "count": 6, 
                            "value": 784
                        }
                    ]
                }, 
                {
                    "gender": "Joint (Male/Female)", 
                    "dispositions": [
                        {
                            "disposition": "Applications Received", 
                            "count": 1026, 
                            "value": 1026
                        }, 
                        {
                            "disposition": "Loans Originated", 
                            "count": 699, 
                            "value": 162656
                        }, 
                        {
                            "disposition": "Apps. Approved But Not Accepted", 
                            "count": 59, 
                            "value": 11821
                        }, 
                        {
                            "disposition": "Aplications Denied", 
                            "count": 105, 
                            "value": 23840
                        }, 
                        {
                            "disposition": "Applications Withdrawn", 
                            "count": 150, 
                            "value": 37972
                        }, 
                        {
                            "disposition": "Files Closed For Incompleteness", 
                            "count": 13, 
                            "value": 4097
                        }
                    ]
                }
            ]
        }
    ], 
    "minoritystatuses": [
        {
            "minoritystatus": "White Non-Hispanic", 
            "dispositions": [
                {
                    "disposition": "Applications Received", 
                    "count": 37991, 
                    "value": 7884449
                }, 
                {
                    "disposition": "Loans Originated", 
                    "count": 27692, 
                    "value": 5732248
                }, 
                {
                    "disposition": "Apps. Approved But Not Accepted", 
                    "count": 1598, 
                    "value": 337870
                }, 
                {
                    "disposition": "Aplications Denied", 
                    "count": 3867, 
                    "value": 783472
                }, 
                {
                    "disposition": "Applications Withdrawn", 
                    "count": 4202, 
                    "value": 884042
                }, 
                {
                    "disposition": "Files Closed For Incompleteness", 
                    "count": 632, 
                    "value": 146817
                }
            ], 
            "genders": [
                {
                    "gender": "Male", 
                    "dispositions": [
                        {
                            "disposition": "Applications Received", 
                            "count": 2195521, 
                            "value": 0
                        }, 
                        {
                            "disposition": "Loans Originated", 
                            "count": 7601, 
                            "value": 1527989
                        }, 
                        {
                            "disposition": "Apps. Approved But Not Accepted", 
                            "count": 485, 
                            "value": 101044
                        }, 
                        {
                            "disposition": "Aplications Denied", 
                            "count": 1194, 
                            "value": 236939
                        }, 
                        {
                            "disposition": "Applications Withdrawn", 
                            "count": 1318, 
                            "value": 276840
                        }, 
                        {
                            "disposition": "Files Closed For Incompleteness", 
                            "count": 191, 
                            "value": 41920
                        }
                    ]
                }, 
                {
                    "gender": "Female", 
                    "dispositions": [
                        {
                            "disposition": "Applications Received", 
                            "count": 1229401, 
                            "value": 0
                        }, 
                        {
                            "disposition": "Loans Originated", 
                            "count": 5272, 
                            "value": 885221
                        }, 
                        {
                            "disposition": "Apps. Approved But Not Accepted", 
                            "count": 300, 
                            "value": 52074
                        }, 
                        {
                            "disposition": "Aplications Denied", 
                            "count": 818, 
                            "value": 126339
                        }, 
                        {
                            "disposition": "Applications Withdrawn", 
                            "count": 789, 
                            "value": 137946
                        }, 
                        {
                            "disposition": "Files Closed For Incompleteness", 
                            "count": 121, 
                            "value": 20521
                        }
                    ]
                }, 
                {
                    "gender": "Joint (Male/Female)", 
                    "dispositions": [
                        {
                            "disposition": "Applications Received", 
                            "count": 3871570, 
                            "value": 0
                        }, 
                        {
                            "disposition": "Loans Originated", 
                            "count": 13056, 
                            "value": 2908228
                        }, 
                        {
                            "disposition": "Apps. Approved But Not Accepted", 
                            "count": 673, 
                            "value": 152541
                        }, 
                        {
                            "disposition": "Aplications Denied", 
                            "count": 1471, 
                            "value": 342091
                        }, 
                        {
                            "disposition": "Applications Withdrawn", 
                            "count": 1718, 
                            "value": 384596
                        }, 
                        {
                            "disposition": "Files Closed For Incompleteness", 
                            "count": 242, 
                            "value": 66954
                        }
                    ]
                }
            ]
        }, 
        {
            "minoritystatus": "Others, Including Hispanic", 
            "dispositions": [
                {
                    "disposition": "Applications Received", 
                    "count": 7370, 
                    "value": 1328226
                }, 
                {
                    "disposition": "Loans Originated", 
                    "count": 4996, 
                    "value": 937153
                }, 
                {
                    "disposition": "Apps. Approved But Not Accepted", 
                    "count": 323, 
                    "value": 63307
                }, 
                {
                    "disposition": "Aplications Denied", 
                    "count": 1067, 
                    "value": 158409
                }, 
                {
                    "disposition": "Applications Withdrawn", 
                    "count": 840, 
                    "value": 144096
                }, 
                {
                    "disposition": "Files Closed For Incompleteness", 
                    "count": 144, 
                    "value": 25261
                }
            ], 
            "genders": [
                {
                    "gender": "Male", 
                    "dispositions": [
                        {
                            "disposition": "Applications Received", 
                            "count": 466784, 
                            "value": 0
                        }, 
                        {
                            "disposition": "Loans Originated", 
                            "count": 1798, 
                            "value": 319315
                        }, 
                        {
                            "disposition": "Apps. Approved But Not Accepted", 
                            "count": 132, 
                            "value": 27285
                        }, 
                        {
                            "disposition": "Aplications Denied", 
                            "count": 410, 
                            "value": 58682
                        }, 
                        {
                            "disposition": "Applications Withdrawn", 
                            "count": 322, 
                            "value": 51251
                        }, 
                        {
                            "disposition": "Files Closed For Incompleteness", 
                            "count": 51, 
                            "value": 7538
                        }
                    ]
                }, 
                {
                    "gender": "Female", 
                    "dispositions": [
                        {
                            "disposition": "Applications Received", 
                            "count": 247618, 
                            "value": 0
                        }, 
                        {
                            "disposition": "Loans Originated", 
                            "count": 1125, 
                            "value": 166788
                        }, 
                        {
                            "disposition": "Apps. Approved But Not Accepted", 
                            "count": 65, 
                            "value": 9090
                        }, 
                        {
                            "disposition": "Aplications Denied", 
                            "count": 290, 
                            "value": 33720
                        }, 
                        {
                            "disposition": "Applications Withdrawn", 
                            "count": 222, 
                            "value": 30893
                        }, 
                        {
                            "disposition": "Files Closed For Incompleteness", 
                            "count": 33, 
                            "value": 5392
                        }
                    ]
                }, 
                {
                    "gender": "Joint (Male/Female)", 
                    "dispositions": [
                        {
                            "disposition": "Applications Received", 
                            "count": 616103, 
                            "value": 0
                        }, 
                        {
                            "disposition": "Loans Originated", 
                            "count": 2063, 
                            "value": 448820
                        }, 
                        {
                            "disposition": "Apps. Approved But Not Accepted", 
                            "count": 125, 
                            "value": 26815
                        }, 
                        {
                            "disposition": "Aplications Denied", 
                            "count": 361, 
                            "value": 64948
                        }, 
                        {
                            "disposition": "Applications Withdrawn", 
                            "count": 292, 
                            "value": 60395
                        }, 
                        {
                            "disposition": "Files Closed For Incompleteness", 
                            "count": 59, 
                            "value": 12225
                        }
                    ]
                }
            ]
        }
    ], 
    "incomes": [
        {
            "income": "Less than 50% of MSA/MD median", 
            "dispositions": [
                {
                    "disposition": "Applications Received", 
                    "count": 3575, 
                    "value": 326507
                }, 
                {
                    "disposition": "Loans Originated", 
                    "count": 2220, 
                    "value": 208564
                }, 
                {
                    "disposition": "Apps. Approved But Not Accepted", 
                    "count": 146, 
                    "value": 9280
                }, 
                {
                    "disposition": "Aplications Denied", 
                    "count": 736, 
                    "value": 63101
                }, 
                {
                    "disposition": "Applications Withdrawn", 
                    "count": 392, 
                    "value": 37801
                }, 
                {
                    "disposition": "Files Closed For Incompleteness", 
                    "count": 81, 
                    "value": 7761
                }
            ]
        }, 
        {
            "income": "50-79% of MSA/MD median", 
            "dispositions": [
                {
                    "disposition": "Applications Received", 
                    "count": 6675, 
                    "value": 822422
                }, 
                {
                    "disposition": "Loans Originated", 
                    "count": 4687, 
                    "value": 587149
                }, 
                {
                    "disposition": "Apps. Approved But Not Accepted", 
                    "count": 281, 
                    "value": 29950
                }, 
                {
                    "disposition": "Aplications Denied", 
                    "count": 838, 
                    "value": 99996
                }, 
                {
                    "disposition": "Applications Withdrawn", 
                    "count": 744, 
                    "value": 90151
                }, 
                {
                    "disposition": "Files Closed For Incompleteness", 
                    "count": 125, 
                    "value": 15176
                }
            ]
        }, 
        {
            "income": "80-99% of MSA/MD median", 
            "dispositions": [
                {
                    "disposition": "Applications Received", 
                    "count": 4277, 
                    "value": 635066
                }, 
                {
                    "disposition": "Loans Originated", 
                    "count": 3090, 
                    "value": 464449
                }, 
                {
                    "disposition": "Apps. Approved But Not Accepted", 
                    "count": 182, 
                    "value": 24230
                }, 
                {
                    "disposition": "Aplications Denied", 
                    "count": 485, 
                    "value": 69040
                }, 
                {
                    "disposition": "Applications Withdrawn", 
                    "count": 449, 
                    "value": 66227
                }, 
                {
                    "disposition": "Files Closed For Incompleteness", 
                    "count": 71, 
                    "value": 11120
                }
            ]
        }, 
        {
            "income": "100-119% of MSA/MD median", 
            "dispositions": [
                {
                    "disposition": "Applications Received", 
                    "count": 4101, 
                    "value": 672854
                }, 
                {
                    "disposition": "Loans Originated", 
                    "count": 2987, 
                    "value": 490832
                }, 
                {
                    "disposition": "Apps. Approved But Not Accepted", 
                    "count": 170, 
                    "value": 23991
                }, 
                {
                    "disposition": "Aplications Denied", 
                    "count": 431, 
                    "value": 70640
                }, 
                {
                    "disposition": "Applications Withdrawn", 
                    "count": 451, 
                    "value": 75827
                }, 
                {
                    "disposition": "Files Closed For Incompleteness", 
                    "count": 62, 
                    "value": 11564
                }
            ]
        }, 
        {
            "income": "120% or more of MSA/MD median", 
            "dispositions": [
                {
                    "disposition": "Applications Received", 
                    "count": 25953, 
                    "value": 6591796
                }, 
                {
                    "disposition": "Loans Originated", 
                    "count": 19186, 
                    "value": 4809578
                }, 
                {
                    "disposition": "Apps. Approved But Not Accepted", 
                    "count": 1120, 
                    "value": 310706
                }, 
                {
                    "disposition": "Aplications Denied", 
                    "count": 2329, 
                    "value": 616614
                }, 
                {
                    "disposition": "Applications Withdrawn", 
                    "count": 2902, 
                    "value": 733271
                }, 
                {
                    "disposition": "Files Closed For Incompleteness", 
                    "count": 416, 
                    "value": 121627
                }
            ]
        }, 
        {
            "income": "Income not available", 
            "dispositions": [
                {
                    "disposition": "Applications Received", 
                    "count": 780, 
                    "value": 164030
                }, 
                {
                    "disposition": "Loans Originated", 
                    "count": 518, 
                    "value": 108829
                }, 
                {
                    "disposition": "Apps. Approved But Not Accepted", 
                    "count": 22, 
                    "value": 3020
                }, 
                {
                    "disposition": "Aplications Denied", 
                    "count": 115, 
                    "value": 22490
                }, 
                {
                    "disposition": "Applications Withdrawn", 
                    "count": 104, 
                    "value": 24861
                }, 
                {
                    "disposition": "Files Closed For Incompleteness", 
                    "count": 21, 
                    "value": 4830
                }
            ]
        }
    ], 
    "total": [
        {
            "disposition": "Applications Received", 
            "count": 0, 
            "value": 0
        }, 
        {
            "disposition": "Loans Originated", 
            "count": 32688, 
            "value": 6669401
        }, 
        {
            "disposition": "Apps. Approved But Not Accepted", 
            "count": 1921, 
            "value": 401177
        }, 
        {
            "disposition": "Aplications Denied", 
            "count": 4934, 
            "value": 941881
        }, 
        {
            "disposition": "Applications Withdrawn", 
            "count": 5042, 
            "value": 1028138
        }, 
        {
            "disposition": "Files Closed For Incompleteness", 
            "count": 776, 
            "value": 172078
        }
    ]
}