{
    "table": "3-1", 
    "type": "Aggregate", 
    "desc": "Loans sold, by characteristics of borrower and census tract in which property is located and by type of purchaser (includes originations and purchased loans),", 
    "year": "2012", 
    "msa": {
        "id": "42020", 
        "name": "San-Luis-Obispo-Paso-Robles", 
        "state": "CA", 
        "state_name": "California"
    }, 
    "borrowercharacteristics": [
        {
            "characteristic": "Race", 
            "races": [
                {
                    "race": "American Indian/Alaska Native", 
                    "purchasers": [
                        {
                            "name": "Fannie Mae", 
                            "count": 12, 
                            "value": 3155.0
                        }, 
                        {
                            "name": "Ginnie Mae", 
                            "count": 5, 
                            "value": 1416.0
                        }, 
                        {
                            "name": "Freddie Mac", 
                            "count": 6, 
                            "value": 1573.0
                        }, 
                        {
                            "name": "Farmer Mac", 
                            "count": 0, 
                            "value": 0
                        }, 
                        {
                            "name": "Private Securitization", 
                            "count": 0, 
                            "value": 0
                        }, 
                        {
                            "name": "Commercial bank, savings bank or association", 
                            "count": 7, 
                            "value": 1962.0
                        }, 
                        {
                            "name": "Life insurance co., credit union, finance co.", 
                            "count": 1, 
                            "value": 286.0
                        }, 
                        {
                            "name": "Affiliate institution", 
                            "count": 1, 
                            "value": 384.0
                        }, 
                        {
                            "name": "Other", 
                            "count": 29, 
                            "value": 7936.0
                        }
                    ]
                }, 
                {
                    "race": "Asian", 
                    "purchasers": [
                        {
                            "name": "Fannie Mae", 
                            "count": 17, 
                            "value": 4933.0
                        }, 
                        {
                            "name": "Ginnie Mae", 
                            "count": 10, 
                            "value": 2649.0
                        }, 
                        {
                            "name": "Freddie Mac", 
                            "count": 13, 
                            "value": 2829.0
                        }, 
                        {
                            "name": "Farmer Mac", 
                            "count": 0, 
                            "value": 0
                        }, 
                        {
                            "name": "Private Securitization", 
                            "count": 0, 
                            "value": 0
                        }, 
                        {
                            "name": "Commercial bank, savings bank or association", 
                            "count": 11, 
                            "value": 2762.0
                        }, 
                        {
                            "name": "Life insurance co., credit union, finance co.", 
                            "count": 1, 
                            "value": 389.0
                        }, 
                        {
                            "name": "Affiliate institution", 
                            "count": 1, 
                            "value": 229.0
                        }, 
                        {
                            "name": "Other", 
                            "count": 55, 
                            "value": 12110.0
                        }
                    ]
                }, 
                {
                    "race": "Black or African American", 
                    "purchasers": [
                        {
                            "name": "Fannie Mae", 
                            "count": 77, 
                            "value": 23189.0
                        }, 
                        {
                            "name": "Ginnie Mae", 
                            "count": 17, 
                            "value": 5279.0
                        }, 
                        {
                            "name": "Freddie Mac", 
                            "count": 37, 
                            "value": 10126.0
                        }, 
                        {
                            "name": "Farmer Mac", 
                            "count": 0, 
                            "value": 0
                        }, 
                        {
                            "name": "Private Securitization", 
                            "count": 2, 
                            "value": 351.0
                        }, 
                        {
                            "name": "Commercial bank, savings bank or association", 
                            "count": 46, 
                            "value": 16183.0
                        }, 
                        {
                            "name": "Life insurance co., credit union, finance co.", 
                            "count": 4, 
                            "value": 1174.0
                        }, 
                        {
                            "name": "Affiliate institution", 
                            "count": 5, 
                            "value": 842.0
                        }, 
                        {
                            "name": "Other", 
                            "count": 138, 
                            "value": 43872.0
                        }
                    ]
                }, 
                {
                    "race": "Native Hawaiian or Other Pacific Islander", 
                    "purchasers": [
                        {
                            "name": "Fannie Mae", 
                            "count": 12, 
                            "value": 2747.0
                        }, 
                        {
                            "name": "Ginnie Mae", 
                            "count": 16, 
                            "value": 5931.0
                        }, 
                        {
                            "name": "Freddie Mac", 
                            "count": 3, 
                            "value": 685.0
                        }, 
                        {
                            "name": "Farmer Mac", 
                            "count": 0, 
                            "value": 0
                        }, 
                        {
                            "name": "Private Securitization", 
                            "count": 0, 
                            "value": 0
                        }, 
                        {
                            "name": "Commercial bank, savings bank or association", 
                            "count": 6, 
                            "value": 2778.0
                        }, 
                        {
                            "name": "Life insurance co., credit union, finance co.", 
                            "count": 1, 
                            "value": 250.0
                        }, 
                        {
                            "name": "Affiliate institution", 
                            "count": 1, 
                            "value": 192.0
                        }, 
                        {
                            "name": "Other", 
                            "count": 30, 
                            "value": 9588.0
                        }
                    ]
                }, 
                {
                    "race": "White", 
                    "purchasers": [
                        {
                            "name": "Fannie Mae", 
                            "count": 6, 
                            "value": 1604.0
                        }, 
                        {
                            "name": "Ginnie Mae", 
                            "count": 3, 
                            "value": 1202.0
                        }, 
                        {
                            "name": "Freddie Mac", 
                            "count": 8, 
                            "value": 1844.0
                        }, 
                        {
                            "name": "Farmer Mac", 
                            "count": 0, 
                            "value": 0
                        }, 
                        {
                            "name": "Private Securitization", 
                            "count": 0, 
                            "value": 0
                        }, 
                        {
                            "name": "Commercial bank, savings bank or association", 
                            "count": 6, 
                            "value": 1518.0
                        }, 
                        {
                            "name": "Life insurance co., credit union, finance co.", 
                            "count": 0, 
                            "value": 0
                        }, 
                        {
                            "name": "Affiliate institution", 
                            "count": 2, 
                            "value": 476.0
                        }, 
                        {
                            "name": "Other", 
                            "count": 17, 
                            "value": 4815.0
                        }
                    ]
                }, 
                {
                    "race": "2 or more minority races", 
                    "purchasers": [
                        {
                            "name": "Fannie Mae", 
                            "count": 4690, 
                            "value": 1291542.0
                        }, 
                        {
                            "name": "Ginnie Mae", 
                            "count": 1131, 
                            "value": 361896.0
                        }, 
                        {
                            "name": "Freddie Mac", 
                            "count": 2163, 
                            "value": 606118.0
                        }, 
                        {
                            "name": "Farmer Mac", 
                            "count": 0, 
                            "value": 0
                        }, 
                        {
                            "name": "Private Securitization", 
                            "count": 51, 
                            "value": 15953.0
                        }, 
                        {
                            "name": "Commercial bank, savings bank or association", 
                            "count": 2193, 
                            "value": 702577.0
                        }, 
                        {
                            "name": "Life insurance co., credit union, finance co.", 
                            "count": 406, 
                            "value": 126017.0
                        }, 
                        {
                            "name": "Affiliate institution", 
                            "count": 168, 
                            "value": 41980.0
                        }, 
                        {
                            "name": "Other", 
                            "count": 6853, 
                            "value": 2152544.0
                        }
                    ]
                }, 
                {
                    "race": "Joint (White/Minority Race", 
                    "purchasers": [
                        {
                            "name": "Fannie Mae", 
                            "count": 110, 
                            "value": 32202.0
                        }, 
                        {
                            "name": "Ginnie Mae", 
                            "count": 35, 
                            "value": 12569.0
                        }, 
                        {
                            "name": "Freddie Mac", 
                            "count": 54, 
                            "value": 13914.0
                        }, 
                        {
                            "name": "Farmer Mac", 
                            "count": 0, 
                            "value": 0
                        }, 
                        {
                            "name": "Private Securitization", 
                            "count": 3, 
                            "value": 992.0
                        }, 
                        {
                            "name": "Commercial bank, savings bank or association", 
                            "count": 60, 
                            "value": 21738.0
                        }, 
                        {
                            "name": "Life insurance co., credit union, finance co.", 
                            "count": 13, 
                            "value": 3979.0
                        }, 
                        {
                            "name": "Affiliate institution", 
                            "count": 4, 
                            "value": 1290.0
                        }, 
                        {
                            "name": "Other", 
                            "count": 175, 
                            "value": 53785.0
                        }
                    ]
                }, 
                {
                    "race": "Not Available", 
                    "purchasers": [
                        {
                            "name": "Fannie Mae", 
                            "count": 1292, 
                            "value": 403235.0
                        }, 
                        {
                            "name": "Ginnie Mae", 
                            "count": 205, 
                            "value": 70084.0
                        }, 
                        {
                            "name": "Freddie Mac", 
                            "count": 597, 
                            "value": 172993.0
                        }, 
                        {
                            "name": "Farmer Mac", 
                            "count": 0, 
                            "value": 0
                        }, 
                        {
                            "name": "Private Securitization", 
                            "count": 11, 
                            "value": 3257.0
                        }, 
                        {
                            "name": "Commercial bank, savings bank or association", 
                            "count": 257, 
                            "value": 80643.0
                        }, 
                        {
                            "name": "Life insurance co., credit union, finance co.", 
                            "count": 52, 
                            "value": 16239.0
                        }, 
                        {
                            "name": "Affiliate institution", 
                            "count": 121, 
                            "value": 32797.0
                        }, 
                        {
                            "name": "Other", 
                            "count": 1499, 
                            "value": 502925.0
                        }
                    ]
                }
            ]
        }, 
        {
            "characteristic": "Ethnicity", 
            "ethnicities": [
                {
                    "ethnicity": "Hispanic or Latino", 
                    "purchasers": [
                        {
                            "name": "Fannie Mae", 
                            "count": 179, 
                            "value": 42908
                        }, 
                        {
                            "name": "Ginnie Mae", 
                            "count": 119, 
                            "value": 32681
                        }, 
                        {
                            "name": "Freddie Mac", 
                            "count": 93, 
                            "value": 21334
                        }, 
                        {
                            "name": "Farmer Mac", 
                            "count": 0, 
                            "value": 0
                        }, 
                        {
                            "name": "Private Securitization", 
                            "count": 2, 
                            "value": 390
                        }, 
                        {
                            "name": "Commercial bank, savings bank or association", 
                            "count": 103, 
                            "value": 28876
                        }, 
                        {
                            "name": "Life insurance co., credit union, finance co.", 
                            "count": 20, 
                            "value": 5799
                        }, 
                        {
                            "name": "Affiliate institution", 
                            "count": 8, 
                            "value": 1845
                        }, 
                        {
                            "name": "Other", 
                            "count": 489, 
                            "value": 126309
                        }
                    ]
                }, 
                {
                    "ethnicity": "Not Hispanic or Latino", 
                    "purchasers": [
                        {
                            "name": "Fannie Mae", 
                            "count": 4626, 
                            "value": 1285556
                        }, 
                        {
                            "name": "Ginnie Mae", 
                            "count": 1057, 
                            "value": 344276
                        }, 
                        {
                            "name": "Freddie Mac", 
                            "count": 2101, 
                            "value": 592309
                        }, 
                        {
                            "name": "Farmer Mac", 
                            "count": 0, 
                            "value": 0
                        }, 
                        {
                            "name": "Private Securitization", 
                            "count": 50, 
                            "value": 15866
                        }, 
                        {
                            "name": "Commercial bank, savings bank or association", 
                            "count": 2148, 
                            "value": 694984
                        }, 
                        {
                            "name": "Life insurance co., credit union, finance co.", 
                            "count": 387, 
                            "value": 120608
                        }, 
                        {
                            "name": "Affiliate institution", 
                            "count": 163, 
                            "value": 39839
                        }, 
                        {
                            "name": "Other", 
                            "count": 6562, 
                            "value": 2077160
                        }
                    ]
                }, 
                {
                    "ethnicity": "Joint (Hispanic or Latino/Not Hispanic or Latino", 
                    "purchasers": [
                        {
                            "name": "Fannie Mae", 
                            "count": 155, 
                            "value": 41824
                        }, 
                        {
                            "name": "Ginnie Mae", 
                            "count": 50, 
                            "value": 17028
                        }, 
                        {
                            "name": "Freddie Mac", 
                            "count": 92, 
                            "value": 24141
                        }, 
                        {
                            "name": "Farmer Mac", 
                            "count": 0, 
                            "value": 0
                        }, 
                        {
                            "name": "Private Securitization", 
                            "count": 3, 
                            "value": 791
                        }, 
                        {
                            "name": "Commercial bank, savings bank or association", 
                            "count": 88, 
                            "value": 29886
                        }, 
                        {
                            "name": "Life insurance co., credit union, finance co.", 
                            "count": 17, 
                            "value": 5424
                        }, 
                        {
                            "name": "Affiliate institution", 
                            "count": 13, 
                            "value": 3978
                        }, 
                        {
                            "name": "Other", 
                            "count": 256, 
                            "value": 87263
                        }
                    ]
                }, 
                {
                    "ethnicity": "Ethnicity Not Available", 
                    "purchasers": [
                        {
                            "name": "Fannie Mae", 
                            "count": 1256, 
                            "value": 392319
                        }, 
                        {
                            "name": "Ginnie Mae", 
                            "count": 196, 
                            "value": 67041
                        }, 
                        {
                            "name": "Freddie Mac", 
                            "count": 595, 
                            "value": 172298
                        }, 
                        {
                            "name": "Farmer Mac", 
                            "count": 0, 
                            "value": 0
                        }, 
                        {
                            "name": "Private Securitization", 
                            "count": 12, 
                            "value": 3506
                        }, 
                        {
                            "name": "Commercial bank, savings bank or association", 
                            "count": 247, 
                            "value": 76415
                        }, 
                        {
                            "name": "Life insurance co., credit union, finance co.", 
                            "count": 54, 
                            "value": 16503
                        }, 
                        {
                            "name": "Affiliate institution", 
                            "count": 119, 
                            "value": 32528
                        }, 
                        {
                            "name": "Other", 
                            "count": 1489, 
                            "value": 496843
                        }
                    ]
                }
            ]
        }, 
        {
            "characteristic": "Minority Status", 
            "minoritystatuses": [
                {
                    "minoritystatus": "White Non-Hispanic", 
                    "purchasers": [
                        {
                            "name": "Fannie Mae", 
                            "count": 5679, 
                            "value": 1618851
                        }, 
                        {
                            "name": "Ginnie Mae", 
                            "count": 1186, 
                            "value": 387187
                        }, 
                        {
                            "name": "Freddie Mac", 
                            "count": 2604, 
                            "value": 739439
                        }, 
                        {
                            "name": "Farmer Mac", 
                            "count": 0, 
                            "value": 0
                        }, 
                        {
                            "name": "Private Securitization", 
                            "count": 57, 
                            "value": 18029
                        }, 
                        {
                            "name": "Commercial bank, savings bank or association", 
                            "count": 2276, 
                            "value": 729076
                        }, 
                        {
                            "name": "Life insurance co., credit union, finance co.", 
                            "count": 423, 
                            "value": 131731
                        }, 
                        {
                            "name": "Affiliate institution", 
                            "count": 270, 
                            "value": 69443
                        }, 
                        {
                            "name": "Other", 
                            "count": 7686, 
                            "value": 2460366
                        }
                    ]
                }, 
                {
                    "minoritystatus": "Others, Including Hispanic", 
                    "purchasers": [
                        {
                            "name": "Fannie Mae", 
                            "count": 537, 
                            "value": 143756
                        }, 
                        {
                            "name": "Ginnie Mae", 
                            "count": 236, 
                            "value": 73839
                        }, 
                        {
                            "name": "Freddie Mac", 
                            "count": 277, 
                            "value": 70643
                        }, 
                        {
                            "name": "Farmer Mac", 
                            "count": 0, 
                            "value": 0
                        }, 
                        {
                            "name": "Private Securitization", 
                            "count": 10, 
                            "value": 2524
                        }, 
                        {
                            "name": "Commercial bank, savings bank or association", 
                            "count": 310, 
                            "value": 101085
                        }, 
                        {
                            "name": "Life insurance co., credit union, finance co.", 
                            "count": 55, 
                            "value": 16603
                        }, 
                        {
                            "name": "Affiliate institution", 
                            "count": 33, 
                            "value": 8747
                        }, 
                        {
                            "name": "Other", 
                            "count": 1110, 
                            "value": 327209
                        }
                    ]
                }
            ]
        }, 
        {
            "characteristic": "Applicant Income", 
            "applicantincomes": [
                {
                    "applicantincome": "Less than 50% of MSA/MD median", 
                    "purchasers": [
                        {
                            "name": "Fannie Mae", 
                            "count": 289, 
                            "value": 46315
                        }, 
                        {
                            "name": "Ginnie Mae", 
                            "count": 29, 
                            "value": 4581
                        }, 
                        {
                            "name": "Freddie Mac", 
                            "count": 134, 
                            "value": 21958
                        }, 
                        {
                            "name": "Farmer Mac", 
                            "count": 0, 
                            "value": 0
                        }, 
                        {
                            "name": "Private Securitization", 
                            "count": 3, 
                            "value": 359
                        }, 
                        {
                            "name": "Commercial bank, savings bank or association", 
                            "count": 86, 
                            "value": 14481
                        }, 
                        {
                            "name": "Life insurance co., credit union, finance co.", 
                            "count": 20, 
                            "value": 3141
                        }, 
                        {
                            "name": "Affiliate institution", 
                            "count": 17, 
                            "value": 2262
                        }, 
                        {
                            "name": "Other", 
                            "count": 615, 
                            "value": 107037
                        }
                    ]
                }, 
                {
                    "applicantincome": "50-79% of MSA/MD median", 
                    "purchasers": [
                        {
                            "name": "Fannie Mae", 
                            "count": 839, 
                            "value": 171590
                        }, 
                        {
                            "name": "Ginnie Mae", 
                            "count": 192, 
                            "value": 44169
                        }, 
                        {
                            "name": "Freddie Mac", 
                            "count": 400, 
                            "value": 85515
                        }, 
                        {
                            "name": "Farmer Mac", 
                            "count": 0, 
                            "value": 0
                        }, 
                        {
                            "name": "Private Securitization", 
                            "count": 9, 
                            "value": 1985
                        }, 
                        {
                            "name": "Commercial bank, savings bank or association", 
                            "count": 330, 
                            "value": 72342
                        }, 
                        {
                            "name": "Life insurance co., credit union, finance co.", 
                            "count": 64, 
                            "value": 15139
                        }, 
                        {
                            "name": "Affiliate institution", 
                            "count": 50, 
                            "value": 10139
                        }, 
                        {
                            "name": "Other", 
                            "count": 1304, 
                            "value": 284172
                        }
                    ]
                }, 
                {
                    "applicantincome": "80-99% of MSA/MD median", 
                    "purchasers": [
                        {
                            "name": "Fannie Mae", 
                            "count": 714, 
                            "value": 175752
                        }, 
                        {
                            "name": "Ginnie Mae", 
                            "count": 219, 
                            "value": 60859
                        }, 
                        {
                            "name": "Freddie Mac", 
                            "count": 349, 
                            "value": 86724
                        }, 
                        {
                            "name": "Farmer Mac", 
                            "count": 0, 
                            "value": 0
                        }, 
                        {
                            "name": "Private Securitization", 
                            "count": 6, 
                            "value": 1104
                        }, 
                        {
                            "name": "Commercial bank, savings bank or association", 
                            "count": 357, 
                            "value": 96440
                        }, 
                        {
                            "name": "Life insurance co., credit union, finance co.", 
                            "count": 63, 
                            "value": 17961
                        }, 
                        {
                            "name": "Affiliate institution", 
                            "count": 39, 
                            "value": 9230
                        }, 
                        {
                            "name": "Other", 
                            "count": 982, 
                            "value": 246680
                        }
                    ]
                }, 
                {
                    "applicantincome": "100-119% of MSA/MD median", 
                    "purchasers": [
                        {
                            "name": "Fannie Mae", 
                            "count": 708, 
                            "value": 187539
                        }, 
                        {
                            "name": "Ginnie Mae", 
                            "count": 149, 
                            "value": 46227
                        }, 
                        {
                            "name": "Freddie Mac", 
                            "count": 319, 
                            "value": 87435
                        }, 
                        {
                            "name": "Farmer Mac", 
                            "count": 0, 
                            "value": 0
                        }, 
                        {
                            "name": "Private Securitization", 
                            "count": 7, 
                            "value": 1870
                        }, 
                        {
                            "name": "Commercial bank, savings bank or association", 
                            "count": 289, 
                            "value": 86944
                        }, 
                        {
                            "name": "Life insurance co., credit union, finance co.", 
                            "count": 58, 
                            "value": 17799
                        }, 
                        {
                            "name": "Affiliate institution", 
                            "count": 31, 
                            "value": 8470
                        }, 
                        {
                            "name": "Other", 
                            "count": 888, 
                            "value": 246111
                        }
                    ]
                }, 
                {
                    "applicantincome": "120% or more of MSA/MD median", 
                    "purchasers": [
                        {
                            "name": "Fannie Mae", 
                            "count": 3227, 
                            "value": 1015569
                        }, 
                        {
                            "name": "Ginnie Mae", 
                            "count": 343, 
                            "value": 140947
                        }, 
                        {
                            "name": "Freddie Mac", 
                            "count": 1418, 
                            "value": 448718
                        }, 
                        {
                            "name": "Farmer Mac", 
                            "count": 0, 
                            "value": 0
                        }, 
                        {
                            "name": "Private Securitization", 
                            "count": 41, 
                            "value": 15008
                        }, 
                        {
                            "name": "Commercial bank, savings bank or association", 
                            "count": 1373, 
                            "value": 507653
                        }, 
                        {
                            "name": "Life insurance co., credit union, finance co.", 
                            "count": 248, 
                            "value": 85483
                        }, 
                        {
                            "name": "Affiliate institution", 
                            "count": 163, 
                            "value": 46999
                        }, 
                        {
                            "name": "Other", 
                            "count": 4465, 
                            "value": 1686447
                        }
                    ]
                }, 
                {
                    "applicantincome": "income not available", 
                    "purchasers": [
                        {
                            "name": "Fannie Mae", 
                            "count": 439, 
                            "value": 165842
                        }, 
                        {
                            "name": "Ginnie Mae", 
                            "count": 490, 
                            "value": 164243
                        }, 
                        {
                            "name": "Freddie Mac", 
                            "count": 261, 
                            "value": 79732
                        }, 
                        {
                            "name": "Farmer Mac", 
                            "count": 0, 
                            "value": 0
                        }, 
                        {
                            "name": "Private Securitization", 
                            "count": 1, 
                            "value": 227
                        }, 
                        {
                            "name": "Commercial bank, savings bank or association", 
                            "count": 151, 
                            "value": 52301
                        }, 
                        {
                            "name": "Life insurance co., credit union, finance co.", 
                            "count": 25, 
                            "value": 8811
                        }, 
                        {
                            "name": "Affiliate institution", 
                            "count": 3, 
                            "value": 1090
                        }, 
                        {
                            "name": "Other", 
                            "count": 542, 
                            "value": 217128
                        }
                    ]
                }
            ]
        }
    ], 
    "censuscharacteristics": [
        {
            "characteristic": "Racial/Ethnic Composition", 
            "tractpctminorities": [
                {
                    "tractpctminority": "Less than 10% minority", 
                    "purchasers": [
                        {
                            "name": "Fannie Mae", 
                            "count": 0, 
                            "value": 0
                        }, 
                        {
                            "name": "Ginnie Mae", 
                            "count": 0, 
                            "value": 0
                        }, 
                        {
                            "name": "Freddie Mac", 
                            "count": 0, 
                            "value": 0
                        }, 
                        {
                            "name": "Farmer Mac", 
                            "count": 0, 
                            "value": 0
                        }, 
                        {
                            "name": "Private Securitization", 
                            "count": 0, 
                            "value": 0
                        }, 
                        {
                            "name": "Commercial bank, savings bank or association", 
                            "count": 0, 
                            "value": 0
                        }, 
                        {
                            "name": "Life insurance co., credit union, finance co.", 
                            "count": 0, 
                            "value": 0
                        }, 
                        {
                            "name": "Affiliate institution", 
                            "count": 0, 
                            "value": 0
                        }, 
                        {
                            "name": "Other", 
                            "count": 0, 
                            "value": 0
                        }
                    ]
                }, 
                {
                    "tractpctminority": "10-19% minority", 
                    "purchasers": [
                        {
                            "name": "Fannie Mae", 
                            "count": 5947, 
                            "value": 1706216
                        }, 
                        {
                            "name": "Ginnie Mae", 
                            "count": 1290, 
                            "value": 426060
                        }, 
                        {
                            "name": "Freddie Mac", 
                            "count": 2757, 
                            "value": 780175
                        }, 
                        {
                            "name": "Farmer Mac", 
                            "count": 0, 
                            "value": 0
                        }, 
                        {
                            "name": "Private Securitization", 
                            "count": 67, 
                            "value": 20553
                        }, 
                        {
                            "name": "Commercial bank, savings bank or association", 
                            "count": 2500, 
                            "value": 809656
                        }, 
                        {
                            "name": "Life insurance co., credit union, finance co.", 
                            "count": 442, 
                            "value": 138850
                        }, 
                        {
                            "name": "Affiliate institution", 
                            "count": 286, 
                            "value": 74485
                        }, 
                        {
                            "name": "Other", 
                            "count": 8281, 
                            "value": 2669512
                        }
                    ]
                }, 
                {
                    "tractpctminority": "20-49% minority", 
                    "purchasers": [
                        {
                            "name": "Fannie Mae", 
                            "count": 269, 
                            "value": 56391
                        }, 
                        {
                            "name": "Ginnie Mae", 
                            "count": 132, 
                            "value": 34966
                        }, 
                        {
                            "name": "Freddie Mac", 
                            "count": 124, 
                            "value": 29907
                        }, 
                        {
                            "name": "Farmer Mac", 
                            "count": 0, 
                            "value": 0
                        }, 
                        {
                            "name": "Private Securitization", 
                            "count": 0, 
                            "value": 0
                        }, 
                        {
                            "name": "Commercial bank, savings bank or association", 
                            "count": 86, 
                            "value": 20505
                        }, 
                        {
                            "name": "Life insurance co., credit union, finance co.", 
                            "count": 36, 
                            "value": 9484
                        }, 
                        {
                            "name": "Affiliate institution", 
                            "count": 17, 
                            "value": 3705
                        }, 
                        {
                            "name": "Other", 
                            "count": 515, 
                            "value": 118063
                        }
                    ]
                }, 
                {
                    "tractpctminority": "50-79% minority", 
                    "purchasers": [
                        {
                            "name": "Fannie Mae", 
                            "count": 0, 
                            "value": 0
                        }, 
                        {
                            "name": "Ginnie Mae", 
                            "count": 0, 
                            "value": 0
                        }, 
                        {
                            "name": "Freddie Mac", 
                            "count": 0, 
                            "value": 0
                        }, 
                        {
                            "name": "Farmer Mac", 
                            "count": 0, 
                            "value": 0
                        }, 
                        {
                            "name": "Private Securitization", 
                            "count": 0, 
                            "value": 0
                        }, 
                        {
                            "name": "Commercial bank, savings bank or association", 
                            "count": 0, 
                            "value": 0
                        }, 
                        {
                            "name": "Life insurance co., credit union, finance co.", 
                            "count": 0, 
                            "value": 0
                        }, 
                        {
                            "name": "Affiliate institution", 
                            "count": 0, 
                            "value": 0
                        }, 
                        {
                            "name": "Other", 
                            "count": 0, 
                            "value": 0
                        }
                    ]
                }, 
                {
                    "tractpctminority": "80-100% minority", 
                    "purchasers": [
                        {
                            "name": "Fannie Mae", 
                            "count": 0, 
                            "value": 0
                        }, 
                        {
                            "name": "Ginnie Mae", 
                            "count": 0, 
                            "value": 0
                        }, 
                        {
                            "name": "Freddie Mac", 
                            "count": 0, 
                            "value": 0
                        }, 
                        {
                            "name": "Farmer Mac", 
                            "count": 0, 
                            "value": 0
                        }, 
                        {
                            "name": "Private Securitization", 
                            "count": 0, 
                            "value": 0
                        }, 
                        {
                            "name": "Commercial bank, savings bank or association", 
                            "count": 0, 
                            "value": 0
                        }, 
                        {
                            "name": "Life insurance co., credit union, finance co.", 
                            "count": 0, 
                            "value": 0
                        }, 
                        {
                            "name": "Affiliate institution", 
                            "count": 0, 
                            "value": 0
                        }, 
                        {
                            "name": "Other", 
                            "count": 0, 
                            "value": 0
                        }
                    ]
                }
            ]
        }, 
        {
            "characteristic": "Income", 
            "incomelevels": [
                {
                    "incomelevel": "Low income", 
                    "purchasers": [
                        {
                            "name": "Fannie Mae", 
                            "count": 27, 
                            "value": 6709
                        }, 
                        {
                            "name": "Ginnie Mae", 
                            "count": 4, 
                            "value": 1300
                        }, 
                        {
                            "name": "Freddie Mac", 
                            "count": 9, 
                            "value": 2435
                        }, 
                        {
                            "name": "Farmer Mac", 
                            "count": 0, 
                            "value": 0
                        }, 
                        {
                            "name": "Private Securitization", 
                            "count": 0, 
                            "value": 0
                        }, 
                        {
                            "name": "Commercial bank, savings bank or association", 
                            "count": 15, 
                            "value": 4345
                        }, 
                        {
                            "name": "Life insurance co., credit union, finance co.", 
                            "count": 1, 
                            "value": 265
                        }, 
                        {
                            "name": "Affiliate institution", 
                            "count": 2, 
                            "value": 435
                        }, 
                        {
                            "name": "Other", 
                            "count": 46, 
                            "value": 12862
                        }
                    ]
                }, 
                {
                    "incomelevel": "Moderate income", 
                    "purchasers": [
                        {
                            "name": "Fannie Mae", 
                            "count": 328, 
                            "value": 75804
                        }, 
                        {
                            "name": "Ginnie Mae", 
                            "count": 128, 
                            "value": 33068
                        }, 
                        {
                            "name": "Freddie Mac", 
                            "count": 143, 
                            "value": 35623
                        }, 
                        {
                            "name": "Farmer Mac", 
                            "count": 0, 
                            "value": 0
                        }, 
                        {
                            "name": "Private Securitization", 
                            "count": 0, 
                            "value": 0
                        }, 
                        {
                            "name": "Commercial bank, savings bank or association", 
                            "count": 120, 
                            "value": 30513
                        }, 
                        {
                            "name": "Life insurance co., credit union, finance co.", 
                            "count": 27, 
                            "value": 6992
                        }, 
                        {
                            "name": "Affiliate institution", 
                            "count": 16, 
                            "value": 3383
                        }, 
                        {
                            "name": "Other", 
                            "count": 519, 
                            "value": 117383
                        }
                    ]
                }, 
                {
                    "incomelevel": "Middle income", 
                    "purchasers": [
                        {
                            "name": "Fannie Mae", 
                            "count": 3989, 
                            "value": 1092967
                        }, 
                        {
                            "name": "Ginnie Mae", 
                            "count": 1050, 
                            "value": 321784
                        }, 
                        {
                            "name": "Freddie Mac", 
                            "count": 1872, 
                            "value": 503474
                        }, 
                        {
                            "name": "Farmer Mac", 
                            "count": 0, 
                            "value": 0
                        }, 
                        {
                            "name": "Private Securitization", 
                            "count": 48, 
                            "value": 15055
                        }, 
                        {
                            "name": "Commercial bank, savings bank or association", 
                            "count": 1699, 
                            "value": 515748
                        }, 
                        {
                            "name": "Life insurance co., credit union, finance co.", 
                            "count": 295, 
                            "value": 86195
                        }, 
                        {
                            "name": "Affiliate institution", 
                            "count": 218, 
                            "value": 55102
                        }, 
                        {
                            "name": "Other", 
                            "count": 5625, 
                            "value": 1695805
                        }
                    ]
                }, 
                {
                    "incomelevel": "Upper income", 
                    "purchasers": [
                        {
                            "name": "Fannie Mae", 
                            "count": 1872, 
                            "value": 587127
                        }, 
                        {
                            "name": "Ginnie Mae", 
                            "count": 240, 
                            "value": 104874
                        }, 
                        {
                            "name": "Freddie Mac", 
                            "count": 857, 
                            "value": 268550
                        }, 
                        {
                            "name": "Farmer Mac", 
                            "count": 0, 
                            "value": 0
                        }, 
                        {
                            "name": "Private Securitization", 
                            "count": 19, 
                            "value": 5498
                        }, 
                        {
                            "name": "Commercial bank, savings bank or association", 
                            "count": 752, 
                            "value": 279555
                        }, 
                        {
                            "name": "Life insurance co., credit union, finance co.", 
                            "count": 155, 
                            "value": 54882
                        }, 
                        {
                            "name": "Affiliate institution", 
                            "count": 67, 
                            "value": 19270
                        }, 
                        {
                            "name": "Other", 
                            "count": 2602, 
                            "value": 960546
                        }
                    ]
                }
            ]
        }
    ], 
    "total": {
        "purchasers": [
            {
                "name": "Fannie Mae", 
                "count": 6216, 
                "value": 1762607
            }, 
            {
                "name": "Ginnie Mae", 
                "count": 1422, 
                "value": 461026
            }, 
            {
                "name": "Freddie Mac", 
                "count": 2881, 
                "value": 810082
            }, 
            {
                "name": "Farmer Mac", 
                "count": 0, 
                "value": 0
            }, 
            {
                "name": "Private Securitization", 
                "count": 67, 
                "value": 20553
            }, 
            {
                "name": "Commercial bank, savings bank or association", 
                "count": 2586, 
                "value": 830161
            }, 
            {
                "name": "Life insurance co., credit union, finance co.", 
                "count": 478, 
                "value": 148334
            }, 
            {
                "name": "Affiliate institution", 
                "count": 303, 
                "value": 78190
            }, 
            {
                "name": "Other", 
                "count": 8796, 
                "value": 2787575
            }
        ]
    }
}