{
    "table": "4-1", 
    "type": "Aggregate", 
    "desc": "Disposition of applications for FHA, FSA/RHS, and VA home-purchase loans, 1- to 4-family and manufactured home dwellings, by race, ethnicity, gender and income of applicant", 
    "year": "2013", 
    "msa": {
        "id": "13820", 
        "name": "Birmingham-Hoover", 
        "state": "AL", 
        "state_name": "Alabama"
    }, 
    "races": [
        {
            "race": "American Indian/Alaska Native", 
            "dispositions": [
                {
                    "disposition": "Applications Received", 
                    "count": 12, 
                    "value": 2546
                }, 
                {
                    "disposition": "Loans Originated", 
                    "count": 7, 
                    "value": 1431
                }, 
                {
                    "disposition": "Apps. Approved But Not Accepted", 
                    "count": 1, 
                    "value": 537
                }, 
                {
                    "disposition": "Aplications Denied", 
                    "count": 3, 
                    "value": 503
                }, 
                {
                    "disposition": "Applications Withdrawn", 
                    "count": 1, 
                    "value": 75
                }, 
                {
                    "disposition": "Files Closed For Incompleteness", 
                    "count": 0, 
                    "value": 0
                }
            ], 
            "genders": [
                {
                    "gender": "Male", 
                    "dispositions": [
                        {
                            "disposition": "Applications Received", 
                            "count": 7, 
                            "value": 1910
                        }, 
                        {
                            "disposition": "Loans Originated", 
                            "count": 5, 
                            "value": 1194
                        }, 
                        {
                            "disposition": "Apps. Approved But Not Accepted", 
                            "count": 1, 
                            "value": 537
                        }, 
                        {
                            "disposition": "Aplications Denied", 
                            "count": 1, 
                            "value": 179
                        }, 
                        {
                            "disposition": "Applications Withdrawn", 
                            "count": 0, 
                            "value": 0
                        }, 
                        {
                            "disposition": "Files Closed For Incompleteness", 
                            "count": 0, 
                            "value": 0
                        }
                    ]
                }, 
                {
                    "gender": "Female", 
                    "dispositions": [
                        {
                            "disposition": "Applications Received", 
                            "count": 4, 
                            "value": 458
                        }, 
                        {
                            "disposition": "Loans Originated", 
                            "count": 1, 
                            "value": 59
                        }, 
                        {
                            "disposition": "Apps. Approved But Not Accepted", 
                            "count": 0, 
                            "value": 0
                        }, 
                        {
                            "disposition": "Aplications Denied", 
                            "count": 2, 
                            "value": 324
                        }, 
                        {
                            "disposition": "Applications Withdrawn", 
                            "count": 1, 
                            "value": 75
                        }, 
                        {
                            "disposition": "Files Closed For Incompleteness", 
                            "count": 0, 
                            "value": 0
                        }
                    ]
                }, 
                {
                    "gender": "Joint (Male/Female)", 
                    "dispositions": [
                        {
                            "disposition": "Applications Received", 
                            "count": 1, 
                            "value": 178
                        }, 
                        {
                            "disposition": "Loans Originated", 
                            "count": 1, 
                            "value": 178
                        }, 
                        {
                            "disposition": "Apps. Approved But Not Accepted", 
                            "count": 0, 
                            "value": 0
                        }, 
                        {
                            "disposition": "Aplications Denied", 
                            "count": 0, 
                            "value": 0
                        }, 
                        {
                            "disposition": "Applications Withdrawn", 
                            "count": 0, 
                            "value": 0
                        }, 
                        {
                            "disposition": "Files Closed For Incompleteness", 
                            "count": 0, 
                            "value": 0
                        }
                    ]
                }
            ]
        }, 
        {
            "race": "Asian", 
            "dispositions": [
                {
                    "disposition": "Applications Received", 
                    "count": 10, 
                    "value": 926
                }, 
                {
                    "disposition": "Loans Originated", 
                    "count": 4, 
                    "value": 468
                }, 
                {
                    "disposition": "Apps. Approved But Not Accepted", 
                    "count": 1, 
                    "value": 54
                }, 
                {
                    "disposition": "Aplications Denied", 
                    "count": 1, 
                    "value": 47
                }, 
                {
                    "disposition": "Applications Withdrawn", 
                    "count": 4, 
                    "value": 357
                }, 
                {
                    "disposition": "Files Closed For Incompleteness", 
                    "count": 0, 
                    "value": 0
                }
            ], 
            "genders": [
                {
                    "gender": "Male", 
                    "dispositions": [
                        {
                            "disposition": "Applications Received", 
                            "count": 7, 
                            "value": 705
                        }, 
                        {
                            "disposition": "Loans Originated", 
                            "count": 4, 
                            "value": 468
                        }, 
                        {
                            "disposition": "Apps. Approved But Not Accepted", 
                            "count": 0, 
                            "value": 0
                        }, 
                        {
                            "disposition": "Aplications Denied", 
                            "count": 0, 
                            "value": 0
                        }, 
                        {
                            "disposition": "Applications Withdrawn", 
                            "count": 3, 
                            "value": 237
                        }, 
                        {
                            "disposition": "Files Closed For Incompleteness", 
                            "count": 0, 
                            "value": 0
                        }
                    ]
                }, 
                {
                    "gender": "Female", 
                    "dispositions": [
                        {
                            "disposition": "Applications Received", 
                            "count": 3, 
                            "value": 221
                        }, 
                        {
                            "disposition": "Loans Originated", 
                            "count": 0, 
                            "value": 0
                        }, 
                        {
                            "disposition": "Apps. Approved But Not Accepted", 
                            "count": 1, 
                            "value": 54
                        }, 
                        {
                            "disposition": "Aplications Denied", 
                            "count": 1, 
                            "value": 47
                        }, 
                        {
                            "disposition": "Applications Withdrawn", 
                            "count": 1, 
                            "value": 120
                        }, 
                        {
                            "disposition": "Files Closed For Incompleteness", 
                            "count": 0, 
                            "value": 0
                        }
                    ]
                }, 
                {
                    "gender": "Joint (Male/Female)", 
                    "dispositions": [
                        {
                            "disposition": "Applications Received", 
                            "count": 0, 
                            "value": 0
                        }, 
                        {
                            "disposition": "Loans Originated", 
                            "count": 0, 
                            "value": 0
                        }, 
                        {
                            "disposition": "Apps. Approved But Not Accepted", 
                            "count": 0, 
                            "value": 0
                        }, 
                        {
                            "disposition": "Aplications Denied", 
                            "count": 0, 
                            "value": 0
                        }, 
                        {
                            "disposition": "Applications Withdrawn", 
                            "count": 0, 
                            "value": 0
                        }, 
                        {
                            "disposition": "Files Closed For Incompleteness", 
                            "count": 0, 
                            "value": 0
                        }
                    ]
                }
            ]
        }, 
        {
            "race": "Black or African American", 
            "dispositions": [
                {
                    "disposition": "Applications Received", 
                    "count": 39, 
                    "value": 6632
                }, 
                {
                    "disposition": "Loans Originated", 
                    "count": 14, 
                    "value": 2446
                }, 
                {
                    "disposition": "Apps. Approved But Not Accepted", 
                    "count": 2, 
                    "value": 296
                }, 
                {
                    "disposition": "Aplications Denied", 
                    "count": 15, 
                    "value": 2827
                }, 
                {
                    "disposition": "Applications Withdrawn", 
                    "count": 6, 
                    "value": 842
                }, 
                {
                    "disposition": "Files Closed For Incompleteness", 
                    "count": 2, 
                    "value": 221
                }
            ], 
            "genders": [
                {
                    "gender": "Male", 
                    "dispositions": [
                        {
                            "disposition": "Applications Received", 
                            "count": 19, 
                            "value": 3594
                        }, 
                        {
                            "disposition": "Loans Originated", 
                            "count": 7, 
                            "value": 1223
                        }, 
                        {
                            "disposition": "Apps. Approved But Not Accepted", 
                            "count": 2, 
                            "value": 296
                        }, 
                        {
                            "disposition": "Aplications Denied", 
                            "count": 7, 
                            "value": 1656
                        }, 
                        {
                            "disposition": "Applications Withdrawn", 
                            "count": 2, 
                            "value": 358
                        }, 
                        {
                            "disposition": "Files Closed For Incompleteness", 
                            "count": 1, 
                            "value": 61
                        }
                    ]
                }, 
                {
                    "gender": "Female", 
                    "dispositions": [
                        {
                            "disposition": "Applications Received", 
                            "count": 13, 
                            "value": 1992
                        }, 
                        {
                            "disposition": "Loans Originated", 
                            "count": 6, 
                            "value": 1063
                        }, 
                        {
                            "disposition": "Apps. Approved But Not Accepted", 
                            "count": 0, 
                            "value": 0
                        }, 
                        {
                            "disposition": "Aplications Denied", 
                            "count": 3, 
                            "value": 410
                        }, 
                        {
                            "disposition": "Applications Withdrawn", 
                            "count": 3, 
                            "value": 359
                        }, 
                        {
                            "disposition": "Files Closed For Incompleteness", 
                            "count": 1, 
                            "value": 160
                        }
                    ]
                }, 
                {
                    "gender": "Joint (Male/Female)", 
                    "dispositions": [
                        {
                            "disposition": "Applications Received", 
                            "count": 7, 
                            "value": 1046
                        }, 
                        {
                            "disposition": "Loans Originated", 
                            "count": 1, 
                            "value": 160
                        }, 
                        {
                            "disposition": "Apps. Approved But Not Accepted", 
                            "count": 0, 
                            "value": 0
                        }, 
                        {
                            "disposition": "Aplications Denied", 
                            "count": 5, 
                            "value": 761
                        }, 
                        {
                            "disposition": "Applications Withdrawn", 
                            "count": 1, 
                            "value": 125
                        }, 
                        {
                            "disposition": "Files Closed For Incompleteness", 
                            "count": 0, 
                            "value": 0
                        }
                    ]
                }
            ]
        }, 
        {
            "race": "Native Hawaiian or Other Pacific Islander", 
            "dispositions": [
                {
                    "disposition": "Applications Received", 
                    "count": 1573, 
                    "value": 223825
                }, 
                {
                    "disposition": "Loans Originated", 
                    "count": 924, 
                    "value": 134296
                }, 
                {
                    "disposition": "Apps. Approved But Not Accepted", 
                    "count": 80, 
                    "value": 11200
                }, 
                {
                    "disposition": "Aplications Denied", 
                    "count": 370, 
                    "value": 50601
                }, 
                {
                    "disposition": "Applications Withdrawn", 
                    "count": 143, 
                    "value": 19779
                }, 
                {
                    "disposition": "Files Closed For Incompleteness", 
                    "count": 56, 
                    "value": 7949
                }
            ], 
            "genders": [
                {
                    "gender": "Male", 
                    "dispositions": [
                        {
                            "disposition": "Applications Received", 
                            "count": 655, 
                            "value": 95333
                        }, 
                        {
                            "disposition": "Loans Originated", 
                            "count": 366, 
                            "value": 54090
                        }, 
                        {
                            "disposition": "Apps. Approved But Not Accepted", 
                            "count": 32, 
                            "value": 5052
                        }, 
                        {
                            "disposition": "Aplications Denied", 
                            "count": 158, 
                            "value": 21753
                        }, 
                        {
                            "disposition": "Applications Withdrawn", 
                            "count": 68, 
                            "value": 9780
                        }, 
                        {
                            "disposition": "Files Closed For Incompleteness", 
                            "count": 31, 
                            "value": 4658
                        }
                    ]
                }, 
                {
                    "gender": "Female", 
                    "dispositions": [
                        {
                            "disposition": "Applications Received", 
                            "count": 705, 
                            "value": 87924
                        }, 
                        {
                            "disposition": "Loans Originated", 
                            "count": 420, 
                            "value": 54252
                        }, 
                        {
                            "disposition": "Apps. Approved But Not Accepted", 
                            "count": 38, 
                            "value": 4442
                        }, 
                        {
                            "disposition": "Aplications Denied", 
                            "count": 165, 
                            "value": 19485
                        }, 
                        {
                            "disposition": "Applications Withdrawn", 
                            "count": 61, 
                            "value": 7026
                        }, 
                        {
                            "disposition": "Files Closed For Incompleteness", 
                            "count": 21, 
                            "value": 2719
                        }
                    ]
                }, 
                {
                    "gender": "Joint (Male/Female)", 
                    "dispositions": [
                        {
                            "disposition": "Applications Received", 
                            "count": 211, 
                            "value": 40079
                        }, 
                        {
                            "disposition": "Loans Originated", 
                            "count": 138, 
                            "value": 25954
                        }, 
                        {
                            "disposition": "Apps. Approved But Not Accepted", 
                            "count": 10, 
                            "value": 1706
                        }, 
                        {
                            "disposition": "Aplications Denied", 
                            "count": 45, 
                            "value": 8874
                        }, 
                        {
                            "disposition": "Applications Withdrawn", 
                            "count": 14, 
                            "value": 2973
                        }, 
                        {
                            "disposition": "Files Closed For Incompleteness", 
                            "count": 4, 
                            "value": 572
                        }
                    ]
                }
            ]
        }, 
        {
            "race": "White", 
            "dispositions": [
                {
                    "disposition": "Applications Received", 
                    "count": 6, 
                    "value": 576
                }, 
                {
                    "disposition": "Loans Originated", 
                    "count": 4, 
                    "value": 399
                }, 
                {
                    "disposition": "Apps. Approved But Not Accepted", 
                    "count": 0, 
                    "value": 0
                }, 
                {
                    "disposition": "Aplications Denied", 
                    "count": 1, 
                    "value": 52
                }, 
                {
                    "disposition": "Applications Withdrawn", 
                    "count": 0, 
                    "value": 0
                }, 
                {
                    "disposition": "Files Closed For Incompleteness", 
                    "count": 1, 
                    "value": 125
                }
            ], 
            "genders": [
                {
                    "gender": "Male", 
                    "dispositions": [
                        {
                            "disposition": "Applications Received", 
                            "count": 3, 
                            "value": 341
                        }, 
                        {
                            "disposition": "Loans Originated", 
                            "count": 3, 
                            "value": 341
                        }, 
                        {
                            "disposition": "Apps. Approved But Not Accepted", 
                            "count": 0, 
                            "value": 0
                        }, 
                        {
                            "disposition": "Aplications Denied", 
                            "count": 0, 
                            "value": 0
                        }, 
                        {
                            "disposition": "Applications Withdrawn", 
                            "count": 0, 
                            "value": 0
                        }, 
                        {
                            "disposition": "Files Closed For Incompleteness", 
                            "count": 0, 
                            "value": 0
                        }
                    ]
                }, 
                {
                    "gender": "Female", 
                    "dispositions": [
                        {
                            "disposition": "Applications Received", 
                            "count": 2, 
                            "value": 110
                        }, 
                        {
                            "disposition": "Loans Originated", 
                            "count": 1, 
                            "value": 58
                        }, 
                        {
                            "disposition": "Apps. Approved But Not Accepted", 
                            "count": 0, 
                            "value": 0
                        }, 
                        {
                            "disposition": "Aplications Denied", 
                            "count": 1, 
                            "value": 52
                        }, 
                        {
                            "disposition": "Applications Withdrawn", 
                            "count": 0, 
                            "value": 0
                        }, 
                        {
                            "disposition": "Files Closed For Incompleteness", 
                            "count": 0, 
                            "value": 0
                        }
                    ]
                }, 
                {
                    "gender": "Joint (Male/Female)", 
                    "dispositions": [
                        {
                            "disposition": "Applications Received", 
                            "count": 1, 
                            "value": 125
                        }, 
                        {
                            "disposition": "Loans Originated", 
                            "count": 0, 
                            "value": 0
                        }, 
                        {
                            "disposition": "Apps. Approved But Not Accepted", 
                            "count": 0, 
                            "value": 0
                        }, 
                        {
                            "disposition": "Aplications Denied", 
                            "count": 0, 
                            "value": 0
                        }, 
                        {
                            "disposition": "Applications Withdrawn", 
                            "count": 0, 
                            "value": 0
                        }, 
                        {
                            "disposition": "Files Closed For Incompleteness", 
                            "count": 1, 
                            "value": 125
                        }
                    ]
                }
            ]
        }, 
        {
            "race": "2 or more minority races", 
            "dispositions": [
                {
                    "disposition": "Applications Received", 
                    "count": 4027, 
                    "value": 590434
                }, 
                {
                    "disposition": "Loans Originated", 
                    "count": 2807, 
                    "value": 426757
                }, 
                {
                    "disposition": "Apps. Approved But Not Accepted", 
                    "count": 147, 
                    "value": 19925
                }, 
                {
                    "disposition": "Aplications Denied", 
                    "count": 540, 
                    "value": 71009
                }, 
                {
                    "disposition": "Applications Withdrawn", 
                    "count": 420, 
                    "value": 56928
                }, 
                {
                    "disposition": "Files Closed For Incompleteness", 
                    "count": 113, 
                    "value": 15815
                }
            ], 
            "genders": [
                {
                    "gender": "Male", 
                    "dispositions": [
                        {
                            "disposition": "Applications Received", 
                            "count": 1826, 
                            "value": 263556
                        }, 
                        {
                            "disposition": "Loans Originated", 
                            "count": 1263, 
                            "value": 188929
                        }, 
                        {
                            "disposition": "Apps. Approved But Not Accepted", 
                            "count": 70, 
                            "value": 9413
                        }, 
                        {
                            "disposition": "Aplications Denied", 
                            "count": 248, 
                            "value": 32500
                        }, 
                        {
                            "disposition": "Applications Withdrawn", 
                            "count": 198, 
                            "value": 26176
                        }, 
                        {
                            "disposition": "Files Closed For Incompleteness", 
                            "count": 47, 
                            "value": 6538
                        }
                    ]
                }, 
                {
                    "gender": "Female", 
                    "dispositions": [
                        {
                            "disposition": "Applications Received", 
                            "count": 1007, 
                            "value": 128388
                        }, 
                        {
                            "disposition": "Loans Originated", 
                            "count": 696, 
                            "value": 92070
                        }, 
                        {
                            "disposition": "Apps. Approved But Not Accepted", 
                            "count": 34, 
                            "value": 3868
                        }, 
                        {
                            "disposition": "Aplications Denied", 
                            "count": 143, 
                            "value": 16254
                        }, 
                        {
                            "disposition": "Applications Withdrawn", 
                            "count": 99, 
                            "value": 11517
                        }, 
                        {
                            "disposition": "Files Closed For Incompleteness", 
                            "count": 35, 
                            "value": 4679
                        }
                    ]
                }, 
                {
                    "gender": "Joint (Male/Female)", 
                    "dispositions": [
                        {
                            "disposition": "Applications Received", 
                            "count": 1187, 
                            "value": 197629
                        }, 
                        {
                            "disposition": "Loans Originated", 
                            "count": 845, 
                            "value": 145308
                        }, 
                        {
                            "disposition": "Apps. Approved But Not Accepted", 
                            "count": 41, 
                            "value": 6356
                        }, 
                        {
                            "disposition": "Aplications Denied", 
                            "count": 148, 
                            "value": 22211
                        }, 
                        {
                            "disposition": "Applications Withdrawn", 
                            "count": 122, 
                            "value": 19156
                        }, 
                        {
                            "disposition": "Files Closed For Incompleteness", 
                            "count": 31, 
                            "value": 4598
                        }
                    ]
                }
            ]
        }, 
        {
            "race": "Joint (White/Minority Race", 
            "dispositions": [
                {
                    "disposition": "Applications Received", 
                    "count": 34, 
                    "value": 5753
                }, 
                {
                    "disposition": "Loans Originated", 
                    "count": 19, 
                    "value": 3552
                }, 
                {
                    "disposition": "Apps. Approved But Not Accepted", 
                    "count": 2, 
                    "value": 398
                }, 
                {
                    "disposition": "Aplications Denied", 
                    "count": 11, 
                    "value": 1557
                }, 
                {
                    "disposition": "Applications Withdrawn", 
                    "count": 1, 
                    "value": 127
                }, 
                {
                    "disposition": "Files Closed For Incompleteness", 
                    "count": 1, 
                    "value": 119
                }
            ], 
            "genders": [
                {
                    "gender": "Male", 
                    "dispositions": [
                        {
                            "disposition": "Applications Received", 
                            "count": 6, 
                            "value": 682
                        }, 
                        {
                            "disposition": "Loans Originated", 
                            "count": 4, 
                            "value": 464
                        }, 
                        {
                            "disposition": "Apps. Approved But Not Accepted", 
                            "count": 0, 
                            "value": 0
                        }, 
                        {
                            "disposition": "Aplications Denied", 
                            "count": 1, 
                            "value": 91
                        }, 
                        {
                            "disposition": "Applications Withdrawn", 
                            "count": 1, 
                            "value": 127
                        }, 
                        {
                            "disposition": "Files Closed For Incompleteness", 
                            "count": 0, 
                            "value": 0
                        }
                    ]
                }, 
                {
                    "gender": "Female", 
                    "dispositions": [
                        {
                            "disposition": "Applications Received", 
                            "count": 0, 
                            "value": 0
                        }, 
                        {
                            "disposition": "Loans Originated", 
                            "count": 0, 
                            "value": 0
                        }, 
                        {
                            "disposition": "Apps. Approved But Not Accepted", 
                            "count": 0, 
                            "value": 0
                        }, 
                        {
                            "disposition": "Aplications Denied", 
                            "count": 0, 
                            "value": 0
                        }, 
                        {
                            "disposition": "Applications Withdrawn", 
                            "count": 0, 
                            "value": 0
                        }, 
                        {
                            "disposition": "Files Closed For Incompleteness", 
                            "count": 0, 
                            "value": 0
                        }
                    ]
                }, 
                {
                    "gender": "Joint (Male/Female)", 
                    "dispositions": [
                        {
                            "disposition": "Applications Received", 
                            "count": 28, 
                            "value": 5071
                        }, 
                        {
                            "disposition": "Loans Originated", 
                            "count": 15, 
                            "value": 3088
                        }, 
                        {
                            "disposition": "Apps. Approved But Not Accepted", 
                            "count": 2, 
                            "value": 398
                        }, 
                        {
                            "disposition": "Aplications Denied", 
                            "count": 10, 
                            "value": 1466
                        }, 
                        {
                            "disposition": "Applications Withdrawn", 
                            "count": 0, 
                            "value": 0
                        }, 
                        {
                            "disposition": "Files Closed For Incompleteness", 
                            "count": 1, 
                            "value": 119
                        }
                    ]
                }
            ]
        }, 
        {
            "race": "Not Available", 
            "dispositions": [
                {
                    "disposition": "Applications Received", 
                    "count": 326, 
                    "value": 50764
                }, 
                {
                    "disposition": "Loans Originated", 
                    "count": 201, 
                    "value": 32352
                }, 
                {
                    "disposition": "Apps. Approved But Not Accepted", 
                    "count": 12, 
                    "value": 2276
                }, 
                {
                    "disposition": "Aplications Denied", 
                    "count": 65, 
                    "value": 9463
                }, 
                {
                    "disposition": "Applications Withdrawn", 
                    "count": 36, 
                    "value": 5069
                }, 
                {
                    "disposition": "Files Closed For Incompleteness", 
                    "count": 12, 
                    "value": 1604
                }
            ], 
            "genders": [
                {
                    "gender": "Male", 
                    "dispositions": [
                        {
                            "disposition": "Applications Received", 
                            "count": 45, 
                            "value": 7384
                        }, 
                        {
                            "disposition": "Loans Originated", 
                            "count": 25, 
                            "value": 4461
                        }, 
                        {
                            "disposition": "Apps. Approved But Not Accepted", 
                            "count": 3, 
                            "value": 729
                        }, 
                        {
                            "disposition": "Aplications Denied", 
                            "count": 11, 
                            "value": 1323
                        }, 
                        {
                            "disposition": "Applications Withdrawn", 
                            "count": 4, 
                            "value": 589
                        }, 
                        {
                            "disposition": "Files Closed For Incompleteness", 
                            "count": 2, 
                            "value": 282
                        }
                    ]
                }, 
                {
                    "gender": "Female", 
                    "dispositions": [
                        {
                            "disposition": "Applications Received", 
                            "count": 37, 
                            "value": 4879
                        }, 
                        {
                            "disposition": "Loans Originated", 
                            "count": 24, 
                            "value": 3315
                        }, 
                        {
                            "disposition": "Apps. Approved But Not Accepted", 
                            "count": 0, 
                            "value": 0
                        }, 
                        {
                            "disposition": "Aplications Denied", 
                            "count": 5, 
                            "value": 615
                        }, 
                        {
                            "disposition": "Applications Withdrawn", 
                            "count": 7, 
                            "value": 895
                        }, 
                        {
                            "disposition": "Files Closed For Incompleteness", 
                            "count": 1, 
                            "value": 54
                        }
                    ]
                }, 
                {
                    "gender": "Joint (Male/Female)", 
                    "dispositions": [
                        {
                            "disposition": "Applications Received", 
                            "count": 20, 
                            "value": 3681
                        }, 
                        {
                            "disposition": "Loans Originated", 
                            "count": 9, 
                            "value": 1628
                        }, 
                        {
                            "disposition": "Apps. Approved But Not Accepted", 
                            "count": 0, 
                            "value": 0
                        }, 
                        {
                            "disposition": "Aplications Denied", 
                            "count": 5, 
                            "value": 956
                        }, 
                        {
                            "disposition": "Applications Withdrawn", 
                            "count": 4, 
                            "value": 677
                        }, 
                        {
                            "disposition": "Files Closed For Incompleteness", 
                            "count": 2, 
                            "value": 420
                        }
                    ]
                }
            ]
        }
    ], 
    "ethnicities": [
        {
            "ethnicity": "Hispanic or Latino", 
            "dispositions": [
                {
                    "disposition": "Applications Received", 
                    "count": 133, 
                    "value": 18781
                }, 
                {
                    "disposition": "Loans Originated", 
                    "count": 84, 
                    "value": 12655
                }, 
                {
                    "disposition": "Apps. Approved But Not Accepted", 
                    "count": 4, 
                    "value": 478
                }, 
                {
                    "disposition": "Aplications Denied", 
                    "count": 26, 
                    "value": 2983
                }, 
                {
                    "disposition": "Applications Withdrawn", 
                    "count": 15, 
                    "value": 2221
                }, 
                {
                    "disposition": "Files Closed For Incompleteness", 
                    "count": 4, 
                    "value": 444
                }
            ], 
            "genders": [
                {
                    "gender": "Male", 
                    "dispositions": [
                        {
                            "disposition": "Applications Received", 
                            "count": 71, 
                            "value": 71
                        }, 
                        {
                            "disposition": "Loans Originated", 
                            "count": 44, 
                            "value": 6709
                        }, 
                        {
                            "disposition": "Apps. Approved But Not Accepted", 
                            "count": 3, 
                            "value": 350
                        }, 
                        {
                            "disposition": "Aplications Denied", 
                            "count": 12, 
                            "value": 1300
                        }, 
                        {
                            "disposition": "Applications Withdrawn", 
                            "count": 9, 
                            "value": 1151
                        }, 
                        {
                            "disposition": "Files Closed For Incompleteness", 
                            "count": 3, 
                            "value": 364
                        }
                    ]
                }, 
                {
                    "gender": "Female", 
                    "dispositions": [
                        {
                            "disposition": "Applications Received", 
                            "count": 40, 
                            "value": 40
                        }, 
                        {
                            "disposition": "Loans Originated", 
                            "count": 26, 
                            "value": 3566
                        }, 
                        {
                            "disposition": "Apps. Approved But Not Accepted", 
                            "count": 1, 
                            "value": 128
                        }, 
                        {
                            "disposition": "Aplications Denied", 
                            "count": 9, 
                            "value": 1116
                        }, 
                        {
                            "disposition": "Applications Withdrawn", 
                            "count": 4, 
                            "value": 518
                        }, 
                        {
                            "disposition": "Files Closed For Incompleteness", 
                            "count": 0, 
                            "value": 0
                        }
                    ]
                }, 
                {
                    "gender": "Joint (Male/Female)", 
                    "dispositions": [
                        {
                            "disposition": "Applications Received", 
                            "count": 21, 
                            "value": 21
                        }, 
                        {
                            "disposition": "Loans Originated", 
                            "count": 14, 
                            "value": 2380
                        }, 
                        {
                            "disposition": "Apps. Approved But Not Accepted", 
                            "count": 0, 
                            "value": 0
                        }, 
                        {
                            "disposition": "Aplications Denied", 
                            "count": 4, 
                            "value": 523
                        }, 
                        {
                            "disposition": "Applications Withdrawn", 
                            "count": 2, 
                            "value": 552
                        }, 
                        {
                            "disposition": "Files Closed For Incompleteness", 
                            "count": 1, 
                            "value": 80
                        }
                    ]
                }
            ]
        }, 
        {
            "ethnicity": "Not Hispanic or Latino", 
            "dispositions": [
                {
                    "disposition": "Applications Received", 
                    "count": 5518, 
                    "value": 806394
                }, 
                {
                    "disposition": "Loans Originated", 
                    "count": 3688, 
                    "value": 555440
                }, 
                {
                    "disposition": "Apps. Approved But Not Accepted", 
                    "count": 213, 
                    "value": 31004
                }, 
                {
                    "disposition": "Aplications Denied", 
                    "count": 904, 
                    "value": 122847
                }, 
                {
                    "disposition": "Applications Withdrawn", 
                    "count": 553, 
                    "value": 74636
                }, 
                {
                    "disposition": "Files Closed For Incompleteness", 
                    "count": 160, 
                    "value": 22467
                }
            ], 
            "genders": [
                {
                    "gender": "Male", 
                    "dispositions": [
                        {
                            "disposition": "Applications Received", 
                            "count": 2445, 
                            "value": 2445
                        }, 
                        {
                            "disposition": "Loans Originated", 
                            "count": 1608, 
                            "value": 240336
                        }, 
                        {
                            "disposition": "Apps. Approved But Not Accepted", 
                            "count": 100, 
                            "value": 15262
                        }, 
                        {
                            "disposition": "Aplications Denied", 
                            "count": 403, 
                            "value": 55017
                        }, 
                        {
                            "disposition": "Applications Withdrawn", 
                            "count": 260, 
                            "value": 34953
                        }, 
                        {
                            "disposition": "Files Closed For Incompleteness", 
                            "count": 74, 
                            "value": 10594
                        }
                    ]
                }, 
                {
                    "gender": "Female", 
                    "dispositions": [
                        {
                            "disposition": "Applications Received", 
                            "count": 1678, 
                            "value": 1678
                        }, 
                        {
                            "disposition": "Loans Originated", 
                            "count": 1103, 
                            "value": 144379
                        }, 
                        {
                            "disposition": "Apps. Approved But Not Accepted", 
                            "count": 63, 
                            "value": 7489
                        }, 
                        {
                            "disposition": "Aplications Denied", 
                            "count": 298, 
                            "value": 34867
                        }, 
                        {
                            "disposition": "Applications Withdrawn", 
                            "count": 161, 
                            "value": 18633
                        }, 
                        {
                            "disposition": "Files Closed For Incompleteness", 
                            "count": 53, 
                            "value": 7027
                        }
                    ]
                }, 
                {
                    "gender": "Joint (Male/Female)", 
                    "dispositions": [
                        {
                            "disposition": "Applications Received", 
                            "count": 1387, 
                            "value": 1387
                        }, 
                        {
                            "disposition": "Loans Originated", 
                            "count": 973, 
                            "value": 170147
                        }, 
                        {
                            "disposition": "Apps. Approved But Not Accepted", 
                            "count": 48, 
                            "value": 7965
                        }, 
                        {
                            "disposition": "Aplications Denied", 
                            "count": 202, 
                            "value": 32630
                        }, 
                        {
                            "disposition": "Applications Withdrawn", 
                            "count": 131, 
                            "value": 20971
                        }, 
                        {
                            "disposition": "Files Closed For Incompleteness", 
                            "count": 33, 
                            "value": 4846
                        }
                    ]
                }
            ]
        }, 
        {
            "ethnicity": "Joint (Hispanic or Latino/Not Hispanic or Latino", 
            "dispositions": [
                {
                    "disposition": "Applications Received", 
                    "count": 25, 
                    "value": 3819
                }, 
                {
                    "disposition": "Loans Originated", 
                    "count": 14, 
                    "value": 2307
                }, 
                {
                    "disposition": "Apps. Approved But Not Accepted", 
                    "count": 1, 
                    "value": 141
                }, 
                {
                    "disposition": "Aplications Denied", 
                    "count": 4, 
                    "value": 463
                }, 
                {
                    "disposition": "Applications Withdrawn", 
                    "count": 4, 
                    "value": 585
                }, 
                {
                    "disposition": "Files Closed For Incompleteness", 
                    "count": 2, 
                    "value": 323
                }
            ], 
            "genders": [
                {
                    "gender": "Male", 
                    "dispositions": [
                        {
                            "disposition": "Applications Received", 
                            "count": 0, 
                            "value": 0
                        }, 
                        {
                            "disposition": "Loans Originated", 
                            "count": 0, 
                            "value": 0
                        }, 
                        {
                            "disposition": "Apps. Approved But Not Accepted", 
                            "count": 0, 
                            "value": 0
                        }, 
                        {
                            "disposition": "Aplications Denied", 
                            "count": 0, 
                            "value": 0
                        }, 
                        {
                            "disposition": "Applications Withdrawn", 
                            "count": 0, 
                            "value": 0
                        }, 
                        {
                            "disposition": "Files Closed For Incompleteness", 
                            "count": 0, 
                            "value": 0
                        }
                    ]
                }, 
                {
                    "gender": "Female", 
                    "dispositions": [
                        {
                            "disposition": "Applications Received", 
                            "count": 1, 
                            "value": 1
                        }, 
                        {
                            "disposition": "Loans Originated", 
                            "count": 0, 
                            "value": 0
                        }, 
                        {
                            "disposition": "Apps. Approved But Not Accepted", 
                            "count": 0, 
                            "value": 0
                        }, 
                        {
                            "disposition": "Aplications Denied", 
                            "count": 1, 
                            "value": 42
                        }, 
                        {
                            "disposition": "Applications Withdrawn", 
                            "count": 0, 
                            "value": 0
                        }, 
                        {
                            "disposition": "Files Closed For Incompleteness", 
                            "count": 0, 
                            "value": 0
                        }
                    ]
                }, 
                {
                    "gender": "Joint (Male/Female)", 
                    "dispositions": [
                        {
                            "disposition": "Applications Received", 
                            "count": 24, 
                            "value": 24
                        }, 
                        {
                            "disposition": "Loans Originated", 
                            "count": 14, 
                            "value": 2307
                        }, 
                        {
                            "disposition": "Apps. Approved But Not Accepted", 
                            "count": 1, 
                            "value": 141
                        }, 
                        {
                            "disposition": "Aplications Denied", 
                            "count": 3, 
                            "value": 421
                        }, 
                        {
                            "disposition": "Applications Withdrawn", 
                            "count": 4, 
                            "value": 585
                        }, 
                        {
                            "disposition": "Files Closed For Incompleteness", 
                            "count": 2, 
                            "value": 323
                        }
                    ]
                }
            ]
        }, 
        {
            "ethnicity": "Ethnicity Not Available", 
            "dispositions": [
                {
                    "disposition": "Applications Received", 
                    "count": 351, 
                    "value": 52462
                }, 
                {
                    "disposition": "Loans Originated", 
                    "count": 194, 
                    "value": 31299
                }, 
                {
                    "disposition": "Apps. Approved But Not Accepted", 
                    "count": 27, 
                    "value": 3063
                }, 
                {
                    "disposition": "Aplications Denied", 
                    "count": 72, 
                    "value": 9766
                }, 
                {
                    "disposition": "Applications Withdrawn", 
                    "count": 39, 
                    "value": 5735
                }, 
                {
                    "disposition": "Files Closed For Incompleteness", 
                    "count": 19, 
                    "value": 2599
                }
            ], 
            "genders": [
                {
                    "gender": "Male", 
                    "dispositions": [
                        {
                            "disposition": "Applications Received", 
                            "count": 52, 
                            "value": 52
                        }, 
                        {
                            "disposition": "Loans Originated", 
                            "count": 25, 
                            "value": 4125
                        }, 
                        {
                            "disposition": "Apps. Approved But Not Accepted", 
                            "count": 5, 
                            "value": 415
                        }, 
                        {
                            "disposition": "Aplications Denied", 
                            "count": 11, 
                            "value": 1185
                        }, 
                        {
                            "disposition": "Applications Withdrawn", 
                            "count": 7, 
                            "value": 1163
                        }, 
                        {
                            "disposition": "Files Closed For Incompleteness", 
                            "count": 4, 
                            "value": 581
                        }
                    ]
                }, 
                {
                    "gender": "Female", 
                    "dispositions": [
                        {
                            "disposition": "Applications Received", 
                            "count": 52, 
                            "value": 52
                        }, 
                        {
                            "disposition": "Loans Originated", 
                            "count": 19, 
                            "value": 2872
                        }, 
                        {
                            "disposition": "Apps. Approved But Not Accepted", 
                            "count": 9, 
                            "value": 747
                        }, 
                        {
                            "disposition": "Aplications Denied", 
                            "count": 12, 
                            "value": 1162
                        }, 
                        {
                            "disposition": "Applications Withdrawn", 
                            "count": 7, 
                            "value": 841
                        }, 
                        {
                            "disposition": "Files Closed For Incompleteness", 
                            "count": 5, 
                            "value": 585
                        }
                    ]
                }, 
                {
                    "gender": "Joint (Male/Female)", 
                    "dispositions": [
                        {
                            "disposition": "Applications Received", 
                            "count": 23, 
                            "value": 23
                        }, 
                        {
                            "disposition": "Loans Originated", 
                            "count": 8, 
                            "value": 1482
                        }, 
                        {
                            "disposition": "Apps. Approved But Not Accepted", 
                            "count": 4, 
                            "value": 354
                        }, 
                        {
                            "disposition": "Aplications Denied", 
                            "count": 4, 
                            "value": 694
                        }, 
                        {
                            "disposition": "Applications Withdrawn", 
                            "count": 4, 
                            "value": 823
                        }, 
                        {
                            "disposition": "Files Closed For Incompleteness", 
                            "count": 3, 
                            "value": 585
                        }
                    ]
                }
            ]
        }
    ], 
    "minoritystatuses": [
        {
            "minoritystatus": "White Non-Hispanic", 
            "dispositions": [
                {
                    "disposition": "Applications Received", 
                    "count": 4217, 
                    "value": 621693
                }, 
                {
                    "disposition": "Loans Originated", 
                    "count": 2924, 
                    "value": 446272
                }, 
                {
                    "disposition": "Apps. Approved But Not Accepted", 
                    "count": 155, 
                    "value": 21710
                }, 
                {
                    "disposition": "Aplications Denied", 
                    "count": 579, 
                    "value": 77490
                }, 
                {
                    "disposition": "Applications Withdrawn", 
                    "count": 440, 
                    "value": 59569
                }, 
                {
                    "disposition": "Files Closed For Incompleteness", 
                    "count": 119, 
                    "value": 16652
                }
            ], 
            "genders": [
                {
                    "gender": "Male", 
                    "dispositions": [
                        {
                            "disposition": "Applications Received", 
                            "count": 263629, 
                            "value": 0
                        }, 
                        {
                            "disposition": "Loans Originated", 
                            "count": 1248, 
                            "value": 187371
                        }, 
                        {
                            "disposition": "Apps. Approved But Not Accepted", 
                            "count": 70, 
                            "value": 9792
                        }, 
                        {
                            "disposition": "Aplications Denied", 
                            "count": 247, 
                            "value": 32425
                        }, 
                        {
                            "disposition": "Applications Withdrawn", 
                            "count": 194, 
                            "value": 25780
                        }, 
                        {
                            "disposition": "Files Closed For Incompleteness", 
                            "count": 46, 
                            "value": 6456
                        }
                    ]
                }, 
                {
                    "gender": "Female", 
                    "dispositions": [
                        {
                            "disposition": "Applications Received", 
                            "count": 130287, 
                            "value": 0
                        }, 
                        {
                            "disposition": "Loans Originated", 
                            "count": 699, 
                            "value": 92420
                        }, 
                        {
                            "disposition": "Apps. Approved But Not Accepted", 
                            "count": 34, 
                            "value": 3868
                        }, 
                        {
                            "disposition": "Aplications Denied", 
                            "count": 141, 
                            "value": 16146
                        }, 
                        {
                            "disposition": "Applications Withdrawn", 
                            "count": 104, 
                            "value": 12106
                        }, 
                        {
                            "disposition": "Files Closed For Incompleteness", 
                            "count": 36, 
                            "value": 4733
                        }
                    ]
                }, 
                {
                    "gender": "Joint (Male/Female)", 
                    "dispositions": [
                        {
                            "disposition": "Applications Received", 
                            "count": 196127, 
                            "value": 0
                        }, 
                        {
                            "disposition": "Loans Originated", 
                            "count": 831, 
                            "value": 143083
                        }, 
                        {
                            "disposition": "Apps. Approved But Not Accepted", 
                            "count": 40, 
                            "value": 6215
                        }, 
                        {
                            "disposition": "Aplications Denied", 
                            "count": 147, 
                            "value": 22350
                        }, 
                        {
                            "disposition": "Applications Withdrawn", 
                            "count": 120, 
                            "value": 18696
                        }, 
                        {
                            "disposition": "Files Closed For Incompleteness", 
                            "count": 30, 
                            "value": 4615
                        }
                    ]
                }
            ]
        }, 
        {
            "minoritystatus": "Others, Including Hispanic", 
            "dispositions": [
                {
                    "disposition": "Applications Received", 
                    "count": 1810, 
                    "value": 259763
                }, 
                {
                    "disposition": "Loans Originated", 
                    "count": 1056, 
                    "value": 155429
                }, 
                {
                    "disposition": "Apps. Approved But Not Accepted", 
                    "count": 90, 
                    "value": 12976
                }, 
                {
                    "disposition": "Aplications Denied", 
                    "count": 427, 
                    "value": 58569
                }, 
                {
                    "disposition": "Applications Withdrawn", 
                    "count": 171, 
                    "value": 23608
                }, 
                {
                    "disposition": "Files Closed For Incompleteness", 
                    "count": 66, 
                    "value": 9181
                }
            ], 
            "genders": [
                {
                    "gender": "Male", 
                    "dispositions": [
                        {
                            "disposition": "Applications Received", 
                            "count": 112444, 
                            "value": 0
                        }, 
                        {
                            "disposition": "Loans Originated", 
                            "count": 429, 
                            "value": 63799
                        }, 
                        {
                            "disposition": "Apps. Approved But Not Accepted", 
                            "count": 38, 
                            "value": 6235
                        }, 
                        {
                            "disposition": "Aplications Denied", 
                            "count": 179, 
                            "value": 25077
                        }, 
                        {
                            "disposition": "Applications Withdrawn", 
                            "count": 82, 
                            "value": 11487
                        }, 
                        {
                            "disposition": "Files Closed For Incompleteness", 
                            "count": 35, 
                            "value": 5083
                        }
                    ]
                }, 
                {
                    "gender": "Female", 
                    "dispositions": [
                        {
                            "disposition": "Applications Received", 
                            "count": 95456, 
                            "value": 0
                        }, 
                        {
                            "disposition": "Loans Originated", 
                            "count": 449, 
                            "value": 58397
                        }, 
                        {
                            "disposition": "Apps. Approved But Not Accepted", 
                            "count": 39, 
                            "value": 4496
                        }, 
                        {
                            "disposition": "Aplications Denied", 
                            "count": 179, 
                            "value": 21041
                        }, 
                        {
                            "disposition": "Applications Withdrawn", 
                            "count": 68, 
                            "value": 7886
                        }, 
                        {
                            "disposition": "Files Closed For Incompleteness", 
                            "count": 22, 
                            "value": 2879
                        }
                    ]
                }, 
                {
                    "gender": "Joint (Male/Female)", 
                    "dispositions": [
                        {
                            "disposition": "Applications Received", 
                            "count": 53137, 
                            "value": 0
                        }, 
                        {
                            "disposition": "Loans Originated", 
                            "count": 178, 
                            "value": 33233
                        }, 
                        {
                            "disposition": "Apps. Approved But Not Accepted", 
                            "count": 13, 
                            "value": 2245
                        }, 
                        {
                            "disposition": "Aplications Denied", 
                            "count": 66, 
                            "value": 11918
                        }, 
                        {
                            "disposition": "Applications Withdrawn", 
                            "count": 21, 
                            "value": 4235
                        }, 
                        {
                            "disposition": "Files Closed For Incompleteness", 
                            "count": 9, 
                            "value": 1219
                        }
                    ]
                }
            ]
        }
    ], 
    "incomes": [
        {
            "incomes": "Less than 50% of MSA/MD median", 
            "dispositions": [
                {
                    "disposition": "Applications Received", 
                    "count": 719, 
                    "value": 61482
                }, 
                {
                    "disposition": "Loans Originated", 
                    "count": 322, 
                    "value": 27396
                }, 
                {
                    "disposition": "Apps. Approved But Not Accepted", 
                    "count": 33, 
                    "value": 2460
                }, 
                {
                    "disposition": "Aplications Denied", 
                    "count": 244, 
                    "value": 21517
                }, 
                {
                    "disposition": "Applications Withdrawn", 
                    "count": 94, 
                    "value": 7752
                }, 
                {
                    "disposition": "Files Closed For Incompleteness", 
                    "count": 26, 
                    "value": 2357
                }
            ]
        }, 
        {
            "incomes": "50-79% of MSA/MD median", 
            "dispositions": [
                {
                    "disposition": "Applications Received", 
                    "count": 1859, 
                    "value": 217864
                }, 
                {
                    "disposition": "Loans Originated", 
                    "count": 1263, 
                    "value": 150366
                }, 
                {
                    "disposition": "Apps. Approved But Not Accepted", 
                    "count": 66, 
                    "value": 6546
                }, 
                {
                    "disposition": "Aplications Denied", 
                    "count": 305, 
                    "value": 35901
                }, 
                {
                    "disposition": "Applications Withdrawn", 
                    "count": 171, 
                    "value": 18525
                }, 
                {
                    "disposition": "Files Closed For Incompleteness", 
                    "count": 54, 
                    "value": 6526
                }
            ]
        }, 
        {
            "incomes": "80-99% of MSA/MD median", 
            "dispositions": [
                {
                    "disposition": "Applications Received", 
                    "count": 1135, 
                    "value": 164787
                }, 
                {
                    "disposition": "Loans Originated", 
                    "count": 803, 
                    "value": 117424
                }, 
                {
                    "disposition": "Apps. Approved But Not Accepted", 
                    "count": 41, 
                    "value": 5563
                }, 
                {
                    "disposition": "Aplications Denied", 
                    "count": 145, 
                    "value": 21049
                }, 
                {
                    "disposition": "Applications Withdrawn", 
                    "count": 113, 
                    "value": 15762
                }, 
                {
                    "disposition": "Files Closed For Incompleteness", 
                    "count": 33, 
                    "value": 4989
                }
            ]
        }, 
        {
            "incomes": "100-119% of MSA/MD median", 
            "dispositions": [
                {
                    "disposition": "Applications Received", 
                    "count": 690, 
                    "value": 113699
                }, 
                {
                    "disposition": "Loans Originated", 
                    "count": 478, 
                    "value": 80054
                }, 
                {
                    "disposition": "Apps. Approved But Not Accepted", 
                    "count": 27, 
                    "value": 4234
                }, 
                {
                    "disposition": "Aplications Denied", 
                    "count": 95, 
                    "value": 15563
                }, 
                {
                    "disposition": "Applications Withdrawn", 
                    "count": 69, 
                    "value": 10506
                }, 
                {
                    "disposition": "Files Closed For Incompleteness", 
                    "count": 21, 
                    "value": 3342
                }
            ]
        }, 
        {
            "incomes": "120% or more of MSA/MD median", 
            "dispositions": [
                {
                    "disposition": "Applications Received", 
                    "count": 1508, 
                    "value": 306969
                }, 
                {
                    "disposition": "Loans Originated", 
                    "count": 1059, 
                    "value": 218000
                }, 
                {
                    "disposition": "Apps. Approved But Not Accepted", 
                    "count": 71, 
                    "value": 14702
                }, 
                {
                    "disposition": "Aplications Denied", 
                    "count": 185, 
                    "value": 37787
                }, 
                {
                    "disposition": "Applications Withdrawn", 
                    "count": 149, 
                    "value": 28546
                }, 
                {
                    "disposition": "Files Closed For Incompleteness", 
                    "count": 44, 
                    "value": 7934
                }
            ]
        }, 
        {
            "incomes": "income not available", 
            "dispositions": [
                {
                    "disposition": "Applications Received", 
                    "count": 115, 
                    "value": 16538
                }, 
                {
                    "disposition": "Loans Originated", 
                    "count": 55, 
                    "value": 8461
                }, 
                {
                    "disposition": "Apps. Approved But Not Accepted", 
                    "count": 7, 
                    "value": 1181
                }, 
                {
                    "disposition": "Aplications Denied", 
                    "count": 32, 
                    "value": 4242
                }, 
                {
                    "disposition": "Applications Withdrawn", 
                    "count": 14, 
                    "value": 1969
                }, 
                {
                    "disposition": "Files Closed For Incompleteness", 
                    "count": 7, 
                    "value": 685
                }
            ]
        }
    ], 
    "total": [
        {
            "disposition": "Applications Received", 
            "count": 0, 
            "value": 0
        }, 
        {
            "disposition": "Loans Originated", 
            "count": 3980, 
            "value": 601701
        }, 
        {
            "disposition": "Apps. Approved But Not Accepted", 
            "count": 245, 
            "value": 34686
        }, 
        {
            "disposition": "Aplications Denied", 
            "count": 1006, 
            "value": 136059
        }, 
        {
            "disposition": "Applications Withdrawn", 
            "count": 611, 
            "value": 83177
        }, 
        {
            "disposition": "Files Closed For Incompleteness", 
            "count": 185, 
            "value": 25833
        }
    ]
}