{
    "table": "3-1", 
    "type": "Aggregate", 
    "desc": "Loans sold, by characteristics of borrower and census tract in which property is located and by type of purchaser (includes originations and purchased loans)", 
    "year": "2012", 
    "msa": {
        "id": "27860", 
        "name": "Jonesboro", 
        "state": "AR", 
        "state_name": "Arkansas"
    }, 
    "borrowercharacteristics": [
        {
            "characteristic": "Race", 
            "races": [
                {
                    "race": "American Indian/Alaska Native", 
                    "purchasers": [
                        {
                            "name": "Fannie Mae", 
                            "count": 0, 
                            "value": 0
                        }, 
                        {
                            "name": "Ginnie Mae", 
                            "count": 2, 
                            "value": 179.0
                        }, 
                        {
                            "name": "Freddie Mac", 
                            "count": 2, 
                            "value": 161.0
                        }, 
                        {
                            "name": "Farmer Mac", 
                            "count": 0, 
                            "value": 0
                        }, 
                        {
                            "name": "Private Securitization", 
                            "count": 0, 
                            "value": 0
                        }, 
                        {
                            "name": "Commercial bank, savings bank or association", 
                            "count": 1, 
                            "value": 161.0
                        }, 
                        {
                            "name": "Life insurance co., credit union, finance co.", 
                            "count": 1, 
                            "value": 43.0
                        }, 
                        {
                            "name": "Affiliate institution", 
                            "count": 0, 
                            "value": 0
                        }, 
                        {
                            "name": "Other", 
                            "count": 7, 
                            "value": 692.0
                        }
                    ]
                }, 
                {
                    "race": "Asian", 
                    "purchasers": [
                        {
                            "name": "Fannie Mae", 
                            "count": 1, 
                            "value": 114.0
                        }, 
                        {
                            "name": "Ginnie Mae", 
                            "count": 0, 
                            "value": 0
                        }, 
                        {
                            "name": "Freddie Mac", 
                            "count": 0, 
                            "value": 0
                        }, 
                        {
                            "name": "Farmer Mac", 
                            "count": 0, 
                            "value": 0
                        }, 
                        {
                            "name": "Private Securitization", 
                            "count": 0, 
                            "value": 0
                        }, 
                        {
                            "name": "Commercial bank, savings bank or association", 
                            "count": 0, 
                            "value": 0
                        }, 
                        {
                            "name": "Life insurance co., credit union, finance co.", 
                            "count": 0, 
                            "value": 0
                        }, 
                        {
                            "name": "Affiliate institution", 
                            "count": 0, 
                            "value": 0
                        }, 
                        {
                            "name": "Other", 
                            "count": 5, 
                            "value": 310.0
                        }
                    ]
                }, 
                {
                    "race": "Black or African American", 
                    "purchasers": [
                        {
                            "name": "Fannie Mae", 
                            "count": 8, 
                            "value": 831.0
                        }, 
                        {
                            "name": "Ginnie Mae", 
                            "count": 3, 
                            "value": 431.0
                        }, 
                        {
                            "name": "Freddie Mac", 
                            "count": 0, 
                            "value": 0
                        }, 
                        {
                            "name": "Farmer Mac", 
                            "count": 0, 
                            "value": 0
                        }, 
                        {
                            "name": "Private Securitization", 
                            "count": 0, 
                            "value": 0
                        }, 
                        {
                            "name": "Commercial bank, savings bank or association", 
                            "count": 8, 
                            "value": 1640.0
                        }, 
                        {
                            "name": "Life insurance co., credit union, finance co.", 
                            "count": 1, 
                            "value": 78.0
                        }, 
                        {
                            "name": "Affiliate institution", 
                            "count": 1, 
                            "value": 188.0
                        }, 
                        {
                            "name": "Other", 
                            "count": 24, 
                            "value": 2742.0
                        }
                    ]
                }, 
                {
                    "race": "Native Hawaiian or Other Pacific Islander", 
                    "purchasers": [
                        {
                            "name": "Fannie Mae", 
                            "count": 5, 
                            "value": 396.0
                        }, 
                        {
                            "name": "Ginnie Mae", 
                            "count": 24, 
                            "value": 3363.0
                        }, 
                        {
                            "name": "Freddie Mac", 
                            "count": 4, 
                            "value": 630.0
                        }, 
                        {
                            "name": "Farmer Mac", 
                            "count": 0, 
                            "value": 0
                        }, 
                        {
                            "name": "Private Securitization", 
                            "count": 0, 
                            "value": 0
                        }, 
                        {
                            "name": "Commercial bank, savings bank or association", 
                            "count": 28, 
                            "value": 3452.0
                        }, 
                        {
                            "name": "Life insurance co., credit union, finance co.", 
                            "count": 15, 
                            "value": 2176.0
                        }, 
                        {
                            "name": "Affiliate institution", 
                            "count": 1, 
                            "value": 42.0
                        }, 
                        {
                            "name": "Other", 
                            "count": 136, 
                            "value": 10653.0
                        }
                    ]
                }, 
                {
                    "race": "White", 
                    "purchasers": [
                        {
                            "name": "Fannie Mae", 
                            "count": 0, 
                            "value": 0
                        }, 
                        {
                            "name": "Ginnie Mae", 
                            "count": 0, 
                            "value": 0
                        }, 
                        {
                            "name": "Freddie Mac", 
                            "count": 0, 
                            "value": 0
                        }, 
                        {
                            "name": "Farmer Mac", 
                            "count": 0, 
                            "value": 0
                        }, 
                        {
                            "name": "Private Securitization", 
                            "count": 0, 
                            "value": 0
                        }, 
                        {
                            "name": "Commercial bank, savings bank or association", 
                            "count": 0, 
                            "value": 0
                        }, 
                        {
                            "name": "Life insurance co., credit union, finance co.", 
                            "count": 0, 
                            "value": 0
                        }, 
                        {
                            "name": "Affiliate institution", 
                            "count": 0, 
                            "value": 0
                        }, 
                        {
                            "name": "Other", 
                            "count": 1, 
                            "value": 39.0
                        }
                    ]
                }, 
                {
                    "race": "2 or more minority races", 
                    "purchasers": [
                        {
                            "name": "Fannie Mae", 
                            "count": 735, 
                            "value": 107066.0
                        }, 
                        {
                            "name": "Ginnie Mae", 
                            "count": 456, 
                            "value": 56563.0
                        }, 
                        {
                            "name": "Freddie Mac", 
                            "count": 242, 
                            "value": 30254.0
                        }, 
                        {
                            "name": "Farmer Mac", 
                            "count": 0, 
                            "value": 0
                        }, 
                        {
                            "name": "Private Securitization", 
                            "count": 8, 
                            "value": 1509.0
                        }, 
                        {
                            "name": "Commercial bank, savings bank or association", 
                            "count": 767, 
                            "value": 112065.0
                        }, 
                        {
                            "name": "Life insurance co., credit union, finance co.", 
                            "count": 472, 
                            "value": 74752.0
                        }, 
                        {
                            "name": "Affiliate institution", 
                            "count": 22, 
                            "value": 2018.0
                        }, 
                        {
                            "name": "Other", 
                            "count": 2819, 
                            "value": 312149.0
                        }
                    ]
                }, 
                {
                    "race": "Joint (White/Minority Race", 
                    "purchasers": [
                        {
                            "name": "Fannie Mae", 
                            "count": 3, 
                            "value": 286.0
                        }, 
                        {
                            "name": "Ginnie Mae", 
                            "count": 1, 
                            "value": 128.0
                        }, 
                        {
                            "name": "Freddie Mac", 
                            "count": 4, 
                            "value": 580.0
                        }, 
                        {
                            "name": "Farmer Mac", 
                            "count": 0, 
                            "value": 0
                        }, 
                        {
                            "name": "Private Securitization", 
                            "count": 1, 
                            "value": 105.0
                        }, 
                        {
                            "name": "Commercial bank, savings bank or association", 
                            "count": 5, 
                            "value": 608.0
                        }, 
                        {
                            "name": "Life insurance co., credit union, finance co.", 
                            "count": 6, 
                            "value": 1018.0
                        }, 
                        {
                            "name": "Affiliate institution", 
                            "count": 2, 
                            "value": 205.0
                        }, 
                        {
                            "name": "Other", 
                            "count": 19, 
                            "value": 2497.0
                        }
                    ]
                }, 
                {
                    "race": "Not Available", 
                    "purchasers": [
                        {
                            "name": "Fannie Mae", 
                            "count": 158, 
                            "value": 25025.0
                        }, 
                        {
                            "name": "Ginnie Mae", 
                            "count": 295, 
                            "value": 39403.0
                        }, 
                        {
                            "name": "Freddie Mac", 
                            "count": 223, 
                            "value": 37321.0
                        }, 
                        {
                            "name": "Farmer Mac", 
                            "count": 0, 
                            "value": 0
                        }, 
                        {
                            "name": "Private Securitization", 
                            "count": 1, 
                            "value": 107.0
                        }, 
                        {
                            "name": "Commercial bank, savings bank or association", 
                            "count": 8, 
                            "value": 814.0
                        }, 
                        {
                            "name": "Life insurance co., credit union, finance co.", 
                            "count": 4, 
                            "value": 463.0
                        }, 
                        {
                            "name": "Affiliate institution", 
                            "count": 5, 
                            "value": 411.0
                        }, 
                        {
                            "name": "Other", 
                            "count": 623, 
                            "value": 113918.0
                        }
                    ]
                }
            ]
        }, 
        {
            "characteristic": "Ethnicity", 
            "ethnicities": [
                {
                    "ethnicity": "Hispanic or Latino", 
                    "purchasers": [
                        {
                            "name": "Fannie Mae", 
                            "count": 9, 
                            "value": 870
                        }, 
                        {
                            "name": "Ginnie Mae", 
                            "count": 8, 
                            "value": 912
                        }, 
                        {
                            "name": "Freddie Mac", 
                            "count": 2, 
                            "value": 145
                        }, 
                        {
                            "name": "Farmer Mac", 
                            "count": 0, 
                            "value": 0
                        }, 
                        {
                            "name": "Private Securitization", 
                            "count": 0, 
                            "value": 0
                        }, 
                        {
                            "name": "Commercial bank, savings bank or association", 
                            "count": 8, 
                            "value": 1018
                        }, 
                        {
                            "name": "Life insurance co., credit union, finance co.", 
                            "count": 5, 
                            "value": 1152
                        }, 
                        {
                            "name": "Affiliate institution", 
                            "count": 1, 
                            "value": 83
                        }, 
                        {
                            "name": "Other", 
                            "count": 55, 
                            "value": 5806
                        }
                    ]
                }, 
                {
                    "ethnicity": "Not Hispanic or Latino", 
                    "purchasers": [
                        {
                            "name": "Fannie Mae", 
                            "count": 743, 
                            "value": 107680
                        }, 
                        {
                            "name": "Ginnie Mae", 
                            "count": 474, 
                            "value": 59357
                        }, 
                        {
                            "name": "Freddie Mac", 
                            "count": 247, 
                            "value": 30960
                        }, 
                        {
                            "name": "Farmer Mac", 
                            "count": 0, 
                            "value": 0
                        }, 
                        {
                            "name": "Private Securitization", 
                            "count": 9, 
                            "value": 1614
                        }, 
                        {
                            "name": "Commercial bank, savings bank or association", 
                            "count": 791, 
                            "value": 115168
                        }, 
                        {
                            "name": "Life insurance co., credit union, finance co.", 
                            "count": 485, 
                            "value": 76213
                        }, 
                        {
                            "name": "Affiliate institution", 
                            "count": 26, 
                            "value": 2424
                        }, 
                        {
                            "name": "Other", 
                            "count": 2902, 
                            "value": 326280
                        }
                    ]
                }, 
                {
                    "ethnicity": "Joint (Hispanic or Latino/Not Hispanic or Latino", 
                    "purchasers": [
                        {
                            "name": "Fannie Mae", 
                            "count": 3, 
                            "value": 573
                        }, 
                        {
                            "name": "Ginnie Mae", 
                            "count": 7, 
                            "value": 863
                        }, 
                        {
                            "name": "Freddie Mac", 
                            "count": 2, 
                            "value": 518
                        }, 
                        {
                            "name": "Farmer Mac", 
                            "count": 0, 
                            "value": 0
                        }, 
                        {
                            "name": "Private Securitization", 
                            "count": 0, 
                            "value": 0
                        }, 
                        {
                            "name": "Commercial bank, savings bank or association", 
                            "count": 8, 
                            "value": 1423
                        }, 
                        {
                            "name": "Life insurance co., credit union, finance co.", 
                            "count": 4, 
                            "value": 559
                        }, 
                        {
                            "name": "Affiliate institution", 
                            "count": 0, 
                            "value": 0
                        }, 
                        {
                            "name": "Other", 
                            "count": 10, 
                            "value": 1107
                        }
                    ]
                }, 
                {
                    "ethnicity": "Ethnicity Not Available", 
                    "purchasers": [
                        {
                            "name": "Fannie Mae", 
                            "count": 155, 
                            "value": 24595
                        }, 
                        {
                            "name": "Ginnie Mae", 
                            "count": 292, 
                            "value": 38935
                        }, 
                        {
                            "name": "Freddie Mac", 
                            "count": 224, 
                            "value": 37323
                        }, 
                        {
                            "name": "Farmer Mac", 
                            "count": 0, 
                            "value": 0
                        }, 
                        {
                            "name": "Private Securitization", 
                            "count": 1, 
                            "value": 107
                        }, 
                        {
                            "name": "Commercial bank, savings bank or association", 
                            "count": 10, 
                            "value": 1131
                        }, 
                        {
                            "name": "Life insurance co., credit union, finance co.", 
                            "count": 5, 
                            "value": 606
                        }, 
                        {
                            "name": "Affiliate institution", 
                            "count": 4, 
                            "value": 357
                        }, 
                        {
                            "name": "Other", 
                            "count": 667, 
                            "value": 109807
                        }
                    ]
                }
            ]
        }, 
        {
            "characteristic": "Minority Status", 
            "minoritystatuses": [
                {
                    "minoritystatus": "White Non-Hispanic", 
                    "purchasers": [
                        {
                            "name": "Fannie Mae", 
                            "count": 881, 
                            "value": 130648
                        }, 
                        {
                            "name": "Ginnie Mae", 
                            "count": 736, 
                            "value": 94191
                        }, 
                        {
                            "name": "Freddie Mac", 
                            "count": 461, 
                            "value": 66912
                        }, 
                        {
                            "name": "Farmer Mac", 
                            "count": 0, 
                            "value": 0
                        }, 
                        {
                            "name": "Private Securitization", 
                            "count": 9, 
                            "value": 1616
                        }, 
                        {
                            "name": "Commercial bank, savings bank or association", 
                            "count": 759, 
                            "value": 110438
                        }, 
                        {
                            "name": "Life insurance co., credit union, finance co.", 
                            "count": 468, 
                            "value": 73606
                        }, 
                        {
                            "name": "Affiliate institution", 
                            "count": 26, 
                            "value": 2346
                        }, 
                        {
                            "name": "Other", 
                            "count": 3382, 
                            "value": 419739
                        }
                    ]
                }, 
                {
                    "minoritystatus": "Others, Including Hispanic", 
                    "purchasers": [
                        {
                            "name": "Fannie Mae", 
                            "count": 29, 
                            "value": 3070
                        }, 
                        {
                            "name": "Ginnie Mae", 
                            "count": 45, 
                            "value": 5876
                        }, 
                        {
                            "name": "Freddie Mac", 
                            "count": 14, 
                            "value": 2034
                        }, 
                        {
                            "name": "Farmer Mac", 
                            "count": 0, 
                            "value": 0
                        }, 
                        {
                            "name": "Private Securitization", 
                            "count": 1, 
                            "value": 105
                        }, 
                        {
                            "name": "Commercial bank, savings bank or association", 
                            "count": 58, 
                            "value": 8302
                        }, 
                        {
                            "name": "Life insurance co., credit union, finance co.", 
                            "count": 31, 
                            "value": 4924
                        }, 
                        {
                            "name": "Affiliate institution", 
                            "count": 5, 
                            "value": 518
                        }, 
                        {
                            "name": "Other", 
                            "count": 252, 
                            "value": 23261
                        }
                    ]
                }
            ]
        }, 
        {
            "characteristic": "Applicant Income", 
            "applicantincomes": [
                {
                    "applicantincome": "Less than 50% of MSA/MD median", 
                    "purchasers": [
                        {
                            "name": "Fannie Mae", 
                            "count": 39, 
                            "value": 2691
                        }, 
                        {
                            "name": "Ginnie Mae", 
                            "count": 49, 
                            "value": 4050
                        }, 
                        {
                            "name": "Freddie Mac", 
                            "count": 16, 
                            "value": 1147
                        }, 
                        {
                            "name": "Farmer Mac", 
                            "count": 0, 
                            "value": 0
                        }, 
                        {
                            "name": "Private Securitization", 
                            "count": 0, 
                            "value": 0
                        }, 
                        {
                            "name": "Commercial bank, savings bank or association", 
                            "count": 43, 
                            "value": 3495
                        }, 
                        {
                            "name": "Life insurance co., credit union, finance co.", 
                            "count": 23, 
                            "value": 1774
                        }, 
                        {
                            "name": "Affiliate institution", 
                            "count": 3, 
                            "value": 284
                        }, 
                        {
                            "name": "Other", 
                            "count": 387, 
                            "value": 21300
                        }
                    ]
                }, 
                {
                    "applicantincome": "50-79% of MSA/MD median", 
                    "purchasers": [
                        {
                            "name": "Fannie Mae", 
                            "count": 114, 
                            "value": 10311
                        }, 
                        {
                            "name": "Ginnie Mae", 
                            "count": 129, 
                            "value": 13273
                        }, 
                        {
                            "name": "Freddie Mac", 
                            "count": 46, 
                            "value": 3680
                        }, 
                        {
                            "name": "Farmer Mac", 
                            "count": 0, 
                            "value": 0
                        }, 
                        {
                            "name": "Private Securitization", 
                            "count": 0, 
                            "value": 0
                        }, 
                        {
                            "name": "Commercial bank, savings bank or association", 
                            "count": 175, 
                            "value": 17697
                        }, 
                        {
                            "name": "Life insurance co., credit union, finance co.", 
                            "count": 77, 
                            "value": 6807
                        }, 
                        {
                            "name": "Affiliate institution", 
                            "count": 6, 
                            "value": 556
                        }, 
                        {
                            "name": "Other", 
                            "count": 648, 
                            "value": 44350
                        }
                    ]
                }, 
                {
                    "applicantincome": "80-99% of MSA/MD median", 
                    "purchasers": [
                        {
                            "name": "Fannie Mae", 
                            "count": 73, 
                            "value": 7295
                        }, 
                        {
                            "name": "Ginnie Mae", 
                            "count": 90, 
                            "value": 10776
                        }, 
                        {
                            "name": "Freddie Mac", 
                            "count": 38, 
                            "value": 3966
                        }, 
                        {
                            "name": "Farmer Mac", 
                            "count": 0, 
                            "value": 0
                        }, 
                        {
                            "name": "Private Securitization", 
                            "count": 1, 
                            "value": 105
                        }, 
                        {
                            "name": "Commercial bank, savings bank or association", 
                            "count": 104, 
                            "value": 12447
                        }, 
                        {
                            "name": "Life insurance co., credit union, finance co.", 
                            "count": 63, 
                            "value": 7239
                        }, 
                        {
                            "name": "Affiliate institution", 
                            "count": 8, 
                            "value": 698
                        }, 
                        {
                            "name": "Other", 
                            "count": 398, 
                            "value": 34920
                        }
                    ]
                }, 
                {
                    "applicantincome": "100-119% of MSA/MD median", 
                    "purchasers": [
                        {
                            "name": "Fannie Mae", 
                            "count": 77, 
                            "value": 9460
                        }, 
                        {
                            "name": "Ginnie Mae", 
                            "count": 53, 
                            "value": 6602
                        }, 
                        {
                            "name": "Freddie Mac", 
                            "count": 16, 
                            "value": 1811
                        }, 
                        {
                            "name": "Farmer Mac", 
                            "count": 0, 
                            "value": 0
                        }, 
                        {
                            "name": "Private Securitization", 
                            "count": 1, 
                            "value": 65
                        }, 
                        {
                            "name": "Commercial bank, savings bank or association", 
                            "count": 83, 
                            "value": 11463
                        }, 
                        {
                            "name": "Life insurance co., credit union, finance co.", 
                            "count": 48, 
                            "value": 5648
                        }, 
                        {
                            "name": "Affiliate institution", 
                            "count": 3, 
                            "value": 175
                        }, 
                        {
                            "name": "Other", 
                            "count": 272, 
                            "value": 25073
                        }
                    ]
                }, 
                {
                    "applicantincome": "120% or more of MSA/MD median", 
                    "purchasers": [
                        {
                            "name": "Fannie Mae", 
                            "count": 501, 
                            "value": 86247
                        }, 
                        {
                            "name": "Ginnie Mae", 
                            "count": 137, 
                            "value": 21637
                        }, 
                        {
                            "name": "Freddie Mac", 
                            "count": 143, 
                            "value": 21792
                        }, 
                        {
                            "name": "Farmer Mac", 
                            "count": 0, 
                            "value": 0
                        }, 
                        {
                            "name": "Private Securitization", 
                            "count": 8, 
                            "value": 1551
                        }, 
                        {
                            "name": "Commercial bank, savings bank or association", 
                            "count": 388, 
                            "value": 69955
                        }, 
                        {
                            "name": "Life insurance co., credit union, finance co.", 
                            "count": 279, 
                            "value": 55452
                        }, 
                        {
                            "name": "Affiliate institution", 
                            "count": 11, 
                            "value": 1151
                        }, 
                        {
                            "name": "Other", 
                            "count": 1322, 
                            "value": 203769
                        }
                    ]
                }, 
                {
                    "applicantincome": "income not available", 
                    "purchasers": [
                        {
                            "name": "Fannie Mae", 
                            "count": 106, 
                            "value": 17714
                        }, 
                        {
                            "name": "Ginnie Mae", 
                            "count": 323, 
                            "value": 43729
                        }, 
                        {
                            "name": "Freddie Mac", 
                            "count": 216, 
                            "value": 36550
                        }, 
                        {
                            "name": "Farmer Mac", 
                            "count": 0, 
                            "value": 0
                        }, 
                        {
                            "name": "Private Securitization", 
                            "count": 0, 
                            "value": 0
                        }, 
                        {
                            "name": "Commercial bank, savings bank or association", 
                            "count": 24, 
                            "value": 3683
                        }, 
                        {
                            "name": "Life insurance co., credit union, finance co.", 
                            "count": 9, 
                            "value": 1610
                        }, 
                        {
                            "name": "Affiliate institution", 
                            "count": 0, 
                            "value": 0
                        }, 
                        {
                            "name": "Other", 
                            "count": 605, 
                            "value": 113399
                        }
                    ]
                }
            ]
        }
    ], 
    "censuscharacteristics": [
        {
            "characteristic": "Racial/Ethnic Composition", 
            "tractpctminorities": [
                {
                    "tractpctminority": "Less than 10% minority", 
                    "purchasers": [
                        {
                            "name": "Fannie Mae", 
                            "count": 400, 
                            "value": 62041
                        }, 
                        {
                            "name": "Ginnie Mae", 
                            "count": 353, 
                            "value": 45891
                        }, 
                        {
                            "name": "Freddie Mac", 
                            "count": 200, 
                            "value": 33787
                        }, 
                        {
                            "name": "Farmer Mac", 
                            "count": 0, 
                            "value": 0
                        }, 
                        {
                            "name": "Private Securitization", 
                            "count": 4, 
                            "value": 918
                        }, 
                        {
                            "name": "Commercial bank, savings bank or association", 
                            "count": 392, 
                            "value": 61168
                        }, 
                        {
                            "name": "Life insurance co., credit union, finance co.", 
                            "count": 226, 
                            "value": 38478
                        }, 
                        {
                            "name": "Affiliate institution", 
                            "count": 13, 
                            "value": 1541
                        }, 
                        {
                            "name": "Other", 
                            "count": 1608, 
                            "value": 207532
                        }
                    ]
                }, 
                {
                    "tractpctminority": "10-19% minority", 
                    "purchasers": [
                        {
                            "name": "Fannie Mae", 
                            "count": 500, 
                            "value": 69607
                        }, 
                        {
                            "name": "Ginnie Mae", 
                            "count": 427, 
                            "value": 54111
                        }, 
                        {
                            "name": "Freddie Mac", 
                            "count": 275, 
                            "value": 35159
                        }, 
                        {
                            "name": "Farmer Mac", 
                            "count": 0, 
                            "value": 0
                        }, 
                        {
                            "name": "Private Securitization", 
                            "count": 6, 
                            "value": 803
                        }, 
                        {
                            "name": "Commercial bank, savings bank or association", 
                            "count": 425, 
                            "value": 57572
                        }, 
                        {
                            "name": "Life insurance co., credit union, finance co.", 
                            "count": 272, 
                            "value": 39987
                        }, 
                        {
                            "name": "Affiliate institution", 
                            "count": 17, 
                            "value": 1281
                        }, 
                        {
                            "name": "Other", 
                            "count": 1989, 
                            "value": 230779
                        }
                    ]
                }, 
                {
                    "tractpctminority": "20-49% minority", 
                    "purchasers": [
                        {
                            "name": "Fannie Mae", 
                            "count": 10, 
                            "value": 2070
                        }, 
                        {
                            "name": "Ginnie Mae", 
                            "count": 1, 
                            "value": 65
                        }, 
                        {
                            "name": "Freddie Mac", 
                            "count": 0, 
                            "value": 0
                        }, 
                        {
                            "name": "Farmer Mac", 
                            "count": 0, 
                            "value": 0
                        }, 
                        {
                            "name": "Private Securitization", 
                            "count": 0, 
                            "value": 0
                        }, 
                        {
                            "name": "Commercial bank, savings bank or association", 
                            "count": 0, 
                            "value": 0
                        }, 
                        {
                            "name": "Life insurance co., credit union, finance co.", 
                            "count": 1, 
                            "value": 65
                        }, 
                        {
                            "name": "Affiliate institution", 
                            "count": 1, 
                            "value": 42
                        }, 
                        {
                            "name": "Other", 
                            "count": 35, 
                            "value": 4500
                        }
                    ]
                }, 
                {
                    "tractpctminority": "50-79% minority", 
                    "purchasers": [
                        {
                            "name": "Fannie Mae", 
                            "count": 0, 
                            "value": 0
                        }, 
                        {
                            "name": "Ginnie Mae", 
                            "count": 0, 
                            "value": 0
                        }, 
                        {
                            "name": "Freddie Mac", 
                            "count": 0, 
                            "value": 0
                        }, 
                        {
                            "name": "Farmer Mac", 
                            "count": 0, 
                            "value": 0
                        }, 
                        {
                            "name": "Private Securitization", 
                            "count": 0, 
                            "value": 0
                        }, 
                        {
                            "name": "Commercial bank, savings bank or association", 
                            "count": 0, 
                            "value": 0
                        }, 
                        {
                            "name": "Life insurance co., credit union, finance co.", 
                            "count": 0, 
                            "value": 0
                        }, 
                        {
                            "name": "Affiliate institution", 
                            "count": 0, 
                            "value": 0
                        }, 
                        {
                            "name": "Other", 
                            "count": 0, 
                            "value": 0
                        }
                    ]
                }, 
                {
                    "tractpctminority": "80-100% minority", 
                    "purchasers": [
                        {
                            "name": "Fannie Mae", 
                            "count": 0, 
                            "value": 0
                        }, 
                        {
                            "name": "Ginnie Mae", 
                            "count": 0, 
                            "value": 0
                        }, 
                        {
                            "name": "Freddie Mac", 
                            "count": 0, 
                            "value": 0
                        }, 
                        {
                            "name": "Farmer Mac", 
                            "count": 0, 
                            "value": 0
                        }, 
                        {
                            "name": "Private Securitization", 
                            "count": 0, 
                            "value": 0
                        }, 
                        {
                            "name": "Commercial bank, savings bank or association", 
                            "count": 0, 
                            "value": 0
                        }, 
                        {
                            "name": "Life insurance co., credit union, finance co.", 
                            "count": 0, 
                            "value": 0
                        }, 
                        {
                            "name": "Affiliate institution", 
                            "count": 0, 
                            "value": 0
                        }, 
                        {
                            "name": "Other", 
                            "count": 0, 
                            "value": 0
                        }
                    ]
                }
            ]
        }, 
        {
            "characteristic": "Income", 
            "incomelevels": [
                {
                    "incomelevel": "Low income", 
                    "purchasers": [
                        {
                            "name": "Fannie Mae", 
                            "count": 17, 
                            "value": 2672
                        }, 
                        {
                            "name": "Ginnie Mae", 
                            "count": 13, 
                            "value": 1140
                        }, 
                        {
                            "name": "Freddie Mac", 
                            "count": 4, 
                            "value": 368
                        }, 
                        {
                            "name": "Farmer Mac", 
                            "count": 0, 
                            "value": 0
                        }, 
                        {
                            "name": "Private Securitization", 
                            "count": 0, 
                            "value": 0
                        }, 
                        {
                            "name": "Commercial bank, savings bank or association", 
                            "count": 9, 
                            "value": 808
                        }, 
                        {
                            "name": "Life insurance co., credit union, finance co.", 
                            "count": 2, 
                            "value": 209
                        }, 
                        {
                            "name": "Affiliate institution", 
                            "count": 1, 
                            "value": 42
                        }, 
                        {
                            "name": "Other", 
                            "count": 125, 
                            "value": 8479
                        }
                    ]
                }, 
                {
                    "incomelevel": "Moderate income", 
                    "purchasers": [
                        {
                            "name": "Fannie Mae", 
                            "count": 141, 
                            "value": 14884
                        }, 
                        {
                            "name": "Ginnie Mae", 
                            "count": 176, 
                            "value": 20558
                        }, 
                        {
                            "name": "Freddie Mac", 
                            "count": 88, 
                            "value": 8926
                        }, 
                        {
                            "name": "Farmer Mac", 
                            "count": 0, 
                            "value": 0
                        }, 
                        {
                            "name": "Private Securitization", 
                            "count": 1, 
                            "value": 195
                        }, 
                        {
                            "name": "Commercial bank, savings bank or association", 
                            "count": 131, 
                            "value": 14739
                        }, 
                        {
                            "name": "Life insurance co., credit union, finance co.", 
                            "count": 79, 
                            "value": 8891
                        }, 
                        {
                            "name": "Affiliate institution", 
                            "count": 8, 
                            "value": 671
                        }, 
                        {
                            "name": "Other", 
                            "count": 878, 
                            "value": 74102
                        }
                    ]
                }, 
                {
                    "incomelevel": "Middle income", 
                    "purchasers": [
                        {
                            "name": "Fannie Mae", 
                            "count": 232, 
                            "value": 26845
                        }, 
                        {
                            "name": "Ginnie Mae", 
                            "count": 316, 
                            "value": 37204
                        }, 
                        {
                            "name": "Freddie Mac", 
                            "count": 135, 
                            "value": 18234
                        }, 
                        {
                            "name": "Farmer Mac", 
                            "count": 0, 
                            "value": 0
                        }, 
                        {
                            "name": "Private Securitization", 
                            "count": 1, 
                            "value": 107
                        }, 
                        {
                            "name": "Commercial bank, savings bank or association", 
                            "count": 261, 
                            "value": 32629
                        }, 
                        {
                            "name": "Life insurance co., credit union, finance co.", 
                            "count": 138, 
                            "value": 18201
                        }, 
                        {
                            "name": "Affiliate institution", 
                            "count": 9, 
                            "value": 684
                        }, 
                        {
                            "name": "Other", 
                            "count": 1308, 
                            "value": 125452
                        }
                    ]
                }, 
                {
                    "incomelevel": "Upper income", 
                    "purchasers": [
                        {
                            "name": "Fannie Mae", 
                            "count": 520, 
                            "value": 89317
                        }, 
                        {
                            "name": "Ginnie Mae", 
                            "count": 276, 
                            "value": 41165
                        }, 
                        {
                            "name": "Freddie Mac", 
                            "count": 248, 
                            "value": 41418
                        }, 
                        {
                            "name": "Farmer Mac", 
                            "count": 0, 
                            "value": 0
                        }, 
                        {
                            "name": "Private Securitization", 
                            "count": 8, 
                            "value": 1419
                        }, 
                        {
                            "name": "Commercial bank, savings bank or association", 
                            "count": 416, 
                            "value": 70564
                        }, 
                        {
                            "name": "Life insurance co., credit union, finance co.", 
                            "count": 280, 
                            "value": 51229
                        }, 
                        {
                            "name": "Affiliate institution", 
                            "count": 13, 
                            "value": 1467
                        }, 
                        {
                            "name": "Other", 
                            "count": 1321, 
                            "value": 234778
                        }
                    ]
                }
            ]
        }
    ], 
    "total": {
        "purchasers": [
            {
                "name": "Fannie Mae", 
                "count": 910, 
                "value": 133718
            }, 
            {
                "name": "Ginnie Mae", 
                "count": 781, 
                "value": 100067
            }, 
            {
                "name": "Freddie Mac", 
                "count": 475, 
                "value": 68946
            }, 
            {
                "name": "Farmer Mac", 
                "count": 0, 
                "value": 0
            }, 
            {
                "name": "Private Securitization", 
                "count": 10, 
                "value": 1721
            }, 
            {
                "name": "Commercial bank, savings bank or association", 
                "count": 817, 
                "value": 118740
            }, 
            {
                "name": "Life insurance co., credit union, finance co.", 
                "count": 499, 
                "value": 78530
            }, 
            {
                "name": "Affiliate institution", 
                "count": 31, 
                "value": 2864
            }, 
            {
                "name": "Other", 
                "count": 3634, 
                "value": 443000
            }
        ]
    }
}