{
    "table": "4-7", 
    "type": "Aggregate", 
    "desc": "Disposition of applications for home-purchase, home improvement, or refinancing loans, manufactured home dwellings by race, ethnicity, gender and income of applicant", 
    "year": "2013", 
    "msa": {
        "id": "46060", 
        "name": "Tucson", 
        "state": "AZ", 
        "state_name": "Arizona"
    }, 
    "races": [
        {
            "race": "American Indian/Alaska Native", 
            "dispositions": [
                {
                    "disposition": "Applications Received", 
                    "count": 7, 
                    "value": 390
                }, 
                {
                    "disposition": "Loans Originated", 
                    "count": 3, 
                    "value": 196
                }, 
                {
                    "disposition": "Apps. Approved But Not Accepted", 
                    "count": 0, 
                    "value": 0
                }, 
                {
                    "disposition": "Aplications Denied", 
                    "count": 4, 
                    "value": 194
                }, 
                {
                    "disposition": "Applications Withdrawn", 
                    "count": 0, 
                    "value": 0
                }, 
                {
                    "disposition": "Files Closed For Incompleteness", 
                    "count": 0, 
                    "value": 0
                }
            ], 
            "genders": [
                {
                    "gender": "Male", 
                    "dispositions": [
                        {
                            "disposition": "Applications Received", 
                            "count": 1, 
                            "value": 48
                        }, 
                        {
                            "disposition": "Loans Originated", 
                            "count": 0, 
                            "value": 0
                        }, 
                        {
                            "disposition": "Apps. Approved But Not Accepted", 
                            "count": 0, 
                            "value": 0
                        }, 
                        {
                            "disposition": "Aplications Denied", 
                            "count": 1, 
                            "value": 48
                        }, 
                        {
                            "disposition": "Applications Withdrawn", 
                            "count": 0, 
                            "value": 0
                        }, 
                        {
                            "disposition": "Files Closed For Incompleteness", 
                            "count": 0, 
                            "value": 0
                        }
                    ]
                }, 
                {
                    "gender": "Female", 
                    "dispositions": [
                        {
                            "disposition": "Applications Received", 
                            "count": 4, 
                            "value": 177
                        }, 
                        {
                            "disposition": "Loans Originated", 
                            "count": 2, 
                            "value": 108
                        }, 
                        {
                            "disposition": "Apps. Approved But Not Accepted", 
                            "count": 0, 
                            "value": 0
                        }, 
                        {
                            "disposition": "Aplications Denied", 
                            "count": 2, 
                            "value": 69
                        }, 
                        {
                            "disposition": "Applications Withdrawn", 
                            "count": 0, 
                            "value": 0
                        }, 
                        {
                            "disposition": "Files Closed For Incompleteness", 
                            "count": 0, 
                            "value": 0
                        }
                    ]
                }, 
                {
                    "gender": "Joint (Male/Female)", 
                    "dispositions": [
                        {
                            "disposition": "Applications Received", 
                            "count": 2, 
                            "value": 165
                        }, 
                        {
                            "disposition": "Loans Originated", 
                            "count": 1, 
                            "value": 88
                        }, 
                        {
                            "disposition": "Apps. Approved But Not Accepted", 
                            "count": 0, 
                            "value": 0
                        }, 
                        {
                            "disposition": "Aplications Denied", 
                            "count": 1, 
                            "value": 77
                        }, 
                        {
                            "disposition": "Applications Withdrawn", 
                            "count": 0, 
                            "value": 0
                        }, 
                        {
                            "disposition": "Files Closed For Incompleteness", 
                            "count": 0, 
                            "value": 0
                        }
                    ]
                }
            ]
        }, 
        {
            "race": "Asian", 
            "dispositions": [
                {
                    "disposition": "Applications Received", 
                    "count": 81, 
                    "value": 5423
                }, 
                {
                    "disposition": "Loans Originated", 
                    "count": 18, 
                    "value": 1282
                }, 
                {
                    "disposition": "Apps. Approved But Not Accepted", 
                    "count": 23, 
                    "value": 1261
                }, 
                {
                    "disposition": "Aplications Denied", 
                    "count": 37, 
                    "value": 2498
                }, 
                {
                    "disposition": "Applications Withdrawn", 
                    "count": 3, 
                    "value": 382
                }, 
                {
                    "disposition": "Files Closed For Incompleteness", 
                    "count": 0, 
                    "value": 0
                }
            ], 
            "genders": [
                {
                    "gender": "Male", 
                    "dispositions": [
                        {
                            "disposition": "Applications Received", 
                            "count": 14, 
                            "value": 872
                        }, 
                        {
                            "disposition": "Loans Originated", 
                            "count": 4, 
                            "value": 333
                        }, 
                        {
                            "disposition": "Apps. Approved But Not Accepted", 
                            "count": 3, 
                            "value": 159
                        }, 
                        {
                            "disposition": "Aplications Denied", 
                            "count": 7, 
                            "value": 380
                        }, 
                        {
                            "disposition": "Applications Withdrawn", 
                            "count": 0, 
                            "value": 0
                        }, 
                        {
                            "disposition": "Files Closed For Incompleteness", 
                            "count": 0, 
                            "value": 0
                        }
                    ]
                }, 
                {
                    "gender": "Female", 
                    "dispositions": [
                        {
                            "disposition": "Applications Received", 
                            "count": 43, 
                            "value": 2796
                        }, 
                        {
                            "disposition": "Loans Originated", 
                            "count": 8, 
                            "value": 568
                        }, 
                        {
                            "disposition": "Apps. Approved But Not Accepted", 
                            "count": 11, 
                            "value": 538
                        }, 
                        {
                            "disposition": "Aplications Denied", 
                            "count": 24, 
                            "value": 1690
                        }, 
                        {
                            "disposition": "Applications Withdrawn", 
                            "count": 0, 
                            "value": 0
                        }, 
                        {
                            "disposition": "Files Closed For Incompleteness", 
                            "count": 0, 
                            "value": 0
                        }
                    ]
                }, 
                {
                    "gender": "Joint (Male/Female)", 
                    "dispositions": [
                        {
                            "disposition": "Applications Received", 
                            "count": 22, 
                            "value": 1641
                        }, 
                        {
                            "disposition": "Loans Originated", 
                            "count": 5, 
                            "value": 306
                        }, 
                        {
                            "disposition": "Apps. Approved But Not Accepted", 
                            "count": 8, 
                            "value": 525
                        }, 
                        {
                            "disposition": "Aplications Denied", 
                            "count": 6, 
                            "value": 428
                        }, 
                        {
                            "disposition": "Applications Withdrawn", 
                            "count": 3, 
                            "value": 382
                        }, 
                        {
                            "disposition": "Files Closed For Incompleteness", 
                            "count": 0, 
                            "value": 0
                        }
                    ]
                }
            ]
        }, 
        {
            "race": "Black or African American", 
            "dispositions": [
                {
                    "disposition": "Applications Received", 
                    "count": 5, 
                    "value": 570
                }, 
                {
                    "disposition": "Loans Originated", 
                    "count": 2, 
                    "value": 297
                }, 
                {
                    "disposition": "Apps. Approved But Not Accepted", 
                    "count": 2, 
                    "value": 194
                }, 
                {
                    "disposition": "Aplications Denied", 
                    "count": 1, 
                    "value": 79
                }, 
                {
                    "disposition": "Applications Withdrawn", 
                    "count": 0, 
                    "value": 0
                }, 
                {
                    "disposition": "Files Closed For Incompleteness", 
                    "count": 0, 
                    "value": 0
                }
            ], 
            "genders": [
                {
                    "gender": "Male", 
                    "dispositions": [
                        {
                            "disposition": "Applications Received", 
                            "count": 2, 
                            "value": 298
                        }, 
                        {
                            "disposition": "Loans Originated", 
                            "count": 1, 
                            "value": 144
                        }, 
                        {
                            "disposition": "Apps. Approved But Not Accepted", 
                            "count": 1, 
                            "value": 154
                        }, 
                        {
                            "disposition": "Aplications Denied", 
                            "count": 0, 
                            "value": 0
                        }, 
                        {
                            "disposition": "Applications Withdrawn", 
                            "count": 0, 
                            "value": 0
                        }, 
                        {
                            "disposition": "Files Closed For Incompleteness", 
                            "count": 0, 
                            "value": 0
                        }
                    ]
                }, 
                {
                    "gender": "Female", 
                    "dispositions": [
                        {
                            "disposition": "Applications Received", 
                            "count": 1, 
                            "value": 40
                        }, 
                        {
                            "disposition": "Loans Originated", 
                            "count": 0, 
                            "value": 0
                        }, 
                        {
                            "disposition": "Apps. Approved But Not Accepted", 
                            "count": 1, 
                            "value": 40
                        }, 
                        {
                            "disposition": "Aplications Denied", 
                            "count": 0, 
                            "value": 0
                        }, 
                        {
                            "disposition": "Applications Withdrawn", 
                            "count": 0, 
                            "value": 0
                        }, 
                        {
                            "disposition": "Files Closed For Incompleteness", 
                            "count": 0, 
                            "value": 0
                        }
                    ]
                }, 
                {
                    "gender": "Joint (Male/Female)", 
                    "dispositions": [
                        {
                            "disposition": "Applications Received", 
                            "count": 1, 
                            "value": 153
                        }, 
                        {
                            "disposition": "Loans Originated", 
                            "count": 1, 
                            "value": 153
                        }, 
                        {
                            "disposition": "Apps. Approved But Not Accepted", 
                            "count": 0, 
                            "value": 0
                        }, 
                        {
                            "disposition": "Aplications Denied", 
                            "count": 0, 
                            "value": 0
                        }, 
                        {
                            "disposition": "Applications Withdrawn", 
                            "count": 0, 
                            "value": 0
                        }, 
                        {
                            "disposition": "Files Closed For Incompleteness", 
                            "count": 0, 
                            "value": 0
                        }
                    ]
                }
            ]
        }, 
        {
            "race": "Native Hawaiian or Other Pacific Islander", 
            "dispositions": [
                {
                    "disposition": "Applications Received", 
                    "count": 15, 
                    "value": 1148
                }, 
                {
                    "disposition": "Loans Originated", 
                    "count": 5, 
                    "value": 473
                }, 
                {
                    "disposition": "Apps. Approved But Not Accepted", 
                    "count": 1, 
                    "value": 97
                }, 
                {
                    "disposition": "Aplications Denied", 
                    "count": 9, 
                    "value": 578
                }, 
                {
                    "disposition": "Applications Withdrawn", 
                    "count": 0, 
                    "value": 0
                }, 
                {
                    "disposition": "Files Closed For Incompleteness", 
                    "count": 0, 
                    "value": 0
                }
            ], 
            "genders": [
                {
                    "gender": "Male", 
                    "dispositions": [
                        {
                            "disposition": "Applications Received", 
                            "count": 5, 
                            "value": 296
                        }, 
                        {
                            "disposition": "Loans Originated", 
                            "count": 3, 
                            "value": 271
                        }, 
                        {
                            "disposition": "Apps. Approved But Not Accepted", 
                            "count": 0, 
                            "value": 0
                        }, 
                        {
                            "disposition": "Aplications Denied", 
                            "count": 2, 
                            "value": 25
                        }, 
                        {
                            "disposition": "Applications Withdrawn", 
                            "count": 0, 
                            "value": 0
                        }, 
                        {
                            "disposition": "Files Closed For Incompleteness", 
                            "count": 0, 
                            "value": 0
                        }
                    ]
                }, 
                {
                    "gender": "Female", 
                    "dispositions": [
                        {
                            "disposition": "Applications Received", 
                            "count": 2, 
                            "value": 153
                        }, 
                        {
                            "disposition": "Loans Originated", 
                            "count": 1, 
                            "value": 87
                        }, 
                        {
                            "disposition": "Apps. Approved But Not Accepted", 
                            "count": 0, 
                            "value": 0
                        }, 
                        {
                            "disposition": "Aplications Denied", 
                            "count": 1, 
                            "value": 66
                        }, 
                        {
                            "disposition": "Applications Withdrawn", 
                            "count": 0, 
                            "value": 0
                        }, 
                        {
                            "disposition": "Files Closed For Incompleteness", 
                            "count": 0, 
                            "value": 0
                        }
                    ]
                }, 
                {
                    "gender": "Joint (Male/Female)", 
                    "dispositions": [
                        {
                            "disposition": "Applications Received", 
                            "count": 3, 
                            "value": 210
                        }, 
                        {
                            "disposition": "Loans Originated", 
                            "count": 1, 
                            "value": 115
                        }, 
                        {
                            "disposition": "Apps. Approved But Not Accepted", 
                            "count": 0, 
                            "value": 0
                        }, 
                        {
                            "disposition": "Aplications Denied", 
                            "count": 2, 
                            "value": 95
                        }, 
                        {
                            "disposition": "Applications Withdrawn", 
                            "count": 0, 
                            "value": 0
                        }, 
                        {
                            "disposition": "Files Closed For Incompleteness", 
                            "count": 0, 
                            "value": 0
                        }
                    ]
                }
            ]
        }, 
        {
            "race": "White", 
            "dispositions": [
                {
                    "disposition": "Applications Received", 
                    "count": 8, 
                    "value": 565
                }, 
                {
                    "disposition": "Loans Originated", 
                    "count": 4, 
                    "value": 330
                }, 
                {
                    "disposition": "Apps. Approved But Not Accepted", 
                    "count": 0, 
                    "value": 0
                }, 
                {
                    "disposition": "Aplications Denied", 
                    "count": 4, 
                    "value": 235
                }, 
                {
                    "disposition": "Applications Withdrawn", 
                    "count": 0, 
                    "value": 0
                }, 
                {
                    "disposition": "Files Closed For Incompleteness", 
                    "count": 0, 
                    "value": 0
                }
            ], 
            "genders": [
                {
                    "gender": "Male", 
                    "dispositions": [
                        {
                            "disposition": "Applications Received", 
                            "count": 1, 
                            "value": 92
                        }, 
                        {
                            "disposition": "Loans Originated", 
                            "count": 1, 
                            "value": 92
                        }, 
                        {
                            "disposition": "Apps. Approved But Not Accepted", 
                            "count": 0, 
                            "value": 0
                        }, 
                        {
                            "disposition": "Aplications Denied", 
                            "count": 0, 
                            "value": 0
                        }, 
                        {
                            "disposition": "Applications Withdrawn", 
                            "count": 0, 
                            "value": 0
                        }, 
                        {
                            "disposition": "Files Closed For Incompleteness", 
                            "count": 0, 
                            "value": 0
                        }
                    ]
                }, 
                {
                    "gender": "Female", 
                    "dispositions": [
                        {
                            "disposition": "Applications Received", 
                            "count": 5, 
                            "value": 322
                        }, 
                        {
                            "disposition": "Loans Originated", 
                            "count": 2, 
                            "value": 159
                        }, 
                        {
                            "disposition": "Apps. Approved But Not Accepted", 
                            "count": 0, 
                            "value": 0
                        }, 
                        {
                            "disposition": "Aplications Denied", 
                            "count": 3, 
                            "value": 163
                        }, 
                        {
                            "disposition": "Applications Withdrawn", 
                            "count": 0, 
                            "value": 0
                        }, 
                        {
                            "disposition": "Files Closed For Incompleteness", 
                            "count": 0, 
                            "value": 0
                        }
                    ]
                }, 
                {
                    "gender": "Joint (Male/Female)", 
                    "dispositions": [
                        {
                            "disposition": "Applications Received", 
                            "count": 2, 
                            "value": 151
                        }, 
                        {
                            "disposition": "Loans Originated", 
                            "count": 1, 
                            "value": 79
                        }, 
                        {
                            "disposition": "Apps. Approved But Not Accepted", 
                            "count": 0, 
                            "value": 0
                        }, 
                        {
                            "disposition": "Aplications Denied", 
                            "count": 1, 
                            "value": 72
                        }, 
                        {
                            "disposition": "Applications Withdrawn", 
                            "count": 0, 
                            "value": 0
                        }, 
                        {
                            "disposition": "Files Closed For Incompleteness", 
                            "count": 0, 
                            "value": 0
                        }
                    ]
                }
            ]
        }, 
        {
            "race": "2 or more minority races", 
            "dispositions": [
                {
                    "disposition": "Applications Received", 
                    "count": 1331, 
                    "value": 105655
                }, 
                {
                    "disposition": "Loans Originated", 
                    "count": 569, 
                    "value": 48069
                }, 
                {
                    "disposition": "Apps. Approved But Not Accepted", 
                    "count": 159, 
                    "value": 11644
                }, 
                {
                    "disposition": "Aplications Denied", 
                    "count": 451, 
                    "value": 32396
                }, 
                {
                    "disposition": "Applications Withdrawn", 
                    "count": 115, 
                    "value": 9712
                }, 
                {
                    "disposition": "Files Closed For Incompleteness", 
                    "count": 37, 
                    "value": 3834
                }
            ], 
            "genders": [
                {
                    "gender": "Male", 
                    "dispositions": [
                        {
                            "disposition": "Applications Received", 
                            "count": 455, 
                            "value": 35131
                        }, 
                        {
                            "disposition": "Loans Originated", 
                            "count": 195, 
                            "value": 16047
                        }, 
                        {
                            "disposition": "Apps. Approved But Not Accepted", 
                            "count": 58, 
                            "value": 4003
                        }, 
                        {
                            "disposition": "Aplications Denied", 
                            "count": 157, 
                            "value": 10953
                        }, 
                        {
                            "disposition": "Applications Withdrawn", 
                            "count": 34, 
                            "value": 2898
                        }, 
                        {
                            "disposition": "Files Closed For Incompleteness", 
                            "count": 11, 
                            "value": 1230
                        }
                    ]
                }, 
                {
                    "gender": "Female", 
                    "dispositions": [
                        {
                            "disposition": "Applications Received", 
                            "count": 337, 
                            "value": 23756
                        }, 
                        {
                            "disposition": "Loans Originated", 
                            "count": 129, 
                            "value": 9853
                        }, 
                        {
                            "disposition": "Apps. Approved But Not Accepted", 
                            "count": 34, 
                            "value": 2538
                        }, 
                        {
                            "disposition": "Aplications Denied", 
                            "count": 134, 
                            "value": 8382
                        }, 
                        {
                            "disposition": "Applications Withdrawn", 
                            "count": 35, 
                            "value": 2445
                        }, 
                        {
                            "disposition": "Files Closed For Incompleteness", 
                            "count": 5, 
                            "value": 538
                        }
                    ]
                }, 
                {
                    "gender": "Joint (Male/Female)", 
                    "dispositions": [
                        {
                            "disposition": "Applications Received", 
                            "count": 531, 
                            "value": 46063
                        }, 
                        {
                            "disposition": "Loans Originated", 
                            "count": 244, 
                            "value": 22069
                        }, 
                        {
                            "disposition": "Apps. Approved But Not Accepted", 
                            "count": 66, 
                            "value": 5043
                        }, 
                        {
                            "disposition": "Aplications Denied", 
                            "count": 155, 
                            "value": 12602
                        }, 
                        {
                            "disposition": "Applications Withdrawn", 
                            "count": 46, 
                            "value": 4369
                        }, 
                        {
                            "disposition": "Files Closed For Incompleteness", 
                            "count": 20, 
                            "value": 1980
                        }
                    ]
                }
            ]
        }, 
        {
            "race": "Joint (White/Minority Race", 
            "dispositions": [
                {
                    "disposition": "Applications Received", 
                    "count": 30, 
                    "value": 2383
                }, 
                {
                    "disposition": "Loans Originated", 
                    "count": 9, 
                    "value": 726
                }, 
                {
                    "disposition": "Apps. Approved But Not Accepted", 
                    "count": 4, 
                    "value": 330
                }, 
                {
                    "disposition": "Aplications Denied", 
                    "count": 15, 
                    "value": 1139
                }, 
                {
                    "disposition": "Applications Withdrawn", 
                    "count": 2, 
                    "value": 188
                }, 
                {
                    "disposition": "Files Closed For Incompleteness", 
                    "count": 0, 
                    "value": 0
                }
            ], 
            "genders": [
                {
                    "gender": "Male", 
                    "dispositions": [
                        {
                            "disposition": "Applications Received", 
                            "count": 0, 
                            "value": 0
                        }, 
                        {
                            "disposition": "Loans Originated", 
                            "count": 0, 
                            "value": 0
                        }, 
                        {
                            "disposition": "Apps. Approved But Not Accepted", 
                            "count": 0, 
                            "value": 0
                        }, 
                        {
                            "disposition": "Aplications Denied", 
                            "count": 0, 
                            "value": 0
                        }, 
                        {
                            "disposition": "Applications Withdrawn", 
                            "count": 0, 
                            "value": 0
                        }, 
                        {
                            "disposition": "Files Closed For Incompleteness", 
                            "count": 0, 
                            "value": 0
                        }
                    ]
                }, 
                {
                    "gender": "Female", 
                    "dispositions": [
                        {
                            "disposition": "Applications Received", 
                            "count": 0, 
                            "value": 0
                        }, 
                        {
                            "disposition": "Loans Originated", 
                            "count": 0, 
                            "value": 0
                        }, 
                        {
                            "disposition": "Apps. Approved But Not Accepted", 
                            "count": 0, 
                            "value": 0
                        }, 
                        {
                            "disposition": "Aplications Denied", 
                            "count": 0, 
                            "value": 0
                        }, 
                        {
                            "disposition": "Applications Withdrawn", 
                            "count": 0, 
                            "value": 0
                        }, 
                        {
                            "disposition": "Files Closed For Incompleteness", 
                            "count": 0, 
                            "value": 0
                        }
                    ]
                }, 
                {
                    "gender": "Joint (Male/Female)", 
                    "dispositions": [
                        {
                            "disposition": "Applications Received", 
                            "count": 30, 
                            "value": 2383
                        }, 
                        {
                            "disposition": "Loans Originated", 
                            "count": 9, 
                            "value": 726
                        }, 
                        {
                            "disposition": "Apps. Approved But Not Accepted", 
                            "count": 4, 
                            "value": 330
                        }, 
                        {
                            "disposition": "Aplications Denied", 
                            "count": 15, 
                            "value": 1139
                        }, 
                        {
                            "disposition": "Applications Withdrawn", 
                            "count": 2, 
                            "value": 188
                        }, 
                        {
                            "disposition": "Files Closed For Incompleteness", 
                            "count": 0, 
                            "value": 0
                        }
                    ]
                }
            ]
        }, 
        {
            "race": "Not Available", 
            "dispositions": [
                {
                    "disposition": "Applications Received", 
                    "count": 419, 
                    "value": 34215
                }, 
                {
                    "disposition": "Loans Originated", 
                    "count": 83, 
                    "value": 7009
                }, 
                {
                    "disposition": "Apps. Approved But Not Accepted", 
                    "count": 84, 
                    "value": 6959
                }, 
                {
                    "disposition": "Aplications Denied", 
                    "count": 234, 
                    "value": 18527
                }, 
                {
                    "disposition": "Applications Withdrawn", 
                    "count": 12, 
                    "value": 1136
                }, 
                {
                    "disposition": "Files Closed For Incompleteness", 
                    "count": 6, 
                    "value": 584
                }
            ], 
            "genders": [
                {
                    "gender": "Male", 
                    "dispositions": [
                        {
                            "disposition": "Applications Received", 
                            "count": 99, 
                            "value": 7747
                        }, 
                        {
                            "disposition": "Loans Originated", 
                            "count": 13, 
                            "value": 1053
                        }, 
                        {
                            "disposition": "Apps. Approved But Not Accepted", 
                            "count": 19, 
                            "value": 1318
                        }, 
                        {
                            "disposition": "Aplications Denied", 
                            "count": 66, 
                            "value": 5243
                        }, 
                        {
                            "disposition": "Applications Withdrawn", 
                            "count": 1, 
                            "value": 133
                        }, 
                        {
                            "disposition": "Files Closed For Incompleteness", 
                            "count": 0, 
                            "value": 0
                        }
                    ]
                }, 
                {
                    "gender": "Female", 
                    "dispositions": [
                        {
                            "disposition": "Applications Received", 
                            "count": 78, 
                            "value": 5130
                        }, 
                        {
                            "disposition": "Loans Originated", 
                            "count": 9, 
                            "value": 635
                        }, 
                        {
                            "disposition": "Apps. Approved But Not Accepted", 
                            "count": 17, 
                            "value": 924
                        }, 
                        {
                            "disposition": "Aplications Denied", 
                            "count": 51, 
                            "value": 3561
                        }, 
                        {
                            "disposition": "Applications Withdrawn", 
                            "count": 1, 
                            "value": 10
                        }, 
                        {
                            "disposition": "Files Closed For Incompleteness", 
                            "count": 0, 
                            "value": 0
                        }
                    ]
                }, 
                {
                    "gender": "Joint (Male/Female)", 
                    "dispositions": [
                        {
                            "disposition": "Applications Received", 
                            "count": 102, 
                            "value": 9127
                        }, 
                        {
                            "disposition": "Loans Originated", 
                            "count": 24, 
                            "value": 2359
                        }, 
                        {
                            "disposition": "Apps. Approved But Not Accepted", 
                            "count": 23, 
                            "value": 1942
                        }, 
                        {
                            "disposition": "Aplications Denied", 
                            "count": 52, 
                            "value": 4516
                        }, 
                        {
                            "disposition": "Applications Withdrawn", 
                            "count": 1, 
                            "value": 80
                        }, 
                        {
                            "disposition": "Files Closed For Incompleteness", 
                            "count": 2, 
                            "value": 230
                        }
                    ]
                }
            ]
        }
    ], 
    "ethnicities": [
        {
            "ethnicity": "Hispanic or Latino", 
            "dispositions": [
                {
                    "disposition": "Applications Received", 
                    "count": 455, 
                    "value": 34178
                }, 
                {
                    "disposition": "Loans Originated", 
                    "count": 76, 
                    "value": 6127
                }, 
                {
                    "disposition": "Apps. Approved But Not Accepted", 
                    "count": 85, 
                    "value": 5912
                }, 
                {
                    "disposition": "Aplications Denied", 
                    "count": 269, 
                    "value": 20030
                }, 
                {
                    "disposition": "Applications Withdrawn", 
                    "count": 16, 
                    "value": 1170
                }, 
                {
                    "disposition": "Files Closed For Incompleteness", 
                    "count": 9, 
                    "value": 939
                }
            ], 
            "genders": [
                {
                    "gender": "Male", 
                    "dispositions": [
                        {
                            "disposition": "Applications Received", 
                            "count": 186, 
                            "value": 186
                        }, 
                        {
                            "disposition": "Loans Originated", 
                            "count": 36, 
                            "value": 2754
                        }, 
                        {
                            "disposition": "Apps. Approved But Not Accepted", 
                            "count": 32, 
                            "value": 2098
                        }, 
                        {
                            "disposition": "Aplications Denied", 
                            "count": 106, 
                            "value": 7699
                        }, 
                        {
                            "disposition": "Applications Withdrawn", 
                            "count": 7, 
                            "value": 587
                        }, 
                        {
                            "disposition": "Files Closed For Incompleteness", 
                            "count": 5, 
                            "value": 585
                        }
                    ]
                }, 
                {
                    "gender": "Female", 
                    "dispositions": [
                        {
                            "disposition": "Applications Received", 
                            "count": 118, 
                            "value": 118
                        }, 
                        {
                            "disposition": "Loans Originated", 
                            "count": 20, 
                            "value": 1558
                        }, 
                        {
                            "disposition": "Apps. Approved But Not Accepted", 
                            "count": 18, 
                            "value": 1071
                        }, 
                        {
                            "disposition": "Aplications Denied", 
                            "count": 74, 
                            "value": 4675
                        }, 
                        {
                            "disposition": "Applications Withdrawn", 
                            "count": 5, 
                            "value": 305
                        }, 
                        {
                            "disposition": "Files Closed For Incompleteness", 
                            "count": 1, 
                            "value": 93
                        }
                    ]
                }, 
                {
                    "gender": "Joint (Male/Female)", 
                    "dispositions": [
                        {
                            "disposition": "Applications Received", 
                            "count": 127, 
                            "value": 127
                        }, 
                        {
                            "disposition": "Loans Originated", 
                            "count": 20, 
                            "value": 1815
                        }, 
                        {
                            "disposition": "Apps. Approved But Not Accepted", 
                            "count": 30, 
                            "value": 2314
                        }, 
                        {
                            "disposition": "Aplications Denied", 
                            "count": 70, 
                            "value": 5789
                        }, 
                        {
                            "disposition": "Applications Withdrawn", 
                            "count": 4, 
                            "value": 278
                        }, 
                        {
                            "disposition": "Files Closed For Incompleteness", 
                            "count": 3, 
                            "value": 261
                        }
                    ]
                }
            ]
        }, 
        {
            "ethnicity": "Not Hispanic or Latino", 
            "dispositions": [
                {
                    "disposition": "Applications Received", 
                    "count": 1072, 
                    "value": 85387
                }, 
                {
                    "disposition": "Loans Originated", 
                    "count": 518, 
                    "value": 43693
                }, 
                {
                    "disposition": "Apps. Approved But Not Accepted", 
                    "count": 102, 
                    "value": 7314
                }, 
                {
                    "disposition": "Aplications Denied", 
                    "count": 330, 
                    "value": 23560
                }, 
                {
                    "disposition": "Applications Withdrawn", 
                    "count": 98, 
                    "value": 8394
                }, 
                {
                    "disposition": "Files Closed For Incompleteness", 
                    "count": 24, 
                    "value": 2426
                }
            ], 
            "genders": [
                {
                    "gender": "Male", 
                    "dispositions": [
                        {
                            "disposition": "Applications Received", 
                            "count": 335, 
                            "value": 335
                        }, 
                        {
                            "disposition": "Loans Originated", 
                            "count": 172, 
                            "value": 14335
                        }, 
                        {
                            "disposition": "Apps. Approved But Not Accepted", 
                            "count": 28, 
                            "value": 1906
                        }, 
                        {
                            "disposition": "Aplications Denied", 
                            "count": 102, 
                            "value": 6782
                        }, 
                        {
                            "disposition": "Applications Withdrawn", 
                            "count": 27, 
                            "value": 2311
                        }, 
                        {
                            "disposition": "Files Closed For Incompleteness", 
                            "count": 6, 
                            "value": 645
                        }
                    ]
                }, 
                {
                    "gender": "Female", 
                    "dispositions": [
                        {
                            "disposition": "Applications Received", 
                            "count": 280, 
                            "value": 280
                        }, 
                        {
                            "disposition": "Loans Originated", 
                            "count": 121, 
                            "value": 9124
                        }, 
                        {
                            "disposition": "Apps. Approved But Not Accepted", 
                            "count": 26, 
                            "value": 1792
                        }, 
                        {
                            "disposition": "Aplications Denied", 
                            "count": 99, 
                            "value": 6244
                        }, 
                        {
                            "disposition": "Applications Withdrawn", 
                            "count": 30, 
                            "value": 2130
                        }, 
                        {
                            "disposition": "Files Closed For Incompleteness", 
                            "count": 4, 
                            "value": 445
                        }
                    ]
                }, 
                {
                    "gender": "Joint (Male/Female)", 
                    "dispositions": [
                        {
                            "disposition": "Applications Received", 
                            "count": 450, 
                            "value": 450
                        }, 
                        {
                            "disposition": "Loans Originated", 
                            "count": 224, 
                            "value": 20205
                        }, 
                        {
                            "disposition": "Apps. Approved But Not Accepted", 
                            "count": 47, 
                            "value": 3556
                        }, 
                        {
                            "disposition": "Aplications Denied", 
                            "count": 124, 
                            "value": 10177
                        }, 
                        {
                            "disposition": "Applications Withdrawn", 
                            "count": 41, 
                            "value": 3953
                        }, 
                        {
                            "disposition": "Files Closed For Incompleteness", 
                            "count": 14, 
                            "value": 1336
                        }
                    ]
                }
            ]
        }, 
        {
            "ethnicity": "Joint (Hispanic or Latino/Not Hispanic or Latino", 
            "dispositions": [
                {
                    "disposition": "Applications Received", 
                    "count": 61, 
                    "value": 5381
                }, 
                {
                    "disposition": "Loans Originated", 
                    "count": 19, 
                    "value": 1698
                }, 
                {
                    "disposition": "Apps. Approved But Not Accepted", 
                    "count": 10, 
                    "value": 712
                }, 
                {
                    "disposition": "Aplications Denied", 
                    "count": 24, 
                    "value": 2031
                }, 
                {
                    "disposition": "Applications Withdrawn", 
                    "count": 5, 
                    "value": 557
                }, 
                {
                    "disposition": "Files Closed For Incompleteness", 
                    "count": 3, 
                    "value": 383
                }
            ], 
            "genders": [
                {
                    "gender": "Male", 
                    "dispositions": [
                        {
                            "disposition": "Applications Received", 
                            "count": 2, 
                            "value": 2
                        }, 
                        {
                            "disposition": "Loans Originated", 
                            "count": 0, 
                            "value": 0
                        }, 
                        {
                            "disposition": "Apps. Approved But Not Accepted", 
                            "count": 2, 
                            "value": 151
                        }, 
                        {
                            "disposition": "Aplications Denied", 
                            "count": 0, 
                            "value": 0
                        }, 
                        {
                            "disposition": "Applications Withdrawn", 
                            "count": 0, 
                            "value": 0
                        }, 
                        {
                            "disposition": "Files Closed For Incompleteness", 
                            "count": 0, 
                            "value": 0
                        }
                    ]
                }, 
                {
                    "gender": "Female", 
                    "dispositions": [
                        {
                            "disposition": "Applications Received", 
                            "count": 2, 
                            "value": 2
                        }, 
                        {
                            "disposition": "Loans Originated", 
                            "count": 0, 
                            "value": 0
                        }, 
                        {
                            "disposition": "Apps. Approved But Not Accepted", 
                            "count": 0, 
                            "value": 0
                        }, 
                        {
                            "disposition": "Aplications Denied", 
                            "count": 2, 
                            "value": 200
                        }, 
                        {
                            "disposition": "Applications Withdrawn", 
                            "count": 0, 
                            "value": 0
                        }, 
                        {
                            "disposition": "Files Closed For Incompleteness", 
                            "count": 0, 
                            "value": 0
                        }
                    ]
                }, 
                {
                    "gender": "Joint (Male/Female)", 
                    "dispositions": [
                        {
                            "disposition": "Applications Received", 
                            "count": 57, 
                            "value": 57
                        }, 
                        {
                            "disposition": "Loans Originated", 
                            "count": 19, 
                            "value": 1698
                        }, 
                        {
                            "disposition": "Apps. Approved But Not Accepted", 
                            "count": 8, 
                            "value": 561
                        }, 
                        {
                            "disposition": "Aplications Denied", 
                            "count": 22, 
                            "value": 1831
                        }, 
                        {
                            "disposition": "Applications Withdrawn", 
                            "count": 5, 
                            "value": 557
                        }, 
                        {
                            "disposition": "Files Closed For Incompleteness", 
                            "count": 3, 
                            "value": 383
                        }
                    ]
                }
            ]
        }, 
        {
            "ethnicity": "Ethnicity Not Available", 
            "dispositions": [
                {
                    "disposition": "Applications Received", 
                    "count": 308, 
                    "value": 25403
                }, 
                {
                    "disposition": "Loans Originated", 
                    "count": 80, 
                    "value": 6864
                }, 
                {
                    "disposition": "Apps. Approved But Not Accepted", 
                    "count": 76, 
                    "value": 6547
                }, 
                {
                    "disposition": "Aplications Denied", 
                    "count": 132, 
                    "value": 10025
                }, 
                {
                    "disposition": "Applications Withdrawn", 
                    "count": 13, 
                    "value": 1297
                }, 
                {
                    "disposition": "Files Closed For Incompleteness", 
                    "count": 7, 
                    "value": 670
                }
            ], 
            "genders": [
                {
                    "gender": "Male", 
                    "dispositions": [
                        {
                            "disposition": "Applications Received", 
                            "count": 54, 
                            "value": 54
                        }, 
                        {
                            "disposition": "Loans Originated", 
                            "count": 9, 
                            "value": 851
                        }, 
                        {
                            "disposition": "Apps. Approved But Not Accepted", 
                            "count": 19, 
                            "value": 1479
                        }, 
                        {
                            "disposition": "Aplications Denied", 
                            "count": 25, 
                            "value": 2168
                        }, 
                        {
                            "disposition": "Applications Withdrawn", 
                            "count": 1, 
                            "value": 133
                        }, 
                        {
                            "disposition": "Files Closed For Incompleteness", 
                            "count": 0, 
                            "value": 0
                        }
                    ]
                }, 
                {
                    "gender": "Female", 
                    "dispositions": [
                        {
                            "disposition": "Applications Received", 
                            "count": 70, 
                            "value": 70
                        }, 
                        {
                            "disposition": "Loans Originated", 
                            "count": 10, 
                            "value": 728
                        }, 
                        {
                            "disposition": "Apps. Approved But Not Accepted", 
                            "count": 19, 
                            "value": 1177
                        }, 
                        {
                            "disposition": "Aplications Denied", 
                            "count": 40, 
                            "value": 2812
                        }, 
                        {
                            "disposition": "Applications Withdrawn", 
                            "count": 1, 
                            "value": 20
                        }, 
                        {
                            "disposition": "Files Closed For Incompleteness", 
                            "count": 0, 
                            "value": 0
                        }
                    ]
                }, 
                {
                    "gender": "Joint (Male/Female)", 
                    "dispositions": [
                        {
                            "disposition": "Applications Received", 
                            "count": 59, 
                            "value": 59
                        }, 
                        {
                            "disposition": "Loans Originated", 
                            "count": 23, 
                            "value": 2177
                        }, 
                        {
                            "disposition": "Apps. Approved But Not Accepted", 
                            "count": 16, 
                            "value": 1409
                        }, 
                        {
                            "disposition": "Aplications Denied", 
                            "count": 16, 
                            "value": 1132
                        }, 
                        {
                            "disposition": "Applications Withdrawn", 
                            "count": 2, 
                            "value": 231
                        }, 
                        {
                            "disposition": "Files Closed For Incompleteness", 
                            "count": 2, 
                            "value": 230
                        }
                    ]
                }
            ]
        }
    ], 
    "minoritystatuses": [
        {
            "minoritystatus": "White Non-Hispanic", 
            "dispositions": [
                {
                    "disposition": "Applications Received", 
                    "count": 1253, 
                    "value": 101758
                }, 
                {
                    "disposition": "Loans Originated", 
                    "count": 559, 
                    "value": 47481
                }, 
                {
                    "disposition": "Apps. Approved But Not Accepted", 
                    "count": 152, 
                    "value": 12301
                }, 
                {
                    "disposition": "Aplications Denied", 
                    "count": 402, 
                    "value": 29416
                }, 
                {
                    "disposition": "Applications Withdrawn", 
                    "count": 109, 
                    "value": 9464
                }, 
                {
                    "disposition": "Files Closed For Incompleteness", 
                    "count": 31, 
                    "value": 3096
                }
            ], 
            "genders": [
                {
                    "gender": "Male", 
                    "dispositions": [
                        {
                            "disposition": "Applications Received", 
                            "count": 29436, 
                            "value": 0
                        }, 
                        {
                            "disposition": "Loans Originated", 
                            "count": 172, 
                            "value": 14408
                        }, 
                        {
                            "disposition": "Apps. Approved But Not Accepted", 
                            "count": 43, 
                            "value": 3072
                        }, 
                        {
                            "disposition": "Aplications Denied", 
                            "count": 118, 
                            "value": 8500
                        }, 
                        {
                            "disposition": "Applications Withdrawn", 
                            "count": 28, 
                            "value": 2444
                        }, 
                        {
                            "disposition": "Files Closed For Incompleteness", 
                            "count": 6, 
                            "value": 645
                        }
                    ]
                }, 
                {
                    "gender": "Female", 
                    "dispositions": [
                        {
                            "disposition": "Applications Received", 
                            "count": 21445, 
                            "value": 0
                        }, 
                        {
                            "disposition": "Loans Originated", 
                            "count": 118, 
                            "value": 8930
                        }, 
                        {
                            "disposition": "Apps. Approved But Not Accepted", 
                            "count": 33, 
                            "value": 2391
                        }, 
                        {
                            "disposition": "Aplications Denied", 
                            "count": 112, 
                            "value": 7231
                        }, 
                        {
                            "disposition": "Applications Withdrawn", 
                            "count": 31, 
                            "value": 2150
                        }, 
                        {
                            "disposition": "Files Closed For Incompleteness", 
                            "count": 4, 
                            "value": 445
                        }
                    ]
                }, 
                {
                    "gender": "Joint (Male/Female)", 
                    "dispositions": [
                        {
                            "disposition": "Applications Received", 
                            "count": 41126, 
                            "value": 0
                        }, 
                        {
                            "disposition": "Loans Originated", 
                            "count": 231, 
                            "value": 21081
                        }, 
                        {
                            "disposition": "Apps. Approved But Not Accepted", 
                            "count": 53, 
                            "value": 4296
                        }, 
                        {
                            "disposition": "Aplications Denied", 
                            "count": 120, 
                            "value": 9765
                        }, 
                        {
                            "disposition": "Applications Withdrawn", 
                            "count": 41, 
                            "value": 3957
                        }, 
                        {
                            "disposition": "Files Closed For Incompleteness", 
                            "count": 16, 
                            "value": 1566
                        }
                    ]
                }
            ]
        }, 
        {
            "minoritystatus": "Others, Including Hispanic", 
            "dispositions": [
                {
                    "disposition": "Applications Received", 
                    "count": 643, 
                    "value": 48591
                }, 
                {
                    "disposition": "Loans Originated", 
                    "count": 134, 
                    "value": 10901
                }, 
                {
                    "disposition": "Apps. Approved But Not Accepted", 
                    "count": 121, 
                    "value": 8184
                }, 
                {
                    "disposition": "Aplications Denied", 
                    "count": 353, 
                    "value": 26230
                }, 
                {
                    "disposition": "Applications Withdrawn", 
                    "count": 23, 
                    "value": 1954
                }, 
                {
                    "disposition": "Files Closed For Incompleteness", 
                    "count": 12, 
                    "value": 1322
                }
            ], 
            "genders": [
                {
                    "gender": "Male", 
                    "dispositions": [
                        {
                            "disposition": "Applications Received", 
                            "count": 15625, 
                            "value": 0
                        }, 
                        {
                            "disposition": "Loans Originated", 
                            "count": 45, 
                            "value": 3532
                        }, 
                        {
                            "disposition": "Apps. Approved But Not Accepted", 
                            "count": 38, 
                            "value": 2562
                        }, 
                        {
                            "disposition": "Aplications Denied", 
                            "count": 115, 
                            "value": 8149
                        }, 
                        {
                            "disposition": "Applications Withdrawn", 
                            "count": 7, 
                            "value": 587
                        }, 
                        {
                            "disposition": "Files Closed For Incompleteness", 
                            "count": 5, 
                            "value": 585
                        }
                    ]
                }, 
                {
                    "gender": "Female", 
                    "dispositions": [
                        {
                            "disposition": "Applications Received", 
                            "count": 11399, 
                            "value": 0
                        }, 
                        {
                            "disposition": "Loans Originated", 
                            "count": 33, 
                            "value": 2480
                        }, 
                        {
                            "disposition": "Apps. Approved But Not Accepted", 
                            "count": 30, 
                            "value": 1649
                        }, 
                        {
                            "disposition": "Aplications Denied", 
                            "count": 103, 
                            "value": 6700
                        }, 
                        {
                            "disposition": "Applications Withdrawn", 
                            "count": 5, 
                            "value": 305
                        }, 
                        {
                            "disposition": "Files Closed For Incompleteness", 
                            "count": 1, 
                            "value": 93
                        }
                    ]
                }, 
                {
                    "gender": "Joint (Male/Female)", 
                    "dispositions": [
                        {
                            "disposition": "Applications Received", 
                            "count": 19460, 
                            "value": 0
                        }, 
                        {
                            "disposition": "Loans Originated", 
                            "count": 55, 
                            "value": 4814
                        }, 
                        {
                            "disposition": "Apps. Approved But Not Accepted", 
                            "count": 48, 
                            "value": 3544
                        }, 
                        {
                            "disposition": "Aplications Denied", 
                            "count": 112, 
                            "value": 9164
                        }, 
                        {
                            "disposition": "Applications Withdrawn", 
                            "count": 11, 
                            "value": 1062
                        }, 
                        {
                            "disposition": "Files Closed For Incompleteness", 
                            "count": 6, 
                            "value": 644
                        }
                    ]
                }
            ]
        }
    ], 
    "incomes": [
        {
            "incomes": "Less than 50% of MSA/MD median", 
            "dispositions": [
                {
                    "disposition": "Applications Received", 
                    "count": 451, 
                    "value": 27305
                }, 
                {
                    "disposition": "Loans Originated", 
                    "count": 124, 
                    "value": 8424
                }, 
                {
                    "disposition": "Apps. Approved But Not Accepted", 
                    "count": 41, 
                    "value": 1935
                }, 
                {
                    "disposition": "Aplications Denied", 
                    "count": 260, 
                    "value": 15063
                }, 
                {
                    "disposition": "Applications Withdrawn", 
                    "count": 24, 
                    "value": 1689
                }, 
                {
                    "disposition": "Files Closed For Incompleteness", 
                    "count": 2, 
                    "value": 194
                }
            ]
        }, 
        {
            "incomes": "50-79% of MSA/MD median", 
            "dispositions": [
                {
                    "disposition": "Applications Received", 
                    "count": 581, 
                    "value": 41320
                }, 
                {
                    "disposition": "Loans Originated", 
                    "count": 189, 
                    "value": 13563
                }, 
                {
                    "disposition": "Apps. Approved But Not Accepted", 
                    "count": 110, 
                    "value": 7506
                }, 
                {
                    "disposition": "Aplications Denied", 
                    "count": 226, 
                    "value": 16121
                }, 
                {
                    "disposition": "Applications Withdrawn", 
                    "count": 45, 
                    "value": 3215
                }, 
                {
                    "disposition": "Files Closed For Incompleteness", 
                    "count": 11, 
                    "value": 915
                }
            ]
        }, 
        {
            "incomes": "80-99% of MSA/MD median", 
            "dispositions": [
                {
                    "disposition": "Applications Received", 
                    "count": 269, 
                    "value": 22470
                }, 
                {
                    "disposition": "Loans Originated", 
                    "count": 105, 
                    "value": 8256
                }, 
                {
                    "disposition": "Apps. Approved But Not Accepted", 
                    "count": 45, 
                    "value": 3730
                }, 
                {
                    "disposition": "Aplications Denied", 
                    "count": 97, 
                    "value": 8445
                }, 
                {
                    "disposition": "Applications Withdrawn", 
                    "count": 18, 
                    "value": 1598
                }, 
                {
                    "disposition": "Files Closed For Incompleteness", 
                    "count": 4, 
                    "value": 441
                }
            ]
        }, 
        {
            "incomes": "100-119% of MSA/MD median", 
            "dispositions": [
                {
                    "disposition": "Applications Received", 
                    "count": 158, 
                    "value": 13256
                }, 
                {
                    "disposition": "Loans Originated", 
                    "count": 54, 
                    "value": 4600
                }, 
                {
                    "disposition": "Apps. Approved But Not Accepted", 
                    "count": 31, 
                    "value": 1904
                }, 
                {
                    "disposition": "Aplications Denied", 
                    "count": 61, 
                    "value": 5597
                }, 
                {
                    "disposition": "Applications Withdrawn", 
                    "count": 9, 
                    "value": 878
                }, 
                {
                    "disposition": "Files Closed For Incompleteness", 
                    "count": 3, 
                    "value": 277
                }
            ]
        }, 
        {
            "incomes": "120% or more of MSA/MD median", 
            "dispositions": [
                {
                    "disposition": "Applications Received", 
                    "count": 249, 
                    "value": 23118
                }, 
                {
                    "disposition": "Loans Originated", 
                    "count": 103, 
                    "value": 9714
                }, 
                {
                    "disposition": "Apps. Approved But Not Accepted", 
                    "count": 36, 
                    "value": 3122
                }, 
                {
                    "disposition": "Aplications Denied", 
                    "count": 85, 
                    "value": 7980
                }, 
                {
                    "disposition": "Applications Withdrawn", 
                    "count": 16, 
                    "value": 1370
                }, 
                {
                    "disposition": "Files Closed For Incompleteness", 
                    "count": 9, 
                    "value": 932
                }
            ]
        }, 
        {
            "incomes": "income not available", 
            "dispositions": [
                {
                    "disposition": "Applications Received", 
                    "count": 188, 
                    "value": 22880
                }, 
                {
                    "disposition": "Loans Originated", 
                    "count": 118, 
                    "value": 13825
                }, 
                {
                    "disposition": "Apps. Approved But Not Accepted", 
                    "count": 10, 
                    "value": 2288
                }, 
                {
                    "disposition": "Aplications Denied", 
                    "count": 26, 
                    "value": 2440
                }, 
                {
                    "disposition": "Applications Withdrawn", 
                    "count": 20, 
                    "value": 2668
                }, 
                {
                    "disposition": "Files Closed For Incompleteness", 
                    "count": 14, 
                    "value": 1659
                }
            ]
        }
    ], 
    "total": [
        {
            "disposition": "Applications Received", 
            "count": 0, 
            "value": 0
        }, 
        {
            "disposition": "Loans Originated", 
            "count": 693, 
            "value": 58382
        }, 
        {
            "disposition": "Apps. Approved But Not Accepted", 
            "count": 273, 
            "value": 20485
        }, 
        {
            "disposition": "Aplications Denied", 
            "count": 755, 
            "value": 55646
        }, 
        {
            "disposition": "Applications Withdrawn", 
            "count": 132, 
            "value": 11418
        }, 
        {
            "disposition": "Files Closed For Incompleteness", 
            "count": 43, 
            "value": 4418
        }
    ]
}