{
    "table": "4-2", 
    "type": "Aggregate", 
    "desc": "Disposition of applications for conventional home-purchase loans 1- to 4- family and manufactured home dwellings, by race, ethnicity, gender and income of applicant", 
    "year": "2012", 
    "report-date": "04/03/2015", 
    "msa": {
        "id": "11260", 
        "name": "Anchorage", 
        "state": "AK", 
        "state_name": "Alaska"
    }, 
    "races": [
        {
            "race": "American Indian/Alaska Native", 
            "dispositions": [
                {
                    "disposition": "Applications Received", 
                    "count": 16, 
                    "value": 3334
                }, 
                {
                    "disposition": "Loans Originated", 
                    "count": 12, 
                    "value": 2663
                }, 
                {
                    "disposition": "Apps. Approved But Not Accepted", 
                    "count": 1, 
                    "value": 132
                }, 
                {
                    "disposition": "Aplications Denied", 
                    "count": 1, 
                    "value": 165
                }, 
                {
                    "disposition": "Applications Withdrawn", 
                    "count": 2, 
                    "value": 374
                }, 
                {
                    "disposition": "Files Closed For Incompleteness", 
                    "count": 0, 
                    "value": 0
                }
            ], 
            "genders": [
                {
                    "gender": "Male", 
                    "dispositions": [
                        {
                            "disposition": "Applications Received", 
                            "count": 5, 
                            "value": 1047
                        }, 
                        {
                            "disposition": "Loans Originated", 
                            "count": 3, 
                            "value": 609
                        }, 
                        {
                            "disposition": "Apps. Approved But Not Accepted", 
                            "count": 1, 
                            "value": 132
                        }, 
                        {
                            "disposition": "Aplications Denied", 
                            "count": 0, 
                            "value": 0
                        }, 
                        {
                            "disposition": "Applications Withdrawn", 
                            "count": 1, 
                            "value": 306
                        }, 
                        {
                            "disposition": "Files Closed For Incompleteness", 
                            "count": 0, 
                            "value": 0
                        }
                    ]
                }, 
                {
                    "gender": "Female", 
                    "dispositions": [
                        {
                            "disposition": "Applications Received", 
                            "count": 9, 
                            "value": 1406
                        }, 
                        {
                            "disposition": "Loans Originated", 
                            "count": 7, 
                            "value": 1173
                        }, 
                        {
                            "disposition": "Apps. Approved But Not Accepted", 
                            "count": 0, 
                            "value": 0
                        }, 
                        {
                            "disposition": "Aplications Denied", 
                            "count": 1, 
                            "value": 165
                        }, 
                        {
                            "disposition": "Applications Withdrawn", 
                            "count": 1, 
                            "value": 68
                        }, 
                        {
                            "disposition": "Files Closed For Incompleteness", 
                            "count": 0, 
                            "value": 0
                        }
                    ]
                }, 
                {
                    "gender": "Joint (Male/Female)", 
                    "dispositions": [
                        {
                            "disposition": "Applications Received", 
                            "count": 2, 
                            "value": 881
                        }, 
                        {
                            "disposition": "Loans Originated", 
                            "count": 2, 
                            "value": 881
                        }, 
                        {
                            "disposition": "Apps. Approved But Not Accepted", 
                            "count": 0, 
                            "value": 0
                        }, 
                        {
                            "disposition": "Aplications Denied", 
                            "count": 0, 
                            "value": 0
                        }, 
                        {
                            "disposition": "Applications Withdrawn", 
                            "count": 0, 
                            "value": 0
                        }, 
                        {
                            "disposition": "Files Closed For Incompleteness", 
                            "count": 0, 
                            "value": 0
                        }
                    ]
                }
            ]
        }, 
        {
            "race": "Asian", 
            "dispositions": [
                {
                    "disposition": "Applications Received", 
                    "count": 46, 
                    "value": 9799
                }, 
                {
                    "disposition": "Loans Originated", 
                    "count": 36, 
                    "value": 7565
                }, 
                {
                    "disposition": "Apps. Approved But Not Accepted", 
                    "count": 2, 
                    "value": 175
                }, 
                {
                    "disposition": "Aplications Denied", 
                    "count": 2, 
                    "value": 430
                }, 
                {
                    "disposition": "Applications Withdrawn", 
                    "count": 6, 
                    "value": 1629
                }, 
                {
                    "disposition": "Files Closed For Incompleteness", 
                    "count": 0, 
                    "value": 0
                }
            ], 
            "genders": [
                {
                    "gender": "Male", 
                    "dispositions": [
                        {
                            "disposition": "Applications Received", 
                            "count": 16, 
                            "value": 4381
                        }, 
                        {
                            "disposition": "Loans Originated", 
                            "count": 11, 
                            "value": 2910
                        }, 
                        {
                            "disposition": "Apps. Approved But Not Accepted", 
                            "count": 1, 
                            "value": 106
                        }, 
                        {
                            "disposition": "Aplications Denied", 
                            "count": 0, 
                            "value": 0
                        }, 
                        {
                            "disposition": "Applications Withdrawn", 
                            "count": 4, 
                            "value": 1365
                        }, 
                        {
                            "disposition": "Files Closed For Incompleteness", 
                            "count": 0, 
                            "value": 0
                        }
                    ]
                }, 
                {
                    "gender": "Female", 
                    "dispositions": [
                        {
                            "disposition": "Applications Received", 
                            "count": 20, 
                            "value": 2956
                        }, 
                        {
                            "disposition": "Loans Originated", 
                            "count": 17, 
                            "value": 2623
                        }, 
                        {
                            "disposition": "Apps. Approved But Not Accepted", 
                            "count": 1, 
                            "value": 69
                        }, 
                        {
                            "disposition": "Aplications Denied", 
                            "count": 0, 
                            "value": 0
                        }, 
                        {
                            "disposition": "Applications Withdrawn", 
                            "count": 2, 
                            "value": 264
                        }, 
                        {
                            "disposition": "Files Closed For Incompleteness", 
                            "count": 0, 
                            "value": 0
                        }
                    ]
                }, 
                {
                    "gender": "Joint (Male/Female)", 
                    "dispositions": [
                        {
                            "disposition": "Applications Received", 
                            "count": 9, 
                            "value": 2260
                        }, 
                        {
                            "disposition": "Loans Originated", 
                            "count": 8, 
                            "value": 2032
                        }, 
                        {
                            "disposition": "Apps. Approved But Not Accepted", 
                            "count": 0, 
                            "value": 0
                        }, 
                        {
                            "disposition": "Aplications Denied", 
                            "count": 1, 
                            "value": 228
                        }, 
                        {
                            "disposition": "Applications Withdrawn", 
                            "count": 0, 
                            "value": 0
                        }, 
                        {
                            "disposition": "Files Closed For Incompleteness", 
                            "count": 0, 
                            "value": 0
                        }
                    ]
                }
            ]
        }, 
        {
            "race": "Black or African American", 
            "dispositions": [
                {
                    "disposition": "Applications Received", 
                    "count": 113, 
                    "value": 27261
                }, 
                {
                    "disposition": "Loans Originated", 
                    "count": 86, 
                    "value": 21149
                }, 
                {
                    "disposition": "Apps. Approved But Not Accepted", 
                    "count": 6, 
                    "value": 1294
                }, 
                {
                    "disposition": "Aplications Denied", 
                    "count": 8, 
                    "value": 1480
                }, 
                {
                    "disposition": "Applications Withdrawn", 
                    "count": 12, 
                    "value": 3023
                }, 
                {
                    "disposition": "Files Closed For Incompleteness", 
                    "count": 1, 
                    "value": 315
                }
            ], 
            "genders": [
                {
                    "gender": "Male", 
                    "dispositions": [
                        {
                            "disposition": "Applications Received", 
                            "count": 33, 
                            "value": 7663
                        }, 
                        {
                            "disposition": "Loans Originated", 
                            "count": 22, 
                            "value": 5758
                        }, 
                        {
                            "disposition": "Apps. Approved But Not Accepted", 
                            "count": 3, 
                            "value": 351
                        }, 
                        {
                            "disposition": "Aplications Denied", 
                            "count": 4, 
                            "value": 611
                        }, 
                        {
                            "disposition": "Applications Withdrawn", 
                            "count": 4, 
                            "value": 943
                        }, 
                        {
                            "disposition": "Files Closed For Incompleteness", 
                            "count": 0, 
                            "value": 0
                        }
                    ]
                }, 
                {
                    "gender": "Female", 
                    "dispositions": [
                        {
                            "disposition": "Applications Received", 
                            "count": 36, 
                            "value": 7648
                        }, 
                        {
                            "disposition": "Loans Originated", 
                            "count": 30, 
                            "value": 6072
                        }, 
                        {
                            "disposition": "Apps. Approved But Not Accepted", 
                            "count": 1, 
                            "value": 451
                        }, 
                        {
                            "disposition": "Aplications Denied", 
                            "count": 3, 
                            "value": 506
                        }, 
                        {
                            "disposition": "Applications Withdrawn", 
                            "count": 2, 
                            "value": 619
                        }, 
                        {
                            "disposition": "Files Closed For Incompleteness", 
                            "count": 0, 
                            "value": 0
                        }
                    ]
                }, 
                {
                    "gender": "Joint (Male/Female)", 
                    "dispositions": [
                        {
                            "disposition": "Applications Received", 
                            "count": 44, 
                            "value": 11950
                        }, 
                        {
                            "disposition": "Loans Originated", 
                            "count": 34, 
                            "value": 9319
                        }, 
                        {
                            "disposition": "Apps. Approved But Not Accepted", 
                            "count": 2, 
                            "value": 492
                        }, 
                        {
                            "disposition": "Aplications Denied", 
                            "count": 1, 
                            "value": 363
                        }, 
                        {
                            "disposition": "Applications Withdrawn", 
                            "count": 6, 
                            "value": 1461
                        }, 
                        {
                            "disposition": "Files Closed For Incompleteness", 
                            "count": 1, 
                            "value": 315
                        }
                    ]
                }
            ]
        }, 
        {
            "race": "Native Hawaiian or Other Pacific Islander", 
            "dispositions": [
                {
                    "disposition": "Applications Received", 
                    "count": 26, 
                    "value": 5576
                }, 
                {
                    "disposition": "Loans Originated", 
                    "count": 19, 
                    "value": 3818
                }, 
                {
                    "disposition": "Apps. Approved But Not Accepted", 
                    "count": 2, 
                    "value": 408
                }, 
                {
                    "disposition": "Aplications Denied", 
                    "count": 3, 
                    "value": 347
                }, 
                {
                    "disposition": "Applications Withdrawn", 
                    "count": 2, 
                    "value": 1003
                }, 
                {
                    "disposition": "Files Closed For Incompleteness", 
                    "count": 0, 
                    "value": 0
                }
            ], 
            "genders": [
                {
                    "gender": "Male", 
                    "dispositions": [
                        {
                            "disposition": "Applications Received", 
                            "count": 11, 
                            "value": 1766
                        }, 
                        {
                            "disposition": "Loans Originated", 
                            "count": 6, 
                            "value": 828
                        }, 
                        {
                            "disposition": "Apps. Approved But Not Accepted", 
                            "count": 1, 
                            "value": 188
                        }, 
                        {
                            "disposition": "Aplications Denied", 
                            "count": 3, 
                            "value": 347
                        }, 
                        {
                            "disposition": "Applications Withdrawn", 
                            "count": 1, 
                            "value": 403
                        }, 
                        {
                            "disposition": "Files Closed For Incompleteness", 
                            "count": 0, 
                            "value": 0
                        }
                    ]
                }, 
                {
                    "gender": "Female", 
                    "dispositions": [
                        {
                            "disposition": "Applications Received", 
                            "count": 11, 
                            "value": 2551
                        }, 
                        {
                            "disposition": "Loans Originated", 
                            "count": 9, 
                            "value": 1731
                        }, 
                        {
                            "disposition": "Apps. Approved But Not Accepted", 
                            "count": 1, 
                            "value": 220
                        }, 
                        {
                            "disposition": "Aplications Denied", 
                            "count": 0, 
                            "value": 0
                        }, 
                        {
                            "disposition": "Applications Withdrawn", 
                            "count": 1, 
                            "value": 600
                        }, 
                        {
                            "disposition": "Files Closed For Incompleteness", 
                            "count": 0, 
                            "value": 0
                        }
                    ]
                }, 
                {
                    "gender": "Joint (Male/Female)", 
                    "dispositions": [
                        {
                            "disposition": "Applications Received", 
                            "count": 4, 
                            "value": 1259
                        }, 
                        {
                            "disposition": "Loans Originated", 
                            "count": 4, 
                            "value": 1259
                        }, 
                        {
                            "disposition": "Apps. Approved But Not Accepted", 
                            "count": 0, 
                            "value": 0
                        }, 
                        {
                            "disposition": "Aplications Denied", 
                            "count": 0, 
                            "value": 0
                        }, 
                        {
                            "disposition": "Applications Withdrawn", 
                            "count": 0, 
                            "value": 0
                        }, 
                        {
                            "disposition": "Files Closed For Incompleteness", 
                            "count": 0, 
                            "value": 0
                        }
                    ]
                }
            ]
        }, 
        {
            "race": "White", 
            "dispositions": [
                {
                    "disposition": "Applications Received", 
                    "count": 14, 
                    "value": 2957
                }, 
                {
                    "disposition": "Loans Originated", 
                    "count": 5, 
                    "value": 881
                }, 
                {
                    "disposition": "Apps. Approved But Not Accepted", 
                    "count": 3, 
                    "value": 713
                }, 
                {
                    "disposition": "Aplications Denied", 
                    "count": 3, 
                    "value": 586
                }, 
                {
                    "disposition": "Applications Withdrawn", 
                    "count": 3, 
                    "value": 777
                }, 
                {
                    "disposition": "Files Closed For Incompleteness", 
                    "count": 0, 
                    "value": 0
                }
            ], 
            "genders": [
                {
                    "gender": "Male", 
                    "dispositions": [
                        {
                            "disposition": "Applications Received", 
                            "count": 5, 
                            "value": 984
                        }, 
                        {
                            "disposition": "Loans Originated", 
                            "count": 1, 
                            "value": 80
                        }, 
                        {
                            "disposition": "Apps. Approved But Not Accepted", 
                            "count": 1, 
                            "value": 226
                        }, 
                        {
                            "disposition": "Aplications Denied", 
                            "count": 1, 
                            "value": 211
                        }, 
                        {
                            "disposition": "Applications Withdrawn", 
                            "count": 2, 
                            "value": 467
                        }, 
                        {
                            "disposition": "Files Closed For Incompleteness", 
                            "count": 0, 
                            "value": 0
                        }
                    ]
                }, 
                {
                    "gender": "Female", 
                    "dispositions": [
                        {
                            "disposition": "Applications Received", 
                            "count": 3, 
                            "value": 655
                        }, 
                        {
                            "disposition": "Loans Originated", 
                            "count": 3, 
                            "value": 655
                        }, 
                        {
                            "disposition": "Apps. Approved But Not Accepted", 
                            "count": 0, 
                            "value": 0
                        }, 
                        {
                            "disposition": "Aplications Denied", 
                            "count": 0, 
                            "value": 0
                        }, 
                        {
                            "disposition": "Applications Withdrawn", 
                            "count": 0, 
                            "value": 0
                        }, 
                        {
                            "disposition": "Files Closed For Incompleteness", 
                            "count": 0, 
                            "value": 0
                        }
                    ]
                }, 
                {
                    "gender": "Joint (Male/Female)", 
                    "dispositions": [
                        {
                            "disposition": "Applications Received", 
                            "count": 6, 
                            "value": 1318
                        }, 
                        {
                            "disposition": "Loans Originated", 
                            "count": 1, 
                            "value": 146
                        }, 
                        {
                            "disposition": "Apps. Approved But Not Accepted", 
                            "count": 2, 
                            "value": 487
                        }, 
                        {
                            "disposition": "Aplications Denied", 
                            "count": 2, 
                            "value": 375
                        }, 
                        {
                            "disposition": "Applications Withdrawn", 
                            "count": 1, 
                            "value": 310
                        }, 
                        {
                            "disposition": "Files Closed For Incompleteness", 
                            "count": 0, 
                            "value": 0
                        }
                    ]
                }
            ]
        }, 
        {
            "race": "2 or more minority races", 
            "dispositions": [
                {
                    "disposition": "Applications Received", 
                    "count": 2380, 
                    "value": 629353
                }, 
                {
                    "disposition": "Loans Originated", 
                    "count": 1863, 
                    "value": 500110
                }, 
                {
                    "disposition": "Apps. Approved But Not Accepted", 
                    "count": 177, 
                    "value": 49650
                }, 
                {
                    "disposition": "Aplications Denied", 
                    "count": 125, 
                    "value": 28824
                }, 
                {
                    "disposition": "Applications Withdrawn", 
                    "count": 199, 
                    "value": 47582
                }, 
                {
                    "disposition": "Files Closed For Incompleteness", 
                    "count": 16, 
                    "value": 3187
                }
            ], 
            "genders": [
                {
                    "gender": "Male", 
                    "dispositions": [
                        {
                            "disposition": "Applications Received", 
                            "count": 713, 
                            "value": 177709
                        }, 
                        {
                            "disposition": "Loans Originated", 
                            "count": 549, 
                            "value": 139127
                        }, 
                        {
                            "disposition": "Apps. Approved But Not Accepted", 
                            "count": 56, 
                            "value": 15711
                        }, 
                        {
                            "disposition": "Aplications Denied", 
                            "count": 41, 
                            "value": 8200
                        }, 
                        {
                            "disposition": "Applications Withdrawn", 
                            "count": 60, 
                            "value": 12829
                        }, 
                        {
                            "disposition": "Files Closed For Incompleteness", 
                            "count": 7, 
                            "value": 1842
                        }
                    ]
                }, 
                {
                    "gender": "Female", 
                    "dispositions": [
                        {
                            "disposition": "Applications Received", 
                            "count": 550, 
                            "value": 113751
                        }, 
                        {
                            "disposition": "Loans Originated", 
                            "count": 424, 
                            "value": 88038
                        }, 
                        {
                            "disposition": "Apps. Approved But Not Accepted", 
                            "count": 44, 
                            "value": 9841
                        }, 
                        {
                            "disposition": "Aplications Denied", 
                            "count": 31, 
                            "value": 6042
                        }, 
                        {
                            "disposition": "Applications Withdrawn", 
                            "count": 44, 
                            "value": 8837
                        }, 
                        {
                            "disposition": "Files Closed For Incompleteness", 
                            "count": 7, 
                            "value": 993
                        }
                    ]
                }, 
                {
                    "gender": "Joint (Male/Female)", 
                    "dispositions": [
                        {
                            "disposition": "Applications Received", 
                            "count": 1113, 
                            "value": 337007
                        }, 
                        {
                            "disposition": "Loans Originated", 
                            "count": 887, 
                            "value": 272118
                        }, 
                        {
                            "disposition": "Apps. Approved But Not Accepted", 
                            "count": 77, 
                            "value": 24098
                        }, 
                        {
                            "disposition": "Aplications Denied", 
                            "count": 52, 
                            "value": 14523
                        }, 
                        {
                            "disposition": "Applications Withdrawn", 
                            "count": 95, 
                            "value": 25916
                        }, 
                        {
                            "disposition": "Files Closed For Incompleteness", 
                            "count": 2, 
                            "value": 352
                        }
                    ]
                }
            ]
        }, 
        {
            "race": "Joint (White/Minority Race", 
            "dispositions": [
                {
                    "disposition": "Applications Received", 
                    "count": 88, 
                    "value": 25535
                }, 
                {
                    "disposition": "Loans Originated", 
                    "count": 75, 
                    "value": 21824
                }, 
                {
                    "disposition": "Apps. Approved But Not Accepted", 
                    "count": 3, 
                    "value": 741
                }, 
                {
                    "disposition": "Aplications Denied", 
                    "count": 5, 
                    "value": 1447
                }, 
                {
                    "disposition": "Applications Withdrawn", 
                    "count": 5, 
                    "value": 1523
                }, 
                {
                    "disposition": "Files Closed For Incompleteness", 
                    "count": 0, 
                    "value": 0
                }
            ], 
            "genders": [
                {
                    "gender": "Male", 
                    "dispositions": [
                        {
                            "disposition": "Applications Received", 
                            "count": 3, 
                            "value": 715
                        }, 
                        {
                            "disposition": "Loans Originated", 
                            "count": 2, 
                            "value": 585
                        }, 
                        {
                            "disposition": "Apps. Approved But Not Accepted", 
                            "count": 0, 
                            "value": 0
                        }, 
                        {
                            "disposition": "Aplications Denied", 
                            "count": 1, 
                            "value": 130
                        }, 
                        {
                            "disposition": "Applications Withdrawn", 
                            "count": 0, 
                            "value": 0
                        }, 
                        {
                            "disposition": "Files Closed For Incompleteness", 
                            "count": 0, 
                            "value": 0
                        }
                    ]
                }, 
                {
                    "gender": "Female", 
                    "dispositions": [
                        {
                            "disposition": "Applications Received", 
                            "count": 3, 
                            "value": 374
                        }, 
                        {
                            "disposition": "Loans Originated", 
                            "count": 3, 
                            "value": 374
                        }, 
                        {
                            "disposition": "Apps. Approved But Not Accepted", 
                            "count": 0, 
                            "value": 0
                        }, 
                        {
                            "disposition": "Aplications Denied", 
                            "count": 0, 
                            "value": 0
                        }, 
                        {
                            "disposition": "Applications Withdrawn", 
                            "count": 0, 
                            "value": 0
                        }, 
                        {
                            "disposition": "Files Closed For Incompleteness", 
                            "count": 0, 
                            "value": 0
                        }
                    ]
                }, 
                {
                    "gender": "Joint (Male/Female)", 
                    "dispositions": [
                        {
                            "disposition": "Applications Received", 
                            "count": 82, 
                            "value": 24446
                        }, 
                        {
                            "disposition": "Loans Originated", 
                            "count": 70, 
                            "value": 20865
                        }, 
                        {
                            "disposition": "Apps. Approved But Not Accepted", 
                            "count": 3, 
                            "value": 741
                        }, 
                        {
                            "disposition": "Aplications Denied", 
                            "count": 4, 
                            "value": 1317
                        }, 
                        {
                            "disposition": "Applications Withdrawn", 
                            "count": 5, 
                            "value": 1523
                        }, 
                        {
                            "disposition": "Files Closed For Incompleteness", 
                            "count": 0, 
                            "value": 0
                        }
                    ]
                }
            ]
        }, 
        {
            "race": "Not Available", 
            "dispositions": [
                {
                    "disposition": "Applications Received", 
                    "count": 403, 
                    "value": 105238
                }, 
                {
                    "disposition": "Loans Originated", 
                    "count": 282, 
                    "value": 75637
                }, 
                {
                    "disposition": "Apps. Approved But Not Accepted", 
                    "count": 27, 
                    "value": 6967
                }, 
                {
                    "disposition": "Aplications Denied", 
                    "count": 36, 
                    "value": 8036
                }, 
                {
                    "disposition": "Applications Withdrawn", 
                    "count": 53, 
                    "value": 12429
                }, 
                {
                    "disposition": "Files Closed For Incompleteness", 
                    "count": 5, 
                    "value": 2169
                }
            ], 
            "genders": [
                {
                    "gender": "Male", 
                    "dispositions": [
                        {
                            "disposition": "Applications Received", 
                            "count": 31, 
                            "value": 7688
                        }, 
                        {
                            "disposition": "Loans Originated", 
                            "count": 17, 
                            "value": 4343
                        }, 
                        {
                            "disposition": "Apps. Approved But Not Accepted", 
                            "count": 6, 
                            "value": 1445
                        }, 
                        {
                            "disposition": "Aplications Denied", 
                            "count": 1, 
                            "value": 80
                        }, 
                        {
                            "disposition": "Applications Withdrawn", 
                            "count": 7, 
                            "value": 1820
                        }, 
                        {
                            "disposition": "Files Closed For Incompleteness", 
                            "count": 0, 
                            "value": 0
                        }
                    ]
                }, 
                {
                    "gender": "Female", 
                    "dispositions": [
                        {
                            "disposition": "Applications Received", 
                            "count": 18, 
                            "value": 4093
                        }, 
                        {
                            "disposition": "Loans Originated", 
                            "count": 9, 
                            "value": 2303
                        }, 
                        {
                            "disposition": "Apps. Approved But Not Accepted", 
                            "count": 2, 
                            "value": 308
                        }, 
                        {
                            "disposition": "Aplications Denied", 
                            "count": 5, 
                            "value": 818
                        }, 
                        {
                            "disposition": "Applications Withdrawn", 
                            "count": 2, 
                            "value": 664
                        }, 
                        {
                            "disposition": "Files Closed For Incompleteness", 
                            "count": 0, 
                            "value": 0
                        }
                    ]
                }, 
                {
                    "gender": "Joint (Male/Female)", 
                    "dispositions": [
                        {
                            "disposition": "Applications Received", 
                            "count": 36, 
                            "value": 10550
                        }, 
                        {
                            "disposition": "Loans Originated", 
                            "count": 25, 
                            "value": 7730
                        }, 
                        {
                            "disposition": "Apps. Approved But Not Accepted", 
                            "count": 1, 
                            "value": 218
                        }, 
                        {
                            "disposition": "Aplications Denied", 
                            "count": 5, 
                            "value": 1053
                        }, 
                        {
                            "disposition": "Applications Withdrawn", 
                            "count": 4, 
                            "value": 1166
                        }, 
                        {
                            "disposition": "Files Closed For Incompleteness", 
                            "count": 1, 
                            "value": 383
                        }
                    ]
                }
            ]
        }
    ], 
    "ethnicities": [
        {
            "ethnicity": "Hispanic or Latino", 
            "dispositions": [
                {
                    "disposition": "Applications Received", 
                    "count": 67, 
                    "value": 15398
                }, 
                {
                    "disposition": "Loans Originated", 
                    "count": 48, 
                    "value": 11710
                }, 
                {
                    "disposition": "Apps. Approved But Not Accepted", 
                    "count": 6, 
                    "value": 1509
                }, 
                {
                    "disposition": "Aplications Denied", 
                    "count": 5, 
                    "value": 617
                }, 
                {
                    "disposition": "Applications Withdrawn", 
                    "count": 8, 
                    "value": 1562
                }, 
                {
                    "disposition": "Files Closed For Incompleteness", 
                    "count": 0, 
                    "value": 0
                }
            ], 
            "genders": [
                {
                    "gender": "Male", 
                    "dispositions": [
                        {
                            "disposition": "Applications Received", 
                            "count": 24, 
                            "value": 24
                        }, 
                        {
                            "disposition": "Loans Originated", 
                            "count": 19, 
                            "value": 4633
                        }, 
                        {
                            "disposition": "Apps. Approved But Not Accepted", 
                            "count": 1, 
                            "value": 270
                        }, 
                        {
                            "disposition": "Aplications Denied", 
                            "count": 2, 
                            "value": 264
                        }, 
                        {
                            "disposition": "Applications Withdrawn", 
                            "count": 2, 
                            "value": 266
                        }, 
                        {
                            "disposition": "Files Closed For Incompleteness", 
                            "count": 0, 
                            "value": 0
                        }
                    ]
                }, 
                {
                    "gender": "Female", 
                    "dispositions": [
                        {
                            "disposition": "Applications Received", 
                            "count": 25, 
                            "value": 25
                        }, 
                        {
                            "disposition": "Loans Originated", 
                            "count": 15, 
                            "value": 3599
                        }, 
                        {
                            "disposition": "Apps. Approved But Not Accepted", 
                            "count": 3, 
                            "value": 598
                        }, 
                        {
                            "disposition": "Aplications Denied", 
                            "count": 3, 
                            "value": 353
                        }, 
                        {
                            "disposition": "Applications Withdrawn", 
                            "count": 4, 
                            "value": 1025
                        }, 
                        {
                            "disposition": "Files Closed For Incompleteness", 
                            "count": 0, 
                            "value": 0
                        }
                    ]
                }, 
                {
                    "gender": "Joint (Male/Female)", 
                    "dispositions": [
                        {
                            "disposition": "Applications Received", 
                            "count": 17, 
                            "value": 17
                        }, 
                        {
                            "disposition": "Loans Originated", 
                            "count": 13, 
                            "value": 3424
                        }, 
                        {
                            "disposition": "Apps. Approved But Not Accepted", 
                            "count": 2, 
                            "value": 641
                        }, 
                        {
                            "disposition": "Aplications Denied", 
                            "count": 0, 
                            "value": 0
                        }, 
                        {
                            "disposition": "Applications Withdrawn", 
                            "count": 2, 
                            "value": 271
                        }, 
                        {
                            "disposition": "Files Closed For Incompleteness", 
                            "count": 0, 
                            "value": 0
                        }
                    ]
                }
            ]
        }, 
        {
            "ethnicity": "Not Hispanic or Latino", 
            "dispositions": [
                {
                    "disposition": "Applications Received", 
                    "count": 2564, 
                    "value": 675100
                }, 
                {
                    "disposition": "Loans Originated", 
                    "count": 2010, 
                    "value": 535424
                }, 
                {
                    "disposition": "Apps. Approved But Not Accepted", 
                    "count": 186, 
                    "value": 51322
                }, 
                {
                    "disposition": "Aplications Denied", 
                    "count": 135, 
                    "value": 31364
                }, 
                {
                    "disposition": "Applications Withdrawn", 
                    "count": 218, 
                    "value": 53815
                }, 
                {
                    "disposition": "Files Closed For Incompleteness", 
                    "count": 15, 
                    "value": 3175
                }
            ], 
            "genders": [
                {
                    "gender": "Male", 
                    "dispositions": [
                        {
                            "disposition": "Applications Received", 
                            "count": 757, 
                            "value": 757
                        }, 
                        {
                            "disposition": "Loans Originated", 
                            "count": 569, 
                            "value": 144084
                        }, 
                        {
                            "disposition": "Apps. Approved But Not Accepted", 
                            "count": 66, 
                            "value": 17490
                        }, 
                        {
                            "disposition": "Aplications Denied", 
                            "count": 45, 
                            "value": 8945
                        }, 
                        {
                            "disposition": "Applications Withdrawn", 
                            "count": 71, 
                            "value": 16317
                        }, 
                        {
                            "disposition": "Files Closed For Incompleteness", 
                            "count": 6, 
                            "value": 1623
                        }
                    ]
                }, 
                {
                    "gender": "Female", 
                    "dispositions": [
                        {
                            "disposition": "Applications Received", 
                            "count": 604, 
                            "value": 604
                        }, 
                        {
                            "disposition": "Loans Originated", 
                            "count": 475, 
                            "value": 96787
                        }, 
                        {
                            "disposition": "Apps. Approved But Not Accepted", 
                            "count": 43, 
                            "value": 9928
                        }, 
                        {
                            "disposition": "Aplications Denied", 
                            "count": 32, 
                            "value": 6357
                        }, 
                        {
                            "disposition": "Applications Withdrawn", 
                            "count": 47, 
                            "value": 9775
                        }, 
                        {
                            "disposition": "Files Closed For Incompleteness", 
                            "count": 7, 
                            "value": 993
                        }
                    ]
                }, 
                {
                    "gender": "Joint (Male/Female)", 
                    "dispositions": [
                        {
                            "disposition": "Applications Received", 
                            "count": 1194, 
                            "value": 1194
                        }, 
                        {
                            "disposition": "Loans Originated", 
                            "count": 958, 
                            "value": 292541
                        }, 
                        {
                            "disposition": "Apps. Approved But Not Accepted", 
                            "count": 77, 
                            "value": 23904
                        }, 
                        {
                            "disposition": "Aplications Denied", 
                            "count": 57, 
                            "value": 15860
                        }, 
                        {
                            "disposition": "Applications Withdrawn", 
                            "count": 100, 
                            "value": 27723
                        }, 
                        {
                            "disposition": "Files Closed For Incompleteness", 
                            "count": 2, 
                            "value": 559
                        }
                    ]
                }
            ]
        }, 
        {
            "ethnicity": "Joint (Hispanic or Latino/Not Hispanic or Latino", 
            "dispositions": [
                {
                    "disposition": "Applications Received", 
                    "count": 43, 
                    "value": 12680
                }, 
                {
                    "disposition": "Loans Originated", 
                    "count": 31, 
                    "value": 9312
                }, 
                {
                    "disposition": "Apps. Approved But Not Accepted", 
                    "count": 4, 
                    "value": 1186
                }, 
                {
                    "disposition": "Aplications Denied", 
                    "count": 4, 
                    "value": 1046
                }, 
                {
                    "disposition": "Applications Withdrawn", 
                    "count": 4, 
                    "value": 1136
                }, 
                {
                    "disposition": "Files Closed For Incompleteness", 
                    "count": 0, 
                    "value": 0
                }
            ], 
            "genders": [
                {
                    "gender": "Male", 
                    "dispositions": [
                        {
                            "disposition": "Applications Received", 
                            "count": 2, 
                            "value": 2
                        }, 
                        {
                            "disposition": "Loans Originated", 
                            "count": 2, 
                            "value": 345
                        }, 
                        {
                            "disposition": "Apps. Approved But Not Accepted", 
                            "count": 0, 
                            "value": 0
                        }, 
                        {
                            "disposition": "Aplications Denied", 
                            "count": 0, 
                            "value": 0
                        }, 
                        {
                            "disposition": "Applications Withdrawn", 
                            "count": 0, 
                            "value": 0
                        }, 
                        {
                            "disposition": "Files Closed For Incompleteness", 
                            "count": 0, 
                            "value": 0
                        }
                    ]
                }, 
                {
                    "gender": "Female", 
                    "dispositions": [
                        {
                            "disposition": "Applications Received", 
                            "count": 1, 
                            "value": 1
                        }, 
                        {
                            "disposition": "Loans Originated", 
                            "count": 0, 
                            "value": 0
                        }, 
                        {
                            "disposition": "Apps. Approved But Not Accepted", 
                            "count": 0, 
                            "value": 0
                        }, 
                        {
                            "disposition": "Aplications Denied", 
                            "count": 1, 
                            "value": 35
                        }, 
                        {
                            "disposition": "Applications Withdrawn", 
                            "count": 0, 
                            "value": 0
                        }, 
                        {
                            "disposition": "Files Closed For Incompleteness", 
                            "count": 0, 
                            "value": 0
                        }
                    ]
                }, 
                {
                    "gender": "Joint (Male/Female)", 
                    "dispositions": [
                        {
                            "disposition": "Applications Received", 
                            "count": 40, 
                            "value": 40
                        }, 
                        {
                            "disposition": "Loans Originated", 
                            "count": 29, 
                            "value": 8967
                        }, 
                        {
                            "disposition": "Apps. Approved But Not Accepted", 
                            "count": 4, 
                            "value": 1186
                        }, 
                        {
                            "disposition": "Aplications Denied", 
                            "count": 3, 
                            "value": 1011
                        }, 
                        {
                            "disposition": "Applications Withdrawn", 
                            "count": 4, 
                            "value": 1136
                        }, 
                        {
                            "disposition": "Files Closed For Incompleteness", 
                            "count": 0, 
                            "value": 0
                        }
                    ]
                }
            ]
        }, 
        {
            "ethnicity": "Ethnicity Not Available", 
            "dispositions": [
                {
                    "disposition": "Applications Received", 
                    "count": 412, 
                    "value": 105875
                }, 
                {
                    "disposition": "Loans Originated", 
                    "count": 289, 
                    "value": 77201
                }, 
                {
                    "disposition": "Apps. Approved But Not Accepted", 
                    "count": 25, 
                    "value": 6063
                }, 
                {
                    "disposition": "Aplications Denied", 
                    "count": 39, 
                    "value": 8288
                }, 
                {
                    "disposition": "Applications Withdrawn", 
                    "count": 52, 
                    "value": 11827
                }, 
                {
                    "disposition": "Files Closed For Incompleteness", 
                    "count": 7, 
                    "value": 2496
                }
            ], 
            "genders": [
                {
                    "gender": "Male", 
                    "dispositions": [
                        {
                            "disposition": "Applications Received", 
                            "count": 34, 
                            "value": 34
                        }, 
                        {
                            "disposition": "Loans Originated", 
                            "count": 21, 
                            "value": 5178
                        }, 
                        {
                            "disposition": "Apps. Approved But Not Accepted", 
                            "count": 2, 
                            "value": 399
                        }, 
                        {
                            "disposition": "Aplications Denied", 
                            "count": 4, 
                            "value": 370
                        }, 
                        {
                            "disposition": "Applications Withdrawn", 
                            "count": 6, 
                            "value": 1550
                        }, 
                        {
                            "disposition": "Files Closed For Incompleteness", 
                            "count": 1, 
                            "value": 219
                        }
                    ]
                }, 
                {
                    "gender": "Female", 
                    "dispositions": [
                        {
                            "disposition": "Applications Received", 
                            "count": 20, 
                            "value": 20
                        }, 
                        {
                            "disposition": "Loans Originated", 
                            "count": 12, 
                            "value": 2583
                        }, 
                        {
                            "disposition": "Apps. Approved But Not Accepted", 
                            "count": 3, 
                            "value": 363
                        }, 
                        {
                            "disposition": "Aplications Denied", 
                            "count": 4, 
                            "value": 786
                        }, 
                        {
                            "disposition": "Applications Withdrawn", 
                            "count": 1, 
                            "value": 252
                        }, 
                        {
                            "disposition": "Files Closed For Incompleteness", 
                            "count": 0, 
                            "value": 0
                        }
                    ]
                }, 
                {
                    "gender": "Joint (Male/Female)", 
                    "dispositions": [
                        {
                            "disposition": "Applications Received", 
                            "count": 45, 
                            "value": 45
                        }, 
                        {
                            "disposition": "Loans Originated", 
                            "count": 31, 
                            "value": 9418
                        }, 
                        {
                            "disposition": "Apps. Approved But Not Accepted", 
                            "count": 2, 
                            "value": 305
                        }, 
                        {
                            "disposition": "Aplications Denied", 
                            "count": 5, 
                            "value": 988
                        }, 
                        {
                            "disposition": "Applications Withdrawn", 
                            "count": 5, 
                            "value": 1246
                        }, 
                        {
                            "disposition": "Files Closed For Incompleteness", 
                            "count": 2, 
                            "value": 491
                        }
                    ]
                }
            ]
        }
    ], 
    "minoritystatuses": [
        {
            "minoritystatus": "White Non-Hispanic", 
            "dispositions": [
                {
                    "disposition": "Applications Received", 
                    "count": 2680, 
                    "value": 708225
                }, 
                {
                    "disposition": "Loans Originated", 
                    "count": 2072, 
                    "value": 556305
                }, 
                {
                    "disposition": "Apps. Approved But Not Accepted", 
                    "count": 195, 
                    "value": 54054
                }, 
                {
                    "disposition": "Aplications Denied", 
                    "count": 152, 
                    "value": 35197
                }, 
                {
                    "disposition": "Applications Withdrawn", 
                    "count": 240, 
                    "value": 57313
                }, 
                {
                    "disposition": "Files Closed For Incompleteness", 
                    "count": 21, 
                    "value": 5356
                }
            ], 
            "genders": [
                {
                    "gender": "Male", 
                    "dispositions": [
                        {
                            "disposition": "Applications Received", 
                            "count": 180458, 
                            "value": 0
                        }, 
                        {
                            "disposition": "Loans Originated", 
                            "count": 545, 
                            "value": 138480
                        }, 
                        {
                            "disposition": "Apps. Approved But Not Accepted", 
                            "count": 62, 
                            "value": 17018
                        }, 
                        {
                            "disposition": "Aplications Denied", 
                            "count": 40, 
                            "value": 8016
                        }, 
                        {
                            "disposition": "Applications Withdrawn", 
                            "count": 65, 
                            "value": 14383
                        }, 
                        {
                            "disposition": "Files Closed For Incompleteness", 
                            "count": 7, 
                            "value": 1842
                        }
                    ]
                }, 
                {
                    "gender": "Female", 
                    "dispositions": [
                        {
                            "disposition": "Applications Received", 
                            "count": 113472, 
                            "value": 0
                        }, 
                        {
                            "disposition": "Loans Originated", 
                            "count": 422, 
                            "value": 87434
                        }, 
                        {
                            "disposition": "Apps. Approved But Not Accepted", 
                            "count": 43, 
                            "value": 9551
                        }, 
                        {
                            "disposition": "Aplications Denied", 
                            "count": 32, 
                            "value": 6472
                        }, 
                        {
                            "disposition": "Applications Withdrawn", 
                            "count": 42, 
                            "value": 8476
                        }, 
                        {
                            "disposition": "Files Closed For Incompleteness", 
                            "count": 7, 
                            "value": 993
                        }
                    ]
                }, 
                {
                    "gender": "Joint (Male/Female)", 
                    "dispositions": [
                        {
                            "disposition": "Applications Received", 
                            "count": 332991, 
                            "value": 0
                        }, 
                        {
                            "disposition": "Loans Originated", 
                            "count": 873, 
                            "value": 268432
                        }, 
                        {
                            "disposition": "Apps. Approved But Not Accepted", 
                            "count": 72, 
                            "value": 22489
                        }, 
                        {
                            "disposition": "Aplications Denied", 
                            "count": 54, 
                            "value": 14565
                        }, 
                        {
                            "disposition": "Applications Withdrawn", 
                            "count": 93, 
                            "value": 25675
                        }, 
                        {
                            "disposition": "Files Closed For Incompleteness", 
                            "count": 3, 
                            "value": 735
                        }
                    ]
                }
            ]
        }, 
        {
            "minoritystatus": "Others, Including Hispanic", 
            "dispositions": [
                {
                    "disposition": "Applications Received", 
                    "count": 406, 
                    "value": 100828
                }, 
                {
                    "disposition": "Loans Originated", 
                    "count": 306, 
                    "value": 77342
                }, 
                {
                    "disposition": "Apps. Approved But Not Accepted", 
                    "count": 26, 
                    "value": 6026
                }, 
                {
                    "disposition": "Aplications Denied", 
                    "count": 31, 
                    "value": 6118
                }, 
                {
                    "disposition": "Applications Withdrawn", 
                    "count": 42, 
                    "value": 11027
                }, 
                {
                    "disposition": "Files Closed For Incompleteness", 
                    "count": 1, 
                    "value": 315
                }
            ], 
            "genders": [
                {
                    "gender": "Male", 
                    "dispositions": [
                        {
                            "disposition": "Applications Received", 
                            "count": 22312, 
                            "value": 0
                        }, 
                        {
                            "disposition": "Loans Originated", 
                            "count": 66, 
                            "value": 15760
                        }, 
                        {
                            "disposition": "Apps. Approved But Not Accepted", 
                            "count": 7, 
                            "value": 1141
                        }, 
                        {
                            "disposition": "Aplications Denied", 
                            "count": 11, 
                            "value": 1563
                        }, 
                        {
                            "disposition": "Applications Withdrawn", 
                            "count": 14, 
                            "value": 3750
                        }, 
                        {
                            "disposition": "Files Closed For Incompleteness", 
                            "count": 0, 
                            "value": 0
                        }
                    ]
                }, 
                {
                    "gender": "Female", 
                    "dispositions": [
                        {
                            "disposition": "Applications Received", 
                            "count": 20612, 
                            "value": 0
                        }, 
                        {
                            "disposition": "Loans Originated", 
                            "count": 80, 
                            "value": 15535
                        }, 
                        {
                            "disposition": "Apps. Approved But Not Accepted", 
                            "count": 6, 
                            "value": 1338
                        }, 
                        {
                            "disposition": "Aplications Denied", 
                            "count": 8, 
                            "value": 1059
                        }, 
                        {
                            "disposition": "Applications Withdrawn", 
                            "count": 10, 
                            "value": 2576
                        }, 
                        {
                            "disposition": "Files Closed For Incompleteness", 
                            "count": 0, 
                            "value": 0
                        }
                    ]
                }, 
                {
                    "gender": "Joint (Male/Female)", 
                    "dispositions": [
                        {
                            "disposition": "Applications Received", 
                            "count": 57976, 
                            "value": 0
                        }, 
                        {
                            "disposition": "Loans Originated", 
                            "count": 158, 
                            "value": 45918
                        }, 
                        {
                            "disposition": "Apps. Approved But Not Accepted", 
                            "count": 13, 
                            "value": 3547
                        }, 
                        {
                            "disposition": "Aplications Denied", 
                            "count": 11, 
                            "value": 3294
                        }, 
                        {
                            "disposition": "Applications Withdrawn", 
                            "count": 18, 
                            "value": 4701
                        }, 
                        {
                            "disposition": "Files Closed For Incompleteness", 
                            "count": 1, 
                            "value": 315
                        }
                    ]
                }
            ]
        }
    ], 
    "incomes": [
        {
            "income": "Less than 50% of MSA/MD median", 
            "dispositions": [
                {
                    "disposition": "Applications Received", 
                    "count": 235, 
                    "value": 30502
                }, 
                {
                    "disposition": "Loans Originated", 
                    "count": 171, 
                    "value": 21791
                }, 
                {
                    "disposition": "Apps. Approved But Not Accepted", 
                    "count": 10, 
                    "value": 1079
                }, 
                {
                    "disposition": "Aplications Denied", 
                    "count": 34, 
                    "value": 5082
                }, 
                {
                    "disposition": "Applications Withdrawn", 
                    "count": 17, 
                    "value": 2138
                }, 
                {
                    "disposition": "Files Closed For Incompleteness", 
                    "count": 3, 
                    "value": 412
                }
            ]
        }, 
        {
            "income": "50-79% of MSA/MD median", 
            "dispositions": [
                {
                    "disposition": "Applications Received", 
                    "count": 568, 
                    "value": 107693
                }, 
                {
                    "disposition": "Loans Originated", 
                    "count": 444, 
                    "value": 85263
                }, 
                {
                    "disposition": "Apps. Approved But Not Accepted", 
                    "count": 34, 
                    "value": 6158
                }, 
                {
                    "disposition": "Aplications Denied", 
                    "count": 36, 
                    "value": 6402
                }, 
                {
                    "disposition": "Applications Withdrawn", 
                    "count": 51, 
                    "value": 9269
                }, 
                {
                    "disposition": "Files Closed For Incompleteness", 
                    "count": 3, 
                    "value": 601
                }
            ]
        }, 
        {
            "income": "80-99% of MSA/MD median", 
            "dispositions": [
                {
                    "disposition": "Applications Received", 
                    "count": 386, 
                    "value": 82991
                }, 
                {
                    "disposition": "Loans Originated", 
                    "count": 306, 
                    "value": 67568
                }, 
                {
                    "disposition": "Apps. Approved But Not Accepted", 
                    "count": 24, 
                    "value": 5057
                }, 
                {
                    "disposition": "Aplications Denied", 
                    "count": 25, 
                    "value": 4479
                }, 
                {
                    "disposition": "Applications Withdrawn", 
                    "count": 28, 
                    "value": 5553
                }, 
                {
                    "disposition": "Files Closed For Incompleteness", 
                    "count": 3, 
                    "value": 334
                }
            ]
        }, 
        {
            "income": "100-119% of MSA/MD median", 
            "dispositions": [
                {
                    "disposition": "Applications Received", 
                    "count": 339, 
                    "value": 85881
                }, 
                {
                    "disposition": "Loans Originated", 
                    "count": 266, 
                    "value": 67964
                }, 
                {
                    "disposition": "Apps. Approved But Not Accepted", 
                    "count": 30, 
                    "value": 7589
                }, 
                {
                    "disposition": "Aplications Denied", 
                    "count": 14, 
                    "value": 3101
                }, 
                {
                    "disposition": "Applications Withdrawn", 
                    "count": 28, 
                    "value": 7008
                }, 
                {
                    "disposition": "Files Closed For Incompleteness", 
                    "count": 1, 
                    "value": 219
                }
            ]
        }, 
        {
            "income": "120% or more of MSA/MD median", 
            "dispositions": [
                {
                    "disposition": "Applications Received", 
                    "count": 1505, 
                    "value": 488959
                }, 
                {
                    "disposition": "Loans Originated", 
                    "count": 1166, 
                    "value": 384492
                }, 
                {
                    "disposition": "Apps. Approved But Not Accepted", 
                    "count": 123, 
                    "value": 40197
                }, 
                {
                    "disposition": "Aplications Denied", 
                    "count": 71, 
                    "value": 21227
                }, 
                {
                    "disposition": "Applications Withdrawn", 
                    "count": 136, 
                    "value": 39499
                }, 
                {
                    "disposition": "Files Closed For Incompleteness", 
                    "count": 9, 
                    "value": 3544
                }
            ]
        }, 
        {
            "income": "Income not available", 
            "dispositions": [
                {
                    "disposition": "Applications Received", 
                    "count": 53, 
                    "value": 13027
                }, 
                {
                    "disposition": "Loans Originated", 
                    "count": 25, 
                    "value": 6569
                }, 
                {
                    "disposition": "Apps. Approved But Not Accepted", 
                    "count": 0, 
                    "value": 0
                }, 
                {
                    "disposition": "Aplications Denied", 
                    "count": 3, 
                    "value": 1024
                }, 
                {
                    "disposition": "Applications Withdrawn", 
                    "count": 22, 
                    "value": 4873
                }, 
                {
                    "disposition": "Files Closed For Incompleteness", 
                    "count": 3, 
                    "value": 561
                }
            ]
        }
    ], 
    "total": [
        {
            "disposition": "Applications Received", 
            "count": 0, 
            "value": 0
        }, 
        {
            "disposition": "Loans Originated", 
            "count": 2378, 
            "value": 633647
        }, 
        {
            "disposition": "Apps. Approved But Not Accepted", 
            "count": 221, 
            "value": 60080
        }, 
        {
            "disposition": "Aplications Denied", 
            "count": 183, 
            "value": 41315
        }, 
        {
            "disposition": "Applications Withdrawn", 
            "count": 282, 
            "value": 68340
        }, 
        {
            "disposition": "Files Closed For Incompleteness", 
            "count": 22, 
            "value": 5671
        }
    ]
}