{
    "table": "3-2", 
    "type": "Aggregate", 
    "desc": "Pricing Information for First and Junior Lien Loans Sold by Type of Purchaser (includes originations only).", 
    "year": "2012", 
    "msa": {
        "id": "42680", 
        "name": "Sebastian-Vero-Beach", 
        "state": "FL", 
        "state_name": "Florida"
    }, 
    "pricinginformation": [
        {
            "pricing": "No reported pricing data", 
            "purchasers": [
                {
                    "name": "Fannie Mae", 
                    "first lien count": 1166, 
                    "first lien value": 198912, 
                    "junior lien count": 0, 
                    "junior lien value": 0
                }, 
                {
                    "name": "Ginnie Mae", 
                    "first lien count": 253, 
                    "first lien value": 38767, 
                    "junior lien count": 0, 
                    "junior lien value": 0
                }, 
                {
                    "name": "Freddie Mac", 
                    "first lien count": 668, 
                    "first lien value": 106725, 
                    "junior lien count": 0, 
                    "junior lien value": 0
                }, 
                {
                    "name": "Farmer Mac", 
                    "first lien count": 1, 
                    "first lien value": 102, 
                    "junior lien count": 0, 
                    "junior lien value": 0
                }, 
                {
                    "name": "Private Securitization", 
                    "first lien count": 34, 
                    "first lien value": 6434, 
                    "junior lien count": 0, 
                    "junior lien value": 0
                }, 
                {
                    "name": "Commercial bank, savings bank or association", 
                    "first lien count": 462, 
                    "first lien value": 81201, 
                    "junior lien count": 0, 
                    "junior lien value": 0
                }, 
                {
                    "name": "Life insurance co., credit union, finance co.", 
                    "first lien count": 90, 
                    "first lien value": 11175, 
                    "junior lien count": 0, 
                    "junior lien value": 0
                }, 
                {
                    "name": "Affiliate institution", 
                    "first lien count": 113, 
                    "first lien value": 18709, 
                    "junior lien count": 0, 
                    "junior lien value": 0
                }, 
                {
                    "name": "Other", 
                    "first lien count": 3208, 
                    "first lien value": 744736, 
                    "junior lien count": 68, 
                    "junior lien value": 2048
                }
            ]
        }, 
        {
            "pricing": "reported pricing data", 
            "purchasers": [
                {
                    "name": "Fannie Mae", 
                    "first lien count": 29, 
                    "first lien value": 3528, 
                    "junior lien count": 0, 
                    "junior lien value": 0
                }, 
                {
                    "name": "Ginnie Mae", 
                    "first lien count": 5, 
                    "first lien value": 382, 
                    "junior lien count": 0, 
                    "junior lien value": 0
                }, 
                {
                    "name": "Freddie Mac", 
                    "first lien count": 14, 
                    "first lien value": 1718, 
                    "junior lien count": 0, 
                    "junior lien value": 0
                }, 
                {
                    "name": "Farmer Mac", 
                    "first lien count": 0, 
                    "first lien value": 0, 
                    "junior lien count": 0, 
                    "junior lien value": 0
                }, 
                {
                    "name": "Private Securitization", 
                    "first lien count": 0, 
                    "first lien value": 0, 
                    "junior lien count": 0, 
                    "junior lien value": 0
                }, 
                {
                    "name": "Commercial bank, savings bank or association", 
                    "first lien count": 5, 
                    "first lien value": 486, 
                    "junior lien count": 0, 
                    "junior lien value": 0
                }, 
                {
                    "name": "Life insurance co., credit union, finance co.", 
                    "first lien count": 1, 
                    "first lien value": 49, 
                    "junior lien count": 0, 
                    "junior lien value": 0
                }, 
                {
                    "name": "Affiliate institution", 
                    "first lien count": 0, 
                    "first lien value": 0, 
                    "junior lien count": 0, 
                    "junior lien value": 0
                }, 
                {
                    "name": "Other", 
                    "first lien count": 39, 
                    "first lien value": 5979, 
                    "junior lien count": 3, 
                    "junior lien value": 93
                }
            ]
        }
    ], 
    "points": [
        {
            "point": "1.50 - 1.99", 
            "purchasers": [
                {
                    "name": "Fannie Mae", 
                    "first lien count": 26, 
                    "first lien value": 3166, 
                    "junior lien count": 0, 
                    "junior lien value": 0
                }, 
                {
                    "name": "Ginnie Mae", 
                    "first lien count": 1, 
                    "first lien value": 86, 
                    "junior lien count": 0, 
                    "junior lien value": 0
                }, 
                {
                    "name": "Freddie Mac", 
                    "first lien count": 13, 
                    "first lien value": 1647, 
                    "junior lien count": 0, 
                    "junior lien value": 0
                }, 
                {
                    "name": "Farmer Mac", 
                    "first lien count": 0, 
                    "first lien value": 0, 
                    "junior lien count": 0, 
                    "junior lien value": 0
                }, 
                {
                    "name": "Private Securitization", 
                    "first lien count": 0, 
                    "first lien value": 0, 
                    "junior lien count": 0, 
                    "junior lien value": 0
                }, 
                {
                    "name": "Commercial bank, savings bank or association", 
                    "first lien count": 5, 
                    "first lien value": 486, 
                    "junior lien count": 0, 
                    "junior lien value": 0
                }, 
                {
                    "name": "Life insurance co., credit union, finance co.", 
                    "first lien count": 0, 
                    "first lien value": 0, 
                    "junior lien count": 0, 
                    "junior lien value": 0
                }, 
                {
                    "name": "Affiliate institution", 
                    "first lien count": 0, 
                    "first lien value": 0, 
                    "junior lien count": 0, 
                    "junior lien value": 0
                }, 
                {
                    "name": "Other", 
                    "first lien count": 16, 
                    "first lien value": 1502, 
                    "junior lien count": 0, 
                    "junior lien value": 0
                }
            ]
        }, 
        {
            "point": "2.00 - 2.49", 
            "purchasers": [
                {
                    "name": "Fannie Mae", 
                    "first lien count": 2, 
                    "first lien value": 132, 
                    "junior lien count": 0, 
                    "junior lien value": 0
                }, 
                {
                    "name": "Ginnie Mae", 
                    "first lien count": 1, 
                    "first lien value": 75, 
                    "junior lien count": 0, 
                    "junior lien value": 0
                }, 
                {
                    "name": "Freddie Mac", 
                    "first lien count": 0, 
                    "first lien value": 0, 
                    "junior lien count": 0, 
                    "junior lien value": 0
                }, 
                {
                    "name": "Farmer Mac", 
                    "first lien count": 0, 
                    "first lien value": 0, 
                    "junior lien count": 0, 
                    "junior lien value": 0
                }, 
                {
                    "name": "Private Securitization", 
                    "first lien count": 0, 
                    "first lien value": 0, 
                    "junior lien count": 0, 
                    "junior lien value": 0
                }, 
                {
                    "name": "Commercial bank, savings bank or association", 
                    "first lien count": 0, 
                    "first lien value": 0, 
                    "junior lien count": 0, 
                    "junior lien value": 0
                }, 
                {
                    "name": "Life insurance co., credit union, finance co.", 
                    "first lien count": 0, 
                    "first lien value": 0, 
                    "junior lien count": 0, 
                    "junior lien value": 0
                }, 
                {
                    "name": "Affiliate institution", 
                    "first lien count": 0, 
                    "first lien value": 0, 
                    "junior lien count": 0, 
                    "junior lien value": 0
                }, 
                {
                    "name": "Other", 
                    "first lien count": 5, 
                    "first lien value": 2269, 
                    "junior lien count": 0, 
                    "junior lien value": 0
                }
            ]
        }, 
        {
            "point": "2.50 - 2.99", 
            "purchasers": [
                {
                    "name": "Fannie Mae", 
                    "first lien count": 0, 
                    "first lien value": 0, 
                    "junior lien count": 0, 
                    "junior lien value": 0
                }, 
                {
                    "name": "Ginnie Mae", 
                    "first lien count": 0, 
                    "first lien value": 0, 
                    "junior lien count": 0, 
                    "junior lien value": 0
                }, 
                {
                    "name": "Freddie Mac", 
                    "first lien count": 1, 
                    "first lien value": 71, 
                    "junior lien count": 0, 
                    "junior lien value": 0
                }, 
                {
                    "name": "Farmer Mac", 
                    "first lien count": 0, 
                    "first lien value": 0, 
                    "junior lien count": 0, 
                    "junior lien value": 0
                }, 
                {
                    "name": "Private Securitization", 
                    "first lien count": 0, 
                    "first lien value": 0, 
                    "junior lien count": 0, 
                    "junior lien value": 0
                }, 
                {
                    "name": "Commercial bank, savings bank or association", 
                    "first lien count": 0, 
                    "first lien value": 0, 
                    "junior lien count": 0, 
                    "junior lien value": 0
                }, 
                {
                    "name": "Life insurance co., credit union, finance co.", 
                    "first lien count": 0, 
                    "first lien value": 0, 
                    "junior lien count": 0, 
                    "junior lien value": 0
                }, 
                {
                    "name": "Affiliate institution", 
                    "first lien count": 0, 
                    "first lien value": 0, 
                    "junior lien count": 0, 
                    "junior lien value": 0
                }, 
                {
                    "name": "Other", 
                    "first lien count": 9, 
                    "first lien value": 1238, 
                    "junior lien count": 0, 
                    "junior lien value": 0
                }
            ]
        }, 
        {
            "point": "3.00 - 3.49", 
            "purchasers": [
                {
                    "name": "Fannie Mae", 
                    "first lien count": 1, 
                    "first lien value": 230, 
                    "junior lien count": 0, 
                    "junior lien value": 0
                }, 
                {
                    "name": "Ginnie Mae", 
                    "first lien count": 3, 
                    "first lien value": 221, 
                    "junior lien count": 0, 
                    "junior lien value": 0
                }, 
                {
                    "name": "Freddie Mac", 
                    "first lien count": 0, 
                    "first lien value": 0, 
                    "junior lien count": 0, 
                    "junior lien value": 0
                }, 
                {
                    "name": "Farmer Mac", 
                    "first lien count": 0, 
                    "first lien value": 0, 
                    "junior lien count": 0, 
                    "junior lien value": 0
                }, 
                {
                    "name": "Private Securitization", 
                    "first lien count": 0, 
                    "first lien value": 0, 
                    "junior lien count": 0, 
                    "junior lien value": 0
                }, 
                {
                    "name": "Commercial bank, savings bank or association", 
                    "first lien count": 0, 
                    "first lien value": 0, 
                    "junior lien count": 0, 
                    "junior lien value": 0
                }, 
                {
                    "name": "Life insurance co., credit union, finance co.", 
                    "first lien count": 1, 
                    "first lien value": 49, 
                    "junior lien count": 0, 
                    "junior lien value": 0
                }, 
                {
                    "name": "Affiliate institution", 
                    "first lien count": 0, 
                    "first lien value": 0, 
                    "junior lien count": 0, 
                    "junior lien value": 0
                }, 
                {
                    "name": "Other", 
                    "first lien count": 4, 
                    "first lien value": 449, 
                    "junior lien count": 0, 
                    "junior lien value": 0
                }
            ]
        }, 
        {
            "point": "3.50 - 4.49", 
            "purchasers": [
                {
                    "name": "Fannie Mae", 
                    "first lien count": 0, 
                    "first lien value": 0, 
                    "junior lien count": 0, 
                    "junior lien value": 0
                }, 
                {
                    "name": "Ginnie Mae", 
                    "first lien count": 0, 
                    "first lien value": 0, 
                    "junior lien count": 0, 
                    "junior lien value": 0
                }, 
                {
                    "name": "Freddie Mac", 
                    "first lien count": 0, 
                    "first lien value": 0, 
                    "junior lien count": 0, 
                    "junior lien value": 0
                }, 
                {
                    "name": "Farmer Mac", 
                    "first lien count": 0, 
                    "first lien value": 0, 
                    "junior lien count": 0, 
                    "junior lien value": 0
                }, 
                {
                    "name": "Private Securitization", 
                    "first lien count": 0, 
                    "first lien value": 0, 
                    "junior lien count": 0, 
                    "junior lien value": 0
                }, 
                {
                    "name": "Commercial bank, savings bank or association", 
                    "first lien count": 0, 
                    "first lien value": 0, 
                    "junior lien count": 0, 
                    "junior lien value": 0
                }, 
                {
                    "name": "Life insurance co., credit union, finance co.", 
                    "first lien count": 0, 
                    "first lien value": 0, 
                    "junior lien count": 0, 
                    "junior lien value": 0
                }, 
                {
                    "name": "Affiliate institution", 
                    "first lien count": 0, 
                    "first lien value": 0, 
                    "junior lien count": 0, 
                    "junior lien value": 0
                }, 
                {
                    "name": "Other", 
                    "first lien count": 4, 
                    "first lien value": 496, 
                    "junior lien count": 1, 
                    "junior lien value": 50
                }
            ]
        }, 
        {
            "point": "4.50 - 5.49", 
            "purchasers": [
                {
                    "name": "Fannie Mae", 
                    "first lien count": 0, 
                    "first lien value": 0, 
                    "junior lien count": 0, 
                    "junior lien value": 0
                }, 
                {
                    "name": "Ginnie Mae", 
                    "first lien count": 0, 
                    "first lien value": 0, 
                    "junior lien count": 0, 
                    "junior lien value": 0
                }, 
                {
                    "name": "Freddie Mac", 
                    "first lien count": 0, 
                    "first lien value": 0, 
                    "junior lien count": 0, 
                    "junior lien value": 0
                }, 
                {
                    "name": "Farmer Mac", 
                    "first lien count": 0, 
                    "first lien value": 0, 
                    "junior lien count": 0, 
                    "junior lien value": 0
                }, 
                {
                    "name": "Private Securitization", 
                    "first lien count": 0, 
                    "first lien value": 0, 
                    "junior lien count": 0, 
                    "junior lien value": 0
                }, 
                {
                    "name": "Commercial bank, savings bank or association", 
                    "first lien count": 0, 
                    "first lien value": 0, 
                    "junior lien count": 0, 
                    "junior lien value": 0
                }, 
                {
                    "name": "Life insurance co., credit union, finance co.", 
                    "first lien count": 0, 
                    "first lien value": 0, 
                    "junior lien count": 0, 
                    "junior lien value": 0
                }, 
                {
                    "name": "Affiliate institution", 
                    "first lien count": 0, 
                    "first lien value": 0, 
                    "junior lien count": 0, 
                    "junior lien value": 0
                }, 
                {
                    "name": "Other", 
                    "first lien count": 0, 
                    "first lien value": 0, 
                    "junior lien count": 0, 
                    "junior lien value": 0
                }
            ]
        }, 
        {
            "point": "5.50 - 6.49", 
            "purchasers": [
                {
                    "name": "Fannie Mae", 
                    "first lien count": 0, 
                    "first lien value": 0, 
                    "junior lien count": 0, 
                    "junior lien value": 0
                }, 
                {
                    "name": "Ginnie Mae", 
                    "first lien count": 0, 
                    "first lien value": 0, 
                    "junior lien count": 0, 
                    "junior lien value": 0
                }, 
                {
                    "name": "Freddie Mac", 
                    "first lien count": 0, 
                    "first lien value": 0, 
                    "junior lien count": 0, 
                    "junior lien value": 0
                }, 
                {
                    "name": "Farmer Mac", 
                    "first lien count": 0, 
                    "first lien value": 0, 
                    "junior lien count": 0, 
                    "junior lien value": 0
                }, 
                {
                    "name": "Private Securitization", 
                    "first lien count": 0, 
                    "first lien value": 0, 
                    "junior lien count": 0, 
                    "junior lien value": 0
                }, 
                {
                    "name": "Commercial bank, savings bank or association", 
                    "first lien count": 0, 
                    "first lien value": 0, 
                    "junior lien count": 0, 
                    "junior lien value": 0
                }, 
                {
                    "name": "Life insurance co., credit union, finance co.", 
                    "first lien count": 0, 
                    "first lien value": 0, 
                    "junior lien count": 0, 
                    "junior lien value": 0
                }, 
                {
                    "name": "Affiliate institution", 
                    "first lien count": 0, 
                    "first lien value": 0, 
                    "junior lien count": 0, 
                    "junior lien value": 0
                }, 
                {
                    "name": "Other", 
                    "first lien count": 0, 
                    "first lien value": 0, 
                    "junior lien count": 0, 
                    "junior lien value": 0
                }
            ]
        }, 
        {
            "point": "6.5 or more", 
            "purchasers": [
                {
                    "name": "Fannie Mae", 
                    "first lien count": 0, 
                    "first lien value": 0, 
                    "junior lien count": 0, 
                    "junior lien value": 0
                }, 
                {
                    "name": "Ginnie Mae", 
                    "first lien count": 0, 
                    "first lien value": 0, 
                    "junior lien count": 0, 
                    "junior lien value": 0
                }, 
                {
                    "name": "Freddie Mac", 
                    "first lien count": 0, 
                    "first lien value": 0, 
                    "junior lien count": 0, 
                    "junior lien value": 0
                }, 
                {
                    "name": "Farmer Mac", 
                    "first lien count": 0, 
                    "first lien value": 0, 
                    "junior lien count": 0, 
                    "junior lien value": 0
                }, 
                {
                    "name": "Private Securitization", 
                    "first lien count": 0, 
                    "first lien value": 0, 
                    "junior lien count": 0, 
                    "junior lien value": 0
                }, 
                {
                    "name": "Commercial bank, savings bank or association", 
                    "first lien count": 0, 
                    "first lien value": 0, 
                    "junior lien count": 0, 
                    "junior lien value": 0
                }, 
                {
                    "name": "Life insurance co., credit union, finance co.", 
                    "first lien count": 0, 
                    "first lien value": 0, 
                    "junior lien count": 0, 
                    "junior lien value": 0
                }, 
                {
                    "name": "Affiliate institution", 
                    "first lien count": 0, 
                    "first lien value": 0, 
                    "junior lien count": 0, 
                    "junior lien value": 0
                }, 
                {
                    "name": "Other", 
                    "first lien count": 1, 
                    "first lien value": 25, 
                    "junior lien count": 2, 
                    "junior lien value": 43
                }
            ]
        }, 
        {
            "point": "mean", 
            "purchasers": [
                {
                    "name": "Fannie Mae", 
                    "first lien": 235.18, 
                    "junior lien": 0
                }, 
                {
                    "name": "Ginnie Mae", 
                    "first lien": 1043.15, 
                    "junior lien": 0
                }, 
                {
                    "name": "Freddie Mac", 
                    "first lien": 127.87, 
                    "junior lien": 0
                }, 
                {
                    "name": "Farmer Mac", 
                    "first lien": 0, 
                    "junior lien": 0
                }, 
                {
                    "name": "Private Securitization", 
                    "first lien": 0, 
                    "junior lien": 0
                }, 
                {
                    "name": "Commercial bank, savings bank or association", 
                    "first lien": 478.19, 
                    "junior lien": 0
                }, 
                {
                    "name": "Life insurance co., credit union, finance co.", 
                    "first lien": 2737.73, 
                    "junior lien": 0
                }, 
                {
                    "name": "Affiliate institution", 
                    "first lien": 0, 
                    "junior lien": 0
                }, 
                {
                    "name": "Other", 
                    "first lien": 96.57, 
                    "junior lien": 242.57
                }
            ]
        }, 
        {
            "point": "median", 
            "purchasers": [
                {
                    "name": "Fannie Mae", 
                    "first lien": 1.71, 
                    "junior lien": 3.85
                }, 
                {
                    "name": "Ginnie Mae", 
                    "first lien": 1.91, 
                    "junior lien": 0
                }, 
                {
                    "name": "Freddie Mac", 
                    "first lien": 1.71, 
                    "junior lien": 0
                }, 
                {
                    "name": "Farmer Mac", 
                    "first lien": 0, 
                    "junior lien": 0
                }, 
                {
                    "name": "Private Securitization", 
                    "first lien": 1.83, 
                    "junior lien": 0
                }, 
                {
                    "name": "Commercial bank, savings bank or association", 
                    "first lien": 1.75, 
                    "junior lien": 4.76
                }, 
                {
                    "name": "Life insurance co., credit union, finance co.", 
                    "first lien": 2.17, 
                    "junior lien": 4.91
                }, 
                {
                    "name": "Affiliate institution", 
                    "first lien": 1.76, 
                    "junior lien": 4.46
                }, 
                {
                    "name": "Other", 
                    "first lien": 2.7, 
                    "junior lien": 4.65
                }
            ]
        }
    ], 
    "hoepa": {
        "pricing": "hoepa loans", 
        "purchasers": [
            {
                "name": "Fannie Mae", 
                "first lien count": 0, 
                "first lien value": 0, 
                "junior lien count": 0, 
                "junior lien value": 0
            }, 
            {
                "name": "Ginnie Mae", 
                "first lien count": 0, 
                "first lien value": 0, 
                "junior lien count": 0, 
                "junior lien value": 0
            }, 
            {
                "name": "Freddie Mac", 
                "first lien count": 0, 
                "first lien value": 0, 
                "junior lien count": 0, 
                "junior lien value": 0
            }, 
            {
                "name": "Farmer Mac", 
                "first lien count": 0, 
                "first lien value": 0, 
                "junior lien count": 0, 
                "junior lien value": 0
            }, 
            {
                "name": "Private Securitization", 
                "first lien count": 0, 
                "first lien value": 0, 
                "junior lien count": 0, 
                "junior lien value": 0
            }, 
            {
                "name": "Commercial bank, savings bank or association", 
                "first lien count": 0, 
                "first lien value": 0, 
                "junior lien count": 0, 
                "junior lien value": 0
            }, 
            {
                "name": "Life insurance co., credit union, finance co.", 
                "first lien count": 0, 
                "first lien value": 0, 
                "junior lien count": 0, 
                "junior lien value": 0
            }, 
            {
                "name": "Affiliate institution", 
                "first lien count": 0, 
                "first lien value": 0, 
                "junior lien count": 0, 
                "junior lien value": 0
            }, 
            {
                "name": "Other", 
                "first lien count": 0, 
                "first lien value": 0, 
                "junior lien count": 0, 
                "junior lien value": 0
            }
        ]
    }
}