{
    "table": "3-1", 
    "type": "Aggregate", 
    "desc": "Loans sold, by characteristics of borrower and census tract in which property is located and by type of purchaser (includes originations and purchased loans),", 
    "year": "2012", 
    "msa": {
        "id": "20100", 
        "name": "Dover", 
        "state": "DE", 
        "state_name": "Delaware"
    }, 
    "borrowercharacteristics": [
        {
            "characteristic": "Race", 
            "races": [
                {
                    "race": "American Indian/Alaska Native", 
                    "purchasers": [
                        {
                            "name": "Fannie Mae", 
                            "count": 2, 
                            "value": 347.0
                        }, 
                        {
                            "name": "Ginnie Mae", 
                            "count": 7, 
                            "value": 1404.0
                        }, 
                        {
                            "name": "Freddie Mac", 
                            "count": 3, 
                            "value": 407.0
                        }, 
                        {
                            "name": "Farmer Mac", 
                            "count": 0, 
                            "value": 0
                        }, 
                        {
                            "name": "Private Securitization", 
                            "count": 0, 
                            "value": 0
                        }, 
                        {
                            "name": "Commercial bank, savings bank or association", 
                            "count": 1, 
                            "value": 269.0
                        }, 
                        {
                            "name": "Life insurance co., credit union, finance co.", 
                            "count": 0, 
                            "value": 0
                        }, 
                        {
                            "name": "Affiliate institution", 
                            "count": 0, 
                            "value": 0
                        }, 
                        {
                            "name": "Other", 
                            "count": 22, 
                            "value": 3208.0
                        }
                    ]
                }, 
                {
                    "race": "Asian", 
                    "purchasers": [
                        {
                            "name": "Fannie Mae", 
                            "count": 2, 
                            "value": 330.0
                        }, 
                        {
                            "name": "Ginnie Mae", 
                            "count": 6, 
                            "value": 1242.0
                        }, 
                        {
                            "name": "Freddie Mac", 
                            "count": 2, 
                            "value": 355.0
                        }, 
                        {
                            "name": "Farmer Mac", 
                            "count": 0, 
                            "value": 0
                        }, 
                        {
                            "name": "Private Securitization", 
                            "count": 0, 
                            "value": 0
                        }, 
                        {
                            "name": "Commercial bank, savings bank or association", 
                            "count": 1, 
                            "value": 204.0
                        }, 
                        {
                            "name": "Life insurance co., credit union, finance co.", 
                            "count": 1, 
                            "value": 258.0
                        }, 
                        {
                            "name": "Affiliate institution", 
                            "count": 0, 
                            "value": 0
                        }, 
                        {
                            "name": "Other", 
                            "count": 22, 
                            "value": 2585.0
                        }
                    ]
                }, 
                {
                    "race": "Black or African American", 
                    "purchasers": [
                        {
                            "name": "Fannie Mae", 
                            "count": 26, 
                            "value": 4623.0
                        }, 
                        {
                            "name": "Ginnie Mae", 
                            "count": 13, 
                            "value": 2766.0
                        }, 
                        {
                            "name": "Freddie Mac", 
                            "count": 14, 
                            "value": 3028.0
                        }, 
                        {
                            "name": "Farmer Mac", 
                            "count": 0, 
                            "value": 0
                        }, 
                        {
                            "name": "Private Securitization", 
                            "count": 0, 
                            "value": 0
                        }, 
                        {
                            "name": "Commercial bank, savings bank or association", 
                            "count": 10, 
                            "value": 2333.0
                        }, 
                        {
                            "name": "Life insurance co., credit union, finance co.", 
                            "count": 2, 
                            "value": 488.0
                        }, 
                        {
                            "name": "Affiliate institution", 
                            "count": 3, 
                            "value": 482.0
                        }, 
                        {
                            "name": "Other", 
                            "count": 100, 
                            "value": 20809.0
                        }
                    ]
                }, 
                {
                    "race": "Native Hawaiian or Other Pacific Islander", 
                    "purchasers": [
                        {
                            "name": "Fannie Mae", 
                            "count": 134, 
                            "value": 25393.0
                        }, 
                        {
                            "name": "Ginnie Mae", 
                            "count": 322, 
                            "value": 67420.0
                        }, 
                        {
                            "name": "Freddie Mac", 
                            "count": 70, 
                            "value": 12729.0
                        }, 
                        {
                            "name": "Farmer Mac", 
                            "count": 2, 
                            "value": 400.0
                        }, 
                        {
                            "name": "Private Securitization", 
                            "count": 0, 
                            "value": 0
                        }, 
                        {
                            "name": "Commercial bank, savings bank or association", 
                            "count": 76, 
                            "value": 14994.0
                        }, 
                        {
                            "name": "Life insurance co., credit union, finance co.", 
                            "count": 27, 
                            "value": 5965.0
                        }, 
                        {
                            "name": "Affiliate institution", 
                            "count": 25, 
                            "value": 5010.0
                        }, 
                        {
                            "name": "Other", 
                            "count": 861, 
                            "value": 139695.0
                        }
                    ]
                }, 
                {
                    "race": "White", 
                    "purchasers": [
                        {
                            "name": "Fannie Mae", 
                            "count": 1, 
                            "value": 148.0
                        }, 
                        {
                            "name": "Ginnie Mae", 
                            "count": 3, 
                            "value": 500.0
                        }, 
                        {
                            "name": "Freddie Mac", 
                            "count": 0, 
                            "value": 0
                        }, 
                        {
                            "name": "Farmer Mac", 
                            "count": 0, 
                            "value": 0
                        }, 
                        {
                            "name": "Private Securitization", 
                            "count": 0, 
                            "value": 0
                        }, 
                        {
                            "name": "Commercial bank, savings bank or association", 
                            "count": 1, 
                            "value": 158.0
                        }, 
                        {
                            "name": "Life insurance co., credit union, finance co.", 
                            "count": 0, 
                            "value": 0
                        }, 
                        {
                            "name": "Affiliate institution", 
                            "count": 0, 
                            "value": 0
                        }, 
                        {
                            "name": "Other", 
                            "count": 18, 
                            "value": 2813.0
                        }
                    ]
                }, 
                {
                    "race": "2 or more minority races", 
                    "purchasers": [
                        {
                            "name": "Fannie Mae", 
                            "count": 856, 
                            "value": 151853.0
                        }, 
                        {
                            "name": "Ginnie Mae", 
                            "count": 1213, 
                            "value": 243312.0
                        }, 
                        {
                            "name": "Freddie Mac", 
                            "count": 449, 
                            "value": 76451.0
                        }, 
                        {
                            "name": "Farmer Mac", 
                            "count": 5, 
                            "value": 830.0
                        }, 
                        {
                            "name": "Private Securitization", 
                            "count": 25, 
                            "value": 4017.0
                        }, 
                        {
                            "name": "Commercial bank, savings bank or association", 
                            "count": 494, 
                            "value": 97212.0
                        }, 
                        {
                            "name": "Life insurance co., credit union, finance co.", 
                            "count": 109, 
                            "value": 20616.0
                        }, 
                        {
                            "name": "Affiliate institution", 
                            "count": 156, 
                            "value": 26653.0
                        }, 
                        {
                            "name": "Other", 
                            "count": 3437, 
                            "value": 530842.0
                        }
                    ]
                }, 
                {
                    "race": "Joint (White/Minority Race", 
                    "purchasers": [
                        {
                            "name": "Fannie Mae", 
                            "count": 23, 
                            "value": 4614.0
                        }, 
                        {
                            "name": "Ginnie Mae", 
                            "count": 30, 
                            "value": 6393.0
                        }, 
                        {
                            "name": "Freddie Mac", 
                            "count": 10, 
                            "value": 1940.0
                        }, 
                        {
                            "name": "Farmer Mac", 
                            "count": 0, 
                            "value": 0
                        }, 
                        {
                            "name": "Private Securitization", 
                            "count": 0, 
                            "value": 0
                        }, 
                        {
                            "name": "Commercial bank, savings bank or association", 
                            "count": 7, 
                            "value": 1741.0
                        }, 
                        {
                            "name": "Life insurance co., credit union, finance co.", 
                            "count": 14, 
                            "value": 2486.0
                        }, 
                        {
                            "name": "Affiliate institution", 
                            "count": 6, 
                            "value": 1094.0
                        }, 
                        {
                            "name": "Other", 
                            "count": 77, 
                            "value": 13797.0
                        }
                    ]
                }, 
                {
                    "race": "Not Available", 
                    "purchasers": [
                        {
                            "name": "Fannie Mae", 
                            "count": 274, 
                            "value": 72202.0
                        }, 
                        {
                            "name": "Ginnie Mae", 
                            "count": 449, 
                            "value": 91034.0
                        }, 
                        {
                            "name": "Freddie Mac", 
                            "count": 154, 
                            "value": 27936.0
                        }, 
                        {
                            "name": "Farmer Mac", 
                            "count": 0, 
                            "value": 0
                        }, 
                        {
                            "name": "Private Securitization", 
                            "count": 3, 
                            "value": 355.0
                        }, 
                        {
                            "name": "Commercial bank, savings bank or association", 
                            "count": 35, 
                            "value": 7658.0
                        }, 
                        {
                            "name": "Life insurance co., credit union, finance co.", 
                            "count": 25, 
                            "value": 4962.0
                        }, 
                        {
                            "name": "Affiliate institution", 
                            "count": 49, 
                            "value": 8577.0
                        }, 
                        {
                            "name": "Other", 
                            "count": 1131, 
                            "value": 204715.0
                        }
                    ]
                }
            ]
        }, 
        {
            "characteristic": "Ethnicity", 
            "ethnicities": [
                {
                    "ethnicity": "Hispanic or Latino", 
                    "purchasers": [
                        {
                            "name": "Fannie Mae", 
                            "count": 14, 
                            "value": 2812
                        }, 
                        {
                            "name": "Ginnie Mae", 
                            "count": 47, 
                            "value": 9771
                        }, 
                        {
                            "name": "Freddie Mac", 
                            "count": 6, 
                            "value": 755
                        }, 
                        {
                            "name": "Farmer Mac", 
                            "count": 0, 
                            "value": 0
                        }, 
                        {
                            "name": "Private Securitization", 
                            "count": 1, 
                            "value": 105
                        }, 
                        {
                            "name": "Commercial bank, savings bank or association", 
                            "count": 15, 
                            "value": 2781
                        }, 
                        {
                            "name": "Life insurance co., credit union, finance co.", 
                            "count": 2, 
                            "value": 394
                        }, 
                        {
                            "name": "Affiliate institution", 
                            "count": 5, 
                            "value": 761
                        }, 
                        {
                            "name": "Other", 
                            "count": 126, 
                            "value": 17886
                        }
                    ]
                }, 
                {
                    "ethnicity": "Not Hispanic or Latino", 
                    "purchasers": [
                        {
                            "name": "Fannie Mae", 
                            "count": 1027, 
                            "value": 183987
                        }, 
                        {
                            "name": "Ginnie Mae", 
                            "count": 1548, 
                            "value": 313354
                        }, 
                        {
                            "name": "Freddie Mac", 
                            "count": 533, 
                            "value": 92535
                        }, 
                        {
                            "name": "Farmer Mac", 
                            "count": 7, 
                            "value": 1230
                        }, 
                        {
                            "name": "Private Securitization", 
                            "count": 23, 
                            "value": 3712
                        }, 
                        {
                            "name": "Commercial bank, savings bank or association", 
                            "count": 578, 
                            "value": 115698
                        }, 
                        {
                            "name": "Life insurance co., credit union, finance co.", 
                            "count": 149, 
                            "value": 28727
                        }, 
                        {
                            "name": "Affiliate institution", 
                            "count": 184, 
                            "value": 31963
                        }, 
                        {
                            "name": "Other", 
                            "count": 4383, 
                            "value": 698830
                        }
                    ]
                }, 
                {
                    "ethnicity": "Joint (Hispanic or Latino/Not Hispanic or Latino", 
                    "purchasers": [
                        {
                            "name": "Fannie Mae", 
                            "count": 17, 
                            "value": 3027
                        }, 
                        {
                            "name": "Ginnie Mae", 
                            "count": 15, 
                            "value": 3313
                        }, 
                        {
                            "name": "Freddie Mac", 
                            "count": 9, 
                            "value": 1759
                        }, 
                        {
                            "name": "Farmer Mac", 
                            "count": 0, 
                            "value": 0
                        }, 
                        {
                            "name": "Private Securitization", 
                            "count": 1, 
                            "value": 200
                        }, 
                        {
                            "name": "Commercial bank, savings bank or association", 
                            "count": 0, 
                            "value": 0
                        }, 
                        {
                            "name": "Life insurance co., credit union, finance co.", 
                            "count": 3, 
                            "value": 735
                        }, 
                        {
                            "name": "Affiliate institution", 
                            "count": 3, 
                            "value": 689
                        }, 
                        {
                            "name": "Other", 
                            "count": 53, 
                            "value": 8606
                        }
                    ]
                }, 
                {
                    "ethnicity": "Ethnicity Not Available", 
                    "purchasers": [
                        {
                            "name": "Fannie Mae", 
                            "count": 260, 
                            "value": 69684
                        }, 
                        {
                            "name": "Ginnie Mae", 
                            "count": 433, 
                            "value": 87633
                        }, 
                        {
                            "name": "Freddie Mac", 
                            "count": 154, 
                            "value": 27797
                        }, 
                        {
                            "name": "Farmer Mac", 
                            "count": 0, 
                            "value": 0
                        }, 
                        {
                            "name": "Private Securitization", 
                            "count": 3, 
                            "value": 355
                        }, 
                        {
                            "name": "Commercial bank, savings bank or association", 
                            "count": 32, 
                            "value": 6090
                        }, 
                        {
                            "name": "Life insurance co., credit union, finance co.", 
                            "count": 24, 
                            "value": 4919
                        }, 
                        {
                            "name": "Affiliate institution", 
                            "count": 47, 
                            "value": 8403
                        }, 
                        {
                            "name": "Other", 
                            "count": 1106, 
                            "value": 193142
                        }
                    ]
                }
            ]
        }, 
        {
            "characteristic": "Minority Status", 
            "minoritystatuses": [
                {
                    "minoritystatus": "White Non-Hispanic", 
                    "purchasers": [
                        {
                            "name": "Fannie Mae", 
                            "count": 1106, 
                            "value": 219595
                        }, 
                        {
                            "name": "Ginnie Mae", 
                            "count": 1617, 
                            "value": 324634
                        }, 
                        {
                            "name": "Freddie Mac", 
                            "count": 596, 
                            "value": 103219
                        }, 
                        {
                            "name": "Farmer Mac", 
                            "count": 5, 
                            "value": 830
                        }, 
                        {
                            "name": "Private Securitization", 
                            "count": 26, 
                            "value": 4067
                        }, 
                        {
                            "name": "Commercial bank, savings bank or association", 
                            "count": 514, 
                            "value": 101971
                        }, 
                        {
                            "name": "Life insurance co., credit union, finance co.", 
                            "count": 130, 
                            "value": 24701
                        }, 
                        {
                            "name": "Affiliate institution", 
                            "count": 198, 
                            "value": 33900
                        }, 
                        {
                            "name": "Other", 
                            "count": 4433, 
                            "value": 715521
                        }
                    ]
                }, 
                {
                    "minoritystatus": "Others, Including Hispanic", 
                    "purchasers": [
                        {
                            "name": "Fannie Mae", 
                            "count": 212, 
                            "value": 39915
                        }, 
                        {
                            "name": "Ginnie Mae", 
                            "count": 426, 
                            "value": 89437
                        }, 
                        {
                            "name": "Freddie Mac", 
                            "count": 106, 
                            "value": 19627
                        }, 
                        {
                            "name": "Farmer Mac", 
                            "count": 2, 
                            "value": 400
                        }, 
                        {
                            "name": "Private Securitization", 
                            "count": 2, 
                            "value": 305
                        }, 
                        {
                            "name": "Commercial bank, savings bank or association", 
                            "count": 111, 
                            "value": 22598
                        }, 
                        {
                            "name": "Life insurance co., credit union, finance co.", 
                            "count": 48, 
                            "value": 10074
                        }, 
                        {
                            "name": "Affiliate institution", 
                            "count": 41, 
                            "value": 7916
                        }, 
                        {
                            "name": "Other", 
                            "count": 1235, 
                            "value": 202943
                        }
                    ]
                }
            ]
        }, 
        {
            "characteristic": "Applicant Income", 
            "applicantincomes": [
                {
                    "applicantincome": "Less than 50% of MSA/MD median", 
                    "purchasers": [
                        {
                            "name": "Fannie Mae", 
                            "count": 85, 
                            "value": 9748
                        }, 
                        {
                            "name": "Ginnie Mae", 
                            "count": 81, 
                            "value": 9188
                        }, 
                        {
                            "name": "Freddie Mac", 
                            "count": 42, 
                            "value": 4168
                        }, 
                        {
                            "name": "Farmer Mac", 
                            "count": 0, 
                            "value": 0
                        }, 
                        {
                            "name": "Private Securitization", 
                            "count": 2, 
                            "value": 173
                        }, 
                        {
                            "name": "Commercial bank, savings bank or association", 
                            "count": 43, 
                            "value": 5072
                        }, 
                        {
                            "name": "Life insurance co., credit union, finance co.", 
                            "count": 9, 
                            "value": 858
                        }, 
                        {
                            "name": "Affiliate institution", 
                            "count": 20, 
                            "value": 2170
                        }, 
                        {
                            "name": "Other", 
                            "count": 590, 
                            "value": 51382
                        }
                    ]
                }, 
                {
                    "applicantincome": "50-79% of MSA/MD median", 
                    "purchasers": [
                        {
                            "name": "Fannie Mae", 
                            "count": 220, 
                            "value": 31706
                        }, 
                        {
                            "name": "Ginnie Mae", 
                            "count": 292, 
                            "value": 47731
                        }, 
                        {
                            "name": "Freddie Mac", 
                            "count": 124, 
                            "value": 15955
                        }, 
                        {
                            "name": "Farmer Mac", 
                            "count": 5, 
                            "value": 734
                        }, 
                        {
                            "name": "Private Securitization", 
                            "count": 9, 
                            "value": 780
                        }, 
                        {
                            "name": "Commercial bank, savings bank or association", 
                            "count": 157, 
                            "value": 25384
                        }, 
                        {
                            "name": "Life insurance co., credit union, finance co.", 
                            "count": 29, 
                            "value": 4653
                        }, 
                        {
                            "name": "Affiliate institution", 
                            "count": 37, 
                            "value": 5433
                        }, 
                        {
                            "name": "Other", 
                            "count": 1218, 
                            "value": 147960
                        }
                    ]
                }, 
                {
                    "applicantincome": "80-99% of MSA/MD median", 
                    "purchasers": [
                        {
                            "name": "Fannie Mae", 
                            "count": 145, 
                            "value": 24068
                        }, 
                        {
                            "name": "Ginnie Mae", 
                            "count": 217, 
                            "value": 42508
                        }, 
                        {
                            "name": "Freddie Mac", 
                            "count": 68, 
                            "value": 10888
                        }, 
                        {
                            "name": "Farmer Mac", 
                            "count": 1, 
                            "value": 250
                        }, 
                        {
                            "name": "Private Securitization", 
                            "count": 3, 
                            "value": 578
                        }, 
                        {
                            "name": "Commercial bank, savings bank or association", 
                            "count": 80, 
                            "value": 15847
                        }, 
                        {
                            "name": "Life insurance co., credit union, finance co.", 
                            "count": 26, 
                            "value": 5008
                        }, 
                        {
                            "name": "Affiliate institution", 
                            "count": 24, 
                            "value": 3720
                        }, 
                        {
                            "name": "Other", 
                            "count": 732, 
                            "value": 110440
                        }
                    ]
                }, 
                {
                    "applicantincome": "100-119% of MSA/MD median", 
                    "purchasers": [
                        {
                            "name": "Fannie Mae", 
                            "count": 179, 
                            "value": 30667
                        }, 
                        {
                            "name": "Ginnie Mae", 
                            "count": 166, 
                            "value": 35318
                        }, 
                        {
                            "name": "Freddie Mac", 
                            "count": 72, 
                            "value": 12758
                        }, 
                        {
                            "name": "Farmer Mac", 
                            "count": 1, 
                            "value": 246
                        }, 
                        {
                            "name": "Private Securitization", 
                            "count": 3, 
                            "value": 404
                        }, 
                        {
                            "name": "Commercial bank, savings bank or association", 
                            "count": 62, 
                            "value": 12784
                        }, 
                        {
                            "name": "Life insurance co., credit union, finance co.", 
                            "count": 23, 
                            "value": 3814
                        }, 
                        {
                            "name": "Affiliate institution", 
                            "count": 21, 
                            "value": 3617
                        }, 
                        {
                            "name": "Other", 
                            "count": 583, 
                            "value": 94274
                        }
                    ]
                }, 
                {
                    "applicantincome": "120% or more of MSA/MD median", 
                    "purchasers": [
                        {
                            "name": "Fannie Mae", 
                            "count": 588, 
                            "value": 120855
                        }, 
                        {
                            "name": "Ginnie Mae", 
                            "count": 335, 
                            "value": 81945
                        }, 
                        {
                            "name": "Freddie Mac", 
                            "count": 291, 
                            "value": 60639
                        }, 
                        {
                            "name": "Farmer Mac", 
                            "count": 0, 
                            "value": 0
                        }, 
                        {
                            "name": "Private Securitization", 
                            "count": 11, 
                            "value": 2437
                        }, 
                        {
                            "name": "Commercial bank, savings bank or association", 
                            "count": 166, 
                            "value": 37649
                        }, 
                        {
                            "name": "Life insurance co., credit union, finance co.", 
                            "count": 48, 
                            "value": 10891
                        }, 
                        {
                            "name": "Affiliate institution", 
                            "count": 100, 
                            "value": 17997
                        }, 
                        {
                            "name": "Other", 
                            "count": 1655, 
                            "value": 324209
                        }
                    ]
                }, 
                {
                    "applicantincome": "income not available", 
                    "purchasers": [
                        {
                            "name": "Fannie Mae", 
                            "count": 101, 
                            "value": 42466
                        }, 
                        {
                            "name": "Ginnie Mae", 
                            "count": 952, 
                            "value": 197381
                        }, 
                        {
                            "name": "Freddie Mac", 
                            "count": 105, 
                            "value": 18438
                        }, 
                        {
                            "name": "Farmer Mac", 
                            "count": 0, 
                            "value": 0
                        }, 
                        {
                            "name": "Private Securitization", 
                            "count": 0, 
                            "value": 0
                        }, 
                        {
                            "name": "Commercial bank, savings bank or association", 
                            "count": 117, 
                            "value": 27833
                        }, 
                        {
                            "name": "Life insurance co., credit union, finance co.", 
                            "count": 43, 
                            "value": 9551
                        }, 
                        {
                            "name": "Affiliate institution", 
                            "count": 37, 
                            "value": 8879
                        }, 
                        {
                            "name": "Other", 
                            "count": 890, 
                            "value": 190199
                        }
                    ]
                }
            ]
        }
    ], 
    "censuscharacteristics": [
        {
            "characteristic": "Racial/Ethnic Composition", 
            "tractpctminorities": [
                {
                    "tractpctminority": "Less than 10% minority", 
                    "purchasers": [
                        {
                            "name": "Fannie Mae", 
                            "count": 21, 
                            "value": 3678
                        }, 
                        {
                            "name": "Ginnie Mae", 
                            "count": 16, 
                            "value": 2766
                        }, 
                        {
                            "name": "Freddie Mac", 
                            "count": 13, 
                            "value": 1944
                        }, 
                        {
                            "name": "Farmer Mac", 
                            "count": 0, 
                            "value": 0
                        }, 
                        {
                            "name": "Private Securitization", 
                            "count": 1, 
                            "value": 64
                        }, 
                        {
                            "name": "Commercial bank, savings bank or association", 
                            "count": 3, 
                            "value": 428
                        }, 
                        {
                            "name": "Life insurance co., credit union, finance co.", 
                            "count": 2, 
                            "value": 322
                        }, 
                        {
                            "name": "Affiliate institution", 
                            "count": 3, 
                            "value": 438
                        }, 
                        {
                            "name": "Other", 
                            "count": 84, 
                            "value": 11192
                        }
                    ]
                }, 
                {
                    "tractpctminority": "10-19% minority", 
                    "purchasers": [
                        {
                            "name": "Fannie Mae", 
                            "count": 1151, 
                            "value": 207371
                        }, 
                        {
                            "name": "Ginnie Mae", 
                            "count": 1771, 
                            "value": 366577
                        }, 
                        {
                            "name": "Freddie Mac", 
                            "count": 615, 
                            "value": 109492
                        }, 
                        {
                            "name": "Farmer Mac", 
                            "count": 7, 
                            "value": 1230
                        }, 
                        {
                            "name": "Private Securitization", 
                            "count": 23, 
                            "value": 3547
                        }, 
                        {
                            "name": "Commercial bank, savings bank or association", 
                            "count": 551, 
                            "value": 111643
                        }, 
                        {
                            "name": "Life insurance co., credit union, finance co.", 
                            "count": 156, 
                            "value": 30748
                        }, 
                        {
                            "name": "Affiliate institution", 
                            "count": 211, 
                            "value": 37673
                        }, 
                        {
                            "name": "Other", 
                            "count": 4837, 
                            "value": 792050
                        }
                    ]
                }, 
                {
                    "tractpctminority": "20-49% minority", 
                    "purchasers": [
                        {
                            "name": "Fannie Mae", 
                            "count": 146, 
                            "value": 48461
                        }, 
                        {
                            "name": "Ginnie Mae", 
                            "count": 256, 
                            "value": 44728
                        }, 
                        {
                            "name": "Freddie Mac", 
                            "count": 74, 
                            "value": 11410
                        }, 
                        {
                            "name": "Farmer Mac", 
                            "count": 0, 
                            "value": 0
                        }, 
                        {
                            "name": "Private Securitization", 
                            "count": 4, 
                            "value": 761
                        }, 
                        {
                            "name": "Commercial bank, savings bank or association", 
                            "count": 71, 
                            "value": 12498
                        }, 
                        {
                            "name": "Life insurance co., credit union, finance co.", 
                            "count": 20, 
                            "value": 3705
                        }, 
                        {
                            "name": "Affiliate institution", 
                            "count": 25, 
                            "value": 3705
                        }, 
                        {
                            "name": "Other", 
                            "count": 747, 
                            "value": 115222
                        }
                    ]
                }, 
                {
                    "tractpctminority": "50-79% minority", 
                    "purchasers": [
                        {
                            "name": "Fannie Mae", 
                            "count": 0, 
                            "value": 0
                        }, 
                        {
                            "name": "Ginnie Mae", 
                            "count": 0, 
                            "value": 0
                        }, 
                        {
                            "name": "Freddie Mac", 
                            "count": 0, 
                            "value": 0
                        }, 
                        {
                            "name": "Farmer Mac", 
                            "count": 0, 
                            "value": 0
                        }, 
                        {
                            "name": "Private Securitization", 
                            "count": 0, 
                            "value": 0
                        }, 
                        {
                            "name": "Commercial bank, savings bank or association", 
                            "count": 0, 
                            "value": 0
                        }, 
                        {
                            "name": "Life insurance co., credit union, finance co.", 
                            "count": 0, 
                            "value": 0
                        }, 
                        {
                            "name": "Affiliate institution", 
                            "count": 0, 
                            "value": 0
                        }, 
                        {
                            "name": "Other", 
                            "count": 0, 
                            "value": 0
                        }
                    ]
                }, 
                {
                    "tractpctminority": "80-100% minority", 
                    "purchasers": [
                        {
                            "name": "Fannie Mae", 
                            "count": 0, 
                            "value": 0
                        }, 
                        {
                            "name": "Ginnie Mae", 
                            "count": 0, 
                            "value": 0
                        }, 
                        {
                            "name": "Freddie Mac", 
                            "count": 0, 
                            "value": 0
                        }, 
                        {
                            "name": "Farmer Mac", 
                            "count": 0, 
                            "value": 0
                        }, 
                        {
                            "name": "Private Securitization", 
                            "count": 0, 
                            "value": 0
                        }, 
                        {
                            "name": "Commercial bank, savings bank or association", 
                            "count": 0, 
                            "value": 0
                        }, 
                        {
                            "name": "Life insurance co., credit union, finance co.", 
                            "count": 0, 
                            "value": 0
                        }, 
                        {
                            "name": "Affiliate institution", 
                            "count": 0, 
                            "value": 0
                        }, 
                        {
                            "name": "Other", 
                            "count": 0, 
                            "value": 0
                        }
                    ]
                }
            ]
        }, 
        {
            "characteristic": "Income", 
            "incomelevels": [
                {
                    "incomelevel": "Low income", 
                    "purchasers": [
                        {
                            "name": "Fannie Mae", 
                            "count": 0, 
                            "value": 0
                        }, 
                        {
                            "name": "Ginnie Mae", 
                            "count": 0, 
                            "value": 0
                        }, 
                        {
                            "name": "Freddie Mac", 
                            "count": 0, 
                            "value": 0
                        }, 
                        {
                            "name": "Farmer Mac", 
                            "count": 0, 
                            "value": 0
                        }, 
                        {
                            "name": "Private Securitization", 
                            "count": 0, 
                            "value": 0
                        }, 
                        {
                            "name": "Commercial bank, savings bank or association", 
                            "count": 0, 
                            "value": 0
                        }, 
                        {
                            "name": "Life insurance co., credit union, finance co.", 
                            "count": 0, 
                            "value": 0
                        }, 
                        {
                            "name": "Affiliate institution", 
                            "count": 0, 
                            "value": 0
                        }, 
                        {
                            "name": "Other", 
                            "count": 0, 
                            "value": 0
                        }
                    ]
                }, 
                {
                    "incomelevel": "Moderate income", 
                    "purchasers": [
                        {
                            "name": "Fannie Mae", 
                            "count": 89, 
                            "value": 12429
                        }, 
                        {
                            "name": "Ginnie Mae", 
                            "count": 143, 
                            "value": 24098
                        }, 
                        {
                            "name": "Freddie Mac", 
                            "count": 35, 
                            "value": 5197
                        }, 
                        {
                            "name": "Farmer Mac", 
                            "count": 0, 
                            "value": 0
                        }, 
                        {
                            "name": "Private Securitization", 
                            "count": 3, 
                            "value": 344
                        }, 
                        {
                            "name": "Commercial bank, savings bank or association", 
                            "count": 43, 
                            "value": 7463
                        }, 
                        {
                            "name": "Life insurance co., credit union, finance co.", 
                            "count": 13, 
                            "value": 1654
                        }, 
                        {
                            "name": "Affiliate institution", 
                            "count": 13, 
                            "value": 2230
                        }, 
                        {
                            "name": "Other", 
                            "count": 450, 
                            "value": 60086
                        }
                    ]
                }, 
                {
                    "incomelevel": "Middle income", 
                    "purchasers": [
                        {
                            "name": "Fannie Mae", 
                            "count": 948, 
                            "value": 195057
                        }, 
                        {
                            "name": "Ginnie Mae", 
                            "count": 1612, 
                            "value": 328391
                        }, 
                        {
                            "name": "Freddie Mac", 
                            "count": 519, 
                            "value": 89720
                        }, 
                        {
                            "name": "Farmer Mac", 
                            "count": 6, 
                            "value": 1085
                        }, 
                        {
                            "name": "Private Securitization", 
                            "count": 21, 
                            "value": 3311
                        }, 
                        {
                            "name": "Commercial bank, savings bank or association", 
                            "count": 494, 
                            "value": 98489
                        }, 
                        {
                            "name": "Life insurance co., credit union, finance co.", 
                            "count": 138, 
                            "value": 27503
                        }, 
                        {
                            "name": "Affiliate institution", 
                            "count": 189, 
                            "value": 33604
                        }, 
                        {
                            "name": "Other", 
                            "count": 4295, 
                            "value": 689799
                        }
                    ]
                }, 
                {
                    "incomelevel": "Upper income", 
                    "purchasers": [
                        {
                            "name": "Fannie Mae", 
                            "count": 281, 
                            "value": 52024
                        }, 
                        {
                            "name": "Ginnie Mae", 
                            "count": 288, 
                            "value": 61582
                        }, 
                        {
                            "name": "Freddie Mac", 
                            "count": 148, 
                            "value": 27929
                        }, 
                        {
                            "name": "Farmer Mac", 
                            "count": 1, 
                            "value": 145
                        }, 
                        {
                            "name": "Private Securitization", 
                            "count": 4, 
                            "value": 717
                        }, 
                        {
                            "name": "Commercial bank, savings bank or association", 
                            "count": 88, 
                            "value": 18617
                        }, 
                        {
                            "name": "Life insurance co., credit union, finance co.", 
                            "count": 27, 
                            "value": 5618
                        }, 
                        {
                            "name": "Affiliate institution", 
                            "count": 37, 
                            "value": 5982
                        }, 
                        {
                            "name": "Other", 
                            "count": 923, 
                            "value": 168579
                        }
                    ]
                }
            ]
        }
    ], 
    "total": {
        "purchasers": [
            {
                "name": "Fannie Mae", 
                "count": 1318, 
                "value": 259510
            }, 
            {
                "name": "Ginnie Mae", 
                "count": 2043, 
                "value": 414071
            }, 
            {
                "name": "Freddie Mac", 
                "count": 702, 
                "value": 122846
            }, 
            {
                "name": "Farmer Mac", 
                "count": 7, 
                "value": 1230
            }, 
            {
                "name": "Private Securitization", 
                "count": 28, 
                "value": 4372
            }, 
            {
                "name": "Commercial bank, savings bank or association", 
                "count": 625, 
                "value": 124569
            }, 
            {
                "name": "Life insurance co., credit union, finance co.", 
                "count": 178, 
                "value": 34775
            }, 
            {
                "name": "Affiliate institution", 
                "count": 239, 
                "value": 41816
            }, 
            {
                "name": "Other", 
                "count": 5668, 
                "value": 918464
            }
        ]
    }
}