{
    "table": "4-3", 
    "type": "Aggregate", 
    "desc": "Disposition of applications to refinnace loans on 1- to 4- family and manufactured home dwellings, by race, ethnicity, gender and income of applicant", 
    "year": "2012", 
    "report-date": "04/03/2015", 
    "msa": {
        "id": "46220", 
        "name": "Tuscaloosa", 
        "state": "AL", 
        "state_name": "Alabama"
    }, 
    "races": [
        {
            "race": "American Indian/Alaska Native", 
            "dispositions": [
                {
                    "disposition": "Applications Received", 
                    "count": 10, 
                    "value": 1804
                }, 
                {
                    "disposition": "Loans Originated", 
                    "count": 6, 
                    "value": 1404
                }, 
                {
                    "disposition": "Apps. Approved But Not Accepted", 
                    "count": 2, 
                    "value": 263
                }, 
                {
                    "disposition": "Aplications Denied", 
                    "count": 1, 
                    "value": 43
                }, 
                {
                    "disposition": "Applications Withdrawn", 
                    "count": 1, 
                    "value": 94
                }, 
                {
                    "disposition": "Files Closed For Incompleteness", 
                    "count": 0, 
                    "value": 0
                }
            ], 
            "genders": [
                {
                    "gender": "Male", 
                    "dispositions": [
                        {
                            "disposition": "Applications Received", 
                            "count": 5, 
                            "value": 1101
                        }, 
                        {
                            "disposition": "Loans Originated", 
                            "count": 5, 
                            "value": 1101
                        }, 
                        {
                            "disposition": "Apps. Approved But Not Accepted", 
                            "count": 0, 
                            "value": 0
                        }, 
                        {
                            "disposition": "Aplications Denied", 
                            "count": 0, 
                            "value": 0
                        }, 
                        {
                            "disposition": "Applications Withdrawn", 
                            "count": 0, 
                            "value": 0
                        }, 
                        {
                            "disposition": "Files Closed For Incompleteness", 
                            "count": 0, 
                            "value": 0
                        }
                    ]
                }, 
                {
                    "gender": "Female", 
                    "dispositions": [
                        {
                            "disposition": "Applications Received", 
                            "count": 3, 
                            "value": 246
                        }, 
                        {
                            "disposition": "Loans Originated", 
                            "count": 0, 
                            "value": 0
                        }, 
                        {
                            "disposition": "Apps. Approved But Not Accepted", 
                            "count": 1, 
                            "value": 109
                        }, 
                        {
                            "disposition": "Aplications Denied", 
                            "count": 1, 
                            "value": 43
                        }, 
                        {
                            "disposition": "Applications Withdrawn", 
                            "count": 1, 
                            "value": 94
                        }, 
                        {
                            "disposition": "Files Closed For Incompleteness", 
                            "count": 0, 
                            "value": 0
                        }
                    ]
                }, 
                {
                    "gender": "Joint (Male/Female)", 
                    "dispositions": [
                        {
                            "disposition": "Applications Received", 
                            "count": 2, 
                            "value": 457
                        }, 
                        {
                            "disposition": "Loans Originated", 
                            "count": 1, 
                            "value": 303
                        }, 
                        {
                            "disposition": "Apps. Approved But Not Accepted", 
                            "count": 1, 
                            "value": 154
                        }, 
                        {
                            "disposition": "Aplications Denied", 
                            "count": 0, 
                            "value": 0
                        }, 
                        {
                            "disposition": "Applications Withdrawn", 
                            "count": 0, 
                            "value": 0
                        }, 
                        {
                            "disposition": "Files Closed For Incompleteness", 
                            "count": 0, 
                            "value": 0
                        }
                    ]
                }
            ]
        }, 
        {
            "race": "Asian", 
            "dispositions": [
                {
                    "disposition": "Applications Received", 
                    "count": 5, 
                    "value": 950
                }, 
                {
                    "disposition": "Loans Originated", 
                    "count": 2, 
                    "value": 425
                }, 
                {
                    "disposition": "Apps. Approved But Not Accepted", 
                    "count": 0, 
                    "value": 0
                }, 
                {
                    "disposition": "Aplications Denied", 
                    "count": 1, 
                    "value": 121
                }, 
                {
                    "disposition": "Applications Withdrawn", 
                    "count": 1, 
                    "value": 92
                }, 
                {
                    "disposition": "Files Closed For Incompleteness", 
                    "count": 1, 
                    "value": 312
                }
            ], 
            "genders": [
                {
                    "gender": "Male", 
                    "dispositions": [
                        {
                            "disposition": "Applications Received", 
                            "count": 2, 
                            "value": 213
                        }, 
                        {
                            "disposition": "Loans Originated", 
                            "count": 0, 
                            "value": 0
                        }, 
                        {
                            "disposition": "Apps. Approved But Not Accepted", 
                            "count": 0, 
                            "value": 0
                        }, 
                        {
                            "disposition": "Aplications Denied", 
                            "count": 1, 
                            "value": 121
                        }, 
                        {
                            "disposition": "Applications Withdrawn", 
                            "count": 1, 
                            "value": 92
                        }, 
                        {
                            "disposition": "Files Closed For Incompleteness", 
                            "count": 0, 
                            "value": 0
                        }
                    ]
                }, 
                {
                    "gender": "Female", 
                    "dispositions": [
                        {
                            "disposition": "Applications Received", 
                            "count": 0, 
                            "value": 0
                        }, 
                        {
                            "disposition": "Loans Originated", 
                            "count": 0, 
                            "value": 0
                        }, 
                        {
                            "disposition": "Apps. Approved But Not Accepted", 
                            "count": 0, 
                            "value": 0
                        }, 
                        {
                            "disposition": "Aplications Denied", 
                            "count": 0, 
                            "value": 0
                        }, 
                        {
                            "disposition": "Applications Withdrawn", 
                            "count": 0, 
                            "value": 0
                        }, 
                        {
                            "disposition": "Files Closed For Incompleteness", 
                            "count": 0, 
                            "value": 0
                        }
                    ]
                }, 
                {
                    "gender": "Joint (Male/Female)", 
                    "dispositions": [
                        {
                            "disposition": "Applications Received", 
                            "count": 3, 
                            "value": 737
                        }, 
                        {
                            "disposition": "Loans Originated", 
                            "count": 2, 
                            "value": 425
                        }, 
                        {
                            "disposition": "Apps. Approved But Not Accepted", 
                            "count": 0, 
                            "value": 0
                        }, 
                        {
                            "disposition": "Aplications Denied", 
                            "count": 0, 
                            "value": 0
                        }, 
                        {
                            "disposition": "Applications Withdrawn", 
                            "count": 0, 
                            "value": 0
                        }, 
                        {
                            "disposition": "Files Closed For Incompleteness", 
                            "count": 1, 
                            "value": 312
                        }
                    ]
                }
            ]
        }, 
        {
            "race": "Black or African American", 
            "dispositions": [
                {
                    "disposition": "Applications Received", 
                    "count": 42, 
                    "value": 8351
                }, 
                {
                    "disposition": "Loans Originated", 
                    "count": 28, 
                    "value": 5428
                }, 
                {
                    "disposition": "Apps. Approved But Not Accepted", 
                    "count": 2, 
                    "value": 795
                }, 
                {
                    "disposition": "Aplications Denied", 
                    "count": 5, 
                    "value": 749
                }, 
                {
                    "disposition": "Applications Withdrawn", 
                    "count": 6, 
                    "value": 1124
                }, 
                {
                    "disposition": "Files Closed For Incompleteness", 
                    "count": 1, 
                    "value": 255
                }
            ], 
            "genders": [
                {
                    "gender": "Male", 
                    "dispositions": [
                        {
                            "disposition": "Applications Received", 
                            "count": 18, 
                            "value": 3355
                        }, 
                        {
                            "disposition": "Loans Originated", 
                            "count": 12, 
                            "value": 2277
                        }, 
                        {
                            "disposition": "Apps. Approved But Not Accepted", 
                            "count": 1, 
                            "value": 414
                        }, 
                        {
                            "disposition": "Aplications Denied", 
                            "count": 2, 
                            "value": 206
                        }, 
                        {
                            "disposition": "Applications Withdrawn", 
                            "count": 3, 
                            "value": 458
                        }, 
                        {
                            "disposition": "Files Closed For Incompleteness", 
                            "count": 0, 
                            "value": 0
                        }
                    ]
                }, 
                {
                    "gender": "Female", 
                    "dispositions": [
                        {
                            "disposition": "Applications Received", 
                            "count": 11, 
                            "value": 1937
                        }, 
                        {
                            "disposition": "Loans Originated", 
                            "count": 7, 
                            "value": 1257
                        }, 
                        {
                            "disposition": "Apps. Approved But Not Accepted", 
                            "count": 0, 
                            "value": 0
                        }, 
                        {
                            "disposition": "Aplications Denied", 
                            "count": 1, 
                            "value": 14
                        }, 
                        {
                            "disposition": "Applications Withdrawn", 
                            "count": 3, 
                            "value": 666
                        }, 
                        {
                            "disposition": "Files Closed For Incompleteness", 
                            "count": 0, 
                            "value": 0
                        }
                    ]
                }, 
                {
                    "gender": "Joint (Male/Female)", 
                    "dispositions": [
                        {
                            "disposition": "Applications Received", 
                            "count": 13, 
                            "value": 3059
                        }, 
                        {
                            "disposition": "Loans Originated", 
                            "count": 9, 
                            "value": 1894
                        }, 
                        {
                            "disposition": "Apps. Approved But Not Accepted", 
                            "count": 1, 
                            "value": 381
                        }, 
                        {
                            "disposition": "Aplications Denied", 
                            "count": 2, 
                            "value": 529
                        }, 
                        {
                            "disposition": "Applications Withdrawn", 
                            "count": 0, 
                            "value": 0
                        }, 
                        {
                            "disposition": "Files Closed For Incompleteness", 
                            "count": 1, 
                            "value": 255
                        }
                    ]
                }
            ]
        }, 
        {
            "race": "Native Hawaiian or Other Pacific Islander", 
            "dispositions": [
                {
                    "disposition": "Applications Received", 
                    "count": 907, 
                    "value": 115235
                }, 
                {
                    "disposition": "Loans Originated", 
                    "count": 451, 
                    "value": 55576
                }, 
                {
                    "disposition": "Apps. Approved But Not Accepted", 
                    "count": 45, 
                    "value": 6949
                }, 
                {
                    "disposition": "Aplications Denied", 
                    "count": 252, 
                    "value": 31711
                }, 
                {
                    "disposition": "Applications Withdrawn", 
                    "count": 131, 
                    "value": 17180
                }, 
                {
                    "disposition": "Files Closed For Incompleteness", 
                    "count": 28, 
                    "value": 3819
                }
            ], 
            "genders": [
                {
                    "gender": "Male", 
                    "dispositions": [
                        {
                            "disposition": "Applications Received", 
                            "count": 343, 
                            "value": 45307
                        }, 
                        {
                            "disposition": "Loans Originated", 
                            "count": 165, 
                            "value": 21132
                        }, 
                        {
                            "disposition": "Apps. Approved But Not Accepted", 
                            "count": 21, 
                            "value": 3720
                        }, 
                        {
                            "disposition": "Aplications Denied", 
                            "count": 101, 
                            "value": 12729
                        }, 
                        {
                            "disposition": "Applications Withdrawn", 
                            "count": 50, 
                            "value": 6773
                        }, 
                        {
                            "disposition": "Files Closed For Incompleteness", 
                            "count": 6, 
                            "value": 953
                        }
                    ]
                }, 
                {
                    "gender": "Female", 
                    "dispositions": [
                        {
                            "disposition": "Applications Received", 
                            "count": 307, 
                            "value": 32194
                        }, 
                        {
                            "disposition": "Loans Originated", 
                            "count": 149, 
                            "value": 15176
                        }, 
                        {
                            "disposition": "Apps. Approved But Not Accepted", 
                            "count": 13, 
                            "value": 1384
                        }, 
                        {
                            "disposition": "Aplications Denied", 
                            "count": 85, 
                            "value": 8937
                        }, 
                        {
                            "disposition": "Applications Withdrawn", 
                            "count": 44, 
                            "value": 4987
                        }, 
                        {
                            "disposition": "Files Closed For Incompleteness", 
                            "count": 16, 
                            "value": 1710
                        }
                    ]
                }, 
                {
                    "gender": "Joint (Male/Female)", 
                    "dispositions": [
                        {
                            "disposition": "Applications Received", 
                            "count": 256, 
                            "value": 37578
                        }, 
                        {
                            "disposition": "Loans Originated", 
                            "count": 137, 
                            "value": 19268
                        }, 
                        {
                            "disposition": "Apps. Approved But Not Accepted", 
                            "count": 11, 
                            "value": 1845
                        }, 
                        {
                            "disposition": "Aplications Denied", 
                            "count": 66, 
                            "value": 10045
                        }, 
                        {
                            "disposition": "Applications Withdrawn", 
                            "count": 36, 
                            "value": 5264
                        }, 
                        {
                            "disposition": "Files Closed For Incompleteness", 
                            "count": 6, 
                            "value": 1156
                        }
                    ]
                }
            ]
        }, 
        {
            "race": "White", 
            "dispositions": [
                {
                    "disposition": "Applications Received", 
                    "count": 5, 
                    "value": 646
                }, 
                {
                    "disposition": "Loans Originated", 
                    "count": 1, 
                    "value": 209
                }, 
                {
                    "disposition": "Apps. Approved But Not Accepted", 
                    "count": 0, 
                    "value": 0
                }, 
                {
                    "disposition": "Aplications Denied", 
                    "count": 4, 
                    "value": 437
                }, 
                {
                    "disposition": "Applications Withdrawn", 
                    "count": 0, 
                    "value": 0
                }, 
                {
                    "disposition": "Files Closed For Incompleteness", 
                    "count": 0, 
                    "value": 0
                }
            ], 
            "genders": [
                {
                    "gender": "Male", 
                    "dispositions": [
                        {
                            "disposition": "Applications Received", 
                            "count": 3, 
                            "value": 455
                        }, 
                        {
                            "disposition": "Loans Originated", 
                            "count": 1, 
                            "value": 209
                        }, 
                        {
                            "disposition": "Apps. Approved But Not Accepted", 
                            "count": 0, 
                            "value": 0
                        }, 
                        {
                            "disposition": "Aplications Denied", 
                            "count": 2, 
                            "value": 246
                        }, 
                        {
                            "disposition": "Applications Withdrawn", 
                            "count": 0, 
                            "value": 0
                        }, 
                        {
                            "disposition": "Files Closed For Incompleteness", 
                            "count": 0, 
                            "value": 0
                        }
                    ]
                }, 
                {
                    "gender": "Female", 
                    "dispositions": [
                        {
                            "disposition": "Applications Received", 
                            "count": 1, 
                            "value": 108
                        }, 
                        {
                            "disposition": "Loans Originated", 
                            "count": 0, 
                            "value": 0
                        }, 
                        {
                            "disposition": "Apps. Approved But Not Accepted", 
                            "count": 0, 
                            "value": 0
                        }, 
                        {
                            "disposition": "Aplications Denied", 
                            "count": 1, 
                            "value": 108
                        }, 
                        {
                            "disposition": "Applications Withdrawn", 
                            "count": 0, 
                            "value": 0
                        }, 
                        {
                            "disposition": "Files Closed For Incompleteness", 
                            "count": 0, 
                            "value": 0
                        }
                    ]
                }, 
                {
                    "gender": "Joint (Male/Female)", 
                    "dispositions": [
                        {
                            "disposition": "Applications Received", 
                            "count": 1, 
                            "value": 83
                        }, 
                        {
                            "disposition": "Loans Originated", 
                            "count": 0, 
                            "value": 0
                        }, 
                        {
                            "disposition": "Apps. Approved But Not Accepted", 
                            "count": 0, 
                            "value": 0
                        }, 
                        {
                            "disposition": "Aplications Denied", 
                            "count": 1, 
                            "value": 83
                        }, 
                        {
                            "disposition": "Applications Withdrawn", 
                            "count": 0, 
                            "value": 0
                        }, 
                        {
                            "disposition": "Files Closed For Incompleteness", 
                            "count": 0, 
                            "value": 0
                        }
                    ]
                }
            ]
        }, 
        {
            "race": "2 or more minority races", 
            "dispositions": [
                {
                    "disposition": "Applications Received", 
                    "count": 4496, 
                    "value": 767372
                }, 
                {
                    "disposition": "Loans Originated", 
                    "count": 3088, 
                    "value": 518176
                }, 
                {
                    "disposition": "Apps. Approved But Not Accepted", 
                    "count": 229, 
                    "value": 42989
                }, 
                {
                    "disposition": "Aplications Denied", 
                    "count": 649, 
                    "value": 111135
                }, 
                {
                    "disposition": "Applications Withdrawn", 
                    "count": 414, 
                    "value": 75322
                }, 
                {
                    "disposition": "Files Closed For Incompleteness", 
                    "count": 116, 
                    "value": 19750
                }
            ], 
            "genders": [
                {
                    "gender": "Male", 
                    "dispositions": [
                        {
                            "disposition": "Applications Received", 
                            "count": 1406, 
                            "value": 243987
                        }, 
                        {
                            "disposition": "Loans Originated", 
                            "count": 883, 
                            "value": 150932
                        }, 
                        {
                            "disposition": "Apps. Approved But Not Accepted", 
                            "count": 88, 
                            "value": 16938
                        }, 
                        {
                            "disposition": "Aplications Denied", 
                            "count": 230, 
                            "value": 39177
                        }, 
                        {
                            "disposition": "Applications Withdrawn", 
                            "count": 162, 
                            "value": 29244
                        }, 
                        {
                            "disposition": "Files Closed For Incompleteness", 
                            "count": 43, 
                            "value": 7696
                        }
                    ]
                }, 
                {
                    "gender": "Female", 
                    "dispositions": [
                        {
                            "disposition": "Applications Received", 
                            "count": 789, 
                            "value": 104882
                        }, 
                        {
                            "disposition": "Loans Originated", 
                            "count": 527, 
                            "value": 69515
                        }, 
                        {
                            "disposition": "Apps. Approved But Not Accepted", 
                            "count": 29, 
                            "value": 3387
                        }, 
                        {
                            "disposition": "Aplications Denied", 
                            "count": 142, 
                            "value": 19426
                        }, 
                        {
                            "disposition": "Applications Withdrawn", 
                            "count": 66, 
                            "value": 9531
                        }, 
                        {
                            "disposition": "Files Closed For Incompleteness", 
                            "count": 25, 
                            "value": 3023
                        }
                    ]
                }, 
                {
                    "gender": "Joint (Male/Female)", 
                    "dispositions": [
                        {
                            "disposition": "Applications Received", 
                            "count": 2297, 
                            "value": 417990
                        }, 
                        {
                            "disposition": "Loans Originated", 
                            "count": 1677, 
                            "value": 297688
                        }, 
                        {
                            "disposition": "Apps. Approved But Not Accepted", 
                            "count": 112, 
                            "value": 22664
                        }, 
                        {
                            "disposition": "Aplications Denied", 
                            "count": 275, 
                            "value": 52171
                        }, 
                        {
                            "disposition": "Applications Withdrawn", 
                            "count": 185, 
                            "value": 36436
                        }, 
                        {
                            "disposition": "Files Closed For Incompleteness", 
                            "count": 48, 
                            "value": 9031
                        }
                    ]
                }
            ]
        }, 
        {
            "race": "Joint (White/Minority Race", 
            "dispositions": [
                {
                    "disposition": "Applications Received", 
                    "count": 28, 
                    "value": 5750
                }, 
                {
                    "disposition": "Loans Originated", 
                    "count": 18, 
                    "value": 3329
                }, 
                {
                    "disposition": "Apps. Approved But Not Accepted", 
                    "count": 3, 
                    "value": 1025
                }, 
                {
                    "disposition": "Aplications Denied", 
                    "count": 3, 
                    "value": 631
                }, 
                {
                    "disposition": "Applications Withdrawn", 
                    "count": 2, 
                    "value": 434
                }, 
                {
                    "disposition": "Files Closed For Incompleteness", 
                    "count": 2, 
                    "value": 331
                }
            ], 
            "genders": [
                {
                    "gender": "Male", 
                    "dispositions": [
                        {
                            "disposition": "Applications Received", 
                            "count": 0, 
                            "value": 0
                        }, 
                        {
                            "disposition": "Loans Originated", 
                            "count": 0, 
                            "value": 0
                        }, 
                        {
                            "disposition": "Apps. Approved But Not Accepted", 
                            "count": 0, 
                            "value": 0
                        }, 
                        {
                            "disposition": "Aplications Denied", 
                            "count": 0, 
                            "value": 0
                        }, 
                        {
                            "disposition": "Applications Withdrawn", 
                            "count": 0, 
                            "value": 0
                        }, 
                        {
                            "disposition": "Files Closed For Incompleteness", 
                            "count": 0, 
                            "value": 0
                        }
                    ]
                }, 
                {
                    "gender": "Female", 
                    "dispositions": [
                        {
                            "disposition": "Applications Received", 
                            "count": 0, 
                            "value": 0
                        }, 
                        {
                            "disposition": "Loans Originated", 
                            "count": 0, 
                            "value": 0
                        }, 
                        {
                            "disposition": "Apps. Approved But Not Accepted", 
                            "count": 0, 
                            "value": 0
                        }, 
                        {
                            "disposition": "Aplications Denied", 
                            "count": 0, 
                            "value": 0
                        }, 
                        {
                            "disposition": "Applications Withdrawn", 
                            "count": 0, 
                            "value": 0
                        }, 
                        {
                            "disposition": "Files Closed For Incompleteness", 
                            "count": 0, 
                            "value": 0
                        }
                    ]
                }, 
                {
                    "gender": "Joint (Male/Female)", 
                    "dispositions": [
                        {
                            "disposition": "Applications Received", 
                            "count": 28, 
                            "value": 5750
                        }, 
                        {
                            "disposition": "Loans Originated", 
                            "count": 18, 
                            "value": 3329
                        }, 
                        {
                            "disposition": "Apps. Approved But Not Accepted", 
                            "count": 3, 
                            "value": 1025
                        }, 
                        {
                            "disposition": "Aplications Denied", 
                            "count": 3, 
                            "value": 631
                        }, 
                        {
                            "disposition": "Applications Withdrawn", 
                            "count": 2, 
                            "value": 434
                        }, 
                        {
                            "disposition": "Files Closed For Incompleteness", 
                            "count": 2, 
                            "value": 331
                        }
                    ]
                }
            ]
        }, 
        {
            "race": "Not Available", 
            "dispositions": [
                {
                    "disposition": "Applications Received", 
                    "count": 556, 
                    "value": 97757
                }, 
                {
                    "disposition": "Loans Originated", 
                    "count": 259, 
                    "value": 48095
                }, 
                {
                    "disposition": "Apps. Approved But Not Accepted", 
                    "count": 29, 
                    "value": 5289
                }, 
                {
                    "disposition": "Aplications Denied", 
                    "count": 138, 
                    "value": 22894
                }, 
                {
                    "disposition": "Applications Withdrawn", 
                    "count": 95, 
                    "value": 15195
                }, 
                {
                    "disposition": "Files Closed For Incompleteness", 
                    "count": 35, 
                    "value": 6284
                }
            ], 
            "genders": [
                {
                    "gender": "Male", 
                    "dispositions": [
                        {
                            "disposition": "Applications Received", 
                            "count": 91, 
                            "value": 12721
                        }, 
                        {
                            "disposition": "Loans Originated", 
                            "count": 19, 
                            "value": 2837
                        }, 
                        {
                            "disposition": "Apps. Approved But Not Accepted", 
                            "count": 3, 
                            "value": 854
                        }, 
                        {
                            "disposition": "Aplications Denied", 
                            "count": 41, 
                            "value": 5112
                        }, 
                        {
                            "disposition": "Applications Withdrawn", 
                            "count": 24, 
                            "value": 3446
                        }, 
                        {
                            "disposition": "Files Closed For Incompleteness", 
                            "count": 4, 
                            "value": 472
                        }
                    ]
                }, 
                {
                    "gender": "Female", 
                    "dispositions": [
                        {
                            "disposition": "Applications Received", 
                            "count": 41, 
                            "value": 5421
                        }, 
                        {
                            "disposition": "Loans Originated", 
                            "count": 9, 
                            "value": 1168
                        }, 
                        {
                            "disposition": "Apps. Approved But Not Accepted", 
                            "count": 4, 
                            "value": 582
                        }, 
                        {
                            "disposition": "Aplications Denied", 
                            "count": 12, 
                            "value": 1391
                        }, 
                        {
                            "disposition": "Applications Withdrawn", 
                            "count": 13, 
                            "value": 1551
                        }, 
                        {
                            "disposition": "Files Closed For Incompleteness", 
                            "count": 3, 
                            "value": 729
                        }
                    ]
                }, 
                {
                    "gender": "Joint (Male/Female)", 
                    "dispositions": [
                        {
                            "disposition": "Applications Received", 
                            "count": 62, 
                            "value": 11674
                        }, 
                        {
                            "disposition": "Loans Originated", 
                            "count": 25, 
                            "value": 5828
                        }, 
                        {
                            "disposition": "Apps. Approved But Not Accepted", 
                            "count": 5, 
                            "value": 770
                        }, 
                        {
                            "disposition": "Aplications Denied", 
                            "count": 17, 
                            "value": 2467
                        }, 
                        {
                            "disposition": "Applications Withdrawn", 
                            "count": 13, 
                            "value": 2159
                        }, 
                        {
                            "disposition": "Files Closed For Incompleteness", 
                            "count": 2, 
                            "value": 450
                        }
                    ]
                }
            ]
        }
    ], 
    "ethnicities": [
        {
            "ethnicity": "Hispanic or Latino", 
            "dispositions": [
                {
                    "disposition": "Applications Received", 
                    "count": 44, 
                    "value": 8600
                }, 
                {
                    "disposition": "Loans Originated", 
                    "count": 25, 
                    "value": 4360
                }, 
                {
                    "disposition": "Apps. Approved But Not Accepted", 
                    "count": 5, 
                    "value": 872
                }, 
                {
                    "disposition": "Aplications Denied", 
                    "count": 5, 
                    "value": 576
                }, 
                {
                    "disposition": "Applications Withdrawn", 
                    "count": 8, 
                    "value": 2696
                }, 
                {
                    "disposition": "Files Closed For Incompleteness", 
                    "count": 1, 
                    "value": 96
                }
            ], 
            "genders": [
                {
                    "gender": "Male", 
                    "dispositions": [
                        {
                            "disposition": "Applications Received", 
                            "count": 27, 
                            "value": 27
                        }, 
                        {
                            "disposition": "Loans Originated", 
                            "count": 16, 
                            "value": 3108
                        }, 
                        {
                            "disposition": "Apps. Approved But Not Accepted", 
                            "count": 1, 
                            "value": 414
                        }, 
                        {
                            "disposition": "Aplications Denied", 
                            "count": 2, 
                            "value": 340
                        }, 
                        {
                            "disposition": "Applications Withdrawn", 
                            "count": 7, 
                            "value": 1841
                        }, 
                        {
                            "disposition": "Files Closed For Incompleteness", 
                            "count": 1, 
                            "value": 96
                        }
                    ]
                }, 
                {
                    "gender": "Female", 
                    "dispositions": [
                        {
                            "disposition": "Applications Received", 
                            "count": 10, 
                            "value": 10
                        }, 
                        {
                            "disposition": "Loans Originated", 
                            "count": 4, 
                            "value": 278
                        }, 
                        {
                            "disposition": "Apps. Approved But Not Accepted", 
                            "count": 4, 
                            "value": 458
                        }, 
                        {
                            "disposition": "Aplications Denied", 
                            "count": 2, 
                            "value": 169
                        }, 
                        {
                            "disposition": "Applications Withdrawn", 
                            "count": 0, 
                            "value": 0
                        }, 
                        {
                            "disposition": "Files Closed For Incompleteness", 
                            "count": 0, 
                            "value": 0
                        }
                    ]
                }, 
                {
                    "gender": "Joint (Male/Female)", 
                    "dispositions": [
                        {
                            "disposition": "Applications Received", 
                            "count": 7, 
                            "value": 7
                        }, 
                        {
                            "disposition": "Loans Originated", 
                            "count": 5, 
                            "value": 974
                        }, 
                        {
                            "disposition": "Apps. Approved But Not Accepted", 
                            "count": 0, 
                            "value": 0
                        }, 
                        {
                            "disposition": "Aplications Denied", 
                            "count": 1, 
                            "value": 67
                        }, 
                        {
                            "disposition": "Applications Withdrawn", 
                            "count": 1, 
                            "value": 855
                        }, 
                        {
                            "disposition": "Files Closed For Incompleteness", 
                            "count": 0, 
                            "value": 0
                        }
                    ]
                }
            ]
        }, 
        {
            "ethnicity": "Not Hispanic or Latino", 
            "dispositions": [
                {
                    "disposition": "Applications Received", 
                    "count": 5445, 
                    "value": 890428
                }, 
                {
                    "disposition": "Loans Originated", 
                    "count": 3547, 
                    "value": 576849
                }, 
                {
                    "disposition": "Apps. Approved But Not Accepted", 
                    "count": 276, 
                    "value": 51313
                }, 
                {
                    "disposition": "Aplications Denied", 
                    "count": 925, 
                    "value": 145306
                }, 
                {
                    "disposition": "Applications Withdrawn", 
                    "count": 551, 
                    "value": 92835
                }, 
                {
                    "disposition": "Files Closed For Incompleteness", 
                    "count": 146, 
                    "value": 24125
                }
            ], 
            "genders": [
                {
                    "gender": "Male", 
                    "dispositions": [
                        {
                            "disposition": "Applications Received", 
                            "count": 1769, 
                            "value": 1769
                        }, 
                        {
                            "disposition": "Loans Originated", 
                            "count": 1048, 
                            "value": 172339
                        }, 
                        {
                            "disposition": "Apps. Approved But Not Accepted", 
                            "count": 110, 
                            "value": 21242
                        }, 
                        {
                            "disposition": "Aplications Denied", 
                            "count": 351, 
                            "value": 54334
                        }, 
                        {
                            "disposition": "Applications Withdrawn", 
                            "count": 213, 
                            "value": 35299
                        }, 
                        {
                            "disposition": "Files Closed For Incompleteness", 
                            "count": 47, 
                            "value": 8393
                        }
                    ]
                }, 
                {
                    "gender": "Female", 
                    "dispositions": [
                        {
                            "disposition": "Applications Received", 
                            "count": 1103, 
                            "value": 1103
                        }, 
                        {
                            "disposition": "Loans Originated", 
                            "count": 676, 
                            "value": 85388
                        }, 
                        {
                            "disposition": "Apps. Approved But Not Accepted", 
                            "count": 40, 
                            "value": 4519
                        }, 
                        {
                            "disposition": "Aplications Denied", 
                            "count": 228, 
                            "value": 28358
                        }, 
                        {
                            "disposition": "Applications Withdrawn", 
                            "count": 117, 
                            "value": 16062
                        }, 
                        {
                            "disposition": "Files Closed For Incompleteness", 
                            "count": 42, 
                            "value": 4902
                        }
                    ]
                }, 
                {
                    "gender": "Joint (Male/Female)", 
                    "dispositions": [
                        {
                            "disposition": "Applications Received", 
                            "count": 2567, 
                            "value": 2567
                        }, 
                        {
                            "disposition": "Loans Originated", 
                            "count": 1822, 
                            "value": 318996
                        }, 
                        {
                            "disposition": "Apps. Approved But Not Accepted", 
                            "count": 126, 
                            "value": 25552
                        }, 
                        {
                            "disposition": "Aplications Denied", 
                            "count": 343, 
                            "value": 62118
                        }, 
                        {
                            "disposition": "Applications Withdrawn", 
                            "count": 219, 
                            "value": 41207
                        }, 
                        {
                            "disposition": "Files Closed For Incompleteness", 
                            "count": 57, 
                            "value": 10830
                        }
                    ]
                }
            ]
        }, 
        {
            "ethnicity": "Joint (Hispanic or Latino/Not Hispanic or Latino", 
            "dispositions": [
                {
                    "disposition": "Applications Received", 
                    "count": 30, 
                    "value": 6202
                }, 
                {
                    "disposition": "Loans Originated", 
                    "count": 20, 
                    "value": 3656
                }, 
                {
                    "disposition": "Apps. Approved But Not Accepted", 
                    "count": 2, 
                    "value": 517
                }, 
                {
                    "disposition": "Aplications Denied", 
                    "count": 4, 
                    "value": 1401
                }, 
                {
                    "disposition": "Applications Withdrawn", 
                    "count": 4, 
                    "value": 628
                }, 
                {
                    "disposition": "Files Closed For Incompleteness", 
                    "count": 0, 
                    "value": 0
                }
            ], 
            "genders": [
                {
                    "gender": "Male", 
                    "dispositions": [
                        {
                            "disposition": "Applications Received", 
                            "count": 0, 
                            "value": 0
                        }, 
                        {
                            "disposition": "Loans Originated", 
                            "count": 0, 
                            "value": 0
                        }, 
                        {
                            "disposition": "Apps. Approved But Not Accepted", 
                            "count": 0, 
                            "value": 0
                        }, 
                        {
                            "disposition": "Aplications Denied", 
                            "count": 0, 
                            "value": 0
                        }, 
                        {
                            "disposition": "Applications Withdrawn", 
                            "count": 0, 
                            "value": 0
                        }, 
                        {
                            "disposition": "Files Closed For Incompleteness", 
                            "count": 0, 
                            "value": 0
                        }
                    ]
                }, 
                {
                    "gender": "Female", 
                    "dispositions": [
                        {
                            "disposition": "Applications Received", 
                            "count": 1, 
                            "value": 1
                        }, 
                        {
                            "disposition": "Loans Originated", 
                            "count": 1, 
                            "value": 144
                        }, 
                        {
                            "disposition": "Apps. Approved But Not Accepted", 
                            "count": 0, 
                            "value": 0
                        }, 
                        {
                            "disposition": "Aplications Denied", 
                            "count": 0, 
                            "value": 0
                        }, 
                        {
                            "disposition": "Applications Withdrawn", 
                            "count": 0, 
                            "value": 0
                        }, 
                        {
                            "disposition": "Files Closed For Incompleteness", 
                            "count": 0, 
                            "value": 0
                        }
                    ]
                }, 
                {
                    "gender": "Joint (Male/Female)", 
                    "dispositions": [
                        {
                            "disposition": "Applications Received", 
                            "count": 29, 
                            "value": 29
                        }, 
                        {
                            "disposition": "Loans Originated", 
                            "count": 19, 
                            "value": 3512
                        }, 
                        {
                            "disposition": "Apps. Approved But Not Accepted", 
                            "count": 2, 
                            "value": 517
                        }, 
                        {
                            "disposition": "Aplications Denied", 
                            "count": 4, 
                            "value": 1401
                        }, 
                        {
                            "disposition": "Applications Withdrawn", 
                            "count": 4, 
                            "value": 628
                        }, 
                        {
                            "disposition": "Files Closed For Incompleteness", 
                            "count": 0, 
                            "value": 0
                        }
                    ]
                }
            ]
        }, 
        {
            "ethnicity": "Ethnicity Not Available", 
            "dispositions": [
                {
                    "disposition": "Applications Received", 
                    "count": 530, 
                    "value": 92635
                }, 
                {
                    "disposition": "Loans Originated", 
                    "count": 261, 
                    "value": 47777
                }, 
                {
                    "disposition": "Apps. Approved But Not Accepted", 
                    "count": 27, 
                    "value": 4608
                }, 
                {
                    "disposition": "Aplications Denied", 
                    "count": 119, 
                    "value": 20438
                }, 
                {
                    "disposition": "Applications Withdrawn", 
                    "count": 87, 
                    "value": 13282
                }, 
                {
                    "disposition": "Files Closed For Incompleteness", 
                    "count": 36, 
                    "value": 6530
                }
            ], 
            "genders": [
                {
                    "gender": "Male", 
                    "dispositions": [
                        {
                            "disposition": "Applications Received", 
                            "count": 72, 
                            "value": 72
                        }, 
                        {
                            "disposition": "Loans Originated", 
                            "count": 21, 
                            "value": 3041
                        }, 
                        {
                            "disposition": "Apps. Approved But Not Accepted", 
                            "count": 2, 
                            "value": 270
                        }, 
                        {
                            "disposition": "Aplications Denied", 
                            "count": 24, 
                            "value": 2917
                        }, 
                        {
                            "disposition": "Applications Withdrawn", 
                            "count": 20, 
                            "value": 2873
                        }, 
                        {
                            "disposition": "Files Closed For Incompleteness", 
                            "count": 5, 
                            "value": 632
                        }
                    ]
                }, 
                {
                    "gender": "Female", 
                    "dispositions": [
                        {
                            "disposition": "Applications Received", 
                            "count": 38, 
                            "value": 38
                        }, 
                        {
                            "disposition": "Loans Originated", 
                            "count": 11, 
                            "value": 1306
                        }, 
                        {
                            "disposition": "Apps. Approved But Not Accepted", 
                            "count": 3, 
                            "value": 485
                        }, 
                        {
                            "disposition": "Aplications Denied", 
                            "count": 12, 
                            "value": 1392
                        }, 
                        {
                            "disposition": "Applications Withdrawn", 
                            "count": 10, 
                            "value": 767
                        }, 
                        {
                            "disposition": "Files Closed For Incompleteness", 
                            "count": 2, 
                            "value": 560
                        }
                    ]
                }, 
                {
                    "gender": "Joint (Male/Female)", 
                    "dispositions": [
                        {
                            "disposition": "Applications Received", 
                            "count": 59, 
                            "value": 59
                        }, 
                        {
                            "disposition": "Loans Originated", 
                            "count": 23, 
                            "value": 5253
                        }, 
                        {
                            "disposition": "Apps. Approved But Not Accepted", 
                            "count": 5, 
                            "value": 770
                        }, 
                        {
                            "disposition": "Aplications Denied", 
                            "count": 16, 
                            "value": 2340
                        }, 
                        {
                            "disposition": "Applications Withdrawn", 
                            "count": 12, 
                            "value": 1603
                        }, 
                        {
                            "disposition": "Files Closed For Incompleteness", 
                            "count": 3, 
                            "value": 705
                        }
                    ]
                }
            ]
        }
    ], 
    "minoritystatuses": [
        {
            "minoritystatus": "White Non-Hispanic", 
            "dispositions": [
                {
                    "disposition": "Applications Received", 
                    "count": 4995, 
                    "value": 853215
                }, 
                {
                    "disposition": "Loans Originated", 
                    "count": 3311, 
                    "value": 559812
                }, 
                {
                    "disposition": "Apps. Approved But Not Accepted", 
                    "count": 253, 
                    "value": 47414
                }, 
                {
                    "disposition": "Aplications Denied", 
                    "count": 780, 
                    "value": 132507
                }, 
                {
                    "disposition": "Applications Withdrawn", 
                    "count": 501, 
                    "value": 87544
                }, 
                {
                    "disposition": "Files Closed For Incompleteness", 
                    "count": 150, 
                    "value": 25938
                }
            ], 
            "genders": [
                {
                    "gender": "Male", 
                    "dispositions": [
                        {
                            "disposition": "Applications Received", 
                            "count": 254429, 
                            "value": 0
                        }, 
                        {
                            "disposition": "Loans Originated", 
                            "count": 893, 
                            "value": 152107
                        }, 
                        {
                            "disposition": "Apps. Approved But Not Accepted", 
                            "count": 90, 
                            "value": 17715
                        }, 
                        {
                            "disposition": "Aplications Denied", 
                            "count": 269, 
                            "value": 43949
                        }, 
                        {
                            "disposition": "Applications Withdrawn", 
                            "count": 182, 
                            "value": 31106
                        }, 
                        {
                            "disposition": "Files Closed For Incompleteness", 
                            "count": 46, 
                            "value": 8072
                        }
                    ]
                }, 
                {
                    "gender": "Female", 
                    "dispositions": [
                        {
                            "disposition": "Applications Received", 
                            "count": 110477, 
                            "value": 0
                        }, 
                        {
                            "disposition": "Loans Originated", 
                            "count": 532, 
                            "value": 70199
                        }, 
                        {
                            "disposition": "Apps. Approved But Not Accepted", 
                            "count": 31, 
                            "value": 3699
                        }, 
                        {
                            "disposition": "Aplications Denied", 
                            "count": 154, 
                            "value": 20826
                        }, 
                        {
                            "disposition": "Applications Withdrawn", 
                            "count": 80, 
                            "value": 11176
                        }, 
                        {
                            "disposition": "Files Closed For Incompleteness", 
                            "count": 28, 
                            "value": 3752
                        }
                    ]
                }, 
                {
                    "gender": "Joint (Male/Female)", 
                    "dispositions": [
                        {
                            "disposition": "Applications Received", 
                            "count": 424484, 
                            "value": 0
                        }, 
                        {
                            "disposition": "Loans Originated", 
                            "count": 1679, 
                            "value": 299203
                        }, 
                        {
                            "disposition": "Apps. Approved But Not Accepted", 
                            "count": 115, 
                            "value": 22917
                        }, 
                        {
                            "disposition": "Aplications Denied", 
                            "count": 287, 
                            "value": 53447
                        }, 
                        {
                            "disposition": "Applications Withdrawn", 
                            "count": 193, 
                            "value": 37112
                        }, 
                        {
                            "disposition": "Files Closed For Incompleteness", 
                            "count": 50, 
                            "value": 9481
                        }
                    ]
                }
            ]
        }, 
        {
            "minoritystatus": "Others, Including Hispanic", 
            "dispositions": [
                {
                    "disposition": "Applications Received", 
                    "count": 1054, 
                    "value": 144650
                }, 
                {
                    "disposition": "Loans Originated", 
                    "count": 542, 
                    "value": 72830
                }, 
                {
                    "disposition": "Apps. Approved But Not Accepted", 
                    "count": 57, 
                    "value": 9896
                }, 
                {
                    "disposition": "Aplications Denied", 
                    "count": 273, 
                    "value": 35214
                }, 
                {
                    "disposition": "Applications Withdrawn", 
                    "count": 149, 
                    "value": 21897
                }, 
                {
                    "disposition": "Files Closed For Incompleteness", 
                    "count": 33, 
                    "value": 4813
                }
            ], 
            "genders": [
                {
                    "gender": "Male", 
                    "dispositions": [
                        {
                            "disposition": "Applications Received", 
                            "count": 54578, 
                            "value": 0
                        }, 
                        {
                            "disposition": "Loans Originated", 
                            "count": 192, 
                            "value": 26381
                        }, 
                        {
                            "disposition": "Apps. Approved But Not Accepted", 
                            "count": 23, 
                            "value": 4211
                        }, 
                        {
                            "disposition": "Aplications Denied", 
                            "count": 108, 
                            "value": 13642
                        }, 
                        {
                            "disposition": "Applications Withdrawn", 
                            "count": 58, 
                            "value": 8907
                        }, 
                        {
                            "disposition": "Files Closed For Incompleteness", 
                            "count": 7, 
                            "value": 1049
                        }
                    ]
                }, 
                {
                    "gender": "Female", 
                    "dispositions": [
                        {
                            "disposition": "Applications Received", 
                            "count": 35463, 
                            "value": 0
                        }, 
                        {
                            "disposition": "Loans Originated", 
                            "count": 160, 
                            "value": 16917
                        }, 
                        {
                            "disposition": "Apps. Approved But Not Accepted", 
                            "count": 16, 
                            "value": 1763
                        }, 
                        {
                            "disposition": "Aplications Denied", 
                            "count": 88, 
                            "value": 9093
                        }, 
                        {
                            "disposition": "Applications Withdrawn", 
                            "count": 47, 
                            "value": 5653
                        }, 
                        {
                            "disposition": "Files Closed For Incompleteness", 
                            "count": 16, 
                            "value": 1710
                        }
                    ]
                }, 
                {
                    "gender": "Joint (Male/Female)", 
                    "dispositions": [
                        {
                            "disposition": "Applications Received", 
                            "count": 55506, 
                            "value": 0
                        }, 
                        {
                            "disposition": "Loans Originated", 
                            "count": 190, 
                            "value": 29532
                        }, 
                        {
                            "disposition": "Apps. Approved But Not Accepted", 
                            "count": 18, 
                            "value": 3922
                        }, 
                        {
                            "disposition": "Aplications Denied", 
                            "count": 77, 
                            "value": 12479
                        }, 
                        {
                            "disposition": "Applications Withdrawn", 
                            "count": 43, 
                            "value": 7181
                        }, 
                        {
                            "disposition": "Files Closed For Incompleteness", 
                            "count": 10, 
                            "value": 2054
                        }
                    ]
                }
            ]
        }
    ], 
    "incomes": [
        {
            "income": "Less than 50% of MSA/MD median", 
            "dispositions": [
                {
                    "disposition": "Applications Received", 
                    "count": 372, 
                    "value": 30753
                }, 
                {
                    "disposition": "Loans Originated", 
                    "count": 180, 
                    "value": 13379
                }, 
                {
                    "disposition": "Apps. Approved But Not Accepted", 
                    "count": 12, 
                    "value": 1091
                }, 
                {
                    "disposition": "Aplications Denied", 
                    "count": 121, 
                    "value": 9902
                }, 
                {
                    "disposition": "Applications Withdrawn", 
                    "count": 47, 
                    "value": 5041
                }, 
                {
                    "disposition": "Files Closed For Incompleteness", 
                    "count": 12, 
                    "value": 1340
                }
            ]
        }, 
        {
            "income": "50-79% of MSA/MD median", 
            "dispositions": [
                {
                    "disposition": "Applications Received", 
                    "count": 799, 
                    "value": 89089
                }, 
                {
                    "disposition": "Loans Originated", 
                    "count": 466, 
                    "value": 50630
                }, 
                {
                    "disposition": "Apps. Approved But Not Accepted", 
                    "count": 41, 
                    "value": 4675
                }, 
                {
                    "disposition": "Aplications Denied", 
                    "count": 183, 
                    "value": 20681
                }, 
                {
                    "disposition": "Applications Withdrawn", 
                    "count": 92, 
                    "value": 11020
                }, 
                {
                    "disposition": "Files Closed For Incompleteness", 
                    "count": 17, 
                    "value": 2083
                }
            ]
        }, 
        {
            "income": "80-99% of MSA/MD median", 
            "dispositions": [
                {
                    "disposition": "Applications Received", 
                    "count": 601, 
                    "value": 76774
                }, 
                {
                    "disposition": "Loans Originated", 
                    "count": 362, 
                    "value": 44281
                }, 
                {
                    "disposition": "Apps. Approved But Not Accepted", 
                    "count": 29, 
                    "value": 4058
                }, 
                {
                    "disposition": "Aplications Denied", 
                    "count": 120, 
                    "value": 16033
                }, 
                {
                    "disposition": "Applications Withdrawn", 
                    "count": 73, 
                    "value": 10300
                }, 
                {
                    "disposition": "Files Closed For Incompleteness", 
                    "count": 17, 
                    "value": 2102
                }
            ]
        }, 
        {
            "income": "100-119% of MSA/MD median", 
            "dispositions": [
                {
                    "disposition": "Applications Received", 
                    "count": 567, 
                    "value": 81308
                }, 
                {
                    "disposition": "Loans Originated", 
                    "count": 369, 
                    "value": 49783
                }, 
                {
                    "disposition": "Apps. Approved But Not Accepted", 
                    "count": 27, 
                    "value": 4904
                }, 
                {
                    "disposition": "Aplications Denied", 
                    "count": 94, 
                    "value": 15021
                }, 
                {
                    "disposition": "Applications Withdrawn", 
                    "count": 57, 
                    "value": 8900
                }, 
                {
                    "disposition": "Files Closed For Incompleteness", 
                    "count": 20, 
                    "value": 2700
                }
            ]
        }, 
        {
            "income": "120% or more of MSA/MD median", 
            "dispositions": [
                {
                    "disposition": "Applications Received", 
                    "count": 2906, 
                    "value": 584184
                }, 
                {
                    "disposition": "Loans Originated", 
                    "count": 1959, 
                    "value": 388013
                }, 
                {
                    "disposition": "Apps. Approved But Not Accepted", 
                    "count": 155, 
                    "value": 33757
                }, 
                {
                    "disposition": "Aplications Denied", 
                    "count": 413, 
                    "value": 83367
                }, 
                {
                    "disposition": "Applications Withdrawn", 
                    "count": 290, 
                    "value": 60503
                }, 
                {
                    "disposition": "Files Closed For Incompleteness", 
                    "count": 89, 
                    "value": 18544
                }
            ]
        }, 
        {
            "income": "Income not available", 
            "dispositions": [
                {
                    "disposition": "Applications Received", 
                    "count": 804, 
                    "value": 135757
                }, 
                {
                    "disposition": "Loans Originated", 
                    "count": 517, 
                    "value": 86556
                }, 
                {
                    "disposition": "Apps. Approved But Not Accepted", 
                    "count": 46, 
                    "value": 8825
                }, 
                {
                    "disposition": "Aplications Denied", 
                    "count": 122, 
                    "value": 22717
                }, 
                {
                    "disposition": "Applications Withdrawn", 
                    "count": 91, 
                    "value": 13677
                }, 
                {
                    "disposition": "Files Closed For Incompleteness", 
                    "count": 28, 
                    "value": 3982
                }
            ]
        }
    ], 
    "total": [
        {
            "disposition": "Applications Received", 
            "count": 0, 
            "value": 0
        }, 
        {
            "disposition": "Loans Originated", 
            "count": 3853, 
            "value": 632642
        }, 
        {
            "disposition": "Apps. Approved But Not Accepted", 
            "count": 310, 
            "value": 57310
        }, 
        {
            "disposition": "Aplications Denied", 
            "count": 1053, 
            "value": 167721
        }, 
        {
            "disposition": "Applications Withdrawn", 
            "count": 650, 
            "value": 109441
        }, 
        {
            "disposition": "Files Closed For Incompleteness", 
            "count": 183, 
            "value": 30751
        }
    ]
}