{
    "table": "4-7", 
    "type": "Aggregate", 
    "desc": "Disposition of applications for home-purchase, home improvement, or refinancing loans, manufactured home dwellings by race, ethnicity, gender and income of applicant", 
    "year": "2013", 
    "msa": {
        "id": "11500", 
        "name": "Anniston-Oxford", 
        "state": "AL", 
        "state_name": "Alabama"
    }, 
    "races": [
        {
            "race": "American Indian/Alaska Native", 
            "dispositions": [
                {
                    "disposition": "Applications Received", 
                    "count": 1, 
                    "value": 106
                }, 
                {
                    "disposition": "Loans Originated", 
                    "count": 0, 
                    "value": 0
                }, 
                {
                    "disposition": "Apps. Approved But Not Accepted", 
                    "count": 0, 
                    "value": 0
                }, 
                {
                    "disposition": "Aplications Denied", 
                    "count": 0, 
                    "value": 0
                }, 
                {
                    "disposition": "Applications Withdrawn", 
                    "count": 1, 
                    "value": 106
                }, 
                {
                    "disposition": "Files Closed For Incompleteness", 
                    "count": 0, 
                    "value": 0
                }
            ], 
            "genders": [
                {
                    "gender": "Male", 
                    "dispositions": [
                        {
                            "disposition": "Applications Received", 
                            "count": 1, 
                            "value": 106
                        }, 
                        {
                            "disposition": "Loans Originated", 
                            "count": 0, 
                            "value": 0
                        }, 
                        {
                            "disposition": "Apps. Approved But Not Accepted", 
                            "count": 0, 
                            "value": 0
                        }, 
                        {
                            "disposition": "Aplications Denied", 
                            "count": 0, 
                            "value": 0
                        }, 
                        {
                            "disposition": "Applications Withdrawn", 
                            "count": 1, 
                            "value": 106
                        }, 
                        {
                            "disposition": "Files Closed For Incompleteness", 
                            "count": 0, 
                            "value": 0
                        }
                    ]
                }, 
                {
                    "gender": "Female", 
                    "dispositions": [
                        {
                            "disposition": "Applications Received", 
                            "count": 0, 
                            "value": 0
                        }, 
                        {
                            "disposition": "Loans Originated", 
                            "count": 0, 
                            "value": 0
                        }, 
                        {
                            "disposition": "Apps. Approved But Not Accepted", 
                            "count": 0, 
                            "value": 0
                        }, 
                        {
                            "disposition": "Aplications Denied", 
                            "count": 0, 
                            "value": 0
                        }, 
                        {
                            "disposition": "Applications Withdrawn", 
                            "count": 0, 
                            "value": 0
                        }, 
                        {
                            "disposition": "Files Closed For Incompleteness", 
                            "count": 0, 
                            "value": 0
                        }
                    ]
                }, 
                {
                    "gender": "Joint (Male/Female)", 
                    "dispositions": [
                        {
                            "disposition": "Applications Received", 
                            "count": 0, 
                            "value": 0
                        }, 
                        {
                            "disposition": "Loans Originated", 
                            "count": 0, 
                            "value": 0
                        }, 
                        {
                            "disposition": "Apps. Approved But Not Accepted", 
                            "count": 0, 
                            "value": 0
                        }, 
                        {
                            "disposition": "Aplications Denied", 
                            "count": 0, 
                            "value": 0
                        }, 
                        {
                            "disposition": "Applications Withdrawn", 
                            "count": 0, 
                            "value": 0
                        }, 
                        {
                            "disposition": "Files Closed For Incompleteness", 
                            "count": 0, 
                            "value": 0
                        }
                    ]
                }
            ]
        }, 
        {
            "race": "Asian", 
            "dispositions": [
                {
                    "disposition": "Applications Received", 
                    "count": 0, 
                    "value": 0
                }, 
                {
                    "disposition": "Loans Originated", 
                    "count": 0, 
                    "value": 0
                }, 
                {
                    "disposition": "Apps. Approved But Not Accepted", 
                    "count": 0, 
                    "value": 0
                }, 
                {
                    "disposition": "Aplications Denied", 
                    "count": 0, 
                    "value": 0
                }, 
                {
                    "disposition": "Applications Withdrawn", 
                    "count": 0, 
                    "value": 0
                }, 
                {
                    "disposition": "Files Closed For Incompleteness", 
                    "count": 0, 
                    "value": 0
                }
            ], 
            "genders": [
                {
                    "gender": "Male", 
                    "dispositions": [
                        {
                            "disposition": "Applications Received", 
                            "count": 0, 
                            "value": 0
                        }, 
                        {
                            "disposition": "Loans Originated", 
                            "count": 0, 
                            "value": 0
                        }, 
                        {
                            "disposition": "Apps. Approved But Not Accepted", 
                            "count": 0, 
                            "value": 0
                        }, 
                        {
                            "disposition": "Aplications Denied", 
                            "count": 0, 
                            "value": 0
                        }, 
                        {
                            "disposition": "Applications Withdrawn", 
                            "count": 0, 
                            "value": 0
                        }, 
                        {
                            "disposition": "Files Closed For Incompleteness", 
                            "count": 0, 
                            "value": 0
                        }
                    ]
                }, 
                {
                    "gender": "Female", 
                    "dispositions": [
                        {
                            "disposition": "Applications Received", 
                            "count": 0, 
                            "value": 0
                        }, 
                        {
                            "disposition": "Loans Originated", 
                            "count": 0, 
                            "value": 0
                        }, 
                        {
                            "disposition": "Apps. Approved But Not Accepted", 
                            "count": 0, 
                            "value": 0
                        }, 
                        {
                            "disposition": "Aplications Denied", 
                            "count": 0, 
                            "value": 0
                        }, 
                        {
                            "disposition": "Applications Withdrawn", 
                            "count": 0, 
                            "value": 0
                        }, 
                        {
                            "disposition": "Files Closed For Incompleteness", 
                            "count": 0, 
                            "value": 0
                        }
                    ]
                }, 
                {
                    "gender": "Joint (Male/Female)", 
                    "dispositions": [
                        {
                            "disposition": "Applications Received", 
                            "count": 0, 
                            "value": 0
                        }, 
                        {
                            "disposition": "Loans Originated", 
                            "count": 0, 
                            "value": 0
                        }, 
                        {
                            "disposition": "Apps. Approved But Not Accepted", 
                            "count": 0, 
                            "value": 0
                        }, 
                        {
                            "disposition": "Aplications Denied", 
                            "count": 0, 
                            "value": 0
                        }, 
                        {
                            "disposition": "Applications Withdrawn", 
                            "count": 0, 
                            "value": 0
                        }, 
                        {
                            "disposition": "Files Closed For Incompleteness", 
                            "count": 0, 
                            "value": 0
                        }
                    ]
                }
            ]
        }, 
        {
            "race": "Black or African American", 
            "dispositions": [
                {
                    "disposition": "Applications Received", 
                    "count": 3, 
                    "value": 287
                }, 
                {
                    "disposition": "Loans Originated", 
                    "count": 2, 
                    "value": 186
                }, 
                {
                    "disposition": "Apps. Approved But Not Accepted", 
                    "count": 0, 
                    "value": 0
                }, 
                {
                    "disposition": "Aplications Denied", 
                    "count": 0, 
                    "value": 0
                }, 
                {
                    "disposition": "Applications Withdrawn", 
                    "count": 1, 
                    "value": 101
                }, 
                {
                    "disposition": "Files Closed For Incompleteness", 
                    "count": 0, 
                    "value": 0
                }
            ], 
            "genders": [
                {
                    "gender": "Male", 
                    "dispositions": [
                        {
                            "disposition": "Applications Received", 
                            "count": 1, 
                            "value": 101
                        }, 
                        {
                            "disposition": "Loans Originated", 
                            "count": 0, 
                            "value": 0
                        }, 
                        {
                            "disposition": "Apps. Approved But Not Accepted", 
                            "count": 0, 
                            "value": 0
                        }, 
                        {
                            "disposition": "Aplications Denied", 
                            "count": 0, 
                            "value": 0
                        }, 
                        {
                            "disposition": "Applications Withdrawn", 
                            "count": 1, 
                            "value": 101
                        }, 
                        {
                            "disposition": "Files Closed For Incompleteness", 
                            "count": 0, 
                            "value": 0
                        }
                    ]
                }, 
                {
                    "gender": "Female", 
                    "dispositions": [
                        {
                            "disposition": "Applications Received", 
                            "count": 1, 
                            "value": 96
                        }, 
                        {
                            "disposition": "Loans Originated", 
                            "count": 1, 
                            "value": 96
                        }, 
                        {
                            "disposition": "Apps. Approved But Not Accepted", 
                            "count": 0, 
                            "value": 0
                        }, 
                        {
                            "disposition": "Aplications Denied", 
                            "count": 0, 
                            "value": 0
                        }, 
                        {
                            "disposition": "Applications Withdrawn", 
                            "count": 0, 
                            "value": 0
                        }, 
                        {
                            "disposition": "Files Closed For Incompleteness", 
                            "count": 0, 
                            "value": 0
                        }
                    ]
                }, 
                {
                    "gender": "Joint (Male/Female)", 
                    "dispositions": [
                        {
                            "disposition": "Applications Received", 
                            "count": 1, 
                            "value": 90
                        }, 
                        {
                            "disposition": "Loans Originated", 
                            "count": 1, 
                            "value": 90
                        }, 
                        {
                            "disposition": "Apps. Approved But Not Accepted", 
                            "count": 0, 
                            "value": 0
                        }, 
                        {
                            "disposition": "Aplications Denied", 
                            "count": 0, 
                            "value": 0
                        }, 
                        {
                            "disposition": "Applications Withdrawn", 
                            "count": 0, 
                            "value": 0
                        }, 
                        {
                            "disposition": "Files Closed For Incompleteness", 
                            "count": 0, 
                            "value": 0
                        }
                    ]
                }
            ]
        }, 
        {
            "race": "Native Hawaiian or Other Pacific Islander", 
            "dispositions": [
                {
                    "disposition": "Applications Received", 
                    "count": 49, 
                    "value": 5934
                }, 
                {
                    "disposition": "Loans Originated", 
                    "count": 23, 
                    "value": 3079
                }, 
                {
                    "disposition": "Apps. Approved But Not Accepted", 
                    "count": 4, 
                    "value": 367
                }, 
                {
                    "disposition": "Aplications Denied", 
                    "count": 13, 
                    "value": 1373
                }, 
                {
                    "disposition": "Applications Withdrawn", 
                    "count": 7, 
                    "value": 782
                }, 
                {
                    "disposition": "Files Closed For Incompleteness", 
                    "count": 2, 
                    "value": 333
                }
            ], 
            "genders": [
                {
                    "gender": "Male", 
                    "dispositions": [
                        {
                            "disposition": "Applications Received", 
                            "count": 16, 
                            "value": 1826
                        }, 
                        {
                            "disposition": "Loans Originated", 
                            "count": 7, 
                            "value": 865
                        }, 
                        {
                            "disposition": "Apps. Approved But Not Accepted", 
                            "count": 0, 
                            "value": 0
                        }, 
                        {
                            "disposition": "Aplications Denied", 
                            "count": 6, 
                            "value": 613
                        }, 
                        {
                            "disposition": "Applications Withdrawn", 
                            "count": 2, 
                            "value": 128
                        }, 
                        {
                            "disposition": "Files Closed For Incompleteness", 
                            "count": 1, 
                            "value": 220
                        }
                    ]
                }, 
                {
                    "gender": "Female", 
                    "dispositions": [
                        {
                            "disposition": "Applications Received", 
                            "count": 12, 
                            "value": 1084
                        }, 
                        {
                            "disposition": "Loans Originated", 
                            "count": 5, 
                            "value": 603
                        }, 
                        {
                            "disposition": "Apps. Approved But Not Accepted", 
                            "count": 2, 
                            "value": 85
                        }, 
                        {
                            "disposition": "Aplications Denied", 
                            "count": 4, 
                            "value": 315
                        }, 
                        {
                            "disposition": "Applications Withdrawn", 
                            "count": 1, 
                            "value": 81
                        }, 
                        {
                            "disposition": "Files Closed For Incompleteness", 
                            "count": 0, 
                            "value": 0
                        }
                    ]
                }, 
                {
                    "gender": "Joint (Male/Female)", 
                    "dispositions": [
                        {
                            "disposition": "Applications Received", 
                            "count": 21, 
                            "value": 3024
                        }, 
                        {
                            "disposition": "Loans Originated", 
                            "count": 11, 
                            "value": 1611
                        }, 
                        {
                            "disposition": "Apps. Approved But Not Accepted", 
                            "count": 2, 
                            "value": 282
                        }, 
                        {
                            "disposition": "Aplications Denied", 
                            "count": 3, 
                            "value": 445
                        }, 
                        {
                            "disposition": "Applications Withdrawn", 
                            "count": 4, 
                            "value": 573
                        }, 
                        {
                            "disposition": "Files Closed For Incompleteness", 
                            "count": 1, 
                            "value": 113
                        }
                    ]
                }
            ]
        }, 
        {
            "race": "White", 
            "dispositions": [
                {
                    "disposition": "Applications Received", 
                    "count": 0, 
                    "value": 0
                }, 
                {
                    "disposition": "Loans Originated", 
                    "count": 0, 
                    "value": 0
                }, 
                {
                    "disposition": "Apps. Approved But Not Accepted", 
                    "count": 0, 
                    "value": 0
                }, 
                {
                    "disposition": "Aplications Denied", 
                    "count": 0, 
                    "value": 0
                }, 
                {
                    "disposition": "Applications Withdrawn", 
                    "count": 0, 
                    "value": 0
                }, 
                {
                    "disposition": "Files Closed For Incompleteness", 
                    "count": 0, 
                    "value": 0
                }
            ], 
            "genders": [
                {
                    "gender": "Male", 
                    "dispositions": [
                        {
                            "disposition": "Applications Received", 
                            "count": 0, 
                            "value": 0
                        }, 
                        {
                            "disposition": "Loans Originated", 
                            "count": 0, 
                            "value": 0
                        }, 
                        {
                            "disposition": "Apps. Approved But Not Accepted", 
                            "count": 0, 
                            "value": 0
                        }, 
                        {
                            "disposition": "Aplications Denied", 
                            "count": 0, 
                            "value": 0
                        }, 
                        {
                            "disposition": "Applications Withdrawn", 
                            "count": 0, 
                            "value": 0
                        }, 
                        {
                            "disposition": "Files Closed For Incompleteness", 
                            "count": 0, 
                            "value": 0
                        }
                    ]
                }, 
                {
                    "gender": "Female", 
                    "dispositions": [
                        {
                            "disposition": "Applications Received", 
                            "count": 0, 
                            "value": 0
                        }, 
                        {
                            "disposition": "Loans Originated", 
                            "count": 0, 
                            "value": 0
                        }, 
                        {
                            "disposition": "Apps. Approved But Not Accepted", 
                            "count": 0, 
                            "value": 0
                        }, 
                        {
                            "disposition": "Aplications Denied", 
                            "count": 0, 
                            "value": 0
                        }, 
                        {
                            "disposition": "Applications Withdrawn", 
                            "count": 0, 
                            "value": 0
                        }, 
                        {
                            "disposition": "Files Closed For Incompleteness", 
                            "count": 0, 
                            "value": 0
                        }
                    ]
                }, 
                {
                    "gender": "Joint (Male/Female)", 
                    "dispositions": [
                        {
                            "disposition": "Applications Received", 
                            "count": 0, 
                            "value": 0
                        }, 
                        {
                            "disposition": "Loans Originated", 
                            "count": 0, 
                            "value": 0
                        }, 
                        {
                            "disposition": "Apps. Approved But Not Accepted", 
                            "count": 0, 
                            "value": 0
                        }, 
                        {
                            "disposition": "Aplications Denied", 
                            "count": 0, 
                            "value": 0
                        }, 
                        {
                            "disposition": "Applications Withdrawn", 
                            "count": 0, 
                            "value": 0
                        }, 
                        {
                            "disposition": "Files Closed For Incompleteness", 
                            "count": 0, 
                            "value": 0
                        }
                    ]
                }
            ]
        }, 
        {
            "race": "2 or more minority races", 
            "dispositions": [
                {
                    "disposition": "Applications Received", 
                    "count": 400, 
                    "value": 50894
                }, 
                {
                    "disposition": "Loans Originated", 
                    "count": 268, 
                    "value": 34720
                }, 
                {
                    "disposition": "Apps. Approved But Not Accepted", 
                    "count": 23, 
                    "value": 2927
                }, 
                {
                    "disposition": "Aplications Denied", 
                    "count": 67, 
                    "value": 8127
                }, 
                {
                    "disposition": "Applications Withdrawn", 
                    "count": 33, 
                    "value": 4190
                }, 
                {
                    "disposition": "Files Closed For Incompleteness", 
                    "count": 9, 
                    "value": 930
                }
            ], 
            "genders": [
                {
                    "gender": "Male", 
                    "dispositions": [
                        {
                            "disposition": "Applications Received", 
                            "count": 131, 
                            "value": 16246
                        }, 
                        {
                            "disposition": "Loans Originated", 
                            "count": 82, 
                            "value": 10678
                        }, 
                        {
                            "disposition": "Apps. Approved But Not Accepted", 
                            "count": 9, 
                            "value": 1062
                        }, 
                        {
                            "disposition": "Aplications Denied", 
                            "count": 28, 
                            "value": 3241
                        }, 
                        {
                            "disposition": "Applications Withdrawn", 
                            "count": 8, 
                            "value": 796
                        }, 
                        {
                            "disposition": "Files Closed For Incompleteness", 
                            "count": 4, 
                            "value": 469
                        }
                    ]
                }, 
                {
                    "gender": "Female", 
                    "dispositions": [
                        {
                            "disposition": "Applications Received", 
                            "count": 81, 
                            "value": 8302
                        }, 
                        {
                            "disposition": "Loans Originated", 
                            "count": 50, 
                            "value": 5409
                        }, 
                        {
                            "disposition": "Apps. Approved But Not Accepted", 
                            "count": 6, 
                            "value": 707
                        }, 
                        {
                            "disposition": "Aplications Denied", 
                            "count": 15, 
                            "value": 1289
                        }, 
                        {
                            "disposition": "Applications Withdrawn", 
                            "count": 10, 
                            "value": 897
                        }, 
                        {
                            "disposition": "Files Closed For Incompleteness", 
                            "count": 0, 
                            "value": 0
                        }
                    ]
                }, 
                {
                    "gender": "Joint (Male/Female)", 
                    "dispositions": [
                        {
                            "disposition": "Applications Received", 
                            "count": 188, 
                            "value": 26346
                        }, 
                        {
                            "disposition": "Loans Originated", 
                            "count": 136, 
                            "value": 18633
                        }, 
                        {
                            "disposition": "Apps. Approved But Not Accepted", 
                            "count": 8, 
                            "value": 1158
                        }, 
                        {
                            "disposition": "Aplications Denied", 
                            "count": 24, 
                            "value": 3597
                        }, 
                        {
                            "disposition": "Applications Withdrawn", 
                            "count": 15, 
                            "value": 2497
                        }, 
                        {
                            "disposition": "Files Closed For Incompleteness", 
                            "count": 5, 
                            "value": 461
                        }
                    ]
                }
            ]
        }, 
        {
            "race": "Joint (White/Minority Race", 
            "dispositions": [
                {
                    "disposition": "Applications Received", 
                    "count": 7, 
                    "value": 855
                }, 
                {
                    "disposition": "Loans Originated", 
                    "count": 5, 
                    "value": 458
                }, 
                {
                    "disposition": "Apps. Approved But Not Accepted", 
                    "count": 0, 
                    "value": 0
                }, 
                {
                    "disposition": "Aplications Denied", 
                    "count": 1, 
                    "value": 139
                }, 
                {
                    "disposition": "Applications Withdrawn", 
                    "count": 0, 
                    "value": 0
                }, 
                {
                    "disposition": "Files Closed For Incompleteness", 
                    "count": 1, 
                    "value": 258
                }
            ], 
            "genders": [
                {
                    "gender": "Male", 
                    "dispositions": [
                        {
                            "disposition": "Applications Received", 
                            "count": 0, 
                            "value": 0
                        }, 
                        {
                            "disposition": "Loans Originated", 
                            "count": 0, 
                            "value": 0
                        }, 
                        {
                            "disposition": "Apps. Approved But Not Accepted", 
                            "count": 0, 
                            "value": 0
                        }, 
                        {
                            "disposition": "Aplications Denied", 
                            "count": 0, 
                            "value": 0
                        }, 
                        {
                            "disposition": "Applications Withdrawn", 
                            "count": 0, 
                            "value": 0
                        }, 
                        {
                            "disposition": "Files Closed For Incompleteness", 
                            "count": 0, 
                            "value": 0
                        }
                    ]
                }, 
                {
                    "gender": "Female", 
                    "dispositions": [
                        {
                            "disposition": "Applications Received", 
                            "count": 0, 
                            "value": 0
                        }, 
                        {
                            "disposition": "Loans Originated", 
                            "count": 0, 
                            "value": 0
                        }, 
                        {
                            "disposition": "Apps. Approved But Not Accepted", 
                            "count": 0, 
                            "value": 0
                        }, 
                        {
                            "disposition": "Aplications Denied", 
                            "count": 0, 
                            "value": 0
                        }, 
                        {
                            "disposition": "Applications Withdrawn", 
                            "count": 0, 
                            "value": 0
                        }, 
                        {
                            "disposition": "Files Closed For Incompleteness", 
                            "count": 0, 
                            "value": 0
                        }
                    ]
                }, 
                {
                    "gender": "Joint (Male/Female)", 
                    "dispositions": [
                        {
                            "disposition": "Applications Received", 
                            "count": 7, 
                            "value": 855
                        }, 
                        {
                            "disposition": "Loans Originated", 
                            "count": 5, 
                            "value": 458
                        }, 
                        {
                            "disposition": "Apps. Approved But Not Accepted", 
                            "count": 0, 
                            "value": 0
                        }, 
                        {
                            "disposition": "Aplications Denied", 
                            "count": 1, 
                            "value": 139
                        }, 
                        {
                            "disposition": "Applications Withdrawn", 
                            "count": 0, 
                            "value": 0
                        }, 
                        {
                            "disposition": "Files Closed For Incompleteness", 
                            "count": 1, 
                            "value": 258
                        }
                    ]
                }
            ]
        }, 
        {
            "race": "Not Available", 
            "dispositions": [
                {
                    "disposition": "Applications Received", 
                    "count": 39, 
                    "value": 4829
                }, 
                {
                    "disposition": "Loans Originated", 
                    "count": 20, 
                    "value": 2610
                }, 
                {
                    "disposition": "Apps. Approved But Not Accepted", 
                    "count": 3, 
                    "value": 518
                }, 
                {
                    "disposition": "Aplications Denied", 
                    "count": 6, 
                    "value": 689
                }, 
                {
                    "disposition": "Applications Withdrawn", 
                    "count": 5, 
                    "value": 554
                }, 
                {
                    "disposition": "Files Closed For Incompleteness", 
                    "count": 5, 
                    "value": 458
                }
            ], 
            "genders": [
                {
                    "gender": "Male", 
                    "dispositions": [
                        {
                            "disposition": "Applications Received", 
                            "count": 3, 
                            "value": 345
                        }, 
                        {
                            "disposition": "Loans Originated", 
                            "count": 2, 
                            "value": 270
                        }, 
                        {
                            "disposition": "Apps. Approved But Not Accepted", 
                            "count": 0, 
                            "value": 0
                        }, 
                        {
                            "disposition": "Aplications Denied", 
                            "count": 0, 
                            "value": 0
                        }, 
                        {
                            "disposition": "Applications Withdrawn", 
                            "count": 0, 
                            "value": 0
                        }, 
                        {
                            "disposition": "Files Closed For Incompleteness", 
                            "count": 1, 
                            "value": 75
                        }
                    ]
                }, 
                {
                    "gender": "Female", 
                    "dispositions": [
                        {
                            "disposition": "Applications Received", 
                            "count": 3, 
                            "value": 251
                        }, 
                        {
                            "disposition": "Loans Originated", 
                            "count": 3, 
                            "value": 251
                        }, 
                        {
                            "disposition": "Apps. Approved But Not Accepted", 
                            "count": 0, 
                            "value": 0
                        }, 
                        {
                            "disposition": "Aplications Denied", 
                            "count": 0, 
                            "value": 0
                        }, 
                        {
                            "disposition": "Applications Withdrawn", 
                            "count": 0, 
                            "value": 0
                        }, 
                        {
                            "disposition": "Files Closed For Incompleteness", 
                            "count": 0, 
                            "value": 0
                        }
                    ]
                }, 
                {
                    "gender": "Joint (Male/Female)", 
                    "dispositions": [
                        {
                            "disposition": "Applications Received", 
                            "count": 3, 
                            "value": 297
                        }, 
                        {
                            "disposition": "Loans Originated", 
                            "count": 2, 
                            "value": 172
                        }, 
                        {
                            "disposition": "Apps. Approved But Not Accepted", 
                            "count": 0, 
                            "value": 0
                        }, 
                        {
                            "disposition": "Aplications Denied", 
                            "count": 1, 
                            "value": 125
                        }, 
                        {
                            "disposition": "Applications Withdrawn", 
                            "count": 0, 
                            "value": 0
                        }, 
                        {
                            "disposition": "Files Closed For Incompleteness", 
                            "count": 0, 
                            "value": 0
                        }
                    ]
                }
            ]
        }
    ], 
    "ethnicities": [
        {
            "ethnicity": "Hispanic or Latino", 
            "dispositions": [
                {
                    "disposition": "Applications Received", 
                    "count": 8, 
                    "value": 1167
                }, 
                {
                    "disposition": "Loans Originated", 
                    "count": 4, 
                    "value": 763
                }, 
                {
                    "disposition": "Apps. Approved But Not Accepted", 
                    "count": 1, 
                    "value": 100
                }, 
                {
                    "disposition": "Aplications Denied", 
                    "count": 3, 
                    "value": 304
                }, 
                {
                    "disposition": "Applications Withdrawn", 
                    "count": 0, 
                    "value": 0
                }, 
                {
                    "disposition": "Files Closed For Incompleteness", 
                    "count": 0, 
                    "value": 0
                }
            ], 
            "genders": [
                {
                    "gender": "Male", 
                    "dispositions": [
                        {
                            "disposition": "Applications Received", 
                            "count": 5, 
                            "value": 5
                        }, 
                        {
                            "disposition": "Loans Originated", 
                            "count": 2, 
                            "value": 218
                        }, 
                        {
                            "disposition": "Apps. Approved But Not Accepted", 
                            "count": 0, 
                            "value": 0
                        }, 
                        {
                            "disposition": "Aplications Denied", 
                            "count": 3, 
                            "value": 304
                        }, 
                        {
                            "disposition": "Applications Withdrawn", 
                            "count": 0, 
                            "value": 0
                        }, 
                        {
                            "disposition": "Files Closed For Incompleteness", 
                            "count": 0, 
                            "value": 0
                        }
                    ]
                }, 
                {
                    "gender": "Female", 
                    "dispositions": [
                        {
                            "disposition": "Applications Received", 
                            "count": 0, 
                            "value": 0
                        }, 
                        {
                            "disposition": "Loans Originated", 
                            "count": 0, 
                            "value": 0
                        }, 
                        {
                            "disposition": "Apps. Approved But Not Accepted", 
                            "count": 0, 
                            "value": 0
                        }, 
                        {
                            "disposition": "Aplications Denied", 
                            "count": 0, 
                            "value": 0
                        }, 
                        {
                            "disposition": "Applications Withdrawn", 
                            "count": 0, 
                            "value": 0
                        }, 
                        {
                            "disposition": "Files Closed For Incompleteness", 
                            "count": 0, 
                            "value": 0
                        }
                    ]
                }, 
                {
                    "gender": "Joint (Male/Female)", 
                    "dispositions": [
                        {
                            "disposition": "Applications Received", 
                            "count": 3, 
                            "value": 3
                        }, 
                        {
                            "disposition": "Loans Originated", 
                            "count": 2, 
                            "value": 545
                        }, 
                        {
                            "disposition": "Apps. Approved But Not Accepted", 
                            "count": 1, 
                            "value": 100
                        }, 
                        {
                            "disposition": "Aplications Denied", 
                            "count": 0, 
                            "value": 0
                        }, 
                        {
                            "disposition": "Applications Withdrawn", 
                            "count": 0, 
                            "value": 0
                        }, 
                        {
                            "disposition": "Files Closed For Incompleteness", 
                            "count": 0, 
                            "value": 0
                        }
                    ]
                }
            ]
        }, 
        {
            "ethnicity": "Not Hispanic or Latino", 
            "dispositions": [
                {
                    "disposition": "Applications Received", 
                    "count": 451, 
                    "value": 56656
                }, 
                {
                    "disposition": "Loans Originated", 
                    "count": 295, 
                    "value": 37854
                }, 
                {
                    "disposition": "Apps. Approved But Not Accepted", 
                    "count": 26, 
                    "value": 3194
                }, 
                {
                    "disposition": "Aplications Denied", 
                    "count": 77, 
                    "value": 9062
                }, 
                {
                    "disposition": "Applications Withdrawn", 
                    "count": 41, 
                    "value": 5025
                }, 
                {
                    "disposition": "Files Closed For Incompleteness", 
                    "count": 12, 
                    "value": 1521
                }
            ], 
            "genders": [
                {
                    "gender": "Male", 
                    "dispositions": [
                        {
                            "disposition": "Applications Received", 
                            "count": 143, 
                            "value": 143
                        }, 
                        {
                            "disposition": "Loans Originated", 
                            "count": 87, 
                            "value": 11430
                        }, 
                        {
                            "disposition": "Apps. Approved But Not Accepted", 
                            "count": 9, 
                            "value": 1062
                        }, 
                        {
                            "disposition": "Aplications Denied", 
                            "count": 30, 
                            "value": 3277
                        }, 
                        {
                            "disposition": "Applications Withdrawn", 
                            "count": 12, 
                            "value": 1131
                        }, 
                        {
                            "disposition": "Files Closed For Incompleteness", 
                            "count": 5, 
                            "value": 689
                        }
                    ]
                }, 
                {
                    "gender": "Female", 
                    "dispositions": [
                        {
                            "disposition": "Applications Received", 
                            "count": 95, 
                            "value": 95
                        }, 
                        {
                            "disposition": "Loans Originated", 
                            "count": 57, 
                            "value": 6177
                        }, 
                        {
                            "disposition": "Apps. Approved But Not Accepted", 
                            "count": 8, 
                            "value": 792
                        }, 
                        {
                            "disposition": "Aplications Denied", 
                            "count": 19, 
                            "value": 1604
                        }, 
                        {
                            "disposition": "Applications Withdrawn", 
                            "count": 11, 
                            "value": 978
                        }, 
                        {
                            "disposition": "Files Closed For Incompleteness", 
                            "count": 0, 
                            "value": 0
                        }
                    ]
                }, 
                {
                    "gender": "Joint (Male/Female)", 
                    "dispositions": [
                        {
                            "disposition": "Applications Received", 
                            "count": 213, 
                            "value": 213
                        }, 
                        {
                            "disposition": "Loans Originated", 
                            "count": 151, 
                            "value": 20247
                        }, 
                        {
                            "disposition": "Apps. Approved But Not Accepted", 
                            "count": 9, 
                            "value": 1340
                        }, 
                        {
                            "disposition": "Aplications Denied", 
                            "count": 28, 
                            "value": 4181
                        }, 
                        {
                            "disposition": "Applications Withdrawn", 
                            "count": 18, 
                            "value": 2916
                        }, 
                        {
                            "disposition": "Files Closed For Incompleteness", 
                            "count": 7, 
                            "value": 832
                        }
                    ]
                }
            ]
        }, 
        {
            "ethnicity": "Joint (Hispanic or Latino/Not Hispanic or Latino", 
            "dispositions": [
                {
                    "disposition": "Applications Received", 
                    "count": 2, 
                    "value": 236
                }, 
                {
                    "disposition": "Loans Originated", 
                    "count": 1, 
                    "value": 82
                }, 
                {
                    "disposition": "Apps. Approved But Not Accepted", 
                    "count": 0, 
                    "value": 0
                }, 
                {
                    "disposition": "Aplications Denied", 
                    "count": 0, 
                    "value": 0
                }, 
                {
                    "disposition": "Applications Withdrawn", 
                    "count": 1, 
                    "value": 154
                }, 
                {
                    "disposition": "Files Closed For Incompleteness", 
                    "count": 0, 
                    "value": 0
                }
            ], 
            "genders": [
                {
                    "gender": "Male", 
                    "dispositions": [
                        {
                            "disposition": "Applications Received", 
                            "count": 0, 
                            "value": 0
                        }, 
                        {
                            "disposition": "Loans Originated", 
                            "count": 0, 
                            "value": 0
                        }, 
                        {
                            "disposition": "Apps. Approved But Not Accepted", 
                            "count": 0, 
                            "value": 0
                        }, 
                        {
                            "disposition": "Aplications Denied", 
                            "count": 0, 
                            "value": 0
                        }, 
                        {
                            "disposition": "Applications Withdrawn", 
                            "count": 0, 
                            "value": 0
                        }, 
                        {
                            "disposition": "Files Closed For Incompleteness", 
                            "count": 0, 
                            "value": 0
                        }
                    ]
                }, 
                {
                    "gender": "Female", 
                    "dispositions": [
                        {
                            "disposition": "Applications Received", 
                            "count": 0, 
                            "value": 0
                        }, 
                        {
                            "disposition": "Loans Originated", 
                            "count": 0, 
                            "value": 0
                        }, 
                        {
                            "disposition": "Apps. Approved But Not Accepted", 
                            "count": 0, 
                            "value": 0
                        }, 
                        {
                            "disposition": "Aplications Denied", 
                            "count": 0, 
                            "value": 0
                        }, 
                        {
                            "disposition": "Applications Withdrawn", 
                            "count": 0, 
                            "value": 0
                        }, 
                        {
                            "disposition": "Files Closed For Incompleteness", 
                            "count": 0, 
                            "value": 0
                        }
                    ]
                }, 
                {
                    "gender": "Joint (Male/Female)", 
                    "dispositions": [
                        {
                            "disposition": "Applications Received", 
                            "count": 2, 
                            "value": 2
                        }, 
                        {
                            "disposition": "Loans Originated", 
                            "count": 1, 
                            "value": 82
                        }, 
                        {
                            "disposition": "Apps. Approved But Not Accepted", 
                            "count": 0, 
                            "value": 0
                        }, 
                        {
                            "disposition": "Aplications Denied", 
                            "count": 0, 
                            "value": 0
                        }, 
                        {
                            "disposition": "Applications Withdrawn", 
                            "count": 1, 
                            "value": 154
                        }, 
                        {
                            "disposition": "Files Closed For Incompleteness", 
                            "count": 0, 
                            "value": 0
                        }
                    ]
                }
            ]
        }, 
        {
            "ethnicity": "Ethnicity Not Available", 
            "dispositions": [
                {
                    "disposition": "Applications Received", 
                    "count": 38, 
                    "value": 4846
                }, 
                {
                    "disposition": "Loans Originated", 
                    "count": 18, 
                    "value": 2354
                }, 
                {
                    "disposition": "Apps. Approved But Not Accepted", 
                    "count": 3, 
                    "value": 518
                }, 
                {
                    "disposition": "Aplications Denied", 
                    "count": 7, 
                    "value": 962
                }, 
                {
                    "disposition": "Applications Withdrawn", 
                    "count": 5, 
                    "value": 554
                }, 
                {
                    "disposition": "Files Closed For Incompleteness", 
                    "count": 5, 
                    "value": 458
                }
            ], 
            "genders": [
                {
                    "gender": "Male", 
                    "dispositions": [
                        {
                            "disposition": "Applications Received", 
                            "count": 4, 
                            "value": 4
                        }, 
                        {
                            "disposition": "Loans Originated", 
                            "count": 2, 
                            "value": 165
                        }, 
                        {
                            "disposition": "Apps. Approved But Not Accepted", 
                            "count": 0, 
                            "value": 0
                        }, 
                        {
                            "disposition": "Aplications Denied", 
                            "count": 1, 
                            "value": 273
                        }, 
                        {
                            "disposition": "Applications Withdrawn", 
                            "count": 0, 
                            "value": 0
                        }, 
                        {
                            "disposition": "Files Closed For Incompleteness", 
                            "count": 1, 
                            "value": 75
                        }
                    ]
                }, 
                {
                    "gender": "Female", 
                    "dispositions": [
                        {
                            "disposition": "Applications Received", 
                            "count": 2, 
                            "value": 2
                        }, 
                        {
                            "disposition": "Loans Originated", 
                            "count": 2, 
                            "value": 182
                        }, 
                        {
                            "disposition": "Apps. Approved But Not Accepted", 
                            "count": 0, 
                            "value": 0
                        }, 
                        {
                            "disposition": "Aplications Denied", 
                            "count": 0, 
                            "value": 0
                        }, 
                        {
                            "disposition": "Applications Withdrawn", 
                            "count": 0, 
                            "value": 0
                        }, 
                        {
                            "disposition": "Files Closed For Incompleteness", 
                            "count": 0, 
                            "value": 0
                        }
                    ]
                }, 
                {
                    "gender": "Joint (Male/Female)", 
                    "dispositions": [
                        {
                            "disposition": "Applications Received", 
                            "count": 2, 
                            "value": 2
                        }, 
                        {
                            "disposition": "Loans Originated", 
                            "count": 1, 
                            "value": 90
                        }, 
                        {
                            "disposition": "Apps. Approved But Not Accepted", 
                            "count": 0, 
                            "value": 0
                        }, 
                        {
                            "disposition": "Aplications Denied", 
                            "count": 1, 
                            "value": 125
                        }, 
                        {
                            "disposition": "Applications Withdrawn", 
                            "count": 0, 
                            "value": 0
                        }, 
                        {
                            "disposition": "Files Closed For Incompleteness", 
                            "count": 0, 
                            "value": 0
                        }
                    ]
                }
            ]
        }
    ], 
    "minoritystatuses": [
        {
            "minoritystatus": "White Non-Hispanic", 
            "dispositions": [
                {
                    "disposition": "Applications Received", 
                    "count": 429, 
                    "value": 54320
                }, 
                {
                    "disposition": "Loans Originated", 
                    "count": 283, 
                    "value": 36485
                }, 
                {
                    "disposition": "Apps. Approved But Not Accepted", 
                    "count": 25, 
                    "value": 3345
                }, 
                {
                    "disposition": "Aplications Denied", 
                    "count": 70, 
                    "value": 8512
                }, 
                {
                    "disposition": "Applications Withdrawn", 
                    "count": 37, 
                    "value": 4590
                }, 
                {
                    "disposition": "Files Closed For Incompleteness", 
                    "count": 14, 
                    "value": 1388
                }
            ], 
            "genders": [
                {
                    "gender": "Male", 
                    "dispositions": [
                        {
                            "disposition": "Applications Received", 
                            "count": 16198, 
                            "value": 0
                        }, 
                        {
                            "disposition": "Loans Originated", 
                            "count": 82, 
                            "value": 10730
                        }, 
                        {
                            "disposition": "Apps. Approved But Not Accepted", 
                            "count": 9, 
                            "value": 1062
                        }, 
                        {
                            "disposition": "Aplications Denied", 
                            "count": 25, 
                            "value": 2937
                        }, 
                        {
                            "disposition": "Applications Withdrawn", 
                            "count": 8, 
                            "value": 796
                        }, 
                        {
                            "disposition": "Files Closed For Incompleteness", 
                            "count": 5, 
                            "value": 544
                        }
                    ]
                }, 
                {
                    "gender": "Female", 
                    "dispositions": [
                        {
                            "disposition": "Applications Received", 
                            "count": 8637, 
                            "value": 0
                        }, 
                        {
                            "disposition": "Loans Originated", 
                            "count": 53, 
                            "value": 5660
                        }, 
                        {
                            "disposition": "Apps. Approved But Not Accepted", 
                            "count": 6, 
                            "value": 707
                        }, 
                        {
                            "disposition": "Aplications Denied", 
                            "count": 15, 
                            "value": 1289
                        }, 
                        {
                            "disposition": "Applications Withdrawn", 
                            "count": 10, 
                            "value": 897
                        }, 
                        {
                            "disposition": "Files Closed For Incompleteness", 
                            "count": 0, 
                            "value": 0
                        }
                    ]
                }, 
                {
                    "gender": "Joint (Male/Female)", 
                    "dispositions": [
                        {
                            "disposition": "Applications Received", 
                            "count": 25948, 
                            "value": 0
                        }, 
                        {
                            "disposition": "Loans Originated", 
                            "count": 135, 
                            "value": 18178
                        }, 
                        {
                            "disposition": "Apps. Approved But Not Accepted", 
                            "count": 7, 
                            "value": 1058
                        }, 
                        {
                            "disposition": "Aplications Denied", 
                            "count": 25, 
                            "value": 3722
                        }, 
                        {
                            "disposition": "Applications Withdrawn", 
                            "count": 14, 
                            "value": 2343
                        }, 
                        {
                            "disposition": "Files Closed For Incompleteness", 
                            "count": 5, 
                            "value": 461
                        }
                    ]
                }
            ]
        }, 
        {
            "minoritystatus": "Others, Including Hispanic", 
            "dispositions": [
                {
                    "disposition": "Applications Received", 
                    "count": 70, 
                    "value": 8585
                }, 
                {
                    "disposition": "Loans Originated", 
                    "count": 35, 
                    "value": 4568
                }, 
                {
                    "disposition": "Apps. Approved But Not Accepted", 
                    "count": 5, 
                    "value": 467
                }, 
                {
                    "disposition": "Aplications Denied", 
                    "count": 17, 
                    "value": 1816
                }, 
                {
                    "disposition": "Applications Withdrawn", 
                    "count": 10, 
                    "value": 1143
                }, 
                {
                    "disposition": "Files Closed For Incompleteness", 
                    "count": 3, 
                    "value": 591
                }
            ], 
            "genders": [
                {
                    "gender": "Male", 
                    "dispositions": [
                        {
                            "disposition": "Applications Received", 
                            "count": 2578, 
                            "value": 0
                        }, 
                        {
                            "disposition": "Loans Originated", 
                            "count": 9, 
                            "value": 1083
                        }, 
                        {
                            "disposition": "Apps. Approved But Not Accepted", 
                            "count": 0, 
                            "value": 0
                        }, 
                        {
                            "disposition": "Aplications Denied", 
                            "count": 9, 
                            "value": 917
                        }, 
                        {
                            "disposition": "Applications Withdrawn", 
                            "count": 4, 
                            "value": 335
                        }, 
                        {
                            "disposition": "Files Closed For Incompleteness", 
                            "count": 1, 
                            "value": 220
                        }
                    ]
                }, 
                {
                    "gender": "Female", 
                    "dispositions": [
                        {
                            "disposition": "Applications Received", 
                            "count": 1193, 
                            "value": 0
                        }, 
                        {
                            "disposition": "Loans Originated", 
                            "count": 6, 
                            "value": 699
                        }, 
                        {
                            "disposition": "Apps. Approved But Not Accepted", 
                            "count": 2, 
                            "value": 85
                        }, 
                        {
                            "disposition": "Aplications Denied", 
                            "count": 4, 
                            "value": 315
                        }, 
                        {
                            "disposition": "Applications Withdrawn", 
                            "count": 1, 
                            "value": 81
                        }, 
                        {
                            "disposition": "Files Closed For Incompleteness", 
                            "count": 0, 
                            "value": 0
                        }
                    ]
                }, 
                {
                    "gender": "Joint (Male/Female)", 
                    "dispositions": [
                        {
                            "disposition": "Applications Received", 
                            "count": 4884, 
                            "value": 0
                        }, 
                        {
                            "disposition": "Loans Originated", 
                            "count": 20, 
                            "value": 2786
                        }, 
                        {
                            "disposition": "Apps. Approved But Not Accepted", 
                            "count": 3, 
                            "value": 382
                        }, 
                        {
                            "disposition": "Aplications Denied", 
                            "count": 4, 
                            "value": 584
                        }, 
                        {
                            "disposition": "Applications Withdrawn", 
                            "count": 5, 
                            "value": 727
                        }, 
                        {
                            "disposition": "Files Closed For Incompleteness", 
                            "count": 2, 
                            "value": 371
                        }
                    ]
                }
            ]
        }
    ], 
    "incomes": [
        {
            "incomes": "Less than 50% of MSA/MD median", 
            "dispositions": [
                {
                    "disposition": "Applications Received", 
                    "count": 29, 
                    "value": 1937
                }, 
                {
                    "disposition": "Loans Originated", 
                    "count": 16, 
                    "value": 1091
                }, 
                {
                    "disposition": "Apps. Approved But Not Accepted", 
                    "count": 0, 
                    "value": 0
                }, 
                {
                    "disposition": "Aplications Denied", 
                    "count": 7, 
                    "value": 529
                }, 
                {
                    "disposition": "Applications Withdrawn", 
                    "count": 5, 
                    "value": 237
                }, 
                {
                    "disposition": "Files Closed For Incompleteness", 
                    "count": 1, 
                    "value": 80
                }
            ]
        }, 
        {
            "incomes": "50-79% of MSA/MD median", 
            "dispositions": [
                {
                    "disposition": "Applications Received", 
                    "count": 77, 
                    "value": 6849
                }, 
                {
                    "disposition": "Loans Originated", 
                    "count": 49, 
                    "value": 4546
                }, 
                {
                    "disposition": "Apps. Approved But Not Accepted", 
                    "count": 3, 
                    "value": 212
                }, 
                {
                    "disposition": "Aplications Denied", 
                    "count": 19, 
                    "value": 1644
                }, 
                {
                    "disposition": "Applications Withdrawn", 
                    "count": 6, 
                    "value": 447
                }, 
                {
                    "disposition": "Files Closed For Incompleteness", 
                    "count": 0, 
                    "value": 0
                }
            ]
        }, 
        {
            "incomes": "80-99% of MSA/MD median", 
            "dispositions": [
                {
                    "disposition": "Applications Received", 
                    "count": 63, 
                    "value": 5890
                }, 
                {
                    "disposition": "Loans Originated", 
                    "count": 36, 
                    "value": 3576
                }, 
                {
                    "disposition": "Apps. Approved But Not Accepted", 
                    "count": 4, 
                    "value": 420
                }, 
                {
                    "disposition": "Aplications Denied", 
                    "count": 16, 
                    "value": 1416
                }, 
                {
                    "disposition": "Applications Withdrawn", 
                    "count": 5, 
                    "value": 350
                }, 
                {
                    "disposition": "Files Closed For Incompleteness", 
                    "count": 2, 
                    "value": 128
                }
            ]
        }, 
        {
            "incomes": "100-119% of MSA/MD median", 
            "dispositions": [
                {
                    "disposition": "Applications Received", 
                    "count": 46, 
                    "value": 5232
                }, 
                {
                    "disposition": "Loans Originated", 
                    "count": 29, 
                    "value": 3151
                }, 
                {
                    "disposition": "Apps. Approved But Not Accepted", 
                    "count": 3, 
                    "value": 323
                }, 
                {
                    "disposition": "Aplications Denied", 
                    "count": 7, 
                    "value": 860
                }, 
                {
                    "disposition": "Applications Withdrawn", 
                    "count": 2, 
                    "value": 114
                }, 
                {
                    "disposition": "Files Closed For Incompleteness", 
                    "count": 5, 
                    "value": 784
                }
            ]
        }, 
        {
            "incomes": "120% or more of MSA/MD median", 
            "dispositions": [
                {
                    "disposition": "Applications Received", 
                    "count": 227, 
                    "value": 36069
                }, 
                {
                    "disposition": "Loans Originated", 
                    "count": 157, 
                    "value": 24846
                }, 
                {
                    "disposition": "Apps. Approved But Not Accepted", 
                    "count": 12, 
                    "value": 1863
                }, 
                {
                    "disposition": "Aplications Denied", 
                    "count": 30, 
                    "value": 5057
                }, 
                {
                    "disposition": "Applications Withdrawn", 
                    "count": 24, 
                    "value": 3846
                }, 
                {
                    "disposition": "Files Closed For Incompleteness", 
                    "count": 4, 
                    "value": 457
                }
            ]
        }, 
        {
            "incomes": "income not available", 
            "dispositions": [
                {
                    "disposition": "Applications Received", 
                    "count": 57, 
                    "value": 6928
                }, 
                {
                    "disposition": "Loans Originated", 
                    "count": 31, 
                    "value": 3843
                }, 
                {
                    "disposition": "Apps. Approved But Not Accepted", 
                    "count": 8, 
                    "value": 994
                }, 
                {
                    "disposition": "Aplications Denied", 
                    "count": 8, 
                    "value": 822
                }, 
                {
                    "disposition": "Applications Withdrawn", 
                    "count": 5, 
                    "value": 739
                }, 
                {
                    "disposition": "Files Closed For Incompleteness", 
                    "count": 5, 
                    "value": 530
                }
            ]
        }
    ], 
    "total": [
        {
            "disposition": "Applications Received", 
            "count": 0, 
            "value": 0
        }, 
        {
            "disposition": "Loans Originated", 
            "count": 318, 
            "value": 41053
        }, 
        {
            "disposition": "Apps. Approved But Not Accepted", 
            "count": 30, 
            "value": 3812
        }, 
        {
            "disposition": "Aplications Denied", 
            "count": 87, 
            "value": 10328
        }, 
        {
            "disposition": "Applications Withdrawn", 
            "count": 47, 
            "value": 5733
        }, 
        {
            "disposition": "Files Closed For Incompleteness", 
            "count": 17, 
            "value": 1979
        }
    ]
}