{
    "table": "3-1", 
    "type": "Aggregate", 
    "desc": "Loans sold, by characteristics of borrower and census tract in which property is located and by type of purchaser (includes originations and purchased loans)", 
    "year": "2012", 
    "msa": {
        "id": "26620", 
        "name": "Huntsville", 
        "state": "AL", 
        "state_name": "Alabama"
    }, 
    "borrowercharacteristics": [
        {
            "characteristic": "Race", 
            "races": [
                {
                    "race": "American Indian/Alaska Native", 
                    "purchasers": [
                        {
                            "name": "Fannie Mae", 
                            "count": 16, 
                            "value": 2704.0
                        }, 
                        {
                            "name": "Ginnie Mae", 
                            "count": 15, 
                            "value": 2860.0
                        }, 
                        {
                            "name": "Freddie Mac", 
                            "count": 4, 
                            "value": 576.0
                        }, 
                        {
                            "name": "Farmer Mac", 
                            "count": 0, 
                            "value": 0
                        }, 
                        {
                            "name": "Private Securitization", 
                            "count": 0, 
                            "value": 0
                        }, 
                        {
                            "name": "Commercial bank, savings bank or association", 
                            "count": 5, 
                            "value": 1139.0
                        }, 
                        {
                            "name": "Life insurance co., credit union, finance co.", 
                            "count": 6, 
                            "value": 1342.0
                        }, 
                        {
                            "name": "Affiliate institution", 
                            "count": 1, 
                            "value": 204.0
                        }, 
                        {
                            "name": "Other", 
                            "count": 69, 
                            "value": 7976.0
                        }
                    ]
                }, 
                {
                    "race": "Asian", 
                    "purchasers": [
                        {
                            "name": "Fannie Mae", 
                            "count": 8, 
                            "value": 1320.0
                        }, 
                        {
                            "name": "Ginnie Mae", 
                            "count": 6, 
                            "value": 854.0
                        }, 
                        {
                            "name": "Freddie Mac", 
                            "count": 2, 
                            "value": 276.0
                        }, 
                        {
                            "name": "Farmer Mac", 
                            "count": 0, 
                            "value": 0
                        }, 
                        {
                            "name": "Private Securitization", 
                            "count": 1, 
                            "value": 144.0
                        }, 
                        {
                            "name": "Commercial bank, savings bank or association", 
                            "count": 7, 
                            "value": 1280.0
                        }, 
                        {
                            "name": "Life insurance co., credit union, finance co.", 
                            "count": 2, 
                            "value": 703.0
                        }, 
                        {
                            "name": "Affiliate institution", 
                            "count": 2, 
                            "value": 299.0
                        }, 
                        {
                            "name": "Other", 
                            "count": 65, 
                            "value": 9906.0
                        }
                    ]
                }, 
                {
                    "race": "Black or African American", 
                    "purchasers": [
                        {
                            "name": "Fannie Mae", 
                            "count": 109, 
                            "value": 19794.0
                        }, 
                        {
                            "name": "Ginnie Mae", 
                            "count": 34, 
                            "value": 5950.0
                        }, 
                        {
                            "name": "Freddie Mac", 
                            "count": 37, 
                            "value": 7224.0
                        }, 
                        {
                            "name": "Farmer Mac", 
                            "count": 0, 
                            "value": 0
                        }, 
                        {
                            "name": "Private Securitization", 
                            "count": 1, 
                            "value": 415.0
                        }, 
                        {
                            "name": "Commercial bank, savings bank or association", 
                            "count": 63, 
                            "value": 11824.0
                        }, 
                        {
                            "name": "Life insurance co., credit union, finance co.", 
                            "count": 20, 
                            "value": 2924.0
                        }, 
                        {
                            "name": "Affiliate institution", 
                            "count": 10, 
                            "value": 1365.0
                        }, 
                        {
                            "name": "Other", 
                            "count": 294, 
                            "value": 54689.0
                        }
                    ]
                }, 
                {
                    "race": "Native Hawaiian or Other Pacific Islander", 
                    "purchasers": [
                        {
                            "name": "Fannie Mae", 
                            "count": 389, 
                            "value": 67343.0
                        }, 
                        {
                            "name": "Ginnie Mae", 
                            "count": 877, 
                            "value": 168620.0
                        }, 
                        {
                            "name": "Freddie Mac", 
                            "count": 70, 
                            "value": 9528.0
                        }, 
                        {
                            "name": "Farmer Mac", 
                            "count": 0, 
                            "value": 0
                        }, 
                        {
                            "name": "Private Securitization", 
                            "count": 8, 
                            "value": 1716.0
                        }, 
                        {
                            "name": "Commercial bank, savings bank or association", 
                            "count": 241, 
                            "value": 45616.0
                        }, 
                        {
                            "name": "Life insurance co., credit union, finance co.", 
                            "count": 252, 
                            "value": 44703.0
                        }, 
                        {
                            "name": "Affiliate institution", 
                            "count": 23, 
                            "value": 3181.0
                        }, 
                        {
                            "name": "Other", 
                            "count": 2505, 
                            "value": 310115.0
                        }
                    ]
                }, 
                {
                    "race": "White", 
                    "purchasers": [
                        {
                            "name": "Fannie Mae", 
                            "count": 6, 
                            "value": 1282.0
                        }, 
                        {
                            "name": "Ginnie Mae", 
                            "count": 9, 
                            "value": 1650.0
                        }, 
                        {
                            "name": "Freddie Mac", 
                            "count": 2, 
                            "value": 390.0
                        }, 
                        {
                            "name": "Farmer Mac", 
                            "count": 0, 
                            "value": 0
                        }, 
                        {
                            "name": "Private Securitization", 
                            "count": 0, 
                            "value": 0
                        }, 
                        {
                            "name": "Commercial bank, savings bank or association", 
                            "count": 3, 
                            "value": 689.0
                        }, 
                        {
                            "name": "Life insurance co., credit union, finance co.", 
                            "count": 1, 
                            "value": 136.0
                        }, 
                        {
                            "name": "Affiliate institution", 
                            "count": 1, 
                            "value": 187.0
                        }, 
                        {
                            "name": "Other", 
                            "count": 37, 
                            "value": 5216.0
                        }
                    ]
                }, 
                {
                    "race": "2 or more minority races", 
                    "purchasers": [
                        {
                            "name": "Fannie Mae", 
                            "count": 4376, 
                            "value": 775431.0
                        }, 
                        {
                            "name": "Ginnie Mae", 
                            "count": 3492, 
                            "value": 637311.0
                        }, 
                        {
                            "name": "Freddie Mac", 
                            "count": 1157, 
                            "value": 194385.0
                        }, 
                        {
                            "name": "Farmer Mac", 
                            "count": 0, 
                            "value": 0
                        }, 
                        {
                            "name": "Private Securitization", 
                            "count": 201, 
                            "value": 42285.0
                        }, 
                        {
                            "name": "Commercial bank, savings bank or association", 
                            "count": 2600, 
                            "value": 510190.0
                        }, 
                        {
                            "name": "Life insurance co., credit union, finance co.", 
                            "count": 1400, 
                            "value": 232952.0
                        }, 
                        {
                            "name": "Affiliate institution", 
                            "count": 190, 
                            "value": 27168.0
                        }, 
                        {
                            "name": "Other", 
                            "count": 12578, 
                            "value": 1884923.0
                        }
                    ]
                }, 
                {
                    "race": "Joint (White/Minority Race", 
                    "purchasers": [
                        {
                            "name": "Fannie Mae", 
                            "count": 95, 
                            "value": 18913.0
                        }, 
                        {
                            "name": "Ginnie Mae", 
                            "count": 88, 
                            "value": 19061.0
                        }, 
                        {
                            "name": "Freddie Mac", 
                            "count": 17, 
                            "value": 3228.0
                        }, 
                        {
                            "name": "Farmer Mac", 
                            "count": 0, 
                            "value": 0
                        }, 
                        {
                            "name": "Private Securitization", 
                            "count": 2, 
                            "value": 530.0
                        }, 
                        {
                            "name": "Commercial bank, savings bank or association", 
                            "count": 43, 
                            "value": 10413.0
                        }, 
                        {
                            "name": "Life insurance co., credit union, finance co.", 
                            "count": 20, 
                            "value": 4526.0
                        }, 
                        {
                            "name": "Affiliate institution", 
                            "count": 6, 
                            "value": 810.0
                        }, 
                        {
                            "name": "Other", 
                            "count": 242, 
                            "value": 43229.0
                        }
                    ]
                }, 
                {
                    "race": "Not Available", 
                    "purchasers": [
                        {
                            "name": "Fannie Mae", 
                            "count": 1002, 
                            "value": 181672.0
                        }, 
                        {
                            "name": "Ginnie Mae", 
                            "count": 962, 
                            "value": 193132.0
                        }, 
                        {
                            "name": "Freddie Mac", 
                            "count": 560, 
                            "value": 103099.0
                        }, 
                        {
                            "name": "Farmer Mac", 
                            "count": 0, 
                            "value": 0
                        }, 
                        {
                            "name": "Private Securitization", 
                            "count": 11, 
                            "value": 2143.0
                        }, 
                        {
                            "name": "Commercial bank, savings bank or association", 
                            "count": 169, 
                            "value": 35362.0
                        }, 
                        {
                            "name": "Life insurance co., credit union, finance co.", 
                            "count": 80, 
                            "value": 14731.0
                        }, 
                        {
                            "name": "Affiliate institution", 
                            "count": 135, 
                            "value": 27021.0
                        }, 
                        {
                            "name": "Other", 
                            "count": 2637, 
                            "value": 435747.0
                        }
                    ]
                }
            ]
        }, 
        {
            "characteristic": "Ethnicity", 
            "ethnicities": [
                {
                    "ethnicity": "Hispanic or Latino", 
                    "purchasers": [
                        {
                            "name": "Fannie Mae", 
                            "count": 52, 
                            "value": 9205
                        }, 
                        {
                            "name": "Ginnie Mae", 
                            "count": 92, 
                            "value": 15917
                        }, 
                        {
                            "name": "Freddie Mac", 
                            "count": 9, 
                            "value": 1263
                        }, 
                        {
                            "name": "Farmer Mac", 
                            "count": 0, 
                            "value": 0
                        }, 
                        {
                            "name": "Private Securitization", 
                            "count": 3, 
                            "value": 687
                        }, 
                        {
                            "name": "Commercial bank, savings bank or association", 
                            "count": 34, 
                            "value": 5990
                        }, 
                        {
                            "name": "Life insurance co., credit union, finance co.", 
                            "count": 26, 
                            "value": 3561
                        }, 
                        {
                            "name": "Affiliate institution", 
                            "count": 2, 
                            "value": 247
                        }, 
                        {
                            "name": "Other", 
                            "count": 270, 
                            "value": 32318
                        }
                    ]
                }, 
                {
                    "ethnicity": "Not Hispanic or Latino", 
                    "purchasers": [
                        {
                            "name": "Fannie Mae", 
                            "count": 4903, 
                            "value": 870582
                        }, 
                        {
                            "name": "Ginnie Mae", 
                            "count": 4407, 
                            "value": 815500
                        }, 
                        {
                            "name": "Freddie Mac", 
                            "count": 1277, 
                            "value": 213974
                        }, 
                        {
                            "name": "Farmer Mac", 
                            "count": 0, 
                            "value": 0
                        }, 
                        {
                            "name": "Private Securitization", 
                            "count": 207, 
                            "value": 42801
                        }, 
                        {
                            "name": "Commercial bank, savings bank or association", 
                            "count": 2896, 
                            "value": 568501
                        }, 
                        {
                            "name": "Life insurance co., credit union, finance co.", 
                            "count": 1673, 
                            "value": 283499
                        }, 
                        {
                            "name": "Affiliate institution", 
                            "count": 222, 
                            "value": 32381
                        }, 
                        {
                            "name": "Other", 
                            "count": 15325, 
                            "value": 2263315
                        }
                    ]
                }, 
                {
                    "ethnicity": "Joint (Hispanic or Latino/Not Hispanic or Latino", 
                    "purchasers": [
                        {
                            "name": "Fannie Mae", 
                            "count": 43, 
                            "value": 8872
                        }, 
                        {
                            "name": "Ginnie Mae", 
                            "count": 49, 
                            "value": 11292
                        }, 
                        {
                            "name": "Freddie Mac", 
                            "count": 7, 
                            "value": 1021
                        }, 
                        {
                            "name": "Farmer Mac", 
                            "count": 0, 
                            "value": 0
                        }, 
                        {
                            "name": "Private Securitization", 
                            "count": 5, 
                            "value": 1851
                        }, 
                        {
                            "name": "Commercial bank, savings bank or association", 
                            "count": 28, 
                            "value": 6930
                        }, 
                        {
                            "name": "Life insurance co., credit union, finance co.", 
                            "count": 7, 
                            "value": 1564
                        }, 
                        {
                            "name": "Affiliate institution", 
                            "count": 0, 
                            "value": 0
                        }, 
                        {
                            "name": "Other", 
                            "count": 109, 
                            "value": 22350
                        }
                    ]
                }, 
                {
                    "ethnicity": "Ethnicity Not Available", 
                    "purchasers": [
                        {
                            "name": "Fannie Mae", 
                            "count": 1003, 
                            "value": 179800
                        }, 
                        {
                            "name": "Ginnie Mae", 
                            "count": 935, 
                            "value": 186729
                        }, 
                        {
                            "name": "Freddie Mac", 
                            "count": 556, 
                            "value": 102448
                        }, 
                        {
                            "name": "Farmer Mac", 
                            "count": 0, 
                            "value": 0
                        }, 
                        {
                            "name": "Private Securitization", 
                            "count": 9, 
                            "value": 1894
                        }, 
                        {
                            "name": "Commercial bank, savings bank or association", 
                            "count": 173, 
                            "value": 35092
                        }, 
                        {
                            "name": "Life insurance co., credit union, finance co.", 
                            "count": 75, 
                            "value": 13393
                        }, 
                        {
                            "name": "Affiliate institution", 
                            "count": 144, 
                            "value": 27607
                        }, 
                        {
                            "name": "Other", 
                            "count": 2723, 
                            "value": 433818
                        }
                    ]
                }
            ]
        }, 
        {
            "characteristic": "Minority Status", 
            "minoritystatuses": [
                {
                    "minoritystatus": "White Non-Hispanic", 
                    "purchasers": [
                        {
                            "name": "Fannie Mae", 
                            "count": 5295, 
                            "value": 940927
                        }, 
                        {
                            "name": "Ginnie Mae", 
                            "count": 4332, 
                            "value": 806972
                        }, 
                        {
                            "name": "Freddie Mac", 
                            "count": 1706, 
                            "value": 295808
                        }, 
                        {
                            "name": "Farmer Mac", 
                            "count": 0, 
                            "value": 0
                        }, 
                        {
                            "name": "Private Securitization", 
                            "count": 206, 
                            "value": 42827
                        }, 
                        {
                            "name": "Commercial bank, savings bank or association", 
                            "count": 2710, 
                            "value": 533333
                        }, 
                        {
                            "name": "Life insurance co., credit union, finance co.", 
                            "count": 1452, 
                            "value": 243170
                        }, 
                        {
                            "name": "Affiliate institution", 
                            "count": 323, 
                            "value": 53942
                        }, 
                        {
                            "name": "Other", 
                            "count": 14897, 
                            "value": 2273451
                        }
                    ]
                }, 
                {
                    "minoritystatus": "Others, Including Hispanic", 
                    "purchasers": [
                        {
                            "name": "Fannie Mae", 
                            "count": 706, 
                            "value": 127532
                        }, 
                        {
                            "name": "Ginnie Mae", 
                            "count": 1151, 
                            "value": 222466
                        }, 
                        {
                            "name": "Freddie Mac", 
                            "count": 143, 
                            "value": 22898
                        }, 
                        {
                            "name": "Farmer Mac", 
                            "count": 0, 
                            "value": 0
                        }, 
                        {
                            "name": "Private Securitization", 
                            "count": 18, 
                            "value": 4406
                        }, 
                        {
                            "name": "Commercial bank, savings bank or association", 
                            "count": 421, 
                            "value": 83180
                        }, 
                        {
                            "name": "Life insurance co., credit union, finance co.", 
                            "count": 329, 
                            "value": 58847
                        }, 
                        {
                            "name": "Affiliate institution", 
                            "count": 45, 
                            "value": 6293
                        }, 
                        {
                            "name": "Other", 
                            "count": 3530, 
                            "value": 478350
                        }
                    ]
                }
            ]
        }, 
        {
            "characteristic": "Applicant Income", 
            "applicantincomes": [
                {
                    "applicantincome": "Less than 50% of MSA/MD median", 
                    "purchasers": [
                        {
                            "name": "Fannie Mae", 
                            "count": 435, 
                            "value": 39888
                        }, 
                        {
                            "name": "Ginnie Mae", 
                            "count": 569, 
                            "value": 60631
                        }, 
                        {
                            "name": "Freddie Mac", 
                            "count": 114, 
                            "value": 10065
                        }, 
                        {
                            "name": "Farmer Mac", 
                            "count": 0, 
                            "value": 0
                        }, 
                        {
                            "name": "Private Securitization", 
                            "count": 21, 
                            "value": 2348
                        }, 
                        {
                            "name": "Commercial bank, savings bank or association", 
                            "count": 259, 
                            "value": 27040
                        }, 
                        {
                            "name": "Life insurance co., credit union, finance co.", 
                            "count": 314, 
                            "value": 29688
                        }, 
                        {
                            "name": "Affiliate institution", 
                            "count": 34, 
                            "value": 3026
                        }, 
                        {
                            "name": "Other", 
                            "count": 2793, 
                            "value": 195611
                        }
                    ]
                }, 
                {
                    "applicantincome": "50-79% of MSA/MD median", 
                    "purchasers": [
                        {
                            "name": "Fannie Mae", 
                            "count": 820, 
                            "value": 97197
                        }, 
                        {
                            "name": "Ginnie Mae", 
                            "count": 892, 
                            "value": 125596
                        }, 
                        {
                            "name": "Freddie Mac", 
                            "count": 220, 
                            "value": 26244
                        }, 
                        {
                            "name": "Farmer Mac", 
                            "count": 0, 
                            "value": 0
                        }, 
                        {
                            "name": "Private Securitization", 
                            "count": 26, 
                            "value": 3597
                        }, 
                        {
                            "name": "Commercial bank, savings bank or association", 
                            "count": 533, 
                            "value": 72889
                        }, 
                        {
                            "name": "Life insurance co., credit union, finance co.", 
                            "count": 392, 
                            "value": 51642
                        }, 
                        {
                            "name": "Affiliate institution", 
                            "count": 42, 
                            "value": 4418
                        }, 
                        {
                            "name": "Other", 
                            "count": 3463, 
                            "value": 344816
                        }
                    ]
                }, 
                {
                    "applicantincome": "80-99% of MSA/MD median", 
                    "purchasers": [
                        {
                            "name": "Fannie Mae", 
                            "count": 612, 
                            "value": 94337
                        }, 
                        {
                            "name": "Ginnie Mae", 
                            "count": 490, 
                            "value": 79449
                        }, 
                        {
                            "name": "Freddie Mac", 
                            "count": 144, 
                            "value": 21407
                        }, 
                        {
                            "name": "Farmer Mac", 
                            "count": 0, 
                            "value": 0
                        }, 
                        {
                            "name": "Private Securitization", 
                            "count": 23, 
                            "value": 3833
                        }, 
                        {
                            "name": "Commercial bank, savings bank or association", 
                            "count": 306, 
                            "value": 48799
                        }, 
                        {
                            "name": "Life insurance co., credit union, finance co.", 
                            "count": 173, 
                            "value": 26593
                        }, 
                        {
                            "name": "Affiliate institution", 
                            "count": 37, 
                            "value": 4849
                        }, 
                        {
                            "name": "Other", 
                            "count": 1819, 
                            "value": 223616
                        }
                    ]
                }, 
                {
                    "applicantincome": "100-119% of MSA/MD median", 
                    "purchasers": [
                        {
                            "name": "Fannie Mae", 
                            "count": 639, 
                            "value": 103535
                        }, 
                        {
                            "name": "Ginnie Mae", 
                            "count": 401, 
                            "value": 76632
                        }, 
                        {
                            "name": "Freddie Mac", 
                            "count": 136, 
                            "value": 20783
                        }, 
                        {
                            "name": "Farmer Mac", 
                            "count": 0, 
                            "value": 0
                        }, 
                        {
                            "name": "Private Securitization", 
                            "count": 32, 
                            "value": 5914
                        }, 
                        {
                            "name": "Commercial bank, savings bank or association", 
                            "count": 328, 
                            "value": 58999
                        }, 
                        {
                            "name": "Life insurance co., credit union, finance co.", 
                            "count": 166, 
                            "value": 28990
                        }, 
                        {
                            "name": "Affiliate institution", 
                            "count": 29, 
                            "value": 4898
                        }, 
                        {
                            "name": "Other", 
                            "count": 1673, 
                            "value": 235930
                        }
                    ]
                }, 
                {
                    "applicantincome": "120% or more of MSA/MD median", 
                    "purchasers": [
                        {
                            "name": "Fannie Mae", 
                            "count": 3011, 
                            "value": 643133
                        }, 
                        {
                            "name": "Ginnie Mae", 
                            "count": 1123, 
                            "value": 278359
                        }, 
                        {
                            "name": "Freddie Mac", 
                            "count": 788, 
                            "value": 155859
                        }, 
                        {
                            "name": "Farmer Mac", 
                            "count": 0, 
                            "value": 0
                        }, 
                        {
                            "name": "Private Securitization", 
                            "count": 114, 
                            "value": 28940
                        }, 
                        {
                            "name": "Commercial bank, savings bank or association", 
                            "count": 1406, 
                            "value": 340314
                        }, 
                        {
                            "name": "Life insurance co., credit union, finance co.", 
                            "count": 573, 
                            "value": 125496
                        }, 
                        {
                            "name": "Affiliate institution", 
                            "count": 177, 
                            "value": 31423
                        }, 
                        {
                            "name": "Other", 
                            "count": 6644, 
                            "value": 1380745
                        }
                    ]
                }, 
                {
                    "applicantincome": "income not available", 
                    "purchasers": [
                        {
                            "name": "Fannie Mae", 
                            "count": 484, 
                            "value": 90369
                        }, 
                        {
                            "name": "Ginnie Mae", 
                            "count": 2008, 
                            "value": 408771
                        }, 
                        {
                            "name": "Freddie Mac", 
                            "count": 447, 
                            "value": 84348
                        }, 
                        {
                            "name": "Farmer Mac", 
                            "count": 0, 
                            "value": 0
                        }, 
                        {
                            "name": "Private Securitization", 
                            "count": 8, 
                            "value": 2601
                        }, 
                        {
                            "name": "Commercial bank, savings bank or association", 
                            "count": 299, 
                            "value": 68472
                        }, 
                        {
                            "name": "Life insurance co., credit union, finance co.", 
                            "count": 163, 
                            "value": 39608
                        }, 
                        {
                            "name": "Affiliate institution", 
                            "count": 49, 
                            "value": 11621
                        }, 
                        {
                            "name": "Other", 
                            "count": 2035, 
                            "value": 371083
                        }
                    ]
                }
            ]
        }
    ], 
    "censuscharacteristics": [
        {
            "characteristic": "Racial/Ethnic Composition", 
            "tractpctminorities": [
                {
                    "tractpctminority": "Less than 10% minority", 
                    "purchasers": [
                        {
                            "name": "Fannie Mae", 
                            "count": 592, 
                            "value": 118324
                        }, 
                        {
                            "name": "Ginnie Mae", 
                            "count": 388, 
                            "value": 69897
                        }, 
                        {
                            "name": "Freddie Mac", 
                            "count": 189, 
                            "value": 38556
                        }, 
                        {
                            "name": "Farmer Mac", 
                            "count": 0, 
                            "value": 0
                        }, 
                        {
                            "name": "Private Securitization", 
                            "count": 26, 
                            "value": 5761
                        }, 
                        {
                            "name": "Commercial bank, savings bank or association", 
                            "count": 344, 
                            "value": 76356
                        }, 
                        {
                            "name": "Life insurance co., credit union, finance co.", 
                            "count": 111, 
                            "value": 19971
                        }, 
                        {
                            "name": "Affiliate institution", 
                            "count": 31, 
                            "value": 4829
                        }, 
                        {
                            "name": "Other", 
                            "count": 1836, 
                            "value": 341864
                        }
                    ]
                }, 
                {
                    "tractpctminority": "10-19% minority", 
                    "purchasers": [
                        {
                            "name": "Fannie Mae", 
                            "count": 5176, 
                            "value": 924432
                        }, 
                        {
                            "name": "Ginnie Mae", 
                            "count": 4826, 
                            "value": 927989
                        }, 
                        {
                            "name": "Freddie Mac", 
                            "count": 1581, 
                            "value": 271222
                        }, 
                        {
                            "name": "Farmer Mac", 
                            "count": 0, 
                            "value": 0
                        }, 
                        {
                            "name": "Private Securitization", 
                            "count": 195, 
                            "value": 41034
                        }, 
                        {
                            "name": "Commercial bank, savings bank or association", 
                            "count": 2690, 
                            "value": 527071
                        }, 
                        {
                            "name": "Life insurance co., credit union, finance co.", 
                            "count": 1581, 
                            "value": 273348
                        }, 
                        {
                            "name": "Affiliate institution", 
                            "count": 319, 
                            "value": 52728
                        }, 
                        {
                            "name": "Other", 
                            "count": 14786, 
                            "value": 2246192
                        }
                    ]
                }, 
                {
                    "tractpctminority": "20-49% minority", 
                    "purchasers": [
                        {
                            "name": "Fannie Mae", 
                            "count": 147, 
                            "value": 18894
                        }, 
                        {
                            "name": "Ginnie Mae", 
                            "count": 164, 
                            "value": 22489
                        }, 
                        {
                            "name": "Freddie Mac", 
                            "count": 45, 
                            "value": 6181
                        }, 
                        {
                            "name": "Farmer Mac", 
                            "count": 0, 
                            "value": 0
                        }, 
                        {
                            "name": "Private Securitization", 
                            "count": 3, 
                            "value": 438
                        }, 
                        {
                            "name": "Commercial bank, savings bank or association", 
                            "count": 67, 
                            "value": 10763
                        }, 
                        {
                            "name": "Life insurance co., credit union, finance co.", 
                            "count": 56, 
                            "value": 6452
                        }, 
                        {
                            "name": "Affiliate institution", 
                            "count": 11, 
                            "value": 1869
                        }, 
                        {
                            "name": "Other", 
                            "count": 816, 
                            "value": 95366
                        }
                    ]
                }, 
                {
                    "tractpctminority": "50-79% minority", 
                    "purchasers": [
                        {
                            "name": "Fannie Mae", 
                            "count": 86, 
                            "value": 6809
                        }, 
                        {
                            "name": "Ginnie Mae", 
                            "count": 105, 
                            "value": 9063
                        }, 
                        {
                            "name": "Freddie Mac", 
                            "count": 34, 
                            "value": 2747
                        }, 
                        {
                            "name": "Farmer Mac", 
                            "count": 0, 
                            "value": 0
                        }, 
                        {
                            "name": "Private Securitization", 
                            "count": 0, 
                            "value": 0
                        }, 
                        {
                            "name": "Commercial bank, savings bank or association", 
                            "count": 30, 
                            "value": 2323
                        }, 
                        {
                            "name": "Life insurance co., credit union, finance co.", 
                            "count": 33, 
                            "value": 2246
                        }, 
                        {
                            "name": "Affiliate institution", 
                            "count": 7, 
                            "value": 809
                        }, 
                        {
                            "name": "Other", 
                            "count": 989, 
                            "value": 68379
                        }
                    ]
                }, 
                {
                    "tractpctminority": "80-100% minority", 
                    "purchasers": [
                        {
                            "name": "Fannie Mae", 
                            "count": 0, 
                            "value": 0
                        }, 
                        {
                            "name": "Ginnie Mae", 
                            "count": 0, 
                            "value": 0
                        }, 
                        {
                            "name": "Freddie Mac", 
                            "count": 0, 
                            "value": 0
                        }, 
                        {
                            "name": "Farmer Mac", 
                            "count": 0, 
                            "value": 0
                        }, 
                        {
                            "name": "Private Securitization", 
                            "count": 0, 
                            "value": 0
                        }, 
                        {
                            "name": "Commercial bank, savings bank or association", 
                            "count": 0, 
                            "value": 0
                        }, 
                        {
                            "name": "Life insurance co., credit union, finance co.", 
                            "count": 0, 
                            "value": 0
                        }, 
                        {
                            "name": "Affiliate institution", 
                            "count": 0, 
                            "value": 0
                        }, 
                        {
                            "name": "Other", 
                            "count": 0, 
                            "value": 0
                        }
                    ]
                }
            ]
        }, 
        {
            "characteristic": "Income", 
            "incomelevels": [
                {
                    "incomelevel": "Low income", 
                    "purchasers": [
                        {
                            "name": "Fannie Mae", 
                            "count": 53, 
                            "value": 3768
                        }, 
                        {
                            "name": "Ginnie Mae", 
                            "count": 53, 
                            "value": 4150
                        }, 
                        {
                            "name": "Freddie Mac", 
                            "count": 18, 
                            "value": 1283
                        }, 
                        {
                            "name": "Farmer Mac", 
                            "count": 0, 
                            "value": 0
                        }, 
                        {
                            "name": "Private Securitization", 
                            "count": 0, 
                            "value": 0
                        }, 
                        {
                            "name": "Commercial bank, savings bank or association", 
                            "count": 25, 
                            "value": 1778
                        }, 
                        {
                            "name": "Life insurance co., credit union, finance co.", 
                            "count": 31, 
                            "value": 2099
                        }, 
                        {
                            "name": "Affiliate institution", 
                            "count": 3, 
                            "value": 251
                        }, 
                        {
                            "name": "Other", 
                            "count": 438, 
                            "value": 38387
                        }
                    ]
                }, 
                {
                    "incomelevel": "Moderate income", 
                    "purchasers": [
                        {
                            "name": "Fannie Mae", 
                            "count": 657, 
                            "value": 85857
                        }, 
                        {
                            "name": "Ginnie Mae", 
                            "count": 646, 
                            "value": 85091
                        }, 
                        {
                            "name": "Freddie Mac", 
                            "count": 195, 
                            "value": 25953
                        }, 
                        {
                            "name": "Farmer Mac", 
                            "count": 0, 
                            "value": 0
                        }, 
                        {
                            "name": "Private Securitization", 
                            "count": 10, 
                            "value": 1456
                        }, 
                        {
                            "name": "Commercial bank, savings bank or association", 
                            "count": 274, 
                            "value": 37563
                        }, 
                        {
                            "name": "Life insurance co., credit union, finance co.", 
                            "count": 219, 
                            "value": 27739
                        }, 
                        {
                            "name": "Affiliate institution", 
                            "count": 48, 
                            "value": 5720
                        }, 
                        {
                            "name": "Other", 
                            "count": 3325, 
                            "value": 299719
                        }
                    ]
                }, 
                {
                    "incomelevel": "Middle income", 
                    "purchasers": [
                        {
                            "name": "Fannie Mae", 
                            "count": 2018, 
                            "value": 328203
                        }, 
                        {
                            "name": "Ginnie Mae", 
                            "count": 2110, 
                            "value": 356510
                        }, 
                        {
                            "name": "Freddie Mac", 
                            "count": 626, 
                            "value": 96120
                        }, 
                        {
                            "name": "Farmer Mac", 
                            "count": 0, 
                            "value": 0
                        }, 
                        {
                            "name": "Private Securitization", 
                            "count": 51, 
                            "value": 9964
                        }, 
                        {
                            "name": "Commercial bank, savings bank or association", 
                            "count": 1029, 
                            "value": 180857
                        }, 
                        {
                            "name": "Life insurance co., credit union, finance co.", 
                            "count": 730, 
                            "value": 115418
                        }, 
                        {
                            "name": "Affiliate institution", 
                            "count": 139, 
                            "value": 21488
                        }, 
                        {
                            "name": "Other", 
                            "count": 6860, 
                            "value": 922745
                        }
                    ]
                }, 
                {
                    "incomelevel": "Upper income", 
                    "purchasers": [
                        {
                            "name": "Fannie Mae", 
                            "count": 3273, 
                            "value": 650631
                        }, 
                        {
                            "name": "Ginnie Mae", 
                            "count": 2674, 
                            "value": 583687
                        }, 
                        {
                            "name": "Freddie Mac", 
                            "count": 1010, 
                            "value": 195350
                        }, 
                        {
                            "name": "Farmer Mac", 
                            "count": 0, 
                            "value": 0
                        }, 
                        {
                            "name": "Private Securitization", 
                            "count": 163, 
                            "value": 35813
                        }, 
                        {
                            "name": "Commercial bank, savings bank or association", 
                            "count": 1803, 
                            "value": 396315
                        }, 
                        {
                            "name": "Life insurance co., credit union, finance co.", 
                            "count": 801, 
                            "value": 156761
                        }, 
                        {
                            "name": "Affiliate institution", 
                            "count": 178, 
                            "value": 32776
                        }, 
                        {
                            "name": "Other", 
                            "count": 7804, 
                            "value": 1490950
                        }
                    ]
                }
            ]
        }
    ], 
    "total": {
        "purchasers": [
            {
                "name": "Fannie Mae", 
                "count": 6001, 
                "value": 1068459
            }, 
            {
                "name": "Ginnie Mae", 
                "count": 5483, 
                "value": 1029438
            }, 
            {
                "name": "Freddie Mac", 
                "count": 1849, 
                "value": 318706
            }, 
            {
                "name": "Farmer Mac", 
                "count": 0, 
                "value": 0
            }, 
            {
                "name": "Private Securitization", 
                "count": 224, 
                "value": 47233
            }, 
            {
                "name": "Commercial bank, savings bank or association", 
                "count": 3131, 
                "value": 616513
            }, 
            {
                "name": "Life insurance co., credit union, finance co.", 
                "count": 1781, 
                "value": 302017
            }, 
            {
                "name": "Affiliate institution", 
                "count": 368, 
                "value": 60235
            }, 
            {
                "name": "Other", 
                "count": 18427, 
                "value": 2751801
            }
        ]
    }
}