{
    "table": "3-1", 
    "type": "Aggregate", 
    "desc": "Loans sold, by characteristics of borrower and census tract in which property is located and by type of purchaser (includes originations and purchased loans)", 
    "year": "2012", 
    "msa": {
        "id": "11500", 
        "name": "Anniston-Oxford", 
        "state": "AL", 
        "state_name": "Alabama"
    }, 
    "borrowercharacteristics": [
        {
            "characteristic": "Race", 
            "races": [
                {
                    "race": "American Indian/Alaska Native", 
                    "purchasers": [
                        {
                            "name": "Fannie Mae", 
                            "count": 0, 
                            "value": 0
                        }, 
                        {
                            "name": "Ginnie Mae", 
                            "count": 1, 
                            "value": 144.0
                        }, 
                        {
                            "name": "Freddie Mac", 
                            "count": 0, 
                            "value": 0
                        }, 
                        {
                            "name": "Farmer Mac", 
                            "count": 0, 
                            "value": 0
                        }, 
                        {
                            "name": "Private Securitization", 
                            "count": 0, 
                            "value": 0
                        }, 
                        {
                            "name": "Commercial bank, savings bank or association", 
                            "count": 0, 
                            "value": 0
                        }, 
                        {
                            "name": "Life insurance co., credit union, finance co.", 
                            "count": 1, 
                            "value": 183.0
                        }, 
                        {
                            "name": "Affiliate institution", 
                            "count": 0, 
                            "value": 0
                        }, 
                        {
                            "name": "Other", 
                            "count": 5, 
                            "value": 525.0
                        }
                    ]
                }, 
                {
                    "race": "Asian", 
                    "purchasers": [
                        {
                            "name": "Fannie Mae", 
                            "count": 3, 
                            "value": 292.0
                        }, 
                        {
                            "name": "Ginnie Mae", 
                            "count": 0, 
                            "value": 0
                        }, 
                        {
                            "name": "Freddie Mac", 
                            "count": 0, 
                            "value": 0
                        }, 
                        {
                            "name": "Farmer Mac", 
                            "count": 0, 
                            "value": 0
                        }, 
                        {
                            "name": "Private Securitization", 
                            "count": 0, 
                            "value": 0
                        }, 
                        {
                            "name": "Commercial bank, savings bank or association", 
                            "count": 0, 
                            "value": 0
                        }, 
                        {
                            "name": "Life insurance co., credit union, finance co.", 
                            "count": 0, 
                            "value": 0
                        }, 
                        {
                            "name": "Affiliate institution", 
                            "count": 0, 
                            "value": 0
                        }, 
                        {
                            "name": "Other", 
                            "count": 4, 
                            "value": 188.0
                        }
                    ]
                }, 
                {
                    "race": "Black or African American", 
                    "purchasers": [
                        {
                            "name": "Fannie Mae", 
                            "count": 2, 
                            "value": 481.0
                        }, 
                        {
                            "name": "Ginnie Mae", 
                            "count": 3, 
                            "value": 418.0
                        }, 
                        {
                            "name": "Freddie Mac", 
                            "count": 2, 
                            "value": 214.0
                        }, 
                        {
                            "name": "Farmer Mac", 
                            "count": 0, 
                            "value": 0
                        }, 
                        {
                            "name": "Private Securitization", 
                            "count": 0, 
                            "value": 0
                        }, 
                        {
                            "name": "Commercial bank, savings bank or association", 
                            "count": 0, 
                            "value": 0
                        }, 
                        {
                            "name": "Life insurance co., credit union, finance co.", 
                            "count": 1, 
                            "value": 100.0
                        }, 
                        {
                            "name": "Affiliate institution", 
                            "count": 0, 
                            "value": 0
                        }, 
                        {
                            "name": "Other", 
                            "count": 10, 
                            "value": 1872.0
                        }
                    ]
                }, 
                {
                    "race": "Native Hawaiian or Other Pacific Islander", 
                    "purchasers": [
                        {
                            "name": "Fannie Mae", 
                            "count": 24, 
                            "value": 2632.0
                        }, 
                        {
                            "name": "Ginnie Mae", 
                            "count": 79, 
                            "value": 11165.0
                        }, 
                        {
                            "name": "Freddie Mac", 
                            "count": 16, 
                            "value": 2215.0
                        }, 
                        {
                            "name": "Farmer Mac", 
                            "count": 0, 
                            "value": 0
                        }, 
                        {
                            "name": "Private Securitization", 
                            "count": 1, 
                            "value": 226.0
                        }, 
                        {
                            "name": "Commercial bank, savings bank or association", 
                            "count": 9, 
                            "value": 1501.0
                        }, 
                        {
                            "name": "Life insurance co., credit union, finance co.", 
                            "count": 26, 
                            "value": 2138.0
                        }, 
                        {
                            "name": "Affiliate institution", 
                            "count": 4, 
                            "value": 558.0
                        }, 
                        {
                            "name": "Other", 
                            "count": 322, 
                            "value": 26587.0
                        }
                    ]
                }, 
                {
                    "race": "White", 
                    "purchasers": [
                        {
                            "name": "Fannie Mae", 
                            "count": 0, 
                            "value": 0
                        }, 
                        {
                            "name": "Ginnie Mae", 
                            "count": 2, 
                            "value": 192.0
                        }, 
                        {
                            "name": "Freddie Mac", 
                            "count": 0, 
                            "value": 0
                        }, 
                        {
                            "name": "Farmer Mac", 
                            "count": 0, 
                            "value": 0
                        }, 
                        {
                            "name": "Private Securitization", 
                            "count": 0, 
                            "value": 0
                        }, 
                        {
                            "name": "Commercial bank, savings bank or association", 
                            "count": 0, 
                            "value": 0
                        }, 
                        {
                            "name": "Life insurance co., credit union, finance co.", 
                            "count": 1, 
                            "value": 78.0
                        }, 
                        {
                            "name": "Affiliate institution", 
                            "count": 1, 
                            "value": 65.0
                        }, 
                        {
                            "name": "Other", 
                            "count": 5, 
                            "value": 370.0
                        }
                    ]
                }, 
                {
                    "race": "2 or more minority races", 
                    "purchasers": [
                        {
                            "name": "Fannie Mae", 
                            "count": 436, 
                            "value": 58008.0
                        }, 
                        {
                            "name": "Ginnie Mae", 
                            "count": 476, 
                            "value": 61220.0
                        }, 
                        {
                            "name": "Freddie Mac", 
                            "count": 187, 
                            "value": 23252.0
                        }, 
                        {
                            "name": "Farmer Mac", 
                            "count": 0, 
                            "value": 0
                        }, 
                        {
                            "name": "Private Securitization", 
                            "count": 12, 
                            "value": 1822.0
                        }, 
                        {
                            "name": "Commercial bank, savings bank or association", 
                            "count": 143, 
                            "value": 20256.0
                        }, 
                        {
                            "name": "Life insurance co., credit union, finance co.", 
                            "count": 256, 
                            "value": 31494.0
                        }, 
                        {
                            "name": "Affiliate institution", 
                            "count": 49, 
                            "value": 4898.0
                        }, 
                        {
                            "name": "Other", 
                            "count": 2229, 
                            "value": 215839.0
                        }
                    ]
                }, 
                {
                    "race": "Joint (White/Minority Race", 
                    "purchasers": [
                        {
                            "name": "Fannie Mae", 
                            "count": 3, 
                            "value": 390.0
                        }, 
                        {
                            "name": "Ginnie Mae", 
                            "count": 8, 
                            "value": 1178.0
                        }, 
                        {
                            "name": "Freddie Mac", 
                            "count": 2, 
                            "value": 299.0
                        }, 
                        {
                            "name": "Farmer Mac", 
                            "count": 0, 
                            "value": 0
                        }, 
                        {
                            "name": "Private Securitization", 
                            "count": 0, 
                            "value": 0
                        }, 
                        {
                            "name": "Commercial bank, savings bank or association", 
                            "count": 1, 
                            "value": 225.0
                        }, 
                        {
                            "name": "Life insurance co., credit union, finance co.", 
                            "count": 1, 
                            "value": 86.0
                        }, 
                        {
                            "name": "Affiliate institution", 
                            "count": 1, 
                            "value": 84.0
                        }, 
                        {
                            "name": "Other", 
                            "count": 24, 
                            "value": 1857.0
                        }
                    ]
                }, 
                {
                    "race": "Not Available", 
                    "purchasers": [
                        {
                            "name": "Fannie Mae", 
                            "count": 103, 
                            "value": 13741.0
                        }, 
                        {
                            "name": "Ginnie Mae", 
                            "count": 128, 
                            "value": 17422.0
                        }, 
                        {
                            "name": "Freddie Mac", 
                            "count": 61, 
                            "value": 7603.0
                        }, 
                        {
                            "name": "Farmer Mac", 
                            "count": 0, 
                            "value": 0
                        }, 
                        {
                            "name": "Private Securitization", 
                            "count": 1, 
                            "value": 252.0
                        }, 
                        {
                            "name": "Commercial bank, savings bank or association", 
                            "count": 15, 
                            "value": 2127.0
                        }, 
                        {
                            "name": "Life insurance co., credit union, finance co.", 
                            "count": 11, 
                            "value": 1090.0
                        }, 
                        {
                            "name": "Affiliate institution", 
                            "count": 6, 
                            "value": 677.0
                        }, 
                        {
                            "name": "Other", 
                            "count": 510, 
                            "value": 63434.0
                        }
                    ]
                }
            ]
        }, 
        {
            "characteristic": "Ethnicity", 
            "ethnicities": [
                {
                    "ethnicity": "Hispanic or Latino", 
                    "purchasers": [
                        {
                            "name": "Fannie Mae", 
                            "count": 11, 
                            "value": 1415
                        }, 
                        {
                            "name": "Ginnie Mae", 
                            "count": 10, 
                            "value": 1337
                        }, 
                        {
                            "name": "Freddie Mac", 
                            "count": 1, 
                            "value": 88
                        }, 
                        {
                            "name": "Farmer Mac", 
                            "count": 0, 
                            "value": 0
                        }, 
                        {
                            "name": "Private Securitization", 
                            "count": 0, 
                            "value": 0
                        }, 
                        {
                            "name": "Commercial bank, savings bank or association", 
                            "count": 3, 
                            "value": 457
                        }, 
                        {
                            "name": "Life insurance co., credit union, finance co.", 
                            "count": 4, 
                            "value": 532
                        }, 
                        {
                            "name": "Affiliate institution", 
                            "count": 0, 
                            "value": 0
                        }, 
                        {
                            "name": "Other", 
                            "count": 44, 
                            "value": 3281
                        }
                    ]
                }, 
                {
                    "ethnicity": "Not Hispanic or Latino", 
                    "purchasers": [
                        {
                            "name": "Fannie Mae", 
                            "count": 454, 
                            "value": 60324
                        }, 
                        {
                            "name": "Ginnie Mae", 
                            "count": 566, 
                            "value": 74432
                        }, 
                        {
                            "name": "Freddie Mac", 
                            "count": 207, 
                            "value": 26144
                        }, 
                        {
                            "name": "Farmer Mac", 
                            "count": 0, 
                            "value": 0
                        }, 
                        {
                            "name": "Private Securitization", 
                            "count": 13, 
                            "value": 2048
                        }, 
                        {
                            "name": "Commercial bank, savings bank or association", 
                            "count": 151, 
                            "value": 21472
                        }, 
                        {
                            "name": "Life insurance co., credit union, finance co.", 
                            "count": 282, 
                            "value": 33309
                        }, 
                        {
                            "name": "Affiliate institution", 
                            "count": 52, 
                            "value": 5278
                        }, 
                        {
                            "name": "Other", 
                            "count": 2511, 
                            "value": 242569
                        }
                    ]
                }, 
                {
                    "ethnicity": "Joint (Hispanic or Latino/Not Hispanic or Latino", 
                    "purchasers": [
                        {
                            "name": "Fannie Mae", 
                            "count": 4, 
                            "value": 565
                        }, 
                        {
                            "name": "Ginnie Mae", 
                            "count": 2, 
                            "value": 257
                        }, 
                        {
                            "name": "Freddie Mac", 
                            "count": 0, 
                            "value": 0
                        }, 
                        {
                            "name": "Farmer Mac", 
                            "count": 0, 
                            "value": 0
                        }, 
                        {
                            "name": "Private Securitization", 
                            "count": 0, 
                            "value": 0
                        }, 
                        {
                            "name": "Commercial bank, savings bank or association", 
                            "count": 0, 
                            "value": 0
                        }, 
                        {
                            "name": "Life insurance co., credit union, finance co.", 
                            "count": 1, 
                            "value": 236
                        }, 
                        {
                            "name": "Affiliate institution", 
                            "count": 0, 
                            "value": 0
                        }, 
                        {
                            "name": "Other", 
                            "count": 15, 
                            "value": 1784
                        }
                    ]
                }, 
                {
                    "ethnicity": "Ethnicity Not Available", 
                    "purchasers": [
                        {
                            "name": "Fannie Mae", 
                            "count": 102, 
                            "value": 13240
                        }, 
                        {
                            "name": "Ginnie Mae", 
                            "count": 119, 
                            "value": 15713
                        }, 
                        {
                            "name": "Freddie Mac", 
                            "count": 60, 
                            "value": 7351
                        }, 
                        {
                            "name": "Farmer Mac", 
                            "count": 0, 
                            "value": 0
                        }, 
                        {
                            "name": "Private Securitization", 
                            "count": 1, 
                            "value": 252
                        }, 
                        {
                            "name": "Commercial bank, savings bank or association", 
                            "count": 14, 
                            "value": 2180
                        }, 
                        {
                            "name": "Life insurance co., credit union, finance co.", 
                            "count": 10, 
                            "value": 1092
                        }, 
                        {
                            "name": "Affiliate institution", 
                            "count": 9, 
                            "value": 1004
                        }, 
                        {
                            "name": "Other", 
                            "count": 539, 
                            "value": 63038
                        }
                    ]
                }
            ]
        }, 
        {
            "characteristic": "Minority Status", 
            "minoritystatuses": [
                {
                    "minoritystatus": "White Non-Hispanic", 
                    "purchasers": [
                        {
                            "name": "Fannie Mae", 
                            "count": 525, 
                            "value": 69833
                        }, 
                        {
                            "name": "Ginnie Mae", 
                            "count": 597, 
                            "value": 77673
                        }, 
                        {
                            "name": "Freddie Mac", 
                            "count": 247, 
                            "value": 30767
                        }, 
                        {
                            "name": "Farmer Mac", 
                            "count": 0, 
                            "value": 0
                        }, 
                        {
                            "name": "Private Securitization", 
                            "count": 13, 
                            "value": 2074
                        }, 
                        {
                            "name": "Commercial bank, savings bank or association", 
                            "count": 155, 
                            "value": 21926
                        }, 
                        {
                            "name": "Life insurance co., credit union, finance co.", 
                            "count": 261, 
                            "value": 31712
                        }, 
                        {
                            "name": "Affiliate institution", 
                            "count": 55, 
                            "value": 5575
                        }, 
                        {
                            "name": "Other", 
                            "count": 2687, 
                            "value": 274685
                        }
                    ]
                }, 
                {
                    "minoritystatus": "Others, Including Hispanic", 
                    "purchasers": [
                        {
                            "name": "Fannie Mae", 
                            "count": 46, 
                            "value": 5711
                        }, 
                        {
                            "name": "Ginnie Mae", 
                            "count": 100, 
                            "value": 14066
                        }, 
                        {
                            "name": "Freddie Mac", 
                            "count": 21, 
                            "value": 2816
                        }, 
                        {
                            "name": "Farmer Mac", 
                            "count": 0, 
                            "value": 0
                        }, 
                        {
                            "name": "Private Securitization", 
                            "count": 1, 
                            "value": 226
                        }, 
                        {
                            "name": "Commercial bank, savings bank or association", 
                            "count": 13, 
                            "value": 2183
                        }, 
                        {
                            "name": "Life insurance co., credit union, finance co.", 
                            "count": 36, 
                            "value": 3457
                        }, 
                        {
                            "name": "Affiliate institution", 
                            "count": 6, 
                            "value": 707
                        }, 
                        {
                            "name": "Other", 
                            "count": 422, 
                            "value": 35987
                        }
                    ]
                }
            ]
        }, 
        {
            "characteristic": "Applicant Income", 
            "applicantincomes": [
                {
                    "applicantincome": "Less than 50% of MSA/MD median", 
                    "purchasers": [
                        {
                            "name": "Fannie Mae", 
                            "count": 26, 
                            "value": 2160
                        }, 
                        {
                            "name": "Ginnie Mae", 
                            "count": 46, 
                            "value": 3506
                        }, 
                        {
                            "name": "Freddie Mac", 
                            "count": 14, 
                            "value": 964
                        }, 
                        {
                            "name": "Farmer Mac", 
                            "count": 0, 
                            "value": 0
                        }, 
                        {
                            "name": "Private Securitization", 
                            "count": 0, 
                            "value": 0
                        }, 
                        {
                            "name": "Commercial bank, savings bank or association", 
                            "count": 9, 
                            "value": 763
                        }, 
                        {
                            "name": "Life insurance co., credit union, finance co.", 
                            "count": 35, 
                            "value": 2405
                        }, 
                        {
                            "name": "Affiliate institution", 
                            "count": 4, 
                            "value": 275
                        }, 
                        {
                            "name": "Other", 
                            "count": 436, 
                            "value": 23231
                        }
                    ]
                }, 
                {
                    "applicantincome": "50-79% of MSA/MD median", 
                    "purchasers": [
                        {
                            "name": "Fannie Mae", 
                            "count": 71, 
                            "value": 7292
                        }, 
                        {
                            "name": "Ginnie Mae", 
                            "count": 113, 
                            "value": 11111
                        }, 
                        {
                            "name": "Freddie Mac", 
                            "count": 31, 
                            "value": 2672
                        }, 
                        {
                            "name": "Farmer Mac", 
                            "count": 0, 
                            "value": 0
                        }, 
                        {
                            "name": "Private Securitization", 
                            "count": 2, 
                            "value": 246
                        }, 
                        {
                            "name": "Commercial bank, savings bank or association", 
                            "count": 26, 
                            "value": 2788
                        }, 
                        {
                            "name": "Life insurance co., credit union, finance co.", 
                            "count": 61, 
                            "value": 5675
                        }, 
                        {
                            "name": "Affiliate institution", 
                            "count": 8, 
                            "value": 556
                        }, 
                        {
                            "name": "Other", 
                            "count": 604, 
                            "value": 42353
                        }
                    ]
                }, 
                {
                    "applicantincome": "80-99% of MSA/MD median", 
                    "purchasers": [
                        {
                            "name": "Fannie Mae", 
                            "count": 80, 
                            "value": 8566
                        }, 
                        {
                            "name": "Ginnie Mae", 
                            "count": 92, 
                            "value": 10273
                        }, 
                        {
                            "name": "Freddie Mac", 
                            "count": 42, 
                            "value": 4343
                        }, 
                        {
                            "name": "Farmer Mac", 
                            "count": 0, 
                            "value": 0
                        }, 
                        {
                            "name": "Private Securitization", 
                            "count": 2, 
                            "value": 263
                        }, 
                        {
                            "name": "Commercial bank, savings bank or association", 
                            "count": 24, 
                            "value": 2686
                        }, 
                        {
                            "name": "Life insurance co., credit union, finance co.", 
                            "count": 51, 
                            "value": 5349
                        }, 
                        {
                            "name": "Affiliate institution", 
                            "count": 9, 
                            "value": 766
                        }, 
                        {
                            "name": "Other", 
                            "count": 437, 
                            "value": 40842
                        }
                    ]
                }, 
                {
                    "applicantincome": "100-119% of MSA/MD median", 
                    "purchasers": [
                        {
                            "name": "Fannie Mae", 
                            "count": 67, 
                            "value": 7698
                        }, 
                        {
                            "name": "Ginnie Mae", 
                            "count": 55, 
                            "value": 7799
                        }, 
                        {
                            "name": "Freddie Mac", 
                            "count": 30, 
                            "value": 3284
                        }, 
                        {
                            "name": "Farmer Mac", 
                            "count": 0, 
                            "value": 0
                        }, 
                        {
                            "name": "Private Securitization", 
                            "count": 2, 
                            "value": 235
                        }, 
                        {
                            "name": "Commercial bank, savings bank or association", 
                            "count": 17, 
                            "value": 1940
                        }, 
                        {
                            "name": "Life insurance co., credit union, finance co.", 
                            "count": 33, 
                            "value": 3548
                        }, 
                        {
                            "name": "Affiliate institution", 
                            "count": 6, 
                            "value": 568
                        }, 
                        {
                            "name": "Other", 
                            "count": 277, 
                            "value": 26990
                        }
                    ]
                }, 
                {
                    "applicantincome": "120% or more of MSA/MD median", 
                    "purchasers": [
                        {
                            "name": "Fannie Mae", 
                            "count": 292, 
                            "value": 45016
                        }, 
                        {
                            "name": "Ginnie Mae", 
                            "count": 170, 
                            "value": 28135
                        }, 
                        {
                            "name": "Freddie Mac", 
                            "count": 124, 
                            "value": 18164
                        }, 
                        {
                            "name": "Farmer Mac", 
                            "count": 0, 
                            "value": 0
                        }, 
                        {
                            "name": "Private Securitization", 
                            "count": 8, 
                            "value": 1556
                        }, 
                        {
                            "name": "Commercial bank, savings bank or association", 
                            "count": 76, 
                            "value": 13376
                        }, 
                        {
                            "name": "Life insurance co., credit union, finance co.", 
                            "count": 113, 
                            "value": 17555
                        }, 
                        {
                            "name": "Affiliate institution", 
                            "count": 31, 
                            "value": 3817
                        }, 
                        {
                            "name": "Other", 
                            "count": 989, 
                            "value": 126226
                        }
                    ]
                }, 
                {
                    "applicantincome": "income not available", 
                    "purchasers": [
                        {
                            "name": "Fannie Mae", 
                            "count": 35, 
                            "value": 4812
                        }, 
                        {
                            "name": "Ginnie Mae", 
                            "count": 221, 
                            "value": 30915
                        }, 
                        {
                            "name": "Freddie Mac", 
                            "count": 27, 
                            "value": 4156
                        }, 
                        {
                            "name": "Farmer Mac", 
                            "count": 0, 
                            "value": 0
                        }, 
                        {
                            "name": "Private Securitization", 
                            "count": 0, 
                            "value": 0
                        }, 
                        {
                            "name": "Commercial bank, savings bank or association", 
                            "count": 16, 
                            "value": 2556
                        }, 
                        {
                            "name": "Life insurance co., credit union, finance co.", 
                            "count": 4, 
                            "value": 637
                        }, 
                        {
                            "name": "Affiliate institution", 
                            "count": 3, 
                            "value": 300
                        }, 
                        {
                            "name": "Other", 
                            "count": 366, 
                            "value": 51030
                        }
                    ]
                }
            ]
        }
    ], 
    "censuscharacteristics": [
        {
            "characteristic": "Racial/Ethnic Composition", 
            "tractpctminorities": [
                {
                    "tractpctminority": "Less than 10% minority", 
                    "purchasers": [
                        {
                            "name": "Fannie Mae", 
                            "count": 95, 
                            "value": 13005
                        }, 
                        {
                            "name": "Ginnie Mae", 
                            "count": 83, 
                            "value": 10531
                        }, 
                        {
                            "name": "Freddie Mac", 
                            "count": 36, 
                            "value": 4577
                        }, 
                        {
                            "name": "Farmer Mac", 
                            "count": 0, 
                            "value": 0
                        }, 
                        {
                            "name": "Private Securitization", 
                            "count": 4, 
                            "value": 964
                        }, 
                        {
                            "name": "Commercial bank, savings bank or association", 
                            "count": 23, 
                            "value": 3062
                        }, 
                        {
                            "name": "Life insurance co., credit union, finance co.", 
                            "count": 36, 
                            "value": 4069
                        }, 
                        {
                            "name": "Affiliate institution", 
                            "count": 8, 
                            "value": 1069
                        }, 
                        {
                            "name": "Other", 
                            "count": 577, 
                            "value": 53756
                        }
                    ]
                }, 
                {
                    "tractpctminority": "10-19% minority", 
                    "purchasers": [
                        {
                            "name": "Fannie Mae", 
                            "count": 468, 
                            "value": 61913
                        }, 
                        {
                            "name": "Ginnie Mae", 
                            "count": 598, 
                            "value": 80174
                        }, 
                        {
                            "name": "Freddie Mac", 
                            "count": 225, 
                            "value": 28498
                        }, 
                        {
                            "name": "Farmer Mac", 
                            "count": 0, 
                            "value": 0
                        }, 
                        {
                            "name": "Private Securitization", 
                            "count": 10, 
                            "value": 1336
                        }, 
                        {
                            "name": "Commercial bank, savings bank or association", 
                            "count": 143, 
                            "value": 20854
                        }, 
                        {
                            "name": "Life insurance co., credit union, finance co.", 
                            "count": 253, 
                            "value": 30857
                        }, 
                        {
                            "name": "Affiliate institution", 
                            "count": 51, 
                            "value": 4912
                        }, 
                        {
                            "name": "Other", 
                            "count": 2322, 
                            "value": 244125
                        }
                    ]
                }, 
                {
                    "tractpctminority": "20-49% minority", 
                    "purchasers": [
                        {
                            "name": "Fannie Mae", 
                            "count": 8, 
                            "value": 626
                        }, 
                        {
                            "name": "Ginnie Mae", 
                            "count": 15, 
                            "value": 962
                        }, 
                        {
                            "name": "Freddie Mac", 
                            "count": 7, 
                            "value": 508
                        }, 
                        {
                            "name": "Farmer Mac", 
                            "count": 0, 
                            "value": 0
                        }, 
                        {
                            "name": "Private Securitization", 
                            "count": 0, 
                            "value": 0
                        }, 
                        {
                            "name": "Commercial bank, savings bank or association", 
                            "count": 2, 
                            "value": 193
                        }, 
                        {
                            "name": "Life insurance co., credit union, finance co.", 
                            "count": 5, 
                            "value": 217
                        }, 
                        {
                            "name": "Affiliate institution", 
                            "count": 2, 
                            "value": 301
                        }, 
                        {
                            "name": "Other", 
                            "count": 170, 
                            "value": 11369
                        }
                    ]
                }, 
                {
                    "tractpctminority": "50-79% minority", 
                    "purchasers": [
                        {
                            "name": "Fannie Mae", 
                            "count": 0, 
                            "value": 0
                        }, 
                        {
                            "name": "Ginnie Mae", 
                            "count": 1, 
                            "value": 72
                        }, 
                        {
                            "name": "Freddie Mac", 
                            "count": 0, 
                            "value": 0
                        }, 
                        {
                            "name": "Farmer Mac", 
                            "count": 0, 
                            "value": 0
                        }, 
                        {
                            "name": "Private Securitization", 
                            "count": 0, 
                            "value": 0
                        }, 
                        {
                            "name": "Commercial bank, savings bank or association", 
                            "count": 0, 
                            "value": 0
                        }, 
                        {
                            "name": "Life insurance co., credit union, finance co.", 
                            "count": 3, 
                            "value": 26
                        }, 
                        {
                            "name": "Affiliate institution", 
                            "count": 0, 
                            "value": 0
                        }, 
                        {
                            "name": "Other", 
                            "count": 38, 
                            "value": 1200
                        }
                    ]
                }, 
                {
                    "tractpctminority": "80-100% minority", 
                    "purchasers": [
                        {
                            "name": "Fannie Mae", 
                            "count": 0, 
                            "value": 0
                        }, 
                        {
                            "name": "Ginnie Mae", 
                            "count": 0, 
                            "value": 0
                        }, 
                        {
                            "name": "Freddie Mac", 
                            "count": 0, 
                            "value": 0
                        }, 
                        {
                            "name": "Farmer Mac", 
                            "count": 0, 
                            "value": 0
                        }, 
                        {
                            "name": "Private Securitization", 
                            "count": 0, 
                            "value": 0
                        }, 
                        {
                            "name": "Commercial bank, savings bank or association", 
                            "count": 0, 
                            "value": 0
                        }, 
                        {
                            "name": "Life insurance co., credit union, finance co.", 
                            "count": 0, 
                            "value": 0
                        }, 
                        {
                            "name": "Affiliate institution", 
                            "count": 0, 
                            "value": 0
                        }, 
                        {
                            "name": "Other", 
                            "count": 0, 
                            "value": 0
                        }
                    ]
                }
            ]
        }, 
        {
            "characteristic": "Income", 
            "incomelevels": [
                {
                    "incomelevel": "Low income", 
                    "purchasers": [
                        {
                            "name": "Fannie Mae", 
                            "count": 1, 
                            "value": 66
                        }, 
                        {
                            "name": "Ginnie Mae", 
                            "count": 1, 
                            "value": 72
                        }, 
                        {
                            "name": "Freddie Mac", 
                            "count": 0, 
                            "value": 0
                        }, 
                        {
                            "name": "Farmer Mac", 
                            "count": 0, 
                            "value": 0
                        }, 
                        {
                            "name": "Private Securitization", 
                            "count": 0, 
                            "value": 0
                        }, 
                        {
                            "name": "Commercial bank, savings bank or association", 
                            "count": 0, 
                            "value": 0
                        }, 
                        {
                            "name": "Life insurance co., credit union, finance co.", 
                            "count": 3, 
                            "value": 26
                        }, 
                        {
                            "name": "Affiliate institution", 
                            "count": 0, 
                            "value": 0
                        }, 
                        {
                            "name": "Other", 
                            "count": 49, 
                            "value": 1903
                        }
                    ]
                }, 
                {
                    "incomelevel": "Moderate income", 
                    "purchasers": [
                        {
                            "name": "Fannie Mae", 
                            "count": 40, 
                            "value": 4487
                        }, 
                        {
                            "name": "Ginnie Mae", 
                            "count": 58, 
                            "value": 5547
                        }, 
                        {
                            "name": "Freddie Mac", 
                            "count": 25, 
                            "value": 2701
                        }, 
                        {
                            "name": "Farmer Mac", 
                            "count": 0, 
                            "value": 0
                        }, 
                        {
                            "name": "Private Securitization", 
                            "count": 0, 
                            "value": 0
                        }, 
                        {
                            "name": "Commercial bank, savings bank or association", 
                            "count": 15, 
                            "value": 1360
                        }, 
                        {
                            "name": "Life insurance co., credit union, finance co.", 
                            "count": 18, 
                            "value": 1761
                        }, 
                        {
                            "name": "Affiliate institution", 
                            "count": 7, 
                            "value": 803
                        }, 
                        {
                            "name": "Other", 
                            "count": 448, 
                            "value": 32681
                        }
                    ]
                }, 
                {
                    "incomelevel": "Middle income", 
                    "purchasers": [
                        {
                            "name": "Fannie Mae", 
                            "count": 283, 
                            "value": 37404
                        }, 
                        {
                            "name": "Ginnie Mae", 
                            "count": 353, 
                            "value": 47093
                        }, 
                        {
                            "name": "Freddie Mac", 
                            "count": 113, 
                            "value": 14061
                        }, 
                        {
                            "name": "Farmer Mac", 
                            "count": 0, 
                            "value": 0
                        }, 
                        {
                            "name": "Private Securitization", 
                            "count": 7, 
                            "value": 1318
                        }, 
                        {
                            "name": "Commercial bank, savings bank or association", 
                            "count": 73, 
                            "value": 10575
                        }, 
                        {
                            "name": "Life insurance co., credit union, finance co.", 
                            "count": 148, 
                            "value": 16798
                        }, 
                        {
                            "name": "Affiliate institution", 
                            "count": 27, 
                            "value": 2886
                        }, 
                        {
                            "name": "Other", 
                            "count": 1523, 
                            "value": 153489
                        }
                    ]
                }, 
                {
                    "incomelevel": "Upper income", 
                    "purchasers": [
                        {
                            "name": "Fannie Mae", 
                            "count": 247, 
                            "value": 33587
                        }, 
                        {
                            "name": "Ginnie Mae", 
                            "count": 285, 
                            "value": 39027
                        }, 
                        {
                            "name": "Freddie Mac", 
                            "count": 130, 
                            "value": 16821
                        }, 
                        {
                            "name": "Farmer Mac", 
                            "count": 0, 
                            "value": 0
                        }, 
                        {
                            "name": "Private Securitization", 
                            "count": 7, 
                            "value": 982
                        }, 
                        {
                            "name": "Commercial bank, savings bank or association", 
                            "count": 80, 
                            "value": 12174
                        }, 
                        {
                            "name": "Life insurance co., credit union, finance co.", 
                            "count": 128, 
                            "value": 16584
                        }, 
                        {
                            "name": "Affiliate institution", 
                            "count": 27, 
                            "value": 2593
                        }, 
                        {
                            "name": "Other", 
                            "count": 1087, 
                            "value": 122377
                        }
                    ]
                }
            ]
        }
    ], 
    "total": {
        "purchasers": [
            {
                "name": "Fannie Mae", 
                "count": 571, 
                "value": 75544
            }, 
            {
                "name": "Ginnie Mae", 
                "count": 697, 
                "value": 91739
            }, 
            {
                "name": "Freddie Mac", 
                "count": 268, 
                "value": 33583
            }, 
            {
                "name": "Farmer Mac", 
                "count": 0, 
                "value": 0
            }, 
            {
                "name": "Private Securitization", 
                "count": 14, 
                "value": 2300
            }, 
            {
                "name": "Commercial bank, savings bank or association", 
                "count": 168, 
                "value": 24109
            }, 
            {
                "name": "Life insurance co., credit union, finance co.", 
                "count": 297, 
                "value": 35169
            }, 
            {
                "name": "Affiliate institution", 
                "count": 61, 
                "value": 6282
            }, 
            {
                "name": "Other", 
                "count": 3109, 
                "value": 310672
            }
        ]
    }
}