{
    "table": "4-4", 
    "type": "Aggregate", 
    "desc": "Disposition of applications for home improvement loans, 1- to 4-family and manufactured home dwellings, by race, ethnicity, gender and income of applicant", 
    "year": "2013", 
    "msa": {
        "id": "19460", 
        "name": "Decatur", 
        "state": "AL", 
        "state_name": "Alabama"
    }, 
    "races": [
        {
            "race": "American Indian/Alaska Native", 
            "dispositions": [
                {
                    "disposition": "Applications Received", 
                    "count": 5, 
                    "value": 226
                }, 
                {
                    "disposition": "Loans Originated", 
                    "count": 0, 
                    "value": 0
                }, 
                {
                    "disposition": "Apps. Approved But Not Accepted", 
                    "count": 0, 
                    "value": 0
                }, 
                {
                    "disposition": "Aplications Denied", 
                    "count": 4, 
                    "value": 30
                }, 
                {
                    "disposition": "Applications Withdrawn", 
                    "count": 1, 
                    "value": 196
                }, 
                {
                    "disposition": "Files Closed For Incompleteness", 
                    "count": 0, 
                    "value": 0
                }
            ], 
            "genders": [
                {
                    "gender": "Male", 
                    "dispositions": [
                        {
                            "disposition": "Applications Received", 
                            "count": 2, 
                            "value": 199
                        }, 
                        {
                            "disposition": "Loans Originated", 
                            "count": 0, 
                            "value": 0
                        }, 
                        {
                            "disposition": "Apps. Approved But Not Accepted", 
                            "count": 0, 
                            "value": 0
                        }, 
                        {
                            "disposition": "Aplications Denied", 
                            "count": 1, 
                            "value": 3
                        }, 
                        {
                            "disposition": "Applications Withdrawn", 
                            "count": 1, 
                            "value": 196
                        }, 
                        {
                            "disposition": "Files Closed For Incompleteness", 
                            "count": 0, 
                            "value": 0
                        }
                    ]
                }, 
                {
                    "gender": "Female", 
                    "dispositions": [
                        {
                            "disposition": "Applications Received", 
                            "count": 2, 
                            "value": 7
                        }, 
                        {
                            "disposition": "Loans Originated", 
                            "count": 0, 
                            "value": 0
                        }, 
                        {
                            "disposition": "Apps. Approved But Not Accepted", 
                            "count": 0, 
                            "value": 0
                        }, 
                        {
                            "disposition": "Aplications Denied", 
                            "count": 2, 
                            "value": 7
                        }, 
                        {
                            "disposition": "Applications Withdrawn", 
                            "count": 0, 
                            "value": 0
                        }, 
                        {
                            "disposition": "Files Closed For Incompleteness", 
                            "count": 0, 
                            "value": 0
                        }
                    ]
                }, 
                {
                    "gender": "Joint (Male/Female)", 
                    "dispositions": [
                        {
                            "disposition": "Applications Received", 
                            "count": 1, 
                            "value": 20
                        }, 
                        {
                            "disposition": "Loans Originated", 
                            "count": 0, 
                            "value": 0
                        }, 
                        {
                            "disposition": "Apps. Approved But Not Accepted", 
                            "count": 0, 
                            "value": 0
                        }, 
                        {
                            "disposition": "Aplications Denied", 
                            "count": 1, 
                            "value": 20
                        }, 
                        {
                            "disposition": "Applications Withdrawn", 
                            "count": 0, 
                            "value": 0
                        }, 
                        {
                            "disposition": "Files Closed For Incompleteness", 
                            "count": 0, 
                            "value": 0
                        }
                    ]
                }
            ]
        }, 
        {
            "race": "Asian", 
            "dispositions": [
                {
                    "disposition": "Applications Received", 
                    "count": 5, 
                    "value": 32
                }, 
                {
                    "disposition": "Loans Originated", 
                    "count": 1, 
                    "value": 19
                }, 
                {
                    "disposition": "Apps. Approved But Not Accepted", 
                    "count": 0, 
                    "value": 0
                }, 
                {
                    "disposition": "Aplications Denied", 
                    "count": 4, 
                    "value": 13
                }, 
                {
                    "disposition": "Applications Withdrawn", 
                    "count": 0, 
                    "value": 0
                }, 
                {
                    "disposition": "Files Closed For Incompleteness", 
                    "count": 0, 
                    "value": 0
                }
            ], 
            "genders": [
                {
                    "gender": "Male", 
                    "dispositions": [
                        {
                            "disposition": "Applications Received", 
                            "count": 3, 
                            "value": 26
                        }, 
                        {
                            "disposition": "Loans Originated", 
                            "count": 1, 
                            "value": 19
                        }, 
                        {
                            "disposition": "Apps. Approved But Not Accepted", 
                            "count": 0, 
                            "value": 0
                        }, 
                        {
                            "disposition": "Aplications Denied", 
                            "count": 2, 
                            "value": 7
                        }, 
                        {
                            "disposition": "Applications Withdrawn", 
                            "count": 0, 
                            "value": 0
                        }, 
                        {
                            "disposition": "Files Closed For Incompleteness", 
                            "count": 0, 
                            "value": 0
                        }
                    ]
                }, 
                {
                    "gender": "Female", 
                    "dispositions": [
                        {
                            "disposition": "Applications Received", 
                            "count": 2, 
                            "value": 6
                        }, 
                        {
                            "disposition": "Loans Originated", 
                            "count": 0, 
                            "value": 0
                        }, 
                        {
                            "disposition": "Apps. Approved But Not Accepted", 
                            "count": 0, 
                            "value": 0
                        }, 
                        {
                            "disposition": "Aplications Denied", 
                            "count": 2, 
                            "value": 6
                        }, 
                        {
                            "disposition": "Applications Withdrawn", 
                            "count": 0, 
                            "value": 0
                        }, 
                        {
                            "disposition": "Files Closed For Incompleteness", 
                            "count": 0, 
                            "value": 0
                        }
                    ]
                }, 
                {
                    "gender": "Joint (Male/Female)", 
                    "dispositions": [
                        {
                            "disposition": "Applications Received", 
                            "count": 0, 
                            "value": 0
                        }, 
                        {
                            "disposition": "Loans Originated", 
                            "count": 0, 
                            "value": 0
                        }, 
                        {
                            "disposition": "Apps. Approved But Not Accepted", 
                            "count": 0, 
                            "value": 0
                        }, 
                        {
                            "disposition": "Aplications Denied", 
                            "count": 0, 
                            "value": 0
                        }, 
                        {
                            "disposition": "Applications Withdrawn", 
                            "count": 0, 
                            "value": 0
                        }, 
                        {
                            "disposition": "Files Closed For Incompleteness", 
                            "count": 0, 
                            "value": 0
                        }
                    ]
                }
            ]
        }, 
        {
            "race": "Black or African American", 
            "dispositions": [
                {
                    "disposition": "Applications Received", 
                    "count": 2, 
                    "value": 28
                }, 
                {
                    "disposition": "Loans Originated", 
                    "count": 1, 
                    "value": 3
                }, 
                {
                    "disposition": "Apps. Approved But Not Accepted", 
                    "count": 0, 
                    "value": 0
                }, 
                {
                    "disposition": "Aplications Denied", 
                    "count": 1, 
                    "value": 25
                }, 
                {
                    "disposition": "Applications Withdrawn", 
                    "count": 0, 
                    "value": 0
                }, 
                {
                    "disposition": "Files Closed For Incompleteness", 
                    "count": 0, 
                    "value": 0
                }
            ], 
            "genders": [
                {
                    "gender": "Male", 
                    "dispositions": [
                        {
                            "disposition": "Applications Received", 
                            "count": 0, 
                            "value": 0
                        }, 
                        {
                            "disposition": "Loans Originated", 
                            "count": 0, 
                            "value": 0
                        }, 
                        {
                            "disposition": "Apps. Approved But Not Accepted", 
                            "count": 0, 
                            "value": 0
                        }, 
                        {
                            "disposition": "Aplications Denied", 
                            "count": 0, 
                            "value": 0
                        }, 
                        {
                            "disposition": "Applications Withdrawn", 
                            "count": 0, 
                            "value": 0
                        }, 
                        {
                            "disposition": "Files Closed For Incompleteness", 
                            "count": 0, 
                            "value": 0
                        }
                    ]
                }, 
                {
                    "gender": "Female", 
                    "dispositions": [
                        {
                            "disposition": "Applications Received", 
                            "count": 1, 
                            "value": 3
                        }, 
                        {
                            "disposition": "Loans Originated", 
                            "count": 1, 
                            "value": 3
                        }, 
                        {
                            "disposition": "Apps. Approved But Not Accepted", 
                            "count": 0, 
                            "value": 0
                        }, 
                        {
                            "disposition": "Aplications Denied", 
                            "count": 0, 
                            "value": 0
                        }, 
                        {
                            "disposition": "Applications Withdrawn", 
                            "count": 0, 
                            "value": 0
                        }, 
                        {
                            "disposition": "Files Closed For Incompleteness", 
                            "count": 0, 
                            "value": 0
                        }
                    ]
                }, 
                {
                    "gender": "Joint (Male/Female)", 
                    "dispositions": [
                        {
                            "disposition": "Applications Received", 
                            "count": 1, 
                            "value": 25
                        }, 
                        {
                            "disposition": "Loans Originated", 
                            "count": 0, 
                            "value": 0
                        }, 
                        {
                            "disposition": "Apps. Approved But Not Accepted", 
                            "count": 0, 
                            "value": 0
                        }, 
                        {
                            "disposition": "Aplications Denied", 
                            "count": 1, 
                            "value": 25
                        }, 
                        {
                            "disposition": "Applications Withdrawn", 
                            "count": 0, 
                            "value": 0
                        }, 
                        {
                            "disposition": "Files Closed For Incompleteness", 
                            "count": 0, 
                            "value": 0
                        }
                    ]
                }
            ]
        }, 
        {
            "race": "Native Hawaiian or Other Pacific Islander", 
            "dispositions": [
                {
                    "disposition": "Applications Received", 
                    "count": 118, 
                    "value": 1346
                }, 
                {
                    "disposition": "Loans Originated", 
                    "count": 57, 
                    "value": 599
                }, 
                {
                    "disposition": "Apps. Approved But Not Accepted", 
                    "count": 1, 
                    "value": 5
                }, 
                {
                    "disposition": "Aplications Denied", 
                    "count": 58, 
                    "value": 736
                }, 
                {
                    "disposition": "Applications Withdrawn", 
                    "count": 2, 
                    "value": 6
                }, 
                {
                    "disposition": "Files Closed For Incompleteness", 
                    "count": 0, 
                    "value": 0
                }
            ], 
            "genders": [
                {
                    "gender": "Male", 
                    "dispositions": [
                        {
                            "disposition": "Applications Received", 
                            "count": 57, 
                            "value": 562
                        }, 
                        {
                            "disposition": "Loans Originated", 
                            "count": 32, 
                            "value": 296
                        }, 
                        {
                            "disposition": "Apps. Approved But Not Accepted", 
                            "count": 0, 
                            "value": 0
                        }, 
                        {
                            "disposition": "Aplications Denied", 
                            "count": 23, 
                            "value": 260
                        }, 
                        {
                            "disposition": "Applications Withdrawn", 
                            "count": 2, 
                            "value": 6
                        }, 
                        {
                            "disposition": "Files Closed For Incompleteness", 
                            "count": 0, 
                            "value": 0
                        }
                    ]
                }, 
                {
                    "gender": "Female", 
                    "dispositions": [
                        {
                            "disposition": "Applications Received", 
                            "count": 45, 
                            "value": 381
                        }, 
                        {
                            "disposition": "Loans Originated", 
                            "count": 17, 
                            "value": 154
                        }, 
                        {
                            "disposition": "Apps. Approved But Not Accepted", 
                            "count": 1, 
                            "value": 5
                        }, 
                        {
                            "disposition": "Aplications Denied", 
                            "count": 27, 
                            "value": 222
                        }, 
                        {
                            "disposition": "Applications Withdrawn", 
                            "count": 0, 
                            "value": 0
                        }, 
                        {
                            "disposition": "Files Closed For Incompleteness", 
                            "count": 0, 
                            "value": 0
                        }
                    ]
                }, 
                {
                    "gender": "Joint (Male/Female)", 
                    "dispositions": [
                        {
                            "disposition": "Applications Received", 
                            "count": 16, 
                            "value": 403
                        }, 
                        {
                            "disposition": "Loans Originated", 
                            "count": 8, 
                            "value": 149
                        }, 
                        {
                            "disposition": "Apps. Approved But Not Accepted", 
                            "count": 0, 
                            "value": 0
                        }, 
                        {
                            "disposition": "Aplications Denied", 
                            "count": 8, 
                            "value": 254
                        }, 
                        {
                            "disposition": "Applications Withdrawn", 
                            "count": 0, 
                            "value": 0
                        }, 
                        {
                            "disposition": "Files Closed For Incompleteness", 
                            "count": 0, 
                            "value": 0
                        }
                    ]
                }
            ]
        }, 
        {
            "race": "White", 
            "dispositions": [
                {
                    "disposition": "Applications Received", 
                    "count": 2, 
                    "value": 30
                }, 
                {
                    "disposition": "Loans Originated", 
                    "count": 1, 
                    "value": 25
                }, 
                {
                    "disposition": "Apps. Approved But Not Accepted", 
                    "count": 0, 
                    "value": 0
                }, 
                {
                    "disposition": "Aplications Denied", 
                    "count": 1, 
                    "value": 5
                }, 
                {
                    "disposition": "Applications Withdrawn", 
                    "count": 0, 
                    "value": 0
                }, 
                {
                    "disposition": "Files Closed For Incompleteness", 
                    "count": 0, 
                    "value": 0
                }
            ], 
            "genders": [
                {
                    "gender": "Male", 
                    "dispositions": [
                        {
                            "disposition": "Applications Received", 
                            "count": 1, 
                            "value": 25
                        }, 
                        {
                            "disposition": "Loans Originated", 
                            "count": 1, 
                            "value": 25
                        }, 
                        {
                            "disposition": "Apps. Approved But Not Accepted", 
                            "count": 0, 
                            "value": 0
                        }, 
                        {
                            "disposition": "Aplications Denied", 
                            "count": 0, 
                            "value": 0
                        }, 
                        {
                            "disposition": "Applications Withdrawn", 
                            "count": 0, 
                            "value": 0
                        }, 
                        {
                            "disposition": "Files Closed For Incompleteness", 
                            "count": 0, 
                            "value": 0
                        }
                    ]
                }, 
                {
                    "gender": "Female", 
                    "dispositions": [
                        {
                            "disposition": "Applications Received", 
                            "count": 1, 
                            "value": 5
                        }, 
                        {
                            "disposition": "Loans Originated", 
                            "count": 0, 
                            "value": 0
                        }, 
                        {
                            "disposition": "Apps. Approved But Not Accepted", 
                            "count": 0, 
                            "value": 0
                        }, 
                        {
                            "disposition": "Aplications Denied", 
                            "count": 1, 
                            "value": 5
                        }, 
                        {
                            "disposition": "Applications Withdrawn", 
                            "count": 0, 
                            "value": 0
                        }, 
                        {
                            "disposition": "Files Closed For Incompleteness", 
                            "count": 0, 
                            "value": 0
                        }
                    ]
                }, 
                {
                    "gender": "Joint (Male/Female)", 
                    "dispositions": [
                        {
                            "disposition": "Applications Received", 
                            "count": 0, 
                            "value": 0
                        }, 
                        {
                            "disposition": "Loans Originated", 
                            "count": 0, 
                            "value": 0
                        }, 
                        {
                            "disposition": "Apps. Approved But Not Accepted", 
                            "count": 0, 
                            "value": 0
                        }, 
                        {
                            "disposition": "Aplications Denied", 
                            "count": 0, 
                            "value": 0
                        }, 
                        {
                            "disposition": "Applications Withdrawn", 
                            "count": 0, 
                            "value": 0
                        }, 
                        {
                            "disposition": "Files Closed For Incompleteness", 
                            "count": 0, 
                            "value": 0
                        }
                    ]
                }
            ]
        }, 
        {
            "race": "2 or more minority races", 
            "dispositions": [
                {
                    "disposition": "Applications Received", 
                    "count": 607, 
                    "value": 14651
                }, 
                {
                    "disposition": "Loans Originated", 
                    "count": 396, 
                    "value": 8018
                }, 
                {
                    "disposition": "Apps. Approved But Not Accepted", 
                    "count": 21, 
                    "value": 919
                }, 
                {
                    "disposition": "Aplications Denied", 
                    "count": 163, 
                    "value": 4554
                }, 
                {
                    "disposition": "Applications Withdrawn", 
                    "count": 25, 
                    "value": 1060
                }, 
                {
                    "disposition": "Files Closed For Incompleteness", 
                    "count": 2, 
                    "value": 100
                }
            ], 
            "genders": [
                {
                    "gender": "Male", 
                    "dispositions": [
                        {
                            "disposition": "Applications Received", 
                            "count": 251, 
                            "value": 4766
                        }, 
                        {
                            "disposition": "Loans Originated", 
                            "count": 170, 
                            "value": 2927
                        }, 
                        {
                            "disposition": "Apps. Approved But Not Accepted", 
                            "count": 7, 
                            "value": 267
                        }, 
                        {
                            "disposition": "Aplications Denied", 
                            "count": 67, 
                            "value": 1350
                        }, 
                        {
                            "disposition": "Applications Withdrawn", 
                            "count": 7, 
                            "value": 222
                        }, 
                        {
                            "disposition": "Files Closed For Incompleteness", 
                            "count": 0, 
                            "value": 0
                        }
                    ]
                }, 
                {
                    "gender": "Female", 
                    "dispositions": [
                        {
                            "disposition": "Applications Received", 
                            "count": 187, 
                            "value": 2671
                        }, 
                        {
                            "disposition": "Loans Originated", 
                            "count": 118, 
                            "value": 1390
                        }, 
                        {
                            "disposition": "Apps. Approved But Not Accepted", 
                            "count": 4, 
                            "value": 167
                        }, 
                        {
                            "disposition": "Aplications Denied", 
                            "count": 58, 
                            "value": 989
                        }, 
                        {
                            "disposition": "Applications Withdrawn", 
                            "count": 7, 
                            "value": 125
                        }, 
                        {
                            "disposition": "Files Closed For Incompleteness", 
                            "count": 0, 
                            "value": 0
                        }
                    ]
                }, 
                {
                    "gender": "Joint (Male/Female)", 
                    "dispositions": [
                        {
                            "disposition": "Applications Received", 
                            "count": 168, 
                            "value": 7114
                        }, 
                        {
                            "disposition": "Loans Originated", 
                            "count": 108, 
                            "value": 3701
                        }, 
                        {
                            "disposition": "Apps. Approved But Not Accepted", 
                            "count": 10, 
                            "value": 485
                        }, 
                        {
                            "disposition": "Aplications Denied", 
                            "count": 37, 
                            "value": 2115
                        }, 
                        {
                            "disposition": "Applications Withdrawn", 
                            "count": 11, 
                            "value": 713
                        }, 
                        {
                            "disposition": "Files Closed For Incompleteness", 
                            "count": 2, 
                            "value": 100
                        }
                    ]
                }
            ]
        }, 
        {
            "race": "Joint (White/Minority Race", 
            "dispositions": [
                {
                    "disposition": "Applications Received", 
                    "count": 8, 
                    "value": 378
                }, 
                {
                    "disposition": "Loans Originated", 
                    "count": 4, 
                    "value": 113
                }, 
                {
                    "disposition": "Apps. Approved But Not Accepted", 
                    "count": 1, 
                    "value": 30
                }, 
                {
                    "disposition": "Aplications Denied", 
                    "count": 2, 
                    "value": 15
                }, 
                {
                    "disposition": "Applications Withdrawn", 
                    "count": 0, 
                    "value": 0
                }, 
                {
                    "disposition": "Files Closed For Incompleteness", 
                    "count": 1, 
                    "value": 220
                }
            ], 
            "genders": [
                {
                    "gender": "Male", 
                    "dispositions": [
                        {
                            "disposition": "Applications Received", 
                            "count": 0, 
                            "value": 0
                        }, 
                        {
                            "disposition": "Loans Originated", 
                            "count": 0, 
                            "value": 0
                        }, 
                        {
                            "disposition": "Apps. Approved But Not Accepted", 
                            "count": 0, 
                            "value": 0
                        }, 
                        {
                            "disposition": "Aplications Denied", 
                            "count": 0, 
                            "value": 0
                        }, 
                        {
                            "disposition": "Applications Withdrawn", 
                            "count": 0, 
                            "value": 0
                        }, 
                        {
                            "disposition": "Files Closed For Incompleteness", 
                            "count": 0, 
                            "value": 0
                        }
                    ]
                }, 
                {
                    "gender": "Female", 
                    "dispositions": [
                        {
                            "disposition": "Applications Received", 
                            "count": 0, 
                            "value": 0
                        }, 
                        {
                            "disposition": "Loans Originated", 
                            "count": 0, 
                            "value": 0
                        }, 
                        {
                            "disposition": "Apps. Approved But Not Accepted", 
                            "count": 0, 
                            "value": 0
                        }, 
                        {
                            "disposition": "Aplications Denied", 
                            "count": 0, 
                            "value": 0
                        }, 
                        {
                            "disposition": "Applications Withdrawn", 
                            "count": 0, 
                            "value": 0
                        }, 
                        {
                            "disposition": "Files Closed For Incompleteness", 
                            "count": 0, 
                            "value": 0
                        }
                    ]
                }, 
                {
                    "gender": "Joint (Male/Female)", 
                    "dispositions": [
                        {
                            "disposition": "Applications Received", 
                            "count": 8, 
                            "value": 378
                        }, 
                        {
                            "disposition": "Loans Originated", 
                            "count": 4, 
                            "value": 113
                        }, 
                        {
                            "disposition": "Apps. Approved But Not Accepted", 
                            "count": 1, 
                            "value": 30
                        }, 
                        {
                            "disposition": "Aplications Denied", 
                            "count": 2, 
                            "value": 15
                        }, 
                        {
                            "disposition": "Applications Withdrawn", 
                            "count": 0, 
                            "value": 0
                        }, 
                        {
                            "disposition": "Files Closed For Incompleteness", 
                            "count": 1, 
                            "value": 220
                        }
                    ]
                }
            ]
        }, 
        {
            "race": "Not Available", 
            "dispositions": [
                {
                    "disposition": "Applications Received", 
                    "count": 41, 
                    "value": 1432
                }, 
                {
                    "disposition": "Loans Originated", 
                    "count": 15, 
                    "value": 848
                }, 
                {
                    "disposition": "Apps. Approved But Not Accepted", 
                    "count": 1, 
                    "value": 97
                }, 
                {
                    "disposition": "Aplications Denied", 
                    "count": 20, 
                    "value": 338
                }, 
                {
                    "disposition": "Applications Withdrawn", 
                    "count": 5, 
                    "value": 149
                }, 
                {
                    "disposition": "Files Closed For Incompleteness", 
                    "count": 0, 
                    "value": 0
                }
            ], 
            "genders": [
                {
                    "gender": "Male", 
                    "dispositions": [
                        {
                            "disposition": "Applications Received", 
                            "count": 6, 
                            "value": 75
                        }, 
                        {
                            "disposition": "Loans Originated", 
                            "count": 3, 
                            "value": 24
                        }, 
                        {
                            "disposition": "Apps. Approved But Not Accepted", 
                            "count": 0, 
                            "value": 0
                        }, 
                        {
                            "disposition": "Aplications Denied", 
                            "count": 3, 
                            "value": 51
                        }, 
                        {
                            "disposition": "Applications Withdrawn", 
                            "count": 0, 
                            "value": 0
                        }, 
                        {
                            "disposition": "Files Closed For Incompleteness", 
                            "count": 0, 
                            "value": 0
                        }
                    ]
                }, 
                {
                    "gender": "Female", 
                    "dispositions": [
                        {
                            "disposition": "Applications Received", 
                            "count": 5, 
                            "value": 97
                        }, 
                        {
                            "disposition": "Loans Originated", 
                            "count": 2, 
                            "value": 26
                        }, 
                        {
                            "disposition": "Apps. Approved But Not Accepted", 
                            "count": 0, 
                            "value": 0
                        }, 
                        {
                            "disposition": "Aplications Denied", 
                            "count": 3, 
                            "value": 71
                        }, 
                        {
                            "disposition": "Applications Withdrawn", 
                            "count": 0, 
                            "value": 0
                        }, 
                        {
                            "disposition": "Files Closed For Incompleteness", 
                            "count": 0, 
                            "value": 0
                        }
                    ]
                }, 
                {
                    "gender": "Joint (Male/Female)", 
                    "dispositions": [
                        {
                            "disposition": "Applications Received", 
                            "count": 1, 
                            "value": 2
                        }, 
                        {
                            "disposition": "Loans Originated", 
                            "count": 0, 
                            "value": 0
                        }, 
                        {
                            "disposition": "Apps. Approved But Not Accepted", 
                            "count": 0, 
                            "value": 0
                        }, 
                        {
                            "disposition": "Aplications Denied", 
                            "count": 1, 
                            "value": 2
                        }, 
                        {
                            "disposition": "Applications Withdrawn", 
                            "count": 0, 
                            "value": 0
                        }, 
                        {
                            "disposition": "Files Closed For Incompleteness", 
                            "count": 0, 
                            "value": 0
                        }
                    ]
                }
            ]
        }
    ], 
    "ethnicities": [
        {
            "ethnicity": "Hispanic or Latino", 
            "dispositions": [
                {
                    "disposition": "Applications Received", 
                    "count": 13, 
                    "value": 446
                }, 
                {
                    "disposition": "Loans Originated", 
                    "count": 8, 
                    "value": 390
                }, 
                {
                    "disposition": "Apps. Approved But Not Accepted", 
                    "count": 0, 
                    "value": 0
                }, 
                {
                    "disposition": "Aplications Denied", 
                    "count": 5, 
                    "value": 56
                }, 
                {
                    "disposition": "Applications Withdrawn", 
                    "count": 0, 
                    "value": 0
                }, 
                {
                    "disposition": "Files Closed For Incompleteness", 
                    "count": 0, 
                    "value": 0
                }
            ], 
            "genders": [
                {
                    "gender": "Male", 
                    "dispositions": [
                        {
                            "disposition": "Applications Received", 
                            "count": 10, 
                            "value": 10
                        }, 
                        {
                            "disposition": "Loans Originated", 
                            "count": 6, 
                            "value": 195
                        }, 
                        {
                            "disposition": "Apps. Approved But Not Accepted", 
                            "count": 0, 
                            "value": 0
                        }, 
                        {
                            "disposition": "Aplications Denied", 
                            "count": 4, 
                            "value": 53
                        }, 
                        {
                            "disposition": "Applications Withdrawn", 
                            "count": 0, 
                            "value": 0
                        }, 
                        {
                            "disposition": "Files Closed For Incompleteness", 
                            "count": 0, 
                            "value": 0
                        }
                    ]
                }, 
                {
                    "gender": "Female", 
                    "dispositions": [
                        {
                            "disposition": "Applications Received", 
                            "count": 3, 
                            "value": 3
                        }, 
                        {
                            "disposition": "Loans Originated", 
                            "count": 2, 
                            "value": 195
                        }, 
                        {
                            "disposition": "Apps. Approved But Not Accepted", 
                            "count": 0, 
                            "value": 0
                        }, 
                        {
                            "disposition": "Aplications Denied", 
                            "count": 1, 
                            "value": 3
                        }, 
                        {
                            "disposition": "Applications Withdrawn", 
                            "count": 0, 
                            "value": 0
                        }, 
                        {
                            "disposition": "Files Closed For Incompleteness", 
                            "count": 0, 
                            "value": 0
                        }
                    ]
                }, 
                {
                    "gender": "Joint (Male/Female)", 
                    "dispositions": [
                        {
                            "disposition": "Applications Received", 
                            "count": 0, 
                            "value": 0
                        }, 
                        {
                            "disposition": "Loans Originated", 
                            "count": 0, 
                            "value": 0
                        }, 
                        {
                            "disposition": "Apps. Approved But Not Accepted", 
                            "count": 0, 
                            "value": 0
                        }, 
                        {
                            "disposition": "Aplications Denied", 
                            "count": 0, 
                            "value": 0
                        }, 
                        {
                            "disposition": "Applications Withdrawn", 
                            "count": 0, 
                            "value": 0
                        }, 
                        {
                            "disposition": "Files Closed For Incompleteness", 
                            "count": 0, 
                            "value": 0
                        }
                    ]
                }
            ]
        }, 
        {
            "ethnicity": "Not Hispanic or Latino", 
            "dispositions": [
                {
                    "disposition": "Applications Received", 
                    "count": 731, 
                    "value": 16216
                }, 
                {
                    "disposition": "Loans Originated", 
                    "count": 450, 
                    "value": 8365
                }, 
                {
                    "disposition": "Apps. Approved But Not Accepted", 
                    "count": 23, 
                    "value": 954
                }, 
                {
                    "disposition": "Aplications Denied", 
                    "count": 228, 
                    "value": 5326
                }, 
                {
                    "disposition": "Applications Withdrawn", 
                    "count": 27, 
                    "value": 1251
                }, 
                {
                    "disposition": "Files Closed For Incompleteness", 
                    "count": 3, 
                    "value": 320
                }
            ], 
            "genders": [
                {
                    "gender": "Male", 
                    "dispositions": [
                        {
                            "disposition": "Applications Received", 
                            "count": 303, 
                            "value": 303
                        }, 
                        {
                            "disposition": "Loans Originated", 
                            "count": 197, 
                            "value": 3068
                        }, 
                        {
                            "disposition": "Apps. Approved But Not Accepted", 
                            "count": 7, 
                            "value": 267
                        }, 
                        {
                            "disposition": "Aplications Denied", 
                            "count": 90, 
                            "value": 1581
                        }, 
                        {
                            "disposition": "Applications Withdrawn", 
                            "count": 9, 
                            "value": 413
                        }, 
                        {
                            "disposition": "Files Closed For Incompleteness", 
                            "count": 0, 
                            "value": 0
                        }
                    ]
                }, 
                {
                    "gender": "Female", 
                    "dispositions": [
                        {
                            "disposition": "Applications Received", 
                            "count": 235, 
                            "value": 235
                        }, 
                        {
                            "disposition": "Loans Originated", 
                            "count": 134, 
                            "value": 1338
                        }, 
                        {
                            "disposition": "Apps. Approved But Not Accepted", 
                            "count": 5, 
                            "value": 172
                        }, 
                        {
                            "disposition": "Aplications Denied", 
                            "count": 89, 
                            "value": 1226
                        }, 
                        {
                            "disposition": "Applications Withdrawn", 
                            "count": 7, 
                            "value": 125
                        }, 
                        {
                            "disposition": "Files Closed For Incompleteness", 
                            "count": 0, 
                            "value": 0
                        }
                    ]
                }, 
                {
                    "gender": "Joint (Male/Female)", 
                    "dispositions": [
                        {
                            "disposition": "Applications Received", 
                            "count": 192, 
                            "value": 192
                        }, 
                        {
                            "disposition": "Loans Originated", 
                            "count": 119, 
                            "value": 3959
                        }, 
                        {
                            "disposition": "Apps. Approved But Not Accepted", 
                            "count": 11, 
                            "value": 515
                        }, 
                        {
                            "disposition": "Aplications Denied", 
                            "count": 48, 
                            "value": 2419
                        }, 
                        {
                            "disposition": "Applications Withdrawn", 
                            "count": 11, 
                            "value": 713
                        }, 
                        {
                            "disposition": "Files Closed For Incompleteness", 
                            "count": 3, 
                            "value": 320
                        }
                    ]
                }
            ]
        }, 
        {
            "ethnicity": "Joint (Hispanic or Latino/Not Hispanic or Latino", 
            "dispositions": [
                {
                    "disposition": "Applications Received", 
                    "count": 0, 
                    "value": 0
                }, 
                {
                    "disposition": "Loans Originated", 
                    "count": 0, 
                    "value": 0
                }, 
                {
                    "disposition": "Apps. Approved But Not Accepted", 
                    "count": 0, 
                    "value": 0
                }, 
                {
                    "disposition": "Aplications Denied", 
                    "count": 0, 
                    "value": 0
                }, 
                {
                    "disposition": "Applications Withdrawn", 
                    "count": 0, 
                    "value": 0
                }, 
                {
                    "disposition": "Files Closed For Incompleteness", 
                    "count": 0, 
                    "value": 0
                }
            ], 
            "genders": [
                {
                    "gender": "Male", 
                    "dispositions": [
                        {
                            "disposition": "Applications Received", 
                            "count": 0, 
                            "value": 0
                        }, 
                        {
                            "disposition": "Loans Originated", 
                            "count": 0, 
                            "value": 0
                        }, 
                        {
                            "disposition": "Apps. Approved But Not Accepted", 
                            "count": 0, 
                            "value": 0
                        }, 
                        {
                            "disposition": "Aplications Denied", 
                            "count": 0, 
                            "value": 0
                        }, 
                        {
                            "disposition": "Applications Withdrawn", 
                            "count": 0, 
                            "value": 0
                        }, 
                        {
                            "disposition": "Files Closed For Incompleteness", 
                            "count": 0, 
                            "value": 0
                        }
                    ]
                }, 
                {
                    "gender": "Female", 
                    "dispositions": [
                        {
                            "disposition": "Applications Received", 
                            "count": 0, 
                            "value": 0
                        }, 
                        {
                            "disposition": "Loans Originated", 
                            "count": 0, 
                            "value": 0
                        }, 
                        {
                            "disposition": "Apps. Approved But Not Accepted", 
                            "count": 0, 
                            "value": 0
                        }, 
                        {
                            "disposition": "Aplications Denied", 
                            "count": 0, 
                            "value": 0
                        }, 
                        {
                            "disposition": "Applications Withdrawn", 
                            "count": 0, 
                            "value": 0
                        }, 
                        {
                            "disposition": "Files Closed For Incompleteness", 
                            "count": 0, 
                            "value": 0
                        }
                    ]
                }, 
                {
                    "gender": "Joint (Male/Female)", 
                    "dispositions": [
                        {
                            "disposition": "Applications Received", 
                            "count": 0, 
                            "value": 0
                        }, 
                        {
                            "disposition": "Loans Originated", 
                            "count": 0, 
                            "value": 0
                        }, 
                        {
                            "disposition": "Apps. Approved But Not Accepted", 
                            "count": 0, 
                            "value": 0
                        }, 
                        {
                            "disposition": "Aplications Denied", 
                            "count": 0, 
                            "value": 0
                        }, 
                        {
                            "disposition": "Applications Withdrawn", 
                            "count": 0, 
                            "value": 0
                        }, 
                        {
                            "disposition": "Files Closed For Incompleteness", 
                            "count": 0, 
                            "value": 0
                        }
                    ]
                }
            ]
        }, 
        {
            "ethnicity": "Ethnicity Not Available", 
            "dispositions": [
                {
                    "disposition": "Applications Received", 
                    "count": 44, 
                    "value": 1461
                }, 
                {
                    "disposition": "Loans Originated", 
                    "count": 17, 
                    "value": 870
                }, 
                {
                    "disposition": "Apps. Approved But Not Accepted", 
                    "count": 1, 
                    "value": 97
                }, 
                {
                    "disposition": "Aplications Denied", 
                    "count": 20, 
                    "value": 334
                }, 
                {
                    "disposition": "Applications Withdrawn", 
                    "count": 6, 
                    "value": 160
                }, 
                {
                    "disposition": "Files Closed For Incompleteness", 
                    "count": 0, 
                    "value": 0
                }
            ], 
            "genders": [
                {
                    "gender": "Male", 
                    "dispositions": [
                        {
                            "disposition": "Applications Received", 
                            "count": 7, 
                            "value": 7
                        }, 
                        {
                            "disposition": "Loans Originated", 
                            "count": 4, 
                            "value": 28
                        }, 
                        {
                            "disposition": "Apps. Approved But Not Accepted", 
                            "count": 0, 
                            "value": 0
                        }, 
                        {
                            "disposition": "Aplications Denied", 
                            "count": 2, 
                            "value": 37
                        }, 
                        {
                            "disposition": "Applications Withdrawn", 
                            "count": 1, 
                            "value": 11
                        }, 
                        {
                            "disposition": "Files Closed For Incompleteness", 
                            "count": 0, 
                            "value": 0
                        }
                    ]
                }, 
                {
                    "gender": "Female", 
                    "dispositions": [
                        {
                            "disposition": "Applications Received", 
                            "count": 5, 
                            "value": 5
                        }, 
                        {
                            "disposition": "Loans Originated", 
                            "count": 2, 
                            "value": 40
                        }, 
                        {
                            "disposition": "Apps. Approved But Not Accepted", 
                            "count": 0, 
                            "value": 0
                        }, 
                        {
                            "disposition": "Aplications Denied", 
                            "count": 3, 
                            "value": 71
                        }, 
                        {
                            "disposition": "Applications Withdrawn", 
                            "count": 0, 
                            "value": 0
                        }, 
                        {
                            "disposition": "Files Closed For Incompleteness", 
                            "count": 0, 
                            "value": 0
                        }
                    ]
                }, 
                {
                    "gender": "Joint (Male/Female)", 
                    "dispositions": [
                        {
                            "disposition": "Applications Received", 
                            "count": 3, 
                            "value": 3
                        }, 
                        {
                            "disposition": "Loans Originated", 
                            "count": 1, 
                            "value": 4
                        }, 
                        {
                            "disposition": "Apps. Approved But Not Accepted", 
                            "count": 0, 
                            "value": 0
                        }, 
                        {
                            "disposition": "Aplications Denied", 
                            "count": 2, 
                            "value": 12
                        }, 
                        {
                            "disposition": "Applications Withdrawn", 
                            "count": 0, 
                            "value": 0
                        }, 
                        {
                            "disposition": "Files Closed For Incompleteness", 
                            "count": 0, 
                            "value": 0
                        }
                    ]
                }
            ]
        }
    ], 
    "minoritystatuses": [
        {
            "minoritystatus": "White Non-Hispanic", 
            "dispositions": [
                {
                    "disposition": "Applications Received", 
                    "count": 637, 
                    "value": 15697
                }, 
                {
                    "disposition": "Loans Originated", 
                    "count": 404, 
                    "value": 8516
                }, 
                {
                    "disposition": "Apps. Approved But Not Accepted", 
                    "count": 22, 
                    "value": 1016
                }, 
                {
                    "disposition": "Aplications Denied", 
                    "count": 179, 
                    "value": 4856
                }, 
                {
                    "disposition": "Applications Withdrawn", 
                    "count": 30, 
                    "value": 1209
                }, 
                {
                    "disposition": "Files Closed For Incompleteness", 
                    "count": 2, 
                    "value": 100
                }
            ], 
            "genders": [
                {
                    "gender": "Male", 
                    "dispositions": [
                        {
                            "disposition": "Applications Received", 
                            "count": 4886, 
                            "value": 0
                        }, 
                        {
                            "disposition": "Loans Originated", 
                            "count": 169, 
                            "value": 2800
                        }, 
                        {
                            "disposition": "Apps. Approved But Not Accepted", 
                            "count": 7, 
                            "value": 267
                        }, 
                        {
                            "disposition": "Aplications Denied", 
                            "count": 66, 
                            "value": 1348
                        }, 
                        {
                            "disposition": "Applications Withdrawn", 
                            "count": 7, 
                            "value": 222
                        }, 
                        {
                            "disposition": "Files Closed For Incompleteness", 
                            "count": 0, 
                            "value": 0
                        }
                    ]
                }, 
                {
                    "gender": "Female", 
                    "dispositions": [
                        {
                            "disposition": "Applications Received", 
                            "count": 2754, 
                            "value": 0
                        }, 
                        {
                            "disposition": "Loans Originated", 
                            "count": 117, 
                            "value": 1217
                        }, 
                        {
                            "disposition": "Apps. Approved But Not Accepted", 
                            "count": 4, 
                            "value": 167
                        }, 
                        {
                            "disposition": "Aplications Denied", 
                            "count": 60, 
                            "value": 1057
                        }, 
                        {
                            "disposition": "Applications Withdrawn", 
                            "count": 7, 
                            "value": 125
                        }, 
                        {
                            "disposition": "Files Closed For Incompleteness", 
                            "count": 0, 
                            "value": 0
                        }
                    ]
                }, 
                {
                    "gender": "Joint (Male/Female)", 
                    "dispositions": [
                        {
                            "disposition": "Applications Received", 
                            "count": 7306, 
                            "value": 0
                        }, 
                        {
                            "disposition": "Loans Originated", 
                            "count": 108, 
                            "value": 3701
                        }, 
                        {
                            "disposition": "Apps. Approved But Not Accepted", 
                            "count": 10, 
                            "value": 485
                        }, 
                        {
                            "disposition": "Aplications Denied", 
                            "count": 39, 
                            "value": 2137
                        }, 
                        {
                            "disposition": "Applications Withdrawn", 
                            "count": 11, 
                            "value": 713
                        }, 
                        {
                            "disposition": "Files Closed For Incompleteness", 
                            "count": 2, 
                            "value": 100
                        }
                    ]
                }
            ]
        }, 
        {
            "minoritystatus": "Others, Including Hispanic", 
            "dispositions": [
                {
                    "disposition": "Applications Received", 
                    "count": 151, 
                    "value": 2426
                }, 
                {
                    "disposition": "Loans Originated", 
                    "count": 71, 
                    "value": 1109
                }, 
                {
                    "disposition": "Apps. Approved But Not Accepted", 
                    "count": 2, 
                    "value": 35
                }, 
                {
                    "disposition": "Aplications Denied", 
                    "count": 74, 
                    "value": 860
                }, 
                {
                    "disposition": "Applications Withdrawn", 
                    "count": 3, 
                    "value": 202
                }, 
                {
                    "disposition": "Files Closed For Incompleteness", 
                    "count": 1, 
                    "value": 220
                }
            ], 
            "genders": [
                {
                    "gender": "Male", 
                    "dispositions": [
                        {
                            "disposition": "Applications Received", 
                            "count": 1087, 
                            "value": 0
                        }, 
                        {
                            "disposition": "Loans Originated", 
                            "count": 38, 
                            "value": 491
                        }, 
                        {
                            "disposition": "Apps. Approved But Not Accepted", 
                            "count": 0, 
                            "value": 0
                        }, 
                        {
                            "disposition": "Aplications Denied", 
                            "count": 30, 
                            "value": 323
                        }, 
                        {
                            "disposition": "Applications Withdrawn", 
                            "count": 3, 
                            "value": 202
                        }, 
                        {
                            "disposition": "Files Closed For Incompleteness", 
                            "count": 0, 
                            "value": 0
                        }
                    ]
                }, 
                {
                    "gender": "Female", 
                    "dispositions": [
                        {
                            "disposition": "Applications Received", 
                            "count": 659, 
                            "value": 0
                        }, 
                        {
                            "disposition": "Loans Originated", 
                            "count": 21, 
                            "value": 356
                        }, 
                        {
                            "disposition": "Apps. Approved But Not Accepted", 
                            "count": 1, 
                            "value": 5
                        }, 
                        {
                            "disposition": "Aplications Denied", 
                            "count": 33, 
                            "value": 243
                        }, 
                        {
                            "disposition": "Applications Withdrawn", 
                            "count": 0, 
                            "value": 0
                        }, 
                        {
                            "disposition": "Files Closed For Incompleteness", 
                            "count": 0, 
                            "value": 0
                        }
                    ]
                }, 
                {
                    "gender": "Joint (Male/Female)", 
                    "dispositions": [
                        {
                            "disposition": "Applications Received", 
                            "count": 831, 
                            "value": 0
                        }, 
                        {
                            "disposition": "Loans Originated", 
                            "count": 12, 
                            "value": 262
                        }, 
                        {
                            "disposition": "Apps. Approved But Not Accepted", 
                            "count": 1, 
                            "value": 30
                        }, 
                        {
                            "disposition": "Aplications Denied", 
                            "count": 11, 
                            "value": 294
                        }, 
                        {
                            "disposition": "Applications Withdrawn", 
                            "count": 0, 
                            "value": 0
                        }, 
                        {
                            "disposition": "Files Closed For Incompleteness", 
                            "count": 1, 
                            "value": 220
                        }
                    ]
                }
            ]
        }
    ], 
    "incomes": [
        {
            "incomes": "Less than 50% of MSA/MD median", 
            "dispositions": [
                {
                    "disposition": "Applications Received", 
                    "count": 166, 
                    "value": 2014
                }, 
                {
                    "disposition": "Loans Originated", 
                    "count": 64, 
                    "value": 808
                }, 
                {
                    "disposition": "Apps. Approved But Not Accepted", 
                    "count": 5, 
                    "value": 117
                }, 
                {
                    "disposition": "Aplications Denied", 
                    "count": 94, 
                    "value": 1078
                }, 
                {
                    "disposition": "Applications Withdrawn", 
                    "count": 3, 
                    "value": 11
                }, 
                {
                    "disposition": "Files Closed For Incompleteness", 
                    "count": 0, 
                    "value": 0
                }
            ]
        }, 
        {
            "incomes": "50-79% of MSA/MD median", 
            "dispositions": [
                {
                    "disposition": "Applications Received", 
                    "count": 199, 
                    "value": 2835
                }, 
                {
                    "disposition": "Loans Originated", 
                    "count": 117, 
                    "value": 1158
                }, 
                {
                    "disposition": "Apps. Approved But Not Accepted", 
                    "count": 5, 
                    "value": 135
                }, 
                {
                    "disposition": "Aplications Denied", 
                    "count": 69, 
                    "value": 1404
                }, 
                {
                    "disposition": "Applications Withdrawn", 
                    "count": 8, 
                    "value": 138
                }, 
                {
                    "disposition": "Files Closed For Incompleteness", 
                    "count": 0, 
                    "value": 0
                }
            ]
        }, 
        {
            "incomes": "80-99% of MSA/MD median", 
            "dispositions": [
                {
                    "disposition": "Applications Received", 
                    "count": 101, 
                    "value": 1920
                }, 
                {
                    "disposition": "Loans Originated", 
                    "count": 71, 
                    "value": 830
                }, 
                {
                    "disposition": "Apps. Approved But Not Accepted", 
                    "count": 4, 
                    "value": 315
                }, 
                {
                    "disposition": "Aplications Denied", 
                    "count": 24, 
                    "value": 747
                }, 
                {
                    "disposition": "Applications Withdrawn", 
                    "count": 1, 
                    "value": 3
                }, 
                {
                    "disposition": "Files Closed For Incompleteness", 
                    "count": 1, 
                    "value": 25
                }
            ]
        }, 
        {
            "incomes": "100-119% of MSA/MD median", 
            "dispositions": [
                {
                    "disposition": "Applications Received", 
                    "count": 76, 
                    "value": 2880
                }, 
                {
                    "disposition": "Loans Originated", 
                    "count": 46, 
                    "value": 1439
                }, 
                {
                    "disposition": "Apps. Approved But Not Accepted", 
                    "count": 2, 
                    "value": 99
                }, 
                {
                    "disposition": "Aplications Denied", 
                    "count": 21, 
                    "value": 771
                }, 
                {
                    "disposition": "Applications Withdrawn", 
                    "count": 7, 
                    "value": 571
                }, 
                {
                    "disposition": "Files Closed For Incompleteness", 
                    "count": 0, 
                    "value": 0
                }
            ]
        }, 
        {
            "incomes": "120% or more of MSA/MD median", 
            "dispositions": [
                {
                    "disposition": "Applications Received", 
                    "count": 232, 
                    "value": 7633
                }, 
                {
                    "disposition": "Loans Originated", 
                    "count": 165, 
                    "value": 4606
                }, 
                {
                    "disposition": "Apps. Approved But Not Accepted", 
                    "count": 8, 
                    "value": 385
                }, 
                {
                    "disposition": "Aplications Denied", 
                    "count": 44, 
                    "value": 1686
                }, 
                {
                    "disposition": "Applications Withdrawn", 
                    "count": 13, 
                    "value": 661
                }, 
                {
                    "disposition": "Files Closed For Incompleteness", 
                    "count": 2, 
                    "value": 295
                }
            ]
        }, 
        {
            "incomes": "income not available", 
            "dispositions": [
                {
                    "disposition": "Applications Received", 
                    "count": 14, 
                    "value": 841
                }, 
                {
                    "disposition": "Loans Originated", 
                    "count": 12, 
                    "value": 784
                }, 
                {
                    "disposition": "Apps. Approved But Not Accepted", 
                    "count": 0, 
                    "value": 0
                }, 
                {
                    "disposition": "Aplications Denied", 
                    "count": 1, 
                    "value": 30
                }, 
                {
                    "disposition": "Applications Withdrawn", 
                    "count": 1, 
                    "value": 27
                }, 
                {
                    "disposition": "Files Closed For Incompleteness", 
                    "count": 0, 
                    "value": 0
                }
            ]
        }
    ], 
    "total": [
        {
            "disposition": "Applications Received", 
            "count": 0, 
            "value": 0
        }, 
        {
            "disposition": "Loans Originated", 
            "count": 475, 
            "value": 9625
        }, 
        {
            "disposition": "Apps. Approved But Not Accepted", 
            "count": 24, 
            "value": 1051
        }, 
        {
            "disposition": "Aplications Denied", 
            "count": 253, 
            "value": 5716
        }, 
        {
            "disposition": "Applications Withdrawn", 
            "count": 33, 
            "value": 1411
        }, 
        {
            "disposition": "Files Closed For Incompleteness", 
            "count": 3, 
            "value": 320
        }
    ]
}