{
    "table": "3-2", 
    "type": "Aggregate", 
    "desc": "Pricing Information for First and Junior Lien Loans Sold by Type of Purchaser (includes originations only).", 
    "year": "2012", 
    "msa": {
        "id": "49740", 
        "name": "Yuma", 
        "state": "AZ", 
        "state_name": "Arizona"
    }, 
    "pricinginformation": [
        {
            "pricing": "No reported pricing data", 
            "purchasers": [
                {
                    "name": "Fannie Mae", 
                    "first lien count": 921, 
                    "first lien value": 136623, 
                    "junior lien count": 0, 
                    "junior lien value": 0
                }, 
                {
                    "name": "Ginnie Mae", 
                    "first lien count": 790, 
                    "first lien value": 126154, 
                    "junior lien count": 0, 
                    "junior lien value": 0
                }, 
                {
                    "name": "Freddie Mac", 
                    "first lien count": 540, 
                    "first lien value": 82489, 
                    "junior lien count": 0, 
                    "junior lien value": 0
                }, 
                {
                    "name": "Farmer Mac", 
                    "first lien count": 0, 
                    "first lien value": 0, 
                    "junior lien count": 0, 
                    "junior lien value": 0
                }, 
                {
                    "name": "Private Securitization", 
                    "first lien count": 5, 
                    "first lien value": 660, 
                    "junior lien count": 0, 
                    "junior lien value": 0
                }, 
                {
                    "name": "Commercial bank, savings bank or association", 
                    "first lien count": 530, 
                    "first lien value": 77534, 
                    "junior lien count": 0, 
                    "junior lien value": 0
                }, 
                {
                    "name": "Life insurance co., credit union, finance co.", 
                    "first lien count": 706, 
                    "first lien value": 100418, 
                    "junior lien count": 0, 
                    "junior lien value": 0
                }, 
                {
                    "name": "Affiliate institution", 
                    "first lien count": 135, 
                    "first lien value": 21065, 
                    "junior lien count": 0, 
                    "junior lien value": 0
                }, 
                {
                    "name": "Other", 
                    "first lien count": 3089, 
                    "first lien value": 438455, 
                    "junior lien count": 97, 
                    "junior lien value": 1505
                }
            ]
        }, 
        {
            "pricing": "reported pricing data", 
            "purchasers": [
                {
                    "name": "Fannie Mae", 
                    "first lien count": 38, 
                    "first lien value": 4221, 
                    "junior lien count": 0, 
                    "junior lien value": 0
                }, 
                {
                    "name": "Ginnie Mae", 
                    "first lien count": 23, 
                    "first lien value": 2264, 
                    "junior lien count": 0, 
                    "junior lien value": 0
                }, 
                {
                    "name": "Freddie Mac", 
                    "first lien count": 17, 
                    "first lien value": 2935, 
                    "junior lien count": 0, 
                    "junior lien value": 0
                }, 
                {
                    "name": "Farmer Mac", 
                    "first lien count": 0, 
                    "first lien value": 0, 
                    "junior lien count": 0, 
                    "junior lien value": 0
                }, 
                {
                    "name": "Private Securitization", 
                    "first lien count": 0, 
                    "first lien value": 0, 
                    "junior lien count": 0, 
                    "junior lien value": 0
                }, 
                {
                    "name": "Commercial bank, savings bank or association", 
                    "first lien count": 12, 
                    "first lien value": 762, 
                    "junior lien count": 0, 
                    "junior lien value": 0
                }, 
                {
                    "name": "Life insurance co., credit union, finance co.", 
                    "first lien count": 11, 
                    "first lien value": 1082, 
                    "junior lien count": 0, 
                    "junior lien value": 0
                }, 
                {
                    "name": "Affiliate institution", 
                    "first lien count": 3, 
                    "first lien value": 249, 
                    "junior lien count": 0, 
                    "junior lien value": 0
                }, 
                {
                    "name": "Other", 
                    "first lien count": 47, 
                    "first lien value": 4190, 
                    "junior lien count": 2, 
                    "junior lien value": 50
                }
            ]
        }
    ], 
    "points": [
        {
            "point": "1.50 - 1.99", 
            "purchasers": [
                {
                    "name": "Fannie Mae", 
                    "first lien count": 31, 
                    "first lien value": 3413, 
                    "junior lien count": 0, 
                    "junior lien value": 0
                }, 
                {
                    "name": "Ginnie Mae", 
                    "first lien count": 13, 
                    "first lien value": 1312, 
                    "junior lien count": 0, 
                    "junior lien value": 0
                }, 
                {
                    "name": "Freddie Mac", 
                    "first lien count": 14, 
                    "first lien value": 2433, 
                    "junior lien count": 0, 
                    "junior lien value": 0
                }, 
                {
                    "name": "Farmer Mac", 
                    "first lien count": 0, 
                    "first lien value": 0, 
                    "junior lien count": 0, 
                    "junior lien value": 0
                }, 
                {
                    "name": "Private Securitization", 
                    "first lien count": 0, 
                    "first lien value": 0, 
                    "junior lien count": 0, 
                    "junior lien value": 0
                }, 
                {
                    "name": "Commercial bank, savings bank or association", 
                    "first lien count": 8, 
                    "first lien value": 539, 
                    "junior lien count": 0, 
                    "junior lien value": 0
                }, 
                {
                    "name": "Life insurance co., credit union, finance co.", 
                    "first lien count": 7, 
                    "first lien value": 733, 
                    "junior lien count": 0, 
                    "junior lien value": 0
                }, 
                {
                    "name": "Affiliate institution", 
                    "first lien count": 3, 
                    "first lien value": 249, 
                    "junior lien count": 0, 
                    "junior lien value": 0
                }, 
                {
                    "name": "Other", 
                    "first lien count": 21, 
                    "first lien value": 2026, 
                    "junior lien count": 0, 
                    "junior lien value": 0
                }
            ]
        }, 
        {
            "point": "2.00 - 2.49", 
            "purchasers": [
                {
                    "name": "Fannie Mae", 
                    "first lien count": 4, 
                    "first lien value": 507, 
                    "junior lien count": 0, 
                    "junior lien value": 0
                }, 
                {
                    "name": "Ginnie Mae", 
                    "first lien count": 4, 
                    "first lien value": 548, 
                    "junior lien count": 0, 
                    "junior lien value": 0
                }, 
                {
                    "name": "Freddie Mac", 
                    "first lien count": 2, 
                    "first lien value": 400, 
                    "junior lien count": 0, 
                    "junior lien value": 0
                }, 
                {
                    "name": "Farmer Mac", 
                    "first lien count": 0, 
                    "first lien value": 0, 
                    "junior lien count": 0, 
                    "junior lien value": 0
                }, 
                {
                    "name": "Private Securitization", 
                    "first lien count": 0, 
                    "first lien value": 0, 
                    "junior lien count": 0, 
                    "junior lien value": 0
                }, 
                {
                    "name": "Commercial bank, savings bank or association", 
                    "first lien count": 2, 
                    "first lien value": 109, 
                    "junior lien count": 0, 
                    "junior lien value": 0
                }, 
                {
                    "name": "Life insurance co., credit union, finance co.", 
                    "first lien count": 3, 
                    "first lien value": 251, 
                    "junior lien count": 0, 
                    "junior lien value": 0
                }, 
                {
                    "name": "Affiliate institution", 
                    "first lien count": 0, 
                    "first lien value": 0, 
                    "junior lien count": 0, 
                    "junior lien value": 0
                }, 
                {
                    "name": "Other", 
                    "first lien count": 6, 
                    "first lien value": 462, 
                    "junior lien count": 0, 
                    "junior lien value": 0
                }
            ]
        }, 
        {
            "point": "2.50 - 2.99", 
            "purchasers": [
                {
                    "name": "Fannie Mae", 
                    "first lien count": 3, 
                    "first lien value": 301, 
                    "junior lien count": 0, 
                    "junior lien value": 0
                }, 
                {
                    "name": "Ginnie Mae", 
                    "first lien count": 4, 
                    "first lien value": 237, 
                    "junior lien count": 0, 
                    "junior lien value": 0
                }, 
                {
                    "name": "Freddie Mac", 
                    "first lien count": 1, 
                    "first lien value": 102, 
                    "junior lien count": 0, 
                    "junior lien value": 0
                }, 
                {
                    "name": "Farmer Mac", 
                    "first lien count": 0, 
                    "first lien value": 0, 
                    "junior lien count": 0, 
                    "junior lien value": 0
                }, 
                {
                    "name": "Private Securitization", 
                    "first lien count": 0, 
                    "first lien value": 0, 
                    "junior lien count": 0, 
                    "junior lien value": 0
                }, 
                {
                    "name": "Commercial bank, savings bank or association", 
                    "first lien count": 0, 
                    "first lien value": 0, 
                    "junior lien count": 0, 
                    "junior lien value": 0
                }, 
                {
                    "name": "Life insurance co., credit union, finance co.", 
                    "first lien count": 0, 
                    "first lien value": 0, 
                    "junior lien count": 0, 
                    "junior lien value": 0
                }, 
                {
                    "name": "Affiliate institution", 
                    "first lien count": 0, 
                    "first lien value": 0, 
                    "junior lien count": 0, 
                    "junior lien value": 0
                }, 
                {
                    "name": "Other", 
                    "first lien count": 4, 
                    "first lien value": 192, 
                    "junior lien count": 0, 
                    "junior lien value": 0
                }
            ]
        }, 
        {
            "point": "3.00 - 3.49", 
            "purchasers": [
                {
                    "name": "Fannie Mae", 
                    "first lien count": 0, 
                    "first lien value": 0, 
                    "junior lien count": 0, 
                    "junior lien value": 0
                }, 
                {
                    "name": "Ginnie Mae", 
                    "first lien count": 2, 
                    "first lien value": 167, 
                    "junior lien count": 0, 
                    "junior lien value": 0
                }, 
                {
                    "name": "Freddie Mac", 
                    "first lien count": 0, 
                    "first lien value": 0, 
                    "junior lien count": 0, 
                    "junior lien value": 0
                }, 
                {
                    "name": "Farmer Mac", 
                    "first lien count": 0, 
                    "first lien value": 0, 
                    "junior lien count": 0, 
                    "junior lien value": 0
                }, 
                {
                    "name": "Private Securitization", 
                    "first lien count": 0, 
                    "first lien value": 0, 
                    "junior lien count": 0, 
                    "junior lien value": 0
                }, 
                {
                    "name": "Commercial bank, savings bank or association", 
                    "first lien count": 0, 
                    "first lien value": 0, 
                    "junior lien count": 0, 
                    "junior lien value": 0
                }, 
                {
                    "name": "Life insurance co., credit union, finance co.", 
                    "first lien count": 1, 
                    "first lien value": 98, 
                    "junior lien count": 0, 
                    "junior lien value": 0
                }, 
                {
                    "name": "Affiliate institution", 
                    "first lien count": 0, 
                    "first lien value": 0, 
                    "junior lien count": 0, 
                    "junior lien value": 0
                }, 
                {
                    "name": "Other", 
                    "first lien count": 7, 
                    "first lien value": 661, 
                    "junior lien count": 0, 
                    "junior lien value": 0
                }
            ]
        }, 
        {
            "point": "3.50 - 4.49", 
            "purchasers": [
                {
                    "name": "Fannie Mae", 
                    "first lien count": 0, 
                    "first lien value": 0, 
                    "junior lien count": 0, 
                    "junior lien value": 0
                }, 
                {
                    "name": "Ginnie Mae", 
                    "first lien count": 0, 
                    "first lien value": 0, 
                    "junior lien count": 0, 
                    "junior lien value": 0
                }, 
                {
                    "name": "Freddie Mac", 
                    "first lien count": 0, 
                    "first lien value": 0, 
                    "junior lien count": 0, 
                    "junior lien value": 0
                }, 
                {
                    "name": "Farmer Mac", 
                    "first lien count": 0, 
                    "first lien value": 0, 
                    "junior lien count": 0, 
                    "junior lien value": 0
                }, 
                {
                    "name": "Private Securitization", 
                    "first lien count": 0, 
                    "first lien value": 0, 
                    "junior lien count": 0, 
                    "junior lien value": 0
                }, 
                {
                    "name": "Commercial bank, savings bank or association", 
                    "first lien count": 1, 
                    "first lien value": 50, 
                    "junior lien count": 0, 
                    "junior lien value": 0
                }, 
                {
                    "name": "Life insurance co., credit union, finance co.", 
                    "first lien count": 0, 
                    "first lien value": 0, 
                    "junior lien count": 0, 
                    "junior lien value": 0
                }, 
                {
                    "name": "Affiliate institution", 
                    "first lien count": 0, 
                    "first lien value": 0, 
                    "junior lien count": 0, 
                    "junior lien value": 0
                }, 
                {
                    "name": "Other", 
                    "first lien count": 3, 
                    "first lien value": 628, 
                    "junior lien count": 0, 
                    "junior lien value": 0
                }
            ]
        }, 
        {
            "point": "4.50 - 5.49", 
            "purchasers": [
                {
                    "name": "Fannie Mae", 
                    "first lien count": 0, 
                    "first lien value": 0, 
                    "junior lien count": 0, 
                    "junior lien value": 0
                }, 
                {
                    "name": "Ginnie Mae", 
                    "first lien count": 0, 
                    "first lien value": 0, 
                    "junior lien count": 0, 
                    "junior lien value": 0
                }, 
                {
                    "name": "Freddie Mac", 
                    "first lien count": 0, 
                    "first lien value": 0, 
                    "junior lien count": 0, 
                    "junior lien value": 0
                }, 
                {
                    "name": "Farmer Mac", 
                    "first lien count": 0, 
                    "first lien value": 0, 
                    "junior lien count": 0, 
                    "junior lien value": 0
                }, 
                {
                    "name": "Private Securitization", 
                    "first lien count": 0, 
                    "first lien value": 0, 
                    "junior lien count": 0, 
                    "junior lien value": 0
                }, 
                {
                    "name": "Commercial bank, savings bank or association", 
                    "first lien count": 1, 
                    "first lien value": 64, 
                    "junior lien count": 0, 
                    "junior lien value": 0
                }, 
                {
                    "name": "Life insurance co., credit union, finance co.", 
                    "first lien count": 0, 
                    "first lien value": 0, 
                    "junior lien count": 0, 
                    "junior lien value": 0
                }, 
                {
                    "name": "Affiliate institution", 
                    "first lien count": 0, 
                    "first lien value": 0, 
                    "junior lien count": 0, 
                    "junior lien value": 0
                }, 
                {
                    "name": "Other", 
                    "first lien count": 3, 
                    "first lien value": 124, 
                    "junior lien count": 0, 
                    "junior lien value": 0
                }
            ]
        }, 
        {
            "point": "5.50 - 6.49", 
            "purchasers": [
                {
                    "name": "Fannie Mae", 
                    "first lien count": 0, 
                    "first lien value": 0, 
                    "junior lien count": 0, 
                    "junior lien value": 0
                }, 
                {
                    "name": "Ginnie Mae", 
                    "first lien count": 0, 
                    "first lien value": 0, 
                    "junior lien count": 0, 
                    "junior lien value": 0
                }, 
                {
                    "name": "Freddie Mac", 
                    "first lien count": 0, 
                    "first lien value": 0, 
                    "junior lien count": 0, 
                    "junior lien value": 0
                }, 
                {
                    "name": "Farmer Mac", 
                    "first lien count": 0, 
                    "first lien value": 0, 
                    "junior lien count": 0, 
                    "junior lien value": 0
                }, 
                {
                    "name": "Private Securitization", 
                    "first lien count": 0, 
                    "first lien value": 0, 
                    "junior lien count": 0, 
                    "junior lien value": 0
                }, 
                {
                    "name": "Commercial bank, savings bank or association", 
                    "first lien count": 0, 
                    "first lien value": 0, 
                    "junior lien count": 0, 
                    "junior lien value": 0
                }, 
                {
                    "name": "Life insurance co., credit union, finance co.", 
                    "first lien count": 0, 
                    "first lien value": 0, 
                    "junior lien count": 0, 
                    "junior lien value": 0
                }, 
                {
                    "name": "Affiliate institution", 
                    "first lien count": 0, 
                    "first lien value": 0, 
                    "junior lien count": 0, 
                    "junior lien value": 0
                }, 
                {
                    "name": "Other", 
                    "first lien count": 3, 
                    "first lien value": 97, 
                    "junior lien count": 1, 
                    "junior lien value": 25
                }
            ]
        }, 
        {
            "point": "6.5 or more", 
            "purchasers": [
                {
                    "name": "Fannie Mae", 
                    "first lien count": 0, 
                    "first lien value": 0, 
                    "junior lien count": 0, 
                    "junior lien value": 0
                }, 
                {
                    "name": "Ginnie Mae", 
                    "first lien count": 0, 
                    "first lien value": 0, 
                    "junior lien count": 0, 
                    "junior lien value": 0
                }, 
                {
                    "name": "Freddie Mac", 
                    "first lien count": 0, 
                    "first lien value": 0, 
                    "junior lien count": 0, 
                    "junior lien value": 0
                }, 
                {
                    "name": "Farmer Mac", 
                    "first lien count": 0, 
                    "first lien value": 0, 
                    "junior lien count": 0, 
                    "junior lien value": 0
                }, 
                {
                    "name": "Private Securitization", 
                    "first lien count": 0, 
                    "first lien value": 0, 
                    "junior lien count": 0, 
                    "junior lien value": 0
                }, 
                {
                    "name": "Commercial bank, savings bank or association", 
                    "first lien count": 0, 
                    "first lien value": 0, 
                    "junior lien count": 0, 
                    "junior lien value": 0
                }, 
                {
                    "name": "Life insurance co., credit union, finance co.", 
                    "first lien count": 0, 
                    "first lien value": 0, 
                    "junior lien count": 0, 
                    "junior lien value": 0
                }, 
                {
                    "name": "Affiliate institution", 
                    "first lien count": 0, 
                    "first lien value": 0, 
                    "junior lien count": 0, 
                    "junior lien value": 0
                }, 
                {
                    "name": "Other", 
                    "first lien count": 0, 
                    "first lien value": 0, 
                    "junior lien count": 1, 
                    "junior lien value": 25
                }
            ]
        }, 
        {
            "point": "mean", 
            "purchasers": [
                {
                    "name": "Fannie Mae", 
                    "first lien": 948.01, 
                    "junior lien": 0
                }, 
                {
                    "name": "Ginnie Mae", 
                    "first lien": 1422.0, 
                    "junior lien": 0
                }, 
                {
                    "name": "Freddie Mac", 
                    "first lien": 650.79, 
                    "junior lien": 0
                }, 
                {
                    "name": "Farmer Mac", 
                    "first lien": 0, 
                    "junior lien": 0
                }, 
                {
                    "name": "Private Securitization", 
                    "first lien": 0, 
                    "junior lien": 0
                }, 
                {
                    "name": "Commercial bank, savings bank or association", 
                    "first lien": 1226.66, 
                    "junior lien": 0
                }, 
                {
                    "name": "Life insurance co., credit union, finance co.", 
                    "first lien": 1494.64, 
                    "junior lien": 0
                }, 
                {
                    "name": "Affiliate institution", 
                    "first lien": 1129.37, 
                    "junior lien": 0
                }, 
                {
                    "name": "Other", 
                    "first lien": 496.87, 
                    "junior lien": 2684.43
                }
            ]
        }, 
        {
            "point": "median", 
            "purchasers": [
                {
                    "name": "Fannie Mae", 
                    "first lien": 1.7, 
                    "junior lien": 4.03
                }, 
                {
                    "name": "Ginnie Mae", 
                    "first lien": 1.94, 
                    "junior lien": 0
                }, 
                {
                    "name": "Freddie Mac", 
                    "first lien": 1.69, 
                    "junior lien": 3.92
                }, 
                {
                    "name": "Farmer Mac", 
                    "first lien": 1.58, 
                    "junior lien": 4.72
                }, 
                {
                    "name": "Private Securitization", 
                    "first lien": 1.77, 
                    "junior lien": 4.27
                }, 
                {
                    "name": "Commercial bank, savings bank or association", 
                    "first lien": 1.7, 
                    "junior lien": 4.19
                }, 
                {
                    "name": "Life insurance co., credit union, finance co.", 
                    "first lien": 2.01, 
                    "junior lien": 4.36
                }, 
                {
                    "name": "Affiliate institution", 
                    "first lien": 1.71, 
                    "junior lien": 4.49
                }, 
                {
                    "name": "Other", 
                    "first lien": 2.62, 
                    "junior lien": 4.6
                }
            ]
        }
    ], 
    "hoepa": {
        "pricing": "hoepa loans", 
        "purchasers": [
            {
                "name": "Fannie Mae", 
                "first lien count": 0, 
                "first lien value": 0, 
                "junior lien count": 0, 
                "junior lien value": 0
            }, 
            {
                "name": "Ginnie Mae", 
                "first lien count": 0, 
                "first lien value": 0, 
                "junior lien count": 0, 
                "junior lien value": 0
            }, 
            {
                "name": "Freddie Mac", 
                "first lien count": 0, 
                "first lien value": 0, 
                "junior lien count": 0, 
                "junior lien value": 0
            }, 
            {
                "name": "Farmer Mac", 
                "first lien count": 0, 
                "first lien value": 0, 
                "junior lien count": 0, 
                "junior lien value": 0
            }, 
            {
                "name": "Private Securitization", 
                "first lien count": 0, 
                "first lien value": 0, 
                "junior lien count": 0, 
                "junior lien value": 0
            }, 
            {
                "name": "Commercial bank, savings bank or association", 
                "first lien count": 0, 
                "first lien value": 0, 
                "junior lien count": 0, 
                "junior lien value": 0
            }, 
            {
                "name": "Life insurance co., credit union, finance co.", 
                "first lien count": 0, 
                "first lien value": 0, 
                "junior lien count": 0, 
                "junior lien value": 0
            }, 
            {
                "name": "Affiliate institution", 
                "first lien count": 0, 
                "first lien value": 0, 
                "junior lien count": 0, 
                "junior lien value": 0
            }, 
            {
                "name": "Other", 
                "first lien count": 0, 
                "first lien value": 0, 
                "junior lien count": 0, 
                "junior lien value": 0
            }
        ]
    }
}