{
    "table": "3-1", 
    "type": "Aggregate", 
    "desc": "Loans sold, by characteristics of borrower and census tract in which property is located and by type of purchaser (includes originations and purchased loans)", 
    "year": "2013", 
    "msa": {
        "id": "11500", 
        "name": "Anniston-Oxford", 
        "state": "AL", 
        "state_name": "Alabama"
    }, 
    "borrowercharacteristics": [
        {
            "characteristic": "Race", 
            "races": [
                {
                    "race": "American Indian/Alaska Native", 
                    "purchasers": [
                        {
                            "name": "Fannie Mae", 
                            "count": 2, 
                            "value": 242.0
                        }, 
                        {
                            "name": "Ginnie Mae", 
                            "count": 1, 
                            "value": 114.0
                        }, 
                        {
                            "name": "Freddie Mac", 
                            "count": 0, 
                            "value": 0
                        }, 
                        {
                            "name": "Farmer Mac", 
                            "count": 0, 
                            "value": 0
                        }, 
                        {
                            "name": "Private Securitization", 
                            "count": 0, 
                            "value": 0
                        }, 
                        {
                            "name": "Commercial bank, savings bank or association", 
                            "count": 0, 
                            "value": 0
                        }, 
                        {
                            "name": "Life insurance co., credit union, finance co.", 
                            "count": 0, 
                            "value": 0
                        }, 
                        {
                            "name": "Affiliate institution", 
                            "count": 0, 
                            "value": 0
                        }, 
                        {
                            "name": "Other", 
                            "count": 6, 
                            "value": 527.0
                        }
                    ]
                }, 
                {
                    "race": "Asian", 
                    "purchasers": [
                        {
                            "name": "Fannie Mae", 
                            "count": 1, 
                            "value": 74.0
                        }, 
                        {
                            "name": "Ginnie Mae", 
                            "count": 2, 
                            "value": 290.0
                        }, 
                        {
                            "name": "Freddie Mac", 
                            "count": 1, 
                            "value": 90.0
                        }, 
                        {
                            "name": "Farmer Mac", 
                            "count": 0, 
                            "value": 0
                        }, 
                        {
                            "name": "Private Securitization", 
                            "count": 0, 
                            "value": 0
                        }, 
                        {
                            "name": "Commercial bank, savings bank or association", 
                            "count": 2, 
                            "value": 239.0
                        }, 
                        {
                            "name": "Life insurance co., credit union, finance co.", 
                            "count": 0, 
                            "value": 0
                        }, 
                        {
                            "name": "Affiliate institution", 
                            "count": 0, 
                            "value": 0
                        }, 
                        {
                            "name": "Other", 
                            "count": 9, 
                            "value": 715.0
                        }
                    ]
                }, 
                {
                    "race": "Black or African American", 
                    "purchasers": [
                        {
                            "name": "Fannie Mae", 
                            "count": 5, 
                            "value": 788.0
                        }, 
                        {
                            "name": "Ginnie Mae", 
                            "count": 1, 
                            "value": 91.0
                        }, 
                        {
                            "name": "Freddie Mac", 
                            "count": 3, 
                            "value": 234.0
                        }, 
                        {
                            "name": "Farmer Mac", 
                            "count": 0, 
                            "value": 0
                        }, 
                        {
                            "name": "Private Securitization", 
                            "count": 0, 
                            "value": 0
                        }, 
                        {
                            "name": "Commercial bank, savings bank or association", 
                            "count": 1, 
                            "value": 89.0
                        }, 
                        {
                            "name": "Life insurance co., credit union, finance co.", 
                            "count": 1, 
                            "value": 91.0
                        }, 
                        {
                            "name": "Affiliate institution", 
                            "count": 0, 
                            "value": 0
                        }, 
                        {
                            "name": "Other", 
                            "count": 20, 
                            "value": 2367.0
                        }
                    ]
                }, 
                {
                    "race": "Native Hawaiian or Other Pacific Islander", 
                    "purchasers": [
                        {
                            "name": "Fannie Mae", 
                            "count": 35, 
                            "value": 3968.0
                        }, 
                        {
                            "name": "Ginnie Mae", 
                            "count": 72, 
                            "value": 7903.0
                        }, 
                        {
                            "name": "Freddie Mac", 
                            "count": 13, 
                            "value": 1858.0
                        }, 
                        {
                            "name": "Farmer Mac", 
                            "count": 0, 
                            "value": 0
                        }, 
                        {
                            "name": "Private Securitization", 
                            "count": 0, 
                            "value": 0
                        }, 
                        {
                            "name": "Commercial bank, savings bank or association", 
                            "count": 16, 
                            "value": 2483.0
                        }, 
                        {
                            "name": "Life insurance co., credit union, finance co.", 
                            "count": 27, 
                            "value": 2706.0
                        }, 
                        {
                            "name": "Affiliate institution", 
                            "count": 8, 
                            "value": 1147.0
                        }, 
                        {
                            "name": "Other", 
                            "count": 326, 
                            "value": 25641.0
                        }
                    ]
                }, 
                {
                    "race": "White", 
                    "purchasers": [
                        {
                            "name": "Fannie Mae", 
                            "count": 1, 
                            "value": 267.0
                        }, 
                        {
                            "name": "Ginnie Mae", 
                            "count": 3, 
                            "value": 391.0
                        }, 
                        {
                            "name": "Freddie Mac", 
                            "count": 0, 
                            "value": 0
                        }, 
                        {
                            "name": "Farmer Mac", 
                            "count": 0, 
                            "value": 0
                        }, 
                        {
                            "name": "Private Securitization", 
                            "count": 0, 
                            "value": 0
                        }, 
                        {
                            "name": "Commercial bank, savings bank or association", 
                            "count": 0, 
                            "value": 0
                        }, 
                        {
                            "name": "Life insurance co., credit union, finance co.", 
                            "count": 1, 
                            "value": 91.0
                        }, 
                        {
                            "name": "Affiliate institution", 
                            "count": 0, 
                            "value": 0
                        }, 
                        {
                            "name": "Other", 
                            "count": 4, 
                            "value": 672.0
                        }
                    ]
                }, 
                {
                    "race": "2 or more minority races", 
                    "purchasers": [
                        {
                            "name": "Fannie Mae", 
                            "count": 391, 
                            "value": 50601.0
                        }, 
                        {
                            "name": "Ginnie Mae", 
                            "count": 452, 
                            "value": 56665.0
                        }, 
                        {
                            "name": "Freddie Mac", 
                            "count": 248, 
                            "value": 32347.0
                        }, 
                        {
                            "name": "Farmer Mac", 
                            "count": 0, 
                            "value": 0
                        }, 
                        {
                            "name": "Private Securitization", 
                            "count": 13, 
                            "value": 1708.0
                        }, 
                        {
                            "name": "Commercial bank, savings bank or association", 
                            "count": 168, 
                            "value": 23367.0
                        }, 
                        {
                            "name": "Life insurance co., credit union, finance co.", 
                            "count": 172, 
                            "value": 20108.0
                        }, 
                        {
                            "name": "Affiliate institution", 
                            "count": 62, 
                            "value": 5645.0
                        }, 
                        {
                            "name": "Other", 
                            "count": 2547, 
                            "value": 236853.0
                        }
                    ]
                }, 
                {
                    "race": "Joint (White/Minority Race", 
                    "purchasers": [
                        {
                            "name": "Fannie Mae", 
                            "count": 5, 
                            "value": 807.0
                        }, 
                        {
                            "name": "Ginnie Mae", 
                            "count": 5, 
                            "value": 991.0
                        }, 
                        {
                            "name": "Freddie Mac", 
                            "count": 2, 
                            "value": 157.0
                        }, 
                        {
                            "name": "Farmer Mac", 
                            "count": 0, 
                            "value": 0
                        }, 
                        {
                            "name": "Private Securitization", 
                            "count": 0, 
                            "value": 0
                        }, 
                        {
                            "name": "Commercial bank, savings bank or association", 
                            "count": 3, 
                            "value": 421.0
                        }, 
                        {
                            "name": "Life insurance co., credit union, finance co.", 
                            "count": 0, 
                            "value": 0
                        }, 
                        {
                            "name": "Affiliate institution", 
                            "count": 1, 
                            "value": 54.0
                        }, 
                        {
                            "name": "Other", 
                            "count": 30, 
                            "value": 3085.0
                        }
                    ]
                }, 
                {
                    "race": "Not Available", 
                    "purchasers": [
                        {
                            "name": "Fannie Mae", 
                            "count": 102, 
                            "value": 11891.0
                        }, 
                        {
                            "name": "Ginnie Mae", 
                            "count": 129, 
                            "value": 246215.0
                        }, 
                        {
                            "name": "Freddie Mac", 
                            "count": 77, 
                            "value": 8194.0
                        }, 
                        {
                            "name": "Farmer Mac", 
                            "count": 0, 
                            "value": 0
                        }, 
                        {
                            "name": "Private Securitization", 
                            "count": 1, 
                            "value": 205.0
                        }, 
                        {
                            "name": "Commercial bank, savings bank or association", 
                            "count": 10, 
                            "value": 1469.0
                        }, 
                        {
                            "name": "Life insurance co., credit union, finance co.", 
                            "count": 13, 
                            "value": 1505.0
                        }, 
                        {
                            "name": "Affiliate institution", 
                            "count": 6, 
                            "value": 710.0
                        }, 
                        {
                            "name": "Other", 
                            "count": 446, 
                            "value": 51761.0
                        }
                    ]
                }
            ]
        }, 
        {
            "characteristic": "Ethnicity", 
            "ethnicities": [
                {
                    "ethnicity": "Hispanic or Latino", 
                    "purchasers": [
                        {
                            "name": "Fannie Mae", 
                            "count": 5, 
                            "value": 532
                        }, 
                        {
                            "name": "Ginnie Mae", 
                            "count": 7, 
                            "value": 1020
                        }, 
                        {
                            "name": "Freddie Mac", 
                            "count": 2, 
                            "value": 258
                        }, 
                        {
                            "name": "Farmer Mac", 
                            "count": 0, 
                            "value": 0
                        }, 
                        {
                            "name": "Private Securitization", 
                            "count": 1, 
                            "value": 378
                        }, 
                        {
                            "name": "Commercial bank, savings bank or association", 
                            "count": 3, 
                            "value": 361
                        }, 
                        {
                            "name": "Life insurance co., credit union, finance co.", 
                            "count": 2, 
                            "value": 208
                        }, 
                        {
                            "name": "Affiliate institution", 
                            "count": 1, 
                            "value": 89
                        }, 
                        {
                            "name": "Other", 
                            "count": 50, 
                            "value": 4882
                        }
                    ]
                }, 
                {
                    "ethnicity": "Not Hispanic or Latino", 
                    "purchasers": [
                        {
                            "name": "Fannie Mae", 
                            "count": 434, 
                            "value": 56237
                        }, 
                        {
                            "name": "Ginnie Mae", 
                            "count": 528, 
                            "value": 64747
                        }, 
                        {
                            "name": "Freddie Mac", 
                            "count": 268, 
                            "value": 34642
                        }, 
                        {
                            "name": "Farmer Mac", 
                            "count": 0, 
                            "value": 0
                        }, 
                        {
                            "name": "Private Securitization", 
                            "count": 12, 
                            "value": 1330
                        }, 
                        {
                            "name": "Commercial bank, savings bank or association", 
                            "count": 185, 
                            "value": 25767
                        }, 
                        {
                            "name": "Life insurance co., credit union, finance co.", 
                            "count": 198, 
                            "value": 22625
                        }, 
                        {
                            "name": "Affiliate institution", 
                            "count": 67, 
                            "value": 6498
                        }, 
                        {
                            "name": "Other", 
                            "count": 2829, 
                            "value": 260553
                        }
                    ]
                }, 
                {
                    "ethnicity": "Joint (Hispanic or Latino/Not Hispanic or Latino", 
                    "purchasers": [
                        {
                            "name": "Fannie Mae", 
                            "count": 2, 
                            "value": 195
                        }, 
                        {
                            "name": "Ginnie Mae", 
                            "count": 6, 
                            "value": 952
                        }, 
                        {
                            "name": "Freddie Mac", 
                            "count": 0, 
                            "value": 0
                        }, 
                        {
                            "name": "Farmer Mac", 
                            "count": 0, 
                            "value": 0
                        }, 
                        {
                            "name": "Private Securitization", 
                            "count": 0, 
                            "value": 0
                        }, 
                        {
                            "name": "Commercial bank, savings bank or association", 
                            "count": 1, 
                            "value": 255
                        }, 
                        {
                            "name": "Life insurance co., credit union, finance co.", 
                            "count": 2, 
                            "value": 354
                        }, 
                        {
                            "name": "Affiliate institution", 
                            "count": 0, 
                            "value": 0
                        }, 
                        {
                            "name": "Other", 
                            "count": 15, 
                            "value": 1363
                        }
                    ]
                }, 
                {
                    "ethnicity": "Ethnicity Not Available", 
                    "purchasers": [
                        {
                            "name": "Fannie Mae", 
                            "count": 101, 
                            "value": 11674
                        }, 
                        {
                            "name": "Ginnie Mae", 
                            "count": 124, 
                            "value": 245941
                        }, 
                        {
                            "name": "Freddie Mac", 
                            "count": 74, 
                            "value": 7980
                        }, 
                        {
                            "name": "Farmer Mac", 
                            "count": 0, 
                            "value": 0
                        }, 
                        {
                            "name": "Private Securitization", 
                            "count": 1, 
                            "value": 205
                        }, 
                        {
                            "name": "Commercial bank, savings bank or association", 
                            "count": 11, 
                            "value": 1685
                        }, 
                        {
                            "name": "Life insurance co., credit union, finance co.", 
                            "count": 12, 
                            "value": 1314
                        }, 
                        {
                            "name": "Affiliate institution", 
                            "count": 9, 
                            "value": 969
                        }, 
                        {
                            "name": "Other", 
                            "count": 494, 
                            "value": 54823
                        }
                    ]
                }
            ]
        }, 
        {
            "characteristic": "Minority Status", 
            "minoritystatuses": [
                {
                    "minoritystatus": "White Non-Hispanic", 
                    "purchasers": [
                        {
                            "name": "Fannie Mae", 
                            "count": 487, 
                            "value": 61860
                        }, 
                        {
                            "name": "Ginnie Mae", 
                            "count": 569, 
                            "value": 301196
                        }, 
                        {
                            "name": "Freddie Mac", 
                            "count": 324, 
                            "value": 40373
                        }, 
                        {
                            "name": "Farmer Mac", 
                            "count": 0, 
                            "value": 0
                        }, 
                        {
                            "name": "Private Securitization", 
                            "count": 13, 
                            "value": 1535
                        }, 
                        {
                            "name": "Commercial bank, savings bank or association", 
                            "count": 175, 
                            "value": 24475
                        }, 
                        {
                            "name": "Life insurance co., credit union, finance co.", 
                            "count": 182, 
                            "value": 21142
                        }, 
                        {
                            "name": "Affiliate institution", 
                            "count": 67, 
                            "value": 6266
                        }, 
                        {
                            "name": "Other", 
                            "count": 2935, 
                            "value": 282746
                        }
                    ]
                }, 
                {
                    "minoritystatus": "Others, Including Hispanic", 
                    "purchasers": [
                        {
                            "name": "Fannie Mae", 
                            "count": 55, 
                            "value": 6778
                        }, 
                        {
                            "name": "Ginnie Mae", 
                            "count": 96, 
                            "value": 11464
                        }, 
                        {
                            "name": "Freddie Mac", 
                            "count": 20, 
                            "value": 2507
                        }, 
                        {
                            "name": "Farmer Mac", 
                            "count": 0, 
                            "value": 0
                        }, 
                        {
                            "name": "Private Securitization", 
                            "count": 1, 
                            "value": 378
                        }, 
                        {
                            "name": "Commercial bank, savings bank or association", 
                            "count": 25, 
                            "value": 3593
                        }, 
                        {
                            "name": "Life insurance co., credit union, finance co.", 
                            "count": 32, 
                            "value": 3359
                        }, 
                        {
                            "name": "Affiliate institution", 
                            "count": 10, 
                            "value": 1290
                        }, 
                        {
                            "name": "Other", 
                            "count": 453, 
                            "value": 38875
                        }
                    ]
                }
            ]
        }, 
        {
            "characteristic": "Applicant Income", 
            "applicantincomes": [
                {
                    "applicantincome": "Less than 50% of MSA/MD median", 
                    "purchasers": [
                        {
                            "name": "Fannie Mae", 
                            "count": 35, 
                            "value": 2453
                        }, 
                        {
                            "name": "Ginnie Mae", 
                            "count": 44, 
                            "value": 3624
                        }, 
                        {
                            "name": "Freddie Mac", 
                            "count": 19, 
                            "value": 1470
                        }, 
                        {
                            "name": "Farmer Mac", 
                            "count": 0, 
                            "value": 0
                        }, 
                        {
                            "name": "Private Securitization", 
                            "count": 1, 
                            "value": 80
                        }, 
                        {
                            "name": "Commercial bank, savings bank or association", 
                            "count": 11, 
                            "value": 1030
                        }, 
                        {
                            "name": "Life insurance co., credit union, finance co.", 
                            "count": 26, 
                            "value": 1789
                        }, 
                        {
                            "name": "Affiliate institution", 
                            "count": 2, 
                            "value": 135
                        }, 
                        {
                            "name": "Other", 
                            "count": 486, 
                            "value": 26780
                        }
                    ]
                }, 
                {
                    "applicantincome": "50-79% of MSA/MD median", 
                    "purchasers": [
                        {
                            "name": "Fannie Mae", 
                            "count": 68, 
                            "value": 5925
                        }, 
                        {
                            "name": "Ginnie Mae", 
                            "count": 117, 
                            "value": 11338
                        }, 
                        {
                            "name": "Freddie Mac", 
                            "count": 56, 
                            "value": 4432
                        }, 
                        {
                            "name": "Farmer Mac", 
                            "count": 0, 
                            "value": 0
                        }, 
                        {
                            "name": "Private Securitization", 
                            "count": 5, 
                            "value": 545
                        }, 
                        {
                            "name": "Commercial bank, savings bank or association", 
                            "count": 36, 
                            "value": 3613
                        }, 
                        {
                            "name": "Life insurance co., credit union, finance co.", 
                            "count": 51, 
                            "value": 4924
                        }, 
                        {
                            "name": "Affiliate institution", 
                            "count": 18, 
                            "value": 1291
                        }, 
                        {
                            "name": "Other", 
                            "count": 745, 
                            "value": 54721
                        }
                    ]
                }, 
                {
                    "applicantincome": "80-99% of MSA/MD median", 
                    "purchasers": [
                        {
                            "name": "Fannie Mae", 
                            "count": 75, 
                            "value": 7854
                        }, 
                        {
                            "name": "Ginnie Mae", 
                            "count": 87, 
                            "value": 9980
                        }, 
                        {
                            "name": "Freddie Mac", 
                            "count": 51, 
                            "value": 5452
                        }, 
                        {
                            "name": "Farmer Mac", 
                            "count": 0, 
                            "value": 0
                        }, 
                        {
                            "name": "Private Securitization", 
                            "count": 1, 
                            "value": 96
                        }, 
                        {
                            "name": "Commercial bank, savings bank or association", 
                            "count": 38, 
                            "value": 4787
                        }, 
                        {
                            "name": "Life insurance co., credit union, finance co.", 
                            "count": 32, 
                            "value": 3534
                        }, 
                        {
                            "name": "Affiliate institution", 
                            "count": 11, 
                            "value": 740
                        }, 
                        {
                            "name": "Other", 
                            "count": 444, 
                            "value": 36402
                        }
                    ]
                }, 
                {
                    "applicantincome": "100-119% of MSA/MD median", 
                    "purchasers": [
                        {
                            "name": "Fannie Mae", 
                            "count": 62, 
                            "value": 6709
                        }, 
                        {
                            "name": "Ginnie Mae", 
                            "count": 50, 
                            "value": 6858
                        }, 
                        {
                            "name": "Freddie Mac", 
                            "count": 31, 
                            "value": 3553
                        }, 
                        {
                            "name": "Farmer Mac", 
                            "count": 0, 
                            "value": 0
                        }, 
                        {
                            "name": "Private Securitization", 
                            "count": 2, 
                            "value": 240
                        }, 
                        {
                            "name": "Commercial bank, savings bank or association", 
                            "count": 20, 
                            "value": 2735
                        }, 
                        {
                            "name": "Life insurance co., credit union, finance co.", 
                            "count": 25, 
                            "value": 3056
                        }, 
                        {
                            "name": "Affiliate institution", 
                            "count": 10, 
                            "value": 709
                        }, 
                        {
                            "name": "Other", 
                            "count": 301, 
                            "value": 26908
                        }
                    ]
                }, 
                {
                    "applicantincome": "120% or more of MSA/MD median", 
                    "purchasers": [
                        {
                            "name": "Fannie Mae", 
                            "count": 239, 
                            "value": 36860
                        }, 
                        {
                            "name": "Ginnie Mae", 
                            "count": 123, 
                            "value": 20801
                        }, 
                        {
                            "name": "Freddie Mac", 
                            "count": 164, 
                            "value": 24400
                        }, 
                        {
                            "name": "Farmer Mac", 
                            "count": 0, 
                            "value": 0
                        }, 
                        {
                            "name": "Private Securitization", 
                            "count": 5, 
                            "value": 952
                        }, 
                        {
                            "name": "Commercial bank, savings bank or association", 
                            "count": 84, 
                            "value": 14280
                        }, 
                        {
                            "name": "Life insurance co., credit union, finance co.", 
                            "count": 61, 
                            "value": 8304
                        }, 
                        {
                            "name": "Affiliate institution", 
                            "count": 35, 
                            "value": 4579
                        }, 
                        {
                            "name": "Other", 
                            "count": 1052, 
                            "value": 129874
                        }
                    ]
                }, 
                {
                    "applicantincome": "income not available", 
                    "purchasers": [
                        {
                            "name": "Fannie Mae", 
                            "count": 63, 
                            "value": 8837
                        }, 
                        {
                            "name": "Ginnie Mae", 
                            "count": 244, 
                            "value": 260059
                        }, 
                        {
                            "name": "Freddie Mac", 
                            "count": 23, 
                            "value": 3573
                        }, 
                        {
                            "name": "Farmer Mac", 
                            "count": 0, 
                            "value": 0
                        }, 
                        {
                            "name": "Private Securitization", 
                            "count": 0, 
                            "value": 0
                        }, 
                        {
                            "name": "Commercial bank, savings bank or association", 
                            "count": 11, 
                            "value": 1623
                        }, 
                        {
                            "name": "Life insurance co., credit union, finance co.", 
                            "count": 19, 
                            "value": 2894
                        }, 
                        {
                            "name": "Affiliate institution", 
                            "count": 1, 
                            "value": 102
                        }, 
                        {
                            "name": "Other", 
                            "count": 360, 
                            "value": 46936
                        }
                    ]
                }
            ]
        }
    ], 
    "censuscharacteristics": [
        {
            "characteristic": "Racial/Ethnic Composition", 
            "tractpctminorities": [
                {
                    "tractpctminority": "Less than 10% minority", 
                    "purchasers": [
                        {
                            "name": "Fannie Mae", 
                            "count": 89, 
                            "value": 11404
                        }, 
                        {
                            "name": "Ginnie Mae", 
                            "count": 72, 
                            "value": 10101
                        }, 
                        {
                            "name": "Freddie Mac", 
                            "count": 51, 
                            "value": 6841
                        }, 
                        {
                            "name": "Farmer Mac", 
                            "count": 0, 
                            "value": 0
                        }, 
                        {
                            "name": "Private Securitization", 
                            "count": 2, 
                            "value": 160
                        }, 
                        {
                            "name": "Commercial bank, savings bank or association", 
                            "count": 36, 
                            "value": 5311
                        }, 
                        {
                            "name": "Life insurance co., credit union, finance co.", 
                            "count": 25, 
                            "value": 3426
                        }, 
                        {
                            "name": "Affiliate institution", 
                            "count": 12, 
                            "value": 1100
                        }, 
                        {
                            "name": "Other", 
                            "count": 640, 
                            "value": 56190
                        }
                    ]
                }, 
                {
                    "tractpctminority": "10-19% minority", 
                    "purchasers": [
                        {
                            "name": "Fannie Mae", 
                            "count": 436, 
                            "value": 56105
                        }, 
                        {
                            "name": "Ginnie Mae", 
                            "count": 574, 
                            "value": 301227
                        }, 
                        {
                            "name": "Freddie Mac", 
                            "count": 285, 
                            "value": 34972
                        }, 
                        {
                            "name": "Farmer Mac", 
                            "count": 0, 
                            "value": 0
                        }, 
                        {
                            "name": "Private Securitization", 
                            "count": 12, 
                            "value": 1753
                        }, 
                        {
                            "name": "Commercial bank, savings bank or association", 
                            "count": 162, 
                            "value": 22458
                        }, 
                        {
                            "name": "Life insurance co., credit union, finance co.", 
                            "count": 182, 
                            "value": 20711
                        }, 
                        {
                            "name": "Affiliate institution", 
                            "count": 63, 
                            "value": 6344
                        }, 
                        {
                            "name": "Other", 
                            "count": 2523, 
                            "value": 251719
                        }
                    ]
                }, 
                {
                    "tractpctminority": "20-49% minority", 
                    "purchasers": [
                        {
                            "name": "Fannie Mae", 
                            "count": 16, 
                            "value": 1107
                        }, 
                        {
                            "name": "Ginnie Mae", 
                            "count": 16, 
                            "value": 1155
                        }, 
                        {
                            "name": "Freddie Mac", 
                            "count": 7, 
                            "value": 785
                        }, 
                        {
                            "name": "Farmer Mac", 
                            "count": 0, 
                            "value": 0
                        }, 
                        {
                            "name": "Private Securitization", 
                            "count": 0, 
                            "value": 0
                        }, 
                        {
                            "name": "Commercial bank, savings bank or association", 
                            "count": 2, 
                            "value": 299
                        }, 
                        {
                            "name": "Life insurance co., credit union, finance co.", 
                            "count": 6, 
                            "value": 312
                        }, 
                        {
                            "name": "Affiliate institution", 
                            "count": 2, 
                            "value": 112
                        }, 
                        {
                            "name": "Other", 
                            "count": 189, 
                            "value": 12281
                        }
                    ]
                }, 
                {
                    "tractpctminority": "50-79% minority", 
                    "purchasers": [
                        {
                            "name": "Fannie Mae", 
                            "count": 1, 
                            "value": 22
                        }, 
                        {
                            "name": "Ginnie Mae", 
                            "count": 2, 
                            "value": 53
                        }, 
                        {
                            "name": "Freddie Mac", 
                            "count": 0, 
                            "value": 0
                        }, 
                        {
                            "name": "Farmer Mac", 
                            "count": 0, 
                            "value": 0
                        }, 
                        {
                            "name": "Private Securitization", 
                            "count": 0, 
                            "value": 0
                        }, 
                        {
                            "name": "Commercial bank, savings bank or association", 
                            "count": 0, 
                            "value": 0
                        }, 
                        {
                            "name": "Life insurance co., credit union, finance co.", 
                            "count": 1, 
                            "value": 52
                        }, 
                        {
                            "name": "Affiliate institution", 
                            "count": 0, 
                            "value": 0
                        }, 
                        {
                            "name": "Other", 
                            "count": 33, 
                            "value": 965
                        }
                    ]
                }, 
                {
                    "tractpctminority": "80-100% minority", 
                    "purchasers": [
                        {
                            "name": "Fannie Mae", 
                            "count": 0, 
                            "value": 0
                        }, 
                        {
                            "name": "Ginnie Mae", 
                            "count": 0, 
                            "value": 0
                        }, 
                        {
                            "name": "Freddie Mac", 
                            "count": 0, 
                            "value": 0
                        }, 
                        {
                            "name": "Farmer Mac", 
                            "count": 0, 
                            "value": 0
                        }, 
                        {
                            "name": "Private Securitization", 
                            "count": 0, 
                            "value": 0
                        }, 
                        {
                            "name": "Commercial bank, savings bank or association", 
                            "count": 0, 
                            "value": 0
                        }, 
                        {
                            "name": "Life insurance co., credit union, finance co.", 
                            "count": 0, 
                            "value": 0
                        }, 
                        {
                            "name": "Affiliate institution", 
                            "count": 0, 
                            "value": 0
                        }, 
                        {
                            "name": "Other", 
                            "count": 0, 
                            "value": 0
                        }
                    ]
                }
            ]
        }, 
        {
            "characteristic": "Income", 
            "incomelevels": [
                {
                    "incomelevel": "Low income", 
                    "purchasers": [
                        {
                            "name": "Fannie Mae", 
                            "count": 3, 
                            "value": 191
                        }, 
                        {
                            "name": "Ginnie Mae", 
                            "count": 3, 
                            "value": 157
                        }, 
                        {
                            "name": "Freddie Mac", 
                            "count": 2, 
                            "value": 189
                        }, 
                        {
                            "name": "Farmer Mac", 
                            "count": 0, 
                            "value": 0
                        }, 
                        {
                            "name": "Private Securitization", 
                            "count": 0, 
                            "value": 0
                        }, 
                        {
                            "name": "Commercial bank, savings bank or association", 
                            "count": 1, 
                            "value": 104
                        }, 
                        {
                            "name": "Life insurance co., credit union, finance co.", 
                            "count": 1, 
                            "value": 52
                        }, 
                        {
                            "name": "Affiliate institution", 
                            "count": 0, 
                            "value": 0
                        }, 
                        {
                            "name": "Other", 
                            "count": 46, 
                            "value": 1951
                        }
                    ]
                }, 
                {
                    "incomelevel": "Moderate income", 
                    "purchasers": [
                        {
                            "name": "Fannie Mae", 
                            "count": 53, 
                            "value": 5324
                        }, 
                        {
                            "name": "Ginnie Mae", 
                            "count": 62, 
                            "value": 6067
                        }, 
                        {
                            "name": "Freddie Mac", 
                            "count": 24, 
                            "value": 2370
                        }, 
                        {
                            "name": "Farmer Mac", 
                            "count": 0, 
                            "value": 0
                        }, 
                        {
                            "name": "Private Securitization", 
                            "count": 2, 
                            "value": 164
                        }, 
                        {
                            "name": "Commercial bank, savings bank or association", 
                            "count": 17, 
                            "value": 2195
                        }, 
                        {
                            "name": "Life insurance co., credit union, finance co.", 
                            "count": 15, 
                            "value": 930
                        }, 
                        {
                            "name": "Affiliate institution", 
                            "count": 11, 
                            "value": 680
                        }, 
                        {
                            "name": "Other", 
                            "count": 495, 
                            "value": 40835
                        }
                    ]
                }, 
                {
                    "incomelevel": "Middle income", 
                    "purchasers": [
                        {
                            "name": "Fannie Mae", 
                            "count": 226, 
                            "value": 27300
                        }, 
                        {
                            "name": "Ginnie Mae", 
                            "count": 331, 
                            "value": 175261
                        }, 
                        {
                            "name": "Freddie Mac", 
                            "count": 161, 
                            "value": 20479
                        }, 
                        {
                            "name": "Farmer Mac", 
                            "count": 0, 
                            "value": 0
                        }, 
                        {
                            "name": "Private Securitization", 
                            "count": 5, 
                            "value": 540
                        }, 
                        {
                            "name": "Commercial bank, savings bank or association", 
                            "count": 96, 
                            "value": 12867
                        }, 
                        {
                            "name": "Life insurance co., credit union, finance co.", 
                            "count": 114, 
                            "value": 12596
                        }, 
                        {
                            "name": "Affiliate institution", 
                            "count": 33, 
                            "value": 2984
                        }, 
                        {
                            "name": "Other", 
                            "count": 1692, 
                            "value": 152960
                        }
                    ]
                }, 
                {
                    "incomelevel": "Upper income", 
                    "purchasers": [
                        {
                            "name": "Fannie Mae", 
                            "count": 260, 
                            "value": 35823
                        }, 
                        {
                            "name": "Ginnie Mae", 
                            "count": 268, 
                            "value": 131051
                        }, 
                        {
                            "name": "Freddie Mac", 
                            "count": 156, 
                            "value": 19560
                        }, 
                        {
                            "name": "Farmer Mac", 
                            "count": 0, 
                            "value": 0
                        }, 
                        {
                            "name": "Private Securitization", 
                            "count": 7, 
                            "value": 1209
                        }, 
                        {
                            "name": "Commercial bank, savings bank or association", 
                            "count": 86, 
                            "value": 12902
                        }, 
                        {
                            "name": "Life insurance co., credit union, finance co.", 
                            "count": 84, 
                            "value": 10923
                        }, 
                        {
                            "name": "Affiliate institution", 
                            "count": 33, 
                            "value": 3892
                        }, 
                        {
                            "name": "Other", 
                            "count": 1151, 
                            "value": 125368
                        }
                    ]
                }
            ]
        }
    ], 
    "total": {
        "purchasers": [
            {
                "name": "Fannie Mae", 
                "count": 542, 
                "value": 68638
            }, 
            {
                "name": "Ginnie Mae", 
                "count": 665, 
                "value": 312660
            }, 
            {
                "name": "Freddie Mac", 
                "count": 344, 
                "value": 42880
            }, 
            {
                "name": "Farmer Mac", 
                "count": 0, 
                "value": 0
            }, 
            {
                "name": "Private Securitization", 
                "count": 14, 
                "value": 1913
            }, 
            {
                "name": "Commercial bank, savings bank or association", 
                "count": 200, 
                "value": 28068
            }, 
            {
                "name": "Life insurance co., credit union, finance co.", 
                "count": 214, 
                "value": 24501
            }, 
            {
                "name": "Affiliate institution", 
                "count": 77, 
                "value": 7556
            }, 
            {
                "name": "Other", 
                "count": 3388, 
                "value": 321621
            }
        ]
    }
}