{
    "table": "3-1", 
    "type": "Aggregate", 
    "desc": "Loans sold, by characteristics of borrower and census tract in which property is located and by type of purchaser (includes originations and purchased loans)", 
    "year": "2012", 
    "msa": {
        "id": "49740", 
        "name": "Yuma", 
        "state": "AZ", 
        "state_name": "Arizona"
    }, 
    "borrowercharacteristics": [
        {
            "characteristic": "Race", 
            "races": [
                {
                    "race": "American Indian/Alaska Native", 
                    "purchasers": [
                        {
                            "name": "Fannie Mae", 
                            "count": 1, 
                            "value": 141.0
                        }, 
                        {
                            "name": "Ginnie Mae", 
                            "count": 3, 
                            "value": 456.0
                        }, 
                        {
                            "name": "Freddie Mac", 
                            "count": 1, 
                            "value": 187.0
                        }, 
                        {
                            "name": "Farmer Mac", 
                            "count": 0, 
                            "value": 0
                        }, 
                        {
                            "name": "Private Securitization", 
                            "count": 0, 
                            "value": 0
                        }, 
                        {
                            "name": "Commercial bank, savings bank or association", 
                            "count": 2, 
                            "value": 156.0
                        }, 
                        {
                            "name": "Life insurance co., credit union, finance co.", 
                            "count": 0, 
                            "value": 0
                        }, 
                        {
                            "name": "Affiliate institution", 
                            "count": 0, 
                            "value": 0
                        }, 
                        {
                            "name": "Other", 
                            "count": 11, 
                            "value": 1196.0
                        }
                    ]
                }, 
                {
                    "race": "Asian", 
                    "purchasers": [
                        {
                            "name": "Fannie Mae", 
                            "count": 3, 
                            "value": 249.0
                        }, 
                        {
                            "name": "Ginnie Mae", 
                            "count": 6, 
                            "value": 915.0
                        }, 
                        {
                            "name": "Freddie Mac", 
                            "count": 1, 
                            "value": 169.0
                        }, 
                        {
                            "name": "Farmer Mac", 
                            "count": 0, 
                            "value": 0
                        }, 
                        {
                            "name": "Private Securitization", 
                            "count": 0, 
                            "value": 0
                        }, 
                        {
                            "name": "Commercial bank, savings bank or association", 
                            "count": 0, 
                            "value": 0
                        }, 
                        {
                            "name": "Life insurance co., credit union, finance co.", 
                            "count": 0, 
                            "value": 0
                        }, 
                        {
                            "name": "Affiliate institution", 
                            "count": 0, 
                            "value": 0
                        }, 
                        {
                            "name": "Other", 
                            "count": 27, 
                            "value": 1861.0
                        }
                    ]
                }, 
                {
                    "race": "Black or African American", 
                    "purchasers": [
                        {
                            "name": "Fannie Mae", 
                            "count": 20, 
                            "value": 3384.0
                        }, 
                        {
                            "name": "Ginnie Mae", 
                            "count": 12, 
                            "value": 1778.0
                        }, 
                        {
                            "name": "Freddie Mac", 
                            "count": 8, 
                            "value": 1619.0
                        }, 
                        {
                            "name": "Farmer Mac", 
                            "count": 0, 
                            "value": 0
                        }, 
                        {
                            "name": "Private Securitization", 
                            "count": 0, 
                            "value": 0
                        }, 
                        {
                            "name": "Commercial bank, savings bank or association", 
                            "count": 2, 
                            "value": 491.0
                        }, 
                        {
                            "name": "Life insurance co., credit union, finance co.", 
                            "count": 4, 
                            "value": 754.0
                        }, 
                        {
                            "name": "Affiliate institution", 
                            "count": 5, 
                            "value": 1038.0
                        }, 
                        {
                            "name": "Other", 
                            "count": 35, 
                            "value": 6056.0
                        }
                    ]
                }, 
                {
                    "race": "Native Hawaiian or Other Pacific Islander", 
                    "purchasers": [
                        {
                            "name": "Fannie Mae", 
                            "count": 10, 
                            "value": 1635.0
                        }, 
                        {
                            "name": "Ginnie Mae", 
                            "count": 28, 
                            "value": 3919.0
                        }, 
                        {
                            "name": "Freddie Mac", 
                            "count": 4, 
                            "value": 698.0
                        }, 
                        {
                            "name": "Farmer Mac", 
                            "count": 0, 
                            "value": 0
                        }, 
                        {
                            "name": "Private Securitization", 
                            "count": 0, 
                            "value": 0
                        }, 
                        {
                            "name": "Commercial bank, savings bank or association", 
                            "count": 5, 
                            "value": 684.0
                        }, 
                        {
                            "name": "Life insurance co., credit union, finance co.", 
                            "count": 7, 
                            "value": 1066.0
                        }, 
                        {
                            "name": "Affiliate institution", 
                            "count": 1, 
                            "value": 97.0
                        }, 
                        {
                            "name": "Other", 
                            "count": 44, 
                            "value": 7200.0
                        }
                    ]
                }, 
                {
                    "race": "White", 
                    "purchasers": [
                        {
                            "name": "Fannie Mae", 
                            "count": 3, 
                            "value": 294.0
                        }, 
                        {
                            "name": "Ginnie Mae", 
                            "count": 1, 
                            "value": 97.0
                        }, 
                        {
                            "name": "Freddie Mac", 
                            "count": 2, 
                            "value": 285.0
                        }, 
                        {
                            "name": "Farmer Mac", 
                            "count": 0, 
                            "value": 0
                        }, 
                        {
                            "name": "Private Securitization", 
                            "count": 0, 
                            "value": 0
                        }, 
                        {
                            "name": "Commercial bank, savings bank or association", 
                            "count": 1, 
                            "value": 70.0
                        }, 
                        {
                            "name": "Life insurance co., credit union, finance co.", 
                            "count": 2, 
                            "value": 293.0
                        }, 
                        {
                            "name": "Affiliate institution", 
                            "count": 0, 
                            "value": 0
                        }, 
                        {
                            "name": "Other", 
                            "count": 18, 
                            "value": 2127.0
                        }
                    ]
                }, 
                {
                    "race": "2 or more minority races", 
                    "purchasers": [
                        {
                            "name": "Fannie Mae", 
                            "count": 965, 
                            "value": 137937.0
                        }, 
                        {
                            "name": "Ginnie Mae", 
                            "count": 1406, 
                            "value": 203625.0
                        }, 
                        {
                            "name": "Freddie Mac", 
                            "count": 549, 
                            "value": 82748.0
                        }, 
                        {
                            "name": "Farmer Mac", 
                            "count": 0, 
                            "value": 0
                        }, 
                        {
                            "name": "Private Securitization", 
                            "count": 5, 
                            "value": 660.0
                        }, 
                        {
                            "name": "Commercial bank, savings bank or association", 
                            "count": 522, 
                            "value": 73564.0
                        }, 
                        {
                            "name": "Life insurance co., credit union, finance co.", 
                            "count": 705, 
                            "value": 98258.0
                        }, 
                        {
                            "name": "Affiliate institution", 
                            "count": 102, 
                            "value": 15040.0
                        }, 
                        {
                            "name": "Other", 
                            "count": 2854, 
                            "value": 370079.0
                        }
                    ]
                }, 
                {
                    "race": "Joint (White/Minority Race", 
                    "purchasers": [
                        {
                            "name": "Fannie Mae", 
                            "count": 18, 
                            "value": 2737.0
                        }, 
                        {
                            "name": "Ginnie Mae", 
                            "count": 29, 
                            "value": 4819.0
                        }, 
                        {
                            "name": "Freddie Mac", 
                            "count": 5, 
                            "value": 613.0
                        }, 
                        {
                            "name": "Farmer Mac", 
                            "count": 0, 
                            "value": 0
                        }, 
                        {
                            "name": "Private Securitization", 
                            "count": 0, 
                            "value": 0
                        }, 
                        {
                            "name": "Commercial bank, savings bank or association", 
                            "count": 6, 
                            "value": 1195.0
                        }, 
                        {
                            "name": "Life insurance co., credit union, finance co.", 
                            "count": 6, 
                            "value": 808.0
                        }, 
                        {
                            "name": "Affiliate institution", 
                            "count": 4, 
                            "value": 666.0
                        }, 
                        {
                            "name": "Other", 
                            "count": 62, 
                            "value": 9650.0
                        }
                    ]
                }, 
                {
                    "race": "Not Available", 
                    "purchasers": [
                        {
                            "name": "Fannie Mae", 
                            "count": 277, 
                            "value": 43358.0
                        }, 
                        {
                            "name": "Ginnie Mae", 
                            "count": 341, 
                            "value": 52900.0
                        }, 
                        {
                            "name": "Freddie Mac", 
                            "count": 111, 
                            "value": 17526.0
                        }, 
                        {
                            "name": "Farmer Mac", 
                            "count": 0, 
                            "value": 0
                        }, 
                        {
                            "name": "Private Securitization", 
                            "count": 0, 
                            "value": 0
                        }, 
                        {
                            "name": "Commercial bank, savings bank or association", 
                            "count": 25, 
                            "value": 5323.0
                        }, 
                        {
                            "name": "Life insurance co., credit union, finance co.", 
                            "count": 23, 
                            "value": 4295.0
                        }, 
                        {
                            "name": "Affiliate institution", 
                            "count": 53, 
                            "value": 9481.0
                        }, 
                        {
                            "name": "Other", 
                            "count": 712, 
                            "value": 101727.0
                        }
                    ]
                }
            ]
        }, 
        {
            "characteristic": "Ethnicity", 
            "ethnicities": [
                {
                    "ethnicity": "Hispanic or Latino", 
                    "purchasers": [
                        {
                            "name": "Fannie Mae", 
                            "count": 346, 
                            "value": 44849
                        }, 
                        {
                            "name": "Ginnie Mae", 
                            "count": 691, 
                            "value": 84653
                        }, 
                        {
                            "name": "Freddie Mac", 
                            "count": 194, 
                            "value": 27794
                        }, 
                        {
                            "name": "Farmer Mac", 
                            "count": 0, 
                            "value": 0
                        }, 
                        {
                            "name": "Private Securitization", 
                            "count": 1, 
                            "value": 88
                        }, 
                        {
                            "name": "Commercial bank, savings bank or association", 
                            "count": 258, 
                            "value": 31348
                        }, 
                        {
                            "name": "Life insurance co., credit union, finance co.", 
                            "count": 366, 
                            "value": 43984
                        }, 
                        {
                            "name": "Affiliate institution", 
                            "count": 33, 
                            "value": 4732
                        }, 
                        {
                            "name": "Other", 
                            "count": 1357, 
                            "value": 144371
                        }
                    ]
                }, 
                {
                    "ethnicity": "Not Hispanic or Latino", 
                    "purchasers": [
                        {
                            "name": "Fannie Mae", 
                            "count": 665, 
                            "value": 99497
                        }, 
                        {
                            "name": "Ginnie Mae", 
                            "count": 735, 
                            "value": 120983
                        }, 
                        {
                            "name": "Freddie Mac", 
                            "count": 358, 
                            "value": 55217
                        }, 
                        {
                            "name": "Farmer Mac", 
                            "count": 0, 
                            "value": 0
                        }, 
                        {
                            "name": "Private Securitization", 
                            "count": 4, 
                            "value": 572
                        }, 
                        {
                            "name": "Commercial bank, savings bank or association", 
                            "count": 261, 
                            "value": 41499
                        }, 
                        {
                            "name": "Life insurance co., credit union, finance co.", 
                            "count": 335, 
                            "value": 52694
                        }, 
                        {
                            "name": "Affiliate institution", 
                            "count": 81, 
                            "value": 12294
                        }, 
                        {
                            "name": "Other", 
                            "count": 1630, 
                            "value": 240745
                        }
                    ]
                }, 
                {
                    "ethnicity": "Joint (Hispanic or Latino/Not Hispanic or Latino", 
                    "purchasers": [
                        {
                            "name": "Fannie Mae", 
                            "count": 46, 
                            "value": 7614
                        }, 
                        {
                            "name": "Ginnie Mae", 
                            "count": 74, 
                            "value": 12336
                        }, 
                        {
                            "name": "Freddie Mac", 
                            "count": 35, 
                            "value": 5957
                        }, 
                        {
                            "name": "Farmer Mac", 
                            "count": 0, 
                            "value": 0
                        }, 
                        {
                            "name": "Private Securitization", 
                            "count": 0, 
                            "value": 0
                        }, 
                        {
                            "name": "Commercial bank, savings bank or association", 
                            "count": 19, 
                            "value": 3242
                        }, 
                        {
                            "name": "Life insurance co., credit union, finance co.", 
                            "count": 32, 
                            "value": 6138
                        }, 
                        {
                            "name": "Affiliate institution", 
                            "count": 12, 
                            "value": 2177
                        }, 
                        {
                            "name": "Other", 
                            "count": 161, 
                            "value": 24009
                        }
                    ]
                }, 
                {
                    "ethnicity": "Ethnicity Not Available", 
                    "purchasers": [
                        {
                            "name": "Fannie Mae", 
                            "count": 240, 
                            "value": 37775
                        }, 
                        {
                            "name": "Ginnie Mae", 
                            "count": 326, 
                            "value": 50537
                        }, 
                        {
                            "name": "Freddie Mac", 
                            "count": 94, 
                            "value": 14877
                        }, 
                        {
                            "name": "Farmer Mac", 
                            "count": 0, 
                            "value": 0
                        }, 
                        {
                            "name": "Private Securitization", 
                            "count": 0, 
                            "value": 0
                        }, 
                        {
                            "name": "Commercial bank, savings bank or association", 
                            "count": 25, 
                            "value": 5394
                        }, 
                        {
                            "name": "Life insurance co., credit union, finance co.", 
                            "count": 14, 
                            "value": 2658
                        }, 
                        {
                            "name": "Affiliate institution", 
                            "count": 39, 
                            "value": 7119
                        }, 
                        {
                            "name": "Other", 
                            "count": 615, 
                            "value": 90771
                        }
                    ]
                }
            ]
        }, 
        {
            "characteristic": "Minority Status", 
            "minoritystatuses": [
                {
                    "minoritystatus": "White Non-Hispanic", 
                    "purchasers": [
                        {
                            "name": "Fannie Mae", 
                            "count": 855, 
                            "value": 129394
                        }, 
                        {
                            "name": "Ginnie Mae", 
                            "count": 997, 
                            "value": 161629
                        }, 
                        {
                            "name": "Freddie Mac", 
                            "count": 432, 
                            "value": 66685
                        }, 
                        {
                            "name": "Farmer Mac", 
                            "count": 0, 
                            "value": 0
                        }, 
                        {
                            "name": "Private Securitization", 
                            "count": 4, 
                            "value": 572
                        }, 
                        {
                            "name": "Commercial bank, savings bank or association", 
                            "count": 272, 
                            "value": 44469
                        }, 
                        {
                            "name": "Life insurance co., credit union, finance co.", 
                            "count": 333, 
                            "value": 52851
                        }, 
                        {
                            "name": "Affiliate institution", 
                            "count": 113, 
                            "value": 18103
                        }, 
                        {
                            "name": "Other", 
                            "count": 2095, 
                            "value": 307160
                        }
                    ]
                }, 
                {
                    "minoritystatus": "Others, Including Hispanic", 
                    "purchasers": [
                        {
                            "name": "Fannie Mae", 
                            "count": 442, 
                            "value": 60341
                        }, 
                        {
                            "name": "Ginnie Mae", 
                            "count": 829, 
                            "value": 106880
                        }, 
                        {
                            "name": "Freddie Mac", 
                            "count": 249, 
                            "value": 37160
                        }, 
                        {
                            "name": "Farmer Mac", 
                            "count": 0, 
                            "value": 0
                        }, 
                        {
                            "name": "Private Securitization", 
                            "count": 1, 
                            "value": 88
                        }, 
                        {
                            "name": "Commercial bank, savings bank or association", 
                            "count": 291, 
                            "value": 37014
                        }, 
                        {
                            "name": "Life insurance co., credit union, finance co.", 
                            "count": 414, 
                            "value": 52623
                        }, 
                        {
                            "name": "Affiliate institution", 
                            "count": 52, 
                            "value": 8219
                        }, 
                        {
                            "name": "Other", 
                            "count": 1668, 
                            "value": 192736
                        }
                    ]
                }
            ]
        }, 
        {
            "characteristic": "Applicant Income", 
            "applicantincomes": [
                {
                    "applicantincome": "Less than 50% of MSA/MD median", 
                    "purchasers": [
                        {
                            "name": "Fannie Mae", 
                            "count": 49, 
                            "value": 4827
                        }, 
                        {
                            "name": "Ginnie Mae", 
                            "count": 104, 
                            "value": 7735
                        }, 
                        {
                            "name": "Freddie Mac", 
                            "count": 29, 
                            "value": 2717
                        }, 
                        {
                            "name": "Farmer Mac", 
                            "count": 0, 
                            "value": 0
                        }, 
                        {
                            "name": "Private Securitization", 
                            "count": 0, 
                            "value": 0
                        }, 
                        {
                            "name": "Commercial bank, savings bank or association", 
                            "count": 43, 
                            "value": 3262
                        }, 
                        {
                            "name": "Life insurance co., credit union, finance co.", 
                            "count": 104, 
                            "value": 11003
                        }, 
                        {
                            "name": "Affiliate institution", 
                            "count": 8, 
                            "value": 625
                        }, 
                        {
                            "name": "Other", 
                            "count": 243, 
                            "value": 17053
                        }
                    ]
                }, 
                {
                    "applicantincome": "50-79% of MSA/MD median", 
                    "purchasers": [
                        {
                            "name": "Fannie Mae", 
                            "count": 141, 
                            "value": 13917
                        }, 
                        {
                            "name": "Ginnie Mae", 
                            "count": 271, 
                            "value": 26712
                        }, 
                        {
                            "name": "Freddie Mac", 
                            "count": 58, 
                            "value": 5394
                        }, 
                        {
                            "name": "Farmer Mac", 
                            "count": 0, 
                            "value": 0
                        }, 
                        {
                            "name": "Private Securitization", 
                            "count": 1, 
                            "value": 88
                        }, 
                        {
                            "name": "Commercial bank, savings bank or association", 
                            "count": 110, 
                            "value": 10721
                        }, 
                        {
                            "name": "Life insurance co., credit union, finance co.", 
                            "count": 148, 
                            "value": 14552
                        }, 
                        {
                            "name": "Affiliate institution", 
                            "count": 13, 
                            "value": 1282
                        }, 
                        {
                            "name": "Other", 
                            "count": 489, 
                            "value": 39997
                        }
                    ]
                }, 
                {
                    "applicantincome": "80-99% of MSA/MD median", 
                    "purchasers": [
                        {
                            "name": "Fannie Mae", 
                            "count": 107, 
                            "value": 11684
                        }, 
                        {
                            "name": "Ginnie Mae", 
                            "count": 158, 
                            "value": 18766
                        }, 
                        {
                            "name": "Freddie Mac", 
                            "count": 51, 
                            "value": 5889
                        }, 
                        {
                            "name": "Farmer Mac", 
                            "count": 0, 
                            "value": 0
                        }, 
                        {
                            "name": "Private Securitization", 
                            "count": 1, 
                            "value": 130
                        }, 
                        {
                            "name": "Commercial bank, savings bank or association", 
                            "count": 74, 
                            "value": 8786
                        }, 
                        {
                            "name": "Life insurance co., credit union, finance co.", 
                            "count": 78, 
                            "value": 8868
                        }, 
                        {
                            "name": "Affiliate institution", 
                            "count": 17, 
                            "value": 2234
                        }, 
                        {
                            "name": "Other", 
                            "count": 359, 
                            "value": 34838
                        }
                    ]
                }, 
                {
                    "applicantincome": "100-119% of MSA/MD median", 
                    "purchasers": [
                        {
                            "name": "Fannie Mae", 
                            "count": 115, 
                            "value": 14301
                        }, 
                        {
                            "name": "Ginnie Mae", 
                            "count": 122, 
                            "value": 16511
                        }, 
                        {
                            "name": "Freddie Mac", 
                            "count": 58, 
                            "value": 7206
                        }, 
                        {
                            "name": "Farmer Mac", 
                            "count": 0, 
                            "value": 0
                        }, 
                        {
                            "name": "Private Securitization", 
                            "count": 0, 
                            "value": 0
                        }, 
                        {
                            "name": "Commercial bank, savings bank or association", 
                            "count": 53, 
                            "value": 7590
                        }, 
                        {
                            "name": "Life insurance co., credit union, finance co.", 
                            "count": 72, 
                            "value": 9361
                        }, 
                        {
                            "name": "Affiliate institution", 
                            "count": 10, 
                            "value": 1277
                        }, 
                        {
                            "name": "Other", 
                            "count": 317, 
                            "value": 34566
                        }
                    ]
                }, 
                {
                    "applicantincome": "120% or more of MSA/MD median", 
                    "purchasers": [
                        {
                            "name": "Fannie Mae", 
                            "count": 770, 
                            "value": 125125
                        }, 
                        {
                            "name": "Ginnie Mae", 
                            "count": 490, 
                            "value": 90665
                        }, 
                        {
                            "name": "Freddie Mac", 
                            "count": 432, 
                            "value": 73720
                        }, 
                        {
                            "name": "Farmer Mac", 
                            "count": 0, 
                            "value": 0
                        }, 
                        {
                            "name": "Private Securitization", 
                            "count": 3, 
                            "value": 442
                        }, 
                        {
                            "name": "Commercial bank, savings bank or association", 
                            "count": 232, 
                            "value": 40341
                        }, 
                        {
                            "name": "Life insurance co., credit union, finance co.", 
                            "count": 318, 
                            "value": 55652
                        }, 
                        {
                            "name": "Affiliate institution", 
                            "count": 95, 
                            "value": 16274
                        }, 
                        {
                            "name": "Other", 
                            "count": 1761, 
                            "value": 282624
                        }
                    ]
                }, 
                {
                    "applicantincome": "income not available", 
                    "purchasers": [
                        {
                            "name": "Fannie Mae", 
                            "count": 115, 
                            "value": 19881
                        }, 
                        {
                            "name": "Ginnie Mae", 
                            "count": 681, 
                            "value": 108120
                        }, 
                        {
                            "name": "Freddie Mac", 
                            "count": 53, 
                            "value": 8919
                        }, 
                        {
                            "name": "Farmer Mac", 
                            "count": 0, 
                            "value": 0
                        }, 
                        {
                            "name": "Private Securitization", 
                            "count": 0, 
                            "value": 0
                        }, 
                        {
                            "name": "Commercial bank, savings bank or association", 
                            "count": 51, 
                            "value": 10783
                        }, 
                        {
                            "name": "Life insurance co., credit union, finance co.", 
                            "count": 27, 
                            "value": 6038
                        }, 
                        {
                            "name": "Affiliate institution", 
                            "count": 22, 
                            "value": 4630
                        }, 
                        {
                            "name": "Other", 
                            "count": 594, 
                            "value": 90818
                        }
                    ]
                }
            ]
        }
    ], 
    "censuscharacteristics": [
        {
            "characteristic": "Racial/Ethnic Composition", 
            "tractpctminorities": [
                {
                    "tractpctminority": "Less than 10% minority", 
                    "purchasers": [
                        {
                            "name": "Fannie Mae", 
                            "count": 0, 
                            "value": 0
                        }, 
                        {
                            "name": "Ginnie Mae", 
                            "count": 0, 
                            "value": 0
                        }, 
                        {
                            "name": "Freddie Mac", 
                            "count": 0, 
                            "value": 0
                        }, 
                        {
                            "name": "Farmer Mac", 
                            "count": 0, 
                            "value": 0
                        }, 
                        {
                            "name": "Private Securitization", 
                            "count": 0, 
                            "value": 0
                        }, 
                        {
                            "name": "Commercial bank, savings bank or association", 
                            "count": 0, 
                            "value": 0
                        }, 
                        {
                            "name": "Life insurance co., credit union, finance co.", 
                            "count": 0, 
                            "value": 0
                        }, 
                        {
                            "name": "Affiliate institution", 
                            "count": 0, 
                            "value": 0
                        }, 
                        {
                            "name": "Other", 
                            "count": 0, 
                            "value": 0
                        }
                    ]
                }, 
                {
                    "tractpctminority": "10-19% minority", 
                    "purchasers": [
                        {
                            "name": "Fannie Mae", 
                            "count": 517, 
                            "value": 78426
                        }, 
                        {
                            "name": "Ginnie Mae", 
                            "count": 699, 
                            "value": 116136
                        }, 
                        {
                            "name": "Freddie Mac", 
                            "count": 250, 
                            "value": 39273
                        }, 
                        {
                            "name": "Farmer Mac", 
                            "count": 0, 
                            "value": 0
                        }, 
                        {
                            "name": "Private Securitization", 
                            "count": 4, 
                            "value": 572
                        }, 
                        {
                            "name": "Commercial bank, savings bank or association", 
                            "count": 187, 
                            "value": 30292
                        }, 
                        {
                            "name": "Life insurance co., credit union, finance co.", 
                            "count": 261, 
                            "value": 43373
                        }, 
                        {
                            "name": "Affiliate institution", 
                            "count": 75, 
                            "value": 11743
                        }, 
                        {
                            "name": "Other", 
                            "count": 1420, 
                            "value": 200545
                        }
                    ]
                }, 
                {
                    "tractpctminority": "20-49% minority", 
                    "purchasers": [
                        {
                            "name": "Fannie Mae", 
                            "count": 543, 
                            "value": 82124
                        }, 
                        {
                            "name": "Ginnie Mae", 
                            "count": 663, 
                            "value": 99656
                        }, 
                        {
                            "name": "Freddie Mac", 
                            "count": 303, 
                            "value": 46816
                        }, 
                        {
                            "name": "Farmer Mac", 
                            "count": 0, 
                            "value": 0
                        }, 
                        {
                            "name": "Private Securitization", 
                            "count": 1, 
                            "value": 88
                        }, 
                        {
                            "name": "Commercial bank, savings bank or association", 
                            "count": 201, 
                            "value": 31002
                        }, 
                        {
                            "name": "Life insurance co., credit union, finance co.", 
                            "count": 283, 
                            "value": 40300
                        }, 
                        {
                            "name": "Affiliate institution", 
                            "count": 61, 
                            "value": 9800
                        }, 
                        {
                            "name": "Other", 
                            "count": 1457, 
                            "value": 204456
                        }
                    ]
                }, 
                {
                    "tractpctminority": "50-79% minority", 
                    "purchasers": [
                        {
                            "name": "Fannie Mae", 
                            "count": 237, 
                            "value": 29185
                        }, 
                        {
                            "name": "Ginnie Mae", 
                            "count": 464, 
                            "value": 52717
                        }, 
                        {
                            "name": "Freddie Mac", 
                            "count": 128, 
                            "value": 17756
                        }, 
                        {
                            "name": "Farmer Mac", 
                            "count": 0, 
                            "value": 0
                        }, 
                        {
                            "name": "Private Securitization", 
                            "count": 0, 
                            "value": 0
                        }, 
                        {
                            "name": "Commercial bank, savings bank or association", 
                            "count": 175, 
                            "value": 20189
                        }, 
                        {
                            "name": "Life insurance co., credit union, finance co.", 
                            "count": 203, 
                            "value": 21801
                        }, 
                        {
                            "name": "Affiliate institution", 
                            "count": 29, 
                            "value": 4779
                        }, 
                        {
                            "name": "Other", 
                            "count": 885, 
                            "value": 94547
                        }
                    ]
                }, 
                {
                    "tractpctminority": "80-100% minority", 
                    "purchasers": [
                        {
                            "name": "Fannie Mae", 
                            "count": 0, 
                            "value": 0
                        }, 
                        {
                            "name": "Ginnie Mae", 
                            "count": 0, 
                            "value": 0
                        }, 
                        {
                            "name": "Freddie Mac", 
                            "count": 0, 
                            "value": 0
                        }, 
                        {
                            "name": "Farmer Mac", 
                            "count": 0, 
                            "value": 0
                        }, 
                        {
                            "name": "Private Securitization", 
                            "count": 0, 
                            "value": 0
                        }, 
                        {
                            "name": "Commercial bank, savings bank or association", 
                            "count": 0, 
                            "value": 0
                        }, 
                        {
                            "name": "Life insurance co., credit union, finance co.", 
                            "count": 0, 
                            "value": 0
                        }, 
                        {
                            "name": "Affiliate institution", 
                            "count": 0, 
                            "value": 0
                        }, 
                        {
                            "name": "Other", 
                            "count": 0, 
                            "value": 0
                        }
                    ]
                }
            ]
        }, 
        {
            "characteristic": "Income", 
            "incomelevels": [
                {
                    "incomelevel": "Low income", 
                    "purchasers": [
                        {
                            "name": "Fannie Mae", 
                            "count": 0, 
                            "value": 0
                        }, 
                        {
                            "name": "Ginnie Mae", 
                            "count": 0, 
                            "value": 0
                        }, 
                        {
                            "name": "Freddie Mac", 
                            "count": 0, 
                            "value": 0
                        }, 
                        {
                            "name": "Farmer Mac", 
                            "count": 0, 
                            "value": 0
                        }, 
                        {
                            "name": "Private Securitization", 
                            "count": 0, 
                            "value": 0
                        }, 
                        {
                            "name": "Commercial bank, savings bank or association", 
                            "count": 0, 
                            "value": 0
                        }, 
                        {
                            "name": "Life insurance co., credit union, finance co.", 
                            "count": 0, 
                            "value": 0
                        }, 
                        {
                            "name": "Affiliate institution", 
                            "count": 0, 
                            "value": 0
                        }, 
                        {
                            "name": "Other", 
                            "count": 0, 
                            "value": 0
                        }
                    ]
                }, 
                {
                    "incomelevel": "Moderate income", 
                    "purchasers": [
                        {
                            "name": "Fannie Mae", 
                            "count": 169, 
                            "value": 18733
                        }, 
                        {
                            "name": "Ginnie Mae", 
                            "count": 315, 
                            "value": 32813
                        }, 
                        {
                            "name": "Freddie Mac", 
                            "count": 87, 
                            "value": 10032
                        }, 
                        {
                            "name": "Farmer Mac", 
                            "count": 0, 
                            "value": 0
                        }, 
                        {
                            "name": "Private Securitization", 
                            "count": 0, 
                            "value": 0
                        }, 
                        {
                            "name": "Commercial bank, savings bank or association", 
                            "count": 103, 
                            "value": 11117
                        }, 
                        {
                            "name": "Life insurance co., credit union, finance co.", 
                            "count": 139, 
                            "value": 13511
                        }, 
                        {
                            "name": "Affiliate institution", 
                            "count": 12, 
                            "value": 1664
                        }, 
                        {
                            "name": "Other", 
                            "count": 654, 
                            "value": 68784
                        }
                    ]
                }, 
                {
                    "incomelevel": "Middle income", 
                    "purchasers": [
                        {
                            "name": "Fannie Mae", 
                            "count": 369, 
                            "value": 49731
                        }, 
                        {
                            "name": "Ginnie Mae", 
                            "count": 617, 
                            "value": 83910
                        }, 
                        {
                            "name": "Freddie Mac", 
                            "count": 203, 
                            "value": 28111
                        }, 
                        {
                            "name": "Farmer Mac", 
                            "count": 0, 
                            "value": 0
                        }, 
                        {
                            "name": "Private Securitization", 
                            "count": 3, 
                            "value": 362
                        }, 
                        {
                            "name": "Commercial bank, savings bank or association", 
                            "count": 188, 
                            "value": 25803
                        }, 
                        {
                            "name": "Life insurance co., credit union, finance co.", 
                            "count": 226, 
                            "value": 30324
                        }, 
                        {
                            "name": "Affiliate institution", 
                            "count": 50, 
                            "value": 7309
                        }, 
                        {
                            "name": "Other", 
                            "count": 1256, 
                            "value": 143903
                        }
                    ]
                }, 
                {
                    "incomelevel": "Upper income", 
                    "purchasers": [
                        {
                            "name": "Fannie Mae", 
                            "count": 759, 
                            "value": 121271
                        }, 
                        {
                            "name": "Ginnie Mae", 
                            "count": 894, 
                            "value": 151786
                        }, 
                        {
                            "name": "Freddie Mac", 
                            "count": 391, 
                            "value": 65702
                        }, 
                        {
                            "name": "Farmer Mac", 
                            "count": 0, 
                            "value": 0
                        }, 
                        {
                            "name": "Private Securitization", 
                            "count": 2, 
                            "value": 298
                        }, 
                        {
                            "name": "Commercial bank, savings bank or association", 
                            "count": 272, 
                            "value": 44563
                        }, 
                        {
                            "name": "Life insurance co., credit union, finance co.", 
                            "count": 382, 
                            "value": 61639
                        }, 
                        {
                            "name": "Affiliate institution", 
                            "count": 103, 
                            "value": 17349
                        }, 
                        {
                            "name": "Other", 
                            "count": 1851, 
                            "value": 286767
                        }
                    ]
                }
            ]
        }
    ], 
    "total": {
        "purchasers": [
            {
                "name": "Fannie Mae", 
                "count": 1297, 
                "value": 189735
            }, 
            {
                "name": "Ginnie Mae", 
                "count": 1826, 
                "value": 268509
            }, 
            {
                "name": "Freddie Mac", 
                "count": 681, 
                "value": 103845
            }, 
            {
                "name": "Farmer Mac", 
                "count": 0, 
                "value": 0
            }, 
            {
                "name": "Private Securitization", 
                "count": 5, 
                "value": 660
            }, 
            {
                "name": "Commercial bank, savings bank or association", 
                "count": 563, 
                "value": 81483
            }, 
            {
                "name": "Life insurance co., credit union, finance co.", 
                "count": 747, 
                "value": 105474
            }, 
            {
                "name": "Affiliate institution", 
                "count": 165, 
                "value": 26322
            }, 
            {
                "name": "Other", 
                "count": 3763, 
                "value": 499896
            }
        ]
    }
}