{
    "msa-mds": [
        {
            "id": "43420", 
            "name": "SIERRA-VISTA-DOUGLAS"
        }, 
        {
            "id": "43320", 
            "name": "SHOW-LOW"
        }, 
        {
            "id": "40940", 
            "name": "SAFFORD"
        }, 
        {
            "id": "39140", 
            "name": "PRESCOTT"
        }, 
        {
            "id": "38060", 
            "name": "PHOENIX-MESA-GLENDALE"
        }, 
        {
            "id": "22380", 
            "name": "FLAGSTAFF"
        }, 
        {
            "id": "46060", 
            "name": "TUCSON"
        }, 
        {
            "id": "29420", 
            "name": "LAKE-HAVASU-CITY-KINGMAN"
        }, 
        {
            "id": "37740", 
            "name": "PAYSON"
        }, 
        {
            "id": "35700", 
            "name": "NOGALES"
        }, 
        {
            "id": "49740", 
            "name": "YUMA"
        }
    ]
}