{
    "table": "3-1", 
    "type": "Aggregate", 
    "desc": "Loans sold, by characteristics of borrower and census tract in which property is located and by type of purchaser (includes originations and purchased loans),", 
    "year": "2012", 
    "msa": {
        "id": "27260", 
        "name": "Jacksonville", 
        "state": "FL", 
        "state_name": "Florida"
    }, 
    "borrowercharacteristics": [
        {
            "characteristic": "Race", 
            "races": [
                {
                    "race": "American Indian/Alaska Native", 
                    "purchasers": [
                        {
                            "name": "Fannie Mae", 
                            "count": 12, 
                            "value": 2173.0
                        }, 
                        {
                            "name": "Ginnie Mae", 
                            "count": 31, 
                            "value": 5202.0
                        }, 
                        {
                            "name": "Freddie Mac", 
                            "count": 14, 
                            "value": 1992.0
                        }, 
                        {
                            "name": "Farmer Mac", 
                            "count": 0, 
                            "value": 0
                        }, 
                        {
                            "name": "Private Securitization", 
                            "count": 0, 
                            "value": 0
                        }, 
                        {
                            "name": "Commercial bank, savings bank or association", 
                            "count": 11, 
                            "value": 2770.0
                        }, 
                        {
                            "name": "Life insurance co., credit union, finance co.", 
                            "count": 4, 
                            "value": 599.0
                        }, 
                        {
                            "name": "Affiliate institution", 
                            "count": 4, 
                            "value": 521.0
                        }, 
                        {
                            "name": "Other", 
                            "count": 108, 
                            "value": 18115.0
                        }
                    ]
                }, 
                {
                    "race": "Asian", 
                    "purchasers": [
                        {
                            "name": "Fannie Mae", 
                            "count": 22, 
                            "value": 3189.0
                        }, 
                        {
                            "name": "Ginnie Mae", 
                            "count": 16, 
                            "value": 2080.0
                        }, 
                        {
                            "name": "Freddie Mac", 
                            "count": 9, 
                            "value": 1057.0
                        }, 
                        {
                            "name": "Farmer Mac", 
                            "count": 0, 
                            "value": 0
                        }, 
                        {
                            "name": "Private Securitization", 
                            "count": 0, 
                            "value": 0
                        }, 
                        {
                            "name": "Commercial bank, savings bank or association", 
                            "count": 7, 
                            "value": 854.0
                        }, 
                        {
                            "name": "Life insurance co., credit union, finance co.", 
                            "count": 0, 
                            "value": 0
                        }, 
                        {
                            "name": "Affiliate institution", 
                            "count": 2, 
                            "value": 224.0
                        }, 
                        {
                            "name": "Other", 
                            "count": 93, 
                            "value": 9267.0
                        }
                    ]
                }, 
                {
                    "race": "Black or African American", 
                    "purchasers": [
                        {
                            "name": "Fannie Mae", 
                            "count": 390, 
                            "value": 70041.0
                        }, 
                        {
                            "name": "Ginnie Mae", 
                            "count": 205, 
                            "value": 36741.0
                        }, 
                        {
                            "name": "Freddie Mac", 
                            "count": 194, 
                            "value": 34397.0
                        }, 
                        {
                            "name": "Farmer Mac", 
                            "count": 0, 
                            "value": 0
                        }, 
                        {
                            "name": "Private Securitization", 
                            "count": 8, 
                            "value": 2069.0
                        }, 
                        {
                            "name": "Commercial bank, savings bank or association", 
                            "count": 132, 
                            "value": 25886.0
                        }, 
                        {
                            "name": "Life insurance co., credit union, finance co.", 
                            "count": 28, 
                            "value": 6864.0
                        }, 
                        {
                            "name": "Affiliate institution", 
                            "count": 43, 
                            "value": 8944.0
                        }, 
                        {
                            "name": "Other", 
                            "count": 1247, 
                            "value": 223545.0
                        }
                    ]
                }, 
                {
                    "race": "Native Hawaiian or Other Pacific Islander", 
                    "purchasers": [
                        {
                            "name": "Fannie Mae", 
                            "count": 484, 
                            "value": 73684.0
                        }, 
                        {
                            "name": "Ginnie Mae", 
                            "count": 1368, 
                            "value": 234796.0
                        }, 
                        {
                            "name": "Freddie Mac", 
                            "count": 227, 
                            "value": 35860.0
                        }, 
                        {
                            "name": "Farmer Mac", 
                            "count": 0, 
                            "value": 0
                        }, 
                        {
                            "name": "Private Securitization", 
                            "count": 6, 
                            "value": 1165.0
                        }, 
                        {
                            "name": "Commercial bank, savings bank or association", 
                            "count": 440, 
                            "value": 73379.0
                        }, 
                        {
                            "name": "Life insurance co., credit union, finance co.", 
                            "count": 103, 
                            "value": 12253.0
                        }, 
                        {
                            "name": "Affiliate institution", 
                            "count": 54, 
                            "value": 8467.0
                        }, 
                        {
                            "name": "Other", 
                            "count": 4174, 
                            "value": 503075.0
                        }
                    ]
                }, 
                {
                    "race": "White", 
                    "purchasers": [
                        {
                            "name": "Fannie Mae", 
                            "count": 24, 
                            "value": 4090.0
                        }, 
                        {
                            "name": "Ginnie Mae", 
                            "count": 39, 
                            "value": 6570.0
                        }, 
                        {
                            "name": "Freddie Mac", 
                            "count": 5, 
                            "value": 984.0
                        }, 
                        {
                            "name": "Farmer Mac", 
                            "count": 0, 
                            "value": 0
                        }, 
                        {
                            "name": "Private Securitization", 
                            "count": 0, 
                            "value": 0
                        }, 
                        {
                            "name": "Commercial bank, savings bank or association", 
                            "count": 18, 
                            "value": 3282.0
                        }, 
                        {
                            "name": "Life insurance co., credit union, finance co.", 
                            "count": 1, 
                            "value": 191.0
                        }, 
                        {
                            "name": "Affiliate institution", 
                            "count": 5, 
                            "value": 1160.0
                        }, 
                        {
                            "name": "Other", 
                            "count": 128, 
                            "value": 16355.0
                        }
                    ]
                }, 
                {
                    "race": "2 or more minority races", 
                    "purchasers": [
                        {
                            "name": "Fannie Mae", 
                            "count": 8609, 
                            "value": 1563276.0
                        }, 
                        {
                            "name": "Ginnie Mae", 
                            "count": 7267, 
                            "value": 1295686.0
                        }, 
                        {
                            "name": "Freddie Mac", 
                            "count": 4621, 
                            "value": 852481.0
                        }, 
                        {
                            "name": "Farmer Mac", 
                            "count": 1, 
                            "value": 112.0
                        }, 
                        {
                            "name": "Private Securitization", 
                            "count": 311, 
                            "value": 72001.0
                        }, 
                        {
                            "name": "Commercial bank, savings bank or association", 
                            "count": 3427, 
                            "value": 652557.0
                        }, 
                        {
                            "name": "Life insurance co., credit union, finance co.", 
                            "count": 559, 
                            "value": 103309.0
                        }, 
                        {
                            "name": "Affiliate institution", 
                            "count": 925, 
                            "value": 185826.0
                        }, 
                        {
                            "name": "Other", 
                            "count": 28111, 
                            "value": 4928257.0
                        }
                    ]
                }, 
                {
                    "race": "Joint (White/Minority Race", 
                    "purchasers": [
                        {
                            "name": "Fannie Mae", 
                            "count": 142, 
                            "value": 25487.0
                        }, 
                        {
                            "name": "Ginnie Mae", 
                            "count": 207, 
                            "value": 41051.0
                        }, 
                        {
                            "name": "Freddie Mac", 
                            "count": 76, 
                            "value": 14136.0
                        }, 
                        {
                            "name": "Farmer Mac", 
                            "count": 0, 
                            "value": 0
                        }, 
                        {
                            "name": "Private Securitization", 
                            "count": 1, 
                            "value": 250.0
                        }, 
                        {
                            "name": "Commercial bank, savings bank or association", 
                            "count": 75, 
                            "value": 17632.0
                        }, 
                        {
                            "name": "Life insurance co., credit union, finance co.", 
                            "count": 13, 
                            "value": 2311.0
                        }, 
                        {
                            "name": "Affiliate institution", 
                            "count": 24, 
                            "value": 5613.0
                        }, 
                        {
                            "name": "Other", 
                            "count": 532, 
                            "value": 92202.0
                        }
                    ]
                }, 
                {
                    "race": "Not Available", 
                    "purchasers": [
                        {
                            "name": "Fannie Mae", 
                            "count": 2282, 
                            "value": 519077.0
                        }, 
                        {
                            "name": "Ginnie Mae", 
                            "count": 2111, 
                            "value": 353123.0
                        }, 
                        {
                            "name": "Freddie Mac", 
                            "count": 1310, 
                            "value": 296900.0
                        }, 
                        {
                            "name": "Farmer Mac", 
                            "count": 0, 
                            "value": 0
                        }, 
                        {
                            "name": "Private Securitization", 
                            "count": 40, 
                            "value": 7833.0
                        }, 
                        {
                            "name": "Commercial bank, savings bank or association", 
                            "count": 322, 
                            "value": 65459.0
                        }, 
                        {
                            "name": "Life insurance co., credit union, finance co.", 
                            "count": 109, 
                            "value": 22245.0
                        }, 
                        {
                            "name": "Affiliate institution", 
                            "count": 353, 
                            "value": 122643.0
                        }, 
                        {
                            "name": "Other", 
                            "count": 7792, 
                            "value": 1628910.0
                        }
                    ]
                }
            ]
        }, 
        {
            "characteristic": "Ethnicity", 
            "ethnicities": [
                {
                    "ethnicity": "Hispanic or Latino", 
                    "purchasers": [
                        {
                            "name": "Fannie Mae", 
                            "count": 292, 
                            "value": 46990
                        }, 
                        {
                            "name": "Ginnie Mae", 
                            "count": 530, 
                            "value": 86414
                        }, 
                        {
                            "name": "Freddie Mac", 
                            "count": 136, 
                            "value": 24670
                        }, 
                        {
                            "name": "Farmer Mac", 
                            "count": 0, 
                            "value": 0
                        }, 
                        {
                            "name": "Private Securitization", 
                            "count": 3, 
                            "value": 375
                        }, 
                        {
                            "name": "Commercial bank, savings bank or association", 
                            "count": 189, 
                            "value": 31945
                        }, 
                        {
                            "name": "Life insurance co., credit union, finance co.", 
                            "count": 49, 
                            "value": 6042
                        }, 
                        {
                            "name": "Affiliate institution", 
                            "count": 46, 
                            "value": 8428
                        }, 
                        {
                            "name": "Other", 
                            "count": 1606, 
                            "value": 211757
                        }
                    ]
                }, 
                {
                    "ethnicity": "Not Hispanic or Latino", 
                    "purchasers": [
                        {
                            "name": "Fannie Mae", 
                            "count": 9342, 
                            "value": 1685503
                        }, 
                        {
                            "name": "Ginnie Mae", 
                            "count": 8484, 
                            "value": 1510499
                        }, 
                        {
                            "name": "Freddie Mac", 
                            "count": 4956, 
                            "value": 904299
                        }, 
                        {
                            "name": "Farmer Mac", 
                            "count": 1, 
                            "value": 112
                        }, 
                        {
                            "name": "Private Securitization", 
                            "count": 317, 
                            "value": 72482
                        }, 
                        {
                            "name": "Commercial bank, savings bank or association", 
                            "count": 3861, 
                            "value": 733832
                        }, 
                        {
                            "name": "Life insurance co., credit union, finance co.", 
                            "count": 653, 
                            "value": 119373
                        }, 
                        {
                            "name": "Affiliate institution", 
                            "count": 940, 
                            "value": 190981
                        }, 
                        {
                            "name": "Other", 
                            "count": 32248, 
                            "value": 5505214
                        }
                    ]
                }, 
                {
                    "ethnicity": "Joint (Hispanic or Latino/Not Hispanic or Latino", 
                    "purchasers": [
                        {
                            "name": "Fannie Mae", 
                            "count": 169, 
                            "value": 32112
                        }, 
                        {
                            "name": "Ginnie Mae", 
                            "count": 201, 
                            "value": 39928
                        }, 
                        {
                            "name": "Freddie Mac", 
                            "count": 98, 
                            "value": 18863
                        }, 
                        {
                            "name": "Farmer Mac", 
                            "count": 0, 
                            "value": 0
                        }, 
                        {
                            "name": "Private Securitization", 
                            "count": 4, 
                            "value": 1425
                        }, 
                        {
                            "name": "Commercial bank, savings bank or association", 
                            "count": 76, 
                            "value": 15090
                        }, 
                        {
                            "name": "Life insurance co., credit union, finance co.", 
                            "count": 5, 
                            "value": 930
                        }, 
                        {
                            "name": "Affiliate institution", 
                            "count": 15, 
                            "value": 2831
                        }, 
                        {
                            "name": "Other", 
                            "count": 568, 
                            "value": 101878
                        }
                    ]
                }, 
                {
                    "ethnicity": "Ethnicity Not Available", 
                    "purchasers": [
                        {
                            "name": "Fannie Mae", 
                            "count": 2162, 
                            "value": 496412
                        }, 
                        {
                            "name": "Ginnie Mae", 
                            "count": 2029, 
                            "value": 338408
                        }, 
                        {
                            "name": "Freddie Mac", 
                            "count": 1266, 
                            "value": 289975
                        }, 
                        {
                            "name": "Farmer Mac", 
                            "count": 0, 
                            "value": 0
                        }, 
                        {
                            "name": "Private Securitization", 
                            "count": 42, 
                            "value": 9036
                        }, 
                        {
                            "name": "Commercial bank, savings bank or association", 
                            "count": 306, 
                            "value": 60952
                        }, 
                        {
                            "name": "Life insurance co., credit union, finance co.", 
                            "count": 110, 
                            "value": 21427
                        }, 
                        {
                            "name": "Affiliate institution", 
                            "count": 409, 
                            "value": 131158
                        }, 
                        {
                            "name": "Other", 
                            "count": 7763, 
                            "value": 1600877
                        }
                    ]
                }
            ]
        }, 
        {
            "characteristic": "Minority Status", 
            "minoritystatuses": [
                {
                    "minoritystatus": "White Non-Hispanic", 
                    "purchasers": [
                        {
                            "name": "Fannie Mae", 
                            "count": 10459, 
                            "value": 2008057
                        }, 
                        {
                            "name": "Ginnie Mae", 
                            "count": 8731, 
                            "value": 1535874
                        }, 
                        {
                            "name": "Freddie Mac", 
                            "count": 5715, 
                            "value": 1108560
                        }, 
                        {
                            "name": "Farmer Mac", 
                            "count": 1, 
                            "value": 112
                        }, 
                        {
                            "name": "Private Securitization", 
                            "count": 344, 
                            "value": 78034
                        }, 
                        {
                            "name": "Commercial bank, savings bank or association", 
                            "count": 3507, 
                            "value": 675460
                        }, 
                        {
                            "name": "Life insurance co., credit union, finance co.", 
                            "count": 621, 
                            "value": 119623
                        }, 
                        {
                            "name": "Affiliate institution", 
                            "count": 1218, 
                            "value": 297506
                        }, 
                        {
                            "name": "Other", 
                            "count": 33945, 
                            "value": 6271815
                        }
                    ]
                }, 
                {
                    "minoritystatus": "Others, Including Hispanic", 
                    "purchasers": [
                        {
                            "name": "Fannie Mae", 
                            "count": 1506, 
                            "value": 252960
                        }, 
                        {
                            "name": "Ginnie Mae", 
                            "count": 2513, 
                            "value": 439375
                        }, 
                        {
                            "name": "Freddie Mac", 
                            "count": 741, 
                            "value": 129247
                        }, 
                        {
                            "name": "Farmer Mac", 
                            "count": 0, 
                            "value": 0
                        }, 
                        {
                            "name": "Private Securitization", 
                            "count": 22, 
                            "value": 5284
                        }, 
                        {
                            "name": "Commercial bank, savings bank or association", 
                            "count": 925, 
                            "value": 166359
                        }, 
                        {
                            "name": "Life insurance co., credit union, finance co.", 
                            "count": 196, 
                            "value": 28149
                        }, 
                        {
                            "name": "Affiliate institution", 
                            "count": 192, 
                            "value": 35892
                        }, 
                        {
                            "name": "Other", 
                            "count": 8240, 
                            "value": 1147911
                        }
                    ]
                }
            ]
        }, 
        {
            "characteristic": "Applicant Income", 
            "applicantincomes": [
                {
                    "applicantincome": "Less than 50% of MSA/MD median", 
                    "purchasers": [
                        {
                            "name": "Fannie Mae", 
                            "count": 825, 
                            "value": 91797
                        }, 
                        {
                            "name": "Ginnie Mae", 
                            "count": 682, 
                            "value": 63787
                        }, 
                        {
                            "name": "Freddie Mac", 
                            "count": 408, 
                            "value": 42111
                        }, 
                        {
                            "name": "Farmer Mac", 
                            "count": 0, 
                            "value": 0
                        }, 
                        {
                            "name": "Private Securitization", 
                            "count": 19, 
                            "value": 1834
                        }, 
                        {
                            "name": "Commercial bank, savings bank or association", 
                            "count": 300, 
                            "value": 28075
                        }, 
                        {
                            "name": "Life insurance co., credit union, finance co.", 
                            "count": 98, 
                            "value": 7035
                        }, 
                        {
                            "name": "Affiliate institution", 
                            "count": 99, 
                            "value": 10699
                        }, 
                        {
                            "name": "Other", 
                            "count": 5146, 
                            "value": 399994
                        }
                    ]
                }, 
                {
                    "applicantincome": "50-79% of MSA/MD median", 
                    "purchasers": [
                        {
                            "name": "Fannie Mae", 
                            "count": 1718, 
                            "value": 225528
                        }, 
                        {
                            "name": "Ginnie Mae", 
                            "count": 1848, 
                            "value": 251234
                        }, 
                        {
                            "name": "Freddie Mac", 
                            "count": 879, 
                            "value": 115747
                        }, 
                        {
                            "name": "Farmer Mac", 
                            "count": 1, 
                            "value": 112
                        }, 
                        {
                            "name": "Private Securitization", 
                            "count": 39, 
                            "value": 5524
                        }, 
                        {
                            "name": "Commercial bank, savings bank or association", 
                            "count": 997, 
                            "value": 138574
                        }, 
                        {
                            "name": "Life insurance co., credit union, finance co.", 
                            "count": 183, 
                            "value": 21321
                        }, 
                        {
                            "name": "Affiliate institution", 
                            "count": 206, 
                            "value": 26146
                        }, 
                        {
                            "name": "Other", 
                            "count": 7638, 
                            "value": 832133
                        }
                    ]
                }, 
                {
                    "applicantincome": "80-99% of MSA/MD median", 
                    "purchasers": [
                        {
                            "name": "Fannie Mae", 
                            "count": 1323, 
                            "value": 199846
                        }, 
                        {
                            "name": "Ginnie Mae", 
                            "count": 1202, 
                            "value": 201351
                        }, 
                        {
                            "name": "Freddie Mac", 
                            "count": 661, 
                            "value": 98760
                        }, 
                        {
                            "name": "Farmer Mac", 
                            "count": 0, 
                            "value": 0
                        }, 
                        {
                            "name": "Private Securitization", 
                            "count": 39, 
                            "value": 6709
                        }, 
                        {
                            "name": "Commercial bank, savings bank or association", 
                            "count": 640, 
                            "value": 110879
                        }, 
                        {
                            "name": "Life insurance co., credit union, finance co.", 
                            "count": 100, 
                            "value": 16054
                        }, 
                        {
                            "name": "Affiliate institution", 
                            "count": 123, 
                            "value": 18996
                        }, 
                        {
                            "name": "Other", 
                            "count": 4797, 
                            "value": 634724
                        }
                    ]
                }, 
                {
                    "applicantincome": "100-119% of MSA/MD median", 
                    "purchasers": [
                        {
                            "name": "Fannie Mae", 
                            "count": 1230, 
                            "value": 202400
                        }, 
                        {
                            "name": "Ginnie Mae", 
                            "count": 923, 
                            "value": 170987
                        }, 
                        {
                            "name": "Freddie Mac", 
                            "count": 638, 
                            "value": 105109
                        }, 
                        {
                            "name": "Farmer Mac", 
                            "count": 0, 
                            "value": 0
                        }, 
                        {
                            "name": "Private Securitization", 
                            "count": 39, 
                            "value": 7223
                        }, 
                        {
                            "name": "Commercial bank, savings bank or association", 
                            "count": 471, 
                            "value": 88293
                        }, 
                        {
                            "name": "Life insurance co., credit union, finance co.", 
                            "count": 72, 
                            "value": 13263
                        }, 
                        {
                            "name": "Affiliate institution", 
                            "count": 133, 
                            "value": 21938
                        }, 
                        {
                            "name": "Other", 
                            "count": 3606, 
                            "value": 541894
                        }
                    ]
                }, 
                {
                    "applicantincome": "120% or more of MSA/MD median", 
                    "purchasers": [
                        {
                            "name": "Fannie Mae", 
                            "count": 6173, 
                            "value": 1315634
                        }, 
                        {
                            "name": "Ginnie Mae", 
                            "count": 2151, 
                            "value": 505519
                        }, 
                        {
                            "name": "Freddie Mac", 
                            "count": 3225, 
                            "value": 692521
                        }, 
                        {
                            "name": "Farmer Mac", 
                            "count": 0, 
                            "value": 0
                        }, 
                        {
                            "name": "Private Securitization", 
                            "count": 229, 
                            "value": 61535
                        }, 
                        {
                            "name": "Commercial bank, savings bank or association", 
                            "count": 1630, 
                            "value": 395551
                        }, 
                        {
                            "name": "Life insurance co., credit union, finance co.", 
                            "count": 232, 
                            "value": 61604
                        }, 
                        {
                            "name": "Affiliate institution", 
                            "count": 744, 
                            "value": 180784
                        }, 
                        {
                            "name": "Other", 
                            "count": 15552, 
                            "value": 3793514
                        }
                    ]
                }, 
                {
                    "applicantincome": "income not available", 
                    "purchasers": [
                        {
                            "name": "Fannie Mae", 
                            "count": 696, 
                            "value": 225812
                        }, 
                        {
                            "name": "Ginnie Mae", 
                            "count": 4438, 
                            "value": 782371
                        }, 
                        {
                            "name": "Freddie Mac", 
                            "count": 645, 
                            "value": 183559
                        }, 
                        {
                            "name": "Farmer Mac", 
                            "count": 0, 
                            "value": 0
                        }, 
                        {
                            "name": "Private Securitization", 
                            "count": 1, 
                            "value": 493
                        }, 
                        {
                            "name": "Commercial bank, savings bank or association", 
                            "count": 394, 
                            "value": 80447
                        }, 
                        {
                            "name": "Life insurance co., credit union, finance co.", 
                            "count": 132, 
                            "value": 28495
                        }, 
                        {
                            "name": "Affiliate institution", 
                            "count": 105, 
                            "value": 74835
                        }, 
                        {
                            "name": "Other", 
                            "count": 5443, 
                            "value": 1217213
                        }
                    ]
                }
            ]
        }
    ], 
    "censuscharacteristics": [
        {
            "characteristic": "Racial/Ethnic Composition", 
            "tractpctminorities": [
                {
                    "tractpctminority": "Less than 10% minority", 
                    "purchasers": [
                        {
                            "name": "Fannie Mae", 
                            "count": 1855, 
                            "value": 411341
                        }, 
                        {
                            "name": "Ginnie Mae", 
                            "count": 791, 
                            "value": 164166
                        }, 
                        {
                            "name": "Freddie Mac", 
                            "count": 1075, 
                            "value": 235637
                        }, 
                        {
                            "name": "Farmer Mac", 
                            "count": 0, 
                            "value": 0
                        }, 
                        {
                            "name": "Private Securitization", 
                            "count": 90, 
                            "value": 25456
                        }, 
                        {
                            "name": "Commercial bank, savings bank or association", 
                            "count": 488, 
                            "value": 117170
                        }, 
                        {
                            "name": "Life insurance co., credit union, finance co.", 
                            "count": 99, 
                            "value": 26041
                        }, 
                        {
                            "name": "Affiliate institution", 
                            "count": 206, 
                            "value": 59227
                        }, 
                        {
                            "name": "Other", 
                            "count": 5943, 
                            "value": 1587670
                        }
                    ]
                }, 
                {
                    "tractpctminority": "10-19% minority", 
                    "purchasers": [
                        {
                            "name": "Fannie Mae", 
                            "count": 9091, 
                            "value": 1713457
                        }, 
                        {
                            "name": "Ginnie Mae", 
                            "count": 8828, 
                            "value": 1591931
                        }, 
                        {
                            "name": "Freddie Mac", 
                            "count": 4939, 
                            "value": 945528
                        }, 
                        {
                            "name": "Farmer Mac", 
                            "count": 1, 
                            "value": 112
                        }, 
                        {
                            "name": "Private Securitization", 
                            "count": 267, 
                            "value": 56993
                        }, 
                        {
                            "name": "Commercial bank, savings bank or association", 
                            "count": 3540, 
                            "value": 671609
                        }, 
                        {
                            "name": "Life insurance co., credit union, finance co.", 
                            "count": 588, 
                            "value": 106712
                        }, 
                        {
                            "name": "Affiliate institution", 
                            "count": 1093, 
                            "value": 234475
                        }, 
                        {
                            "name": "Other", 
                            "count": 30372, 
                            "value": 5180145
                        }
                    ]
                }, 
                {
                    "tractpctminority": "20-49% minority", 
                    "purchasers": [
                        {
                            "name": "Fannie Mae", 
                            "count": 859, 
                            "value": 120815
                        }, 
                        {
                            "name": "Ginnie Mae", 
                            "count": 1364, 
                            "value": 185632
                        }, 
                        {
                            "name": "Freddie Mac", 
                            "count": 373, 
                            "value": 49509
                        }, 
                        {
                            "name": "Farmer Mac", 
                            "count": 0, 
                            "value": 0
                        }, 
                        {
                            "name": "Private Securitization", 
                            "count": 9, 
                            "value": 869
                        }, 
                        {
                            "name": "Commercial bank, savings bank or association", 
                            "count": 336, 
                            "value": 45621
                        }, 
                        {
                            "name": "Life insurance co., credit union, finance co.", 
                            "count": 104, 
                            "value": 12538
                        }, 
                        {
                            "name": "Affiliate institution", 
                            "count": 95, 
                            "value": 38252
                        }, 
                        {
                            "name": "Other", 
                            "count": 4509, 
                            "value": 547160
                        }
                    ]
                }, 
                {
                    "tractpctminority": "50-79% minority", 
                    "purchasers": [
                        {
                            "name": "Fannie Mae", 
                            "count": 160, 
                            "value": 15404
                        }, 
                        {
                            "name": "Ginnie Mae", 
                            "count": 261, 
                            "value": 33520
                        }, 
                        {
                            "name": "Freddie Mac", 
                            "count": 69, 
                            "value": 7133
                        }, 
                        {
                            "name": "Farmer Mac", 
                            "count": 0, 
                            "value": 0
                        }, 
                        {
                            "name": "Private Securitization", 
                            "count": 0, 
                            "value": 0
                        }, 
                        {
                            "name": "Commercial bank, savings bank or association", 
                            "count": 68, 
                            "value": 7419
                        }, 
                        {
                            "name": "Life insurance co., credit union, finance co.", 
                            "count": 26, 
                            "value": 2481
                        }, 
                        {
                            "name": "Affiliate institution", 
                            "count": 16, 
                            "value": 1444
                        }, 
                        {
                            "name": "Other", 
                            "count": 1357, 
                            "value": 104399
                        }
                    ]
                }, 
                {
                    "tractpctminority": "80-100% minority", 
                    "purchasers": [
                        {
                            "name": "Fannie Mae", 
                            "count": 0, 
                            "value": 0
                        }, 
                        {
                            "name": "Ginnie Mae", 
                            "count": 0, 
                            "value": 0
                        }, 
                        {
                            "name": "Freddie Mac", 
                            "count": 0, 
                            "value": 0
                        }, 
                        {
                            "name": "Farmer Mac", 
                            "count": 0, 
                            "value": 0
                        }, 
                        {
                            "name": "Private Securitization", 
                            "count": 0, 
                            "value": 0
                        }, 
                        {
                            "name": "Commercial bank, savings bank or association", 
                            "count": 0, 
                            "value": 0
                        }, 
                        {
                            "name": "Life insurance co., credit union, finance co.", 
                            "count": 0, 
                            "value": 0
                        }, 
                        {
                            "name": "Affiliate institution", 
                            "count": 0, 
                            "value": 0
                        }, 
                        {
                            "name": "Other", 
                            "count": 0, 
                            "value": 0
                        }
                    ]
                }
            ]
        }, 
        {
            "characteristic": "Income", 
            "incomelevels": [
                {
                    "incomelevel": "Low income", 
                    "purchasers": [
                        {
                            "name": "Fannie Mae", 
                            "count": 124, 
                            "value": 9969
                        }, 
                        {
                            "name": "Ginnie Mae", 
                            "count": 49, 
                            "value": 4792
                        }, 
                        {
                            "name": "Freddie Mac", 
                            "count": 23, 
                            "value": 1989
                        }, 
                        {
                            "name": "Farmer Mac", 
                            "count": 0, 
                            "value": 0
                        }, 
                        {
                            "name": "Private Securitization", 
                            "count": 1, 
                            "value": 53
                        }, 
                        {
                            "name": "Commercial bank, savings bank or association", 
                            "count": 22, 
                            "value": 1670
                        }, 
                        {
                            "name": "Life insurance co., credit union, finance co.", 
                            "count": 7, 
                            "value": 569
                        }, 
                        {
                            "name": "Affiliate institution", 
                            "count": 12, 
                            "value": 1081
                        }, 
                        {
                            "name": "Other", 
                            "count": 578, 
                            "value": 36139
                        }
                    ]
                }, 
                {
                    "incomelevel": "Moderate income", 
                    "purchasers": [
                        {
                            "name": "Fannie Mae", 
                            "count": 853, 
                            "value": 99083
                        }, 
                        {
                            "name": "Ginnie Mae", 
                            "count": 1067, 
                            "value": 128668
                        }, 
                        {
                            "name": "Freddie Mac", 
                            "count": 433, 
                            "value": 68518
                        }, 
                        {
                            "name": "Farmer Mac", 
                            "count": 0, 
                            "value": 0
                        }, 
                        {
                            "name": "Private Securitization", 
                            "count": 7, 
                            "value": 832
                        }, 
                        {
                            "name": "Commercial bank, savings bank or association", 
                            "count": 244, 
                            "value": 27733
                        }, 
                        {
                            "name": "Life insurance co., credit union, finance co.", 
                            "count": 81, 
                            "value": 7922
                        }, 
                        {
                            "name": "Affiliate institution", 
                            "count": 92, 
                            "value": 36114
                        }, 
                        {
                            "name": "Other", 
                            "count": 4620, 
                            "value": 460575
                        }
                    ]
                }, 
                {
                    "incomelevel": "Middle income", 
                    "purchasers": [
                        {
                            "name": "Fannie Mae", 
                            "count": 4754, 
                            "value": 799302
                        }, 
                        {
                            "name": "Ginnie Mae", 
                            "count": 5973, 
                            "value": 973234
                        }, 
                        {
                            "name": "Freddie Mac", 
                            "count": 2556, 
                            "value": 448899
                        }, 
                        {
                            "name": "Farmer Mac", 
                            "count": 0, 
                            "value": 0
                        }, 
                        {
                            "name": "Private Securitization", 
                            "count": 118, 
                            "value": 23813
                        }, 
                        {
                            "name": "Commercial bank, savings bank or association", 
                            "count": 2162, 
                            "value": 368813
                        }, 
                        {
                            "name": "Life insurance co., credit union, finance co.", 
                            "count": 412, 
                            "value": 66104
                        }, 
                        {
                            "name": "Affiliate institution", 
                            "count": 555, 
                            "value": 120543
                        }, 
                        {
                            "name": "Other", 
                            "count": 19789, 
                            "value": 2932796
                        }
                    ]
                }, 
                {
                    "incomelevel": "Upper income", 
                    "purchasers": [
                        {
                            "name": "Fannie Mae", 
                            "count": 6234, 
                            "value": 1352663
                        }, 
                        {
                            "name": "Ginnie Mae", 
                            "count": 4155, 
                            "value": 868555
                        }, 
                        {
                            "name": "Freddie Mac", 
                            "count": 3444, 
                            "value": 718401
                        }, 
                        {
                            "name": "Farmer Mac", 
                            "count": 1, 
                            "value": 112
                        }, 
                        {
                            "name": "Private Securitization", 
                            "count": 240, 
                            "value": 58620
                        }, 
                        {
                            "name": "Commercial bank, savings bank or association", 
                            "count": 2004, 
                            "value": 443603
                        }, 
                        {
                            "name": "Life insurance co., credit union, finance co.", 
                            "count": 317, 
                            "value": 73177
                        }, 
                        {
                            "name": "Affiliate institution", 
                            "count": 751, 
                            "value": 175660
                        }, 
                        {
                            "name": "Other", 
                            "count": 17194, 
                            "value": 3989864
                        }
                    ]
                }
            ]
        }
    ], 
    "total": {
        "purchasers": [
            {
                "name": "Fannie Mae", 
                "count": 11965, 
                "value": 2261017
            }, 
            {
                "name": "Ginnie Mae", 
                "count": 11244, 
                "value": 1975249
            }, 
            {
                "name": "Freddie Mac", 
                "count": 6456, 
                "value": 1237807
            }, 
            {
                "name": "Farmer Mac", 
                "count": 1, 
                "value": 112
            }, 
            {
                "name": "Private Securitization", 
                "count": 366, 
                "value": 83318
            }, 
            {
                "name": "Commercial bank, savings bank or association", 
                "count": 4432, 
                "value": 841819
            }, 
            {
                "name": "Life insurance co., credit union, finance co.", 
                "count": 817, 
                "value": 147772
            }, 
            {
                "name": "Affiliate institution", 
                "count": 1410, 
                "value": 333398
            }, 
            {
                "name": "Other", 
                "count": 42185, 
                "value": 7419726
            }
        ]
    }
}