{
    "table": "3-1", 
    "type": "Aggregate", 
    "desc": "Loans sold, by characteristics of borrower and census tract in which property is located and by type of purchaser (includes originations and purchased loans),", 
    "year": "2012", 
    "msa": {
        "id": "37460", 
        "name": "Panama-City-Lynn-Haven-Panama-City-Beach", 
        "state": "FL", 
        "state_name": "Florida"
    }, 
    "borrowercharacteristics": [
        {
            "characteristic": "Race", 
            "races": [
                {
                    "race": "American Indian/Alaska Native", 
                    "purchasers": [
                        {
                            "name": "Fannie Mae", 
                            "count": 5, 
                            "value": 929.0
                        }, 
                        {
                            "name": "Ginnie Mae", 
                            "count": 7, 
                            "value": 1229.0
                        }, 
                        {
                            "name": "Freddie Mac", 
                            "count": 1, 
                            "value": 70.0
                        }, 
                        {
                            "name": "Farmer Mac", 
                            "count": 0, 
                            "value": 0
                        }, 
                        {
                            "name": "Private Securitization", 
                            "count": 0, 
                            "value": 0
                        }, 
                        {
                            "name": "Commercial bank, savings bank or association", 
                            "count": 0, 
                            "value": 0
                        }, 
                        {
                            "name": "Life insurance co., credit union, finance co.", 
                            "count": 0, 
                            "value": 0
                        }, 
                        {
                            "name": "Affiliate institution", 
                            "count": 2, 
                            "value": 347.0
                        }, 
                        {
                            "name": "Other", 
                            "count": 20, 
                            "value": 3319.0
                        }
                    ]
                }, 
                {
                    "race": "Asian", 
                    "purchasers": [
                        {
                            "name": "Fannie Mae", 
                            "count": 4, 
                            "value": 323.0
                        }, 
                        {
                            "name": "Ginnie Mae", 
                            "count": 3, 
                            "value": 345.0
                        }, 
                        {
                            "name": "Freddie Mac", 
                            "count": 1, 
                            "value": 233.0
                        }, 
                        {
                            "name": "Farmer Mac", 
                            "count": 0, 
                            "value": 0
                        }, 
                        {
                            "name": "Private Securitization", 
                            "count": 1, 
                            "value": 117.0
                        }, 
                        {
                            "name": "Commercial bank, savings bank or association", 
                            "count": 3, 
                            "value": 418.0
                        }, 
                        {
                            "name": "Life insurance co., credit union, finance co.", 
                            "count": 0, 
                            "value": 0
                        }, 
                        {
                            "name": "Affiliate institution", 
                            "count": 0, 
                            "value": 0
                        }, 
                        {
                            "name": "Other", 
                            "count": 24, 
                            "value": 2834.0
                        }
                    ]
                }, 
                {
                    "race": "Black or African American", 
                    "purchasers": [
                        {
                            "name": "Fannie Mae", 
                            "count": 19, 
                            "value": 3042.0
                        }, 
                        {
                            "name": "Ginnie Mae", 
                            "count": 14, 
                            "value": 2374.0
                        }, 
                        {
                            "name": "Freddie Mac", 
                            "count": 12, 
                            "value": 2216.0
                        }, 
                        {
                            "name": "Farmer Mac", 
                            "count": 0, 
                            "value": 0
                        }, 
                        {
                            "name": "Private Securitization", 
                            "count": 1, 
                            "value": 180.0
                        }, 
                        {
                            "name": "Commercial bank, savings bank or association", 
                            "count": 9, 
                            "value": 1222.0
                        }, 
                        {
                            "name": "Life insurance co., credit union, finance co.", 
                            "count": 4, 
                            "value": 623.0
                        }, 
                        {
                            "name": "Affiliate institution", 
                            "count": 3, 
                            "value": 384.0
                        }, 
                        {
                            "name": "Other", 
                            "count": 112, 
                            "value": 16869.0
                        }
                    ]
                }, 
                {
                    "race": "Native Hawaiian or Other Pacific Islander", 
                    "purchasers": [
                        {
                            "name": "Fannie Mae", 
                            "count": 20, 
                            "value": 3019.0
                        }, 
                        {
                            "name": "Ginnie Mae", 
                            "count": 79, 
                            "value": 13995.0
                        }, 
                        {
                            "name": "Freddie Mac", 
                            "count": 18, 
                            "value": 2841.0
                        }, 
                        {
                            "name": "Farmer Mac", 
                            "count": 0, 
                            "value": 0
                        }, 
                        {
                            "name": "Private Securitization", 
                            "count": 1, 
                            "value": 148.0
                        }, 
                        {
                            "name": "Commercial bank, savings bank or association", 
                            "count": 17, 
                            "value": 3436.0
                        }, 
                        {
                            "name": "Life insurance co., credit union, finance co.", 
                            "count": 13, 
                            "value": 1669.0
                        }, 
                        {
                            "name": "Affiliate institution", 
                            "count": 3, 
                            "value": 557.0
                        }, 
                        {
                            "name": "Other", 
                            "count": 253, 
                            "value": 25539.0
                        }
                    ]
                }, 
                {
                    "race": "White", 
                    "purchasers": [
                        {
                            "name": "Fannie Mae", 
                            "count": 6, 
                            "value": 1182.0
                        }, 
                        {
                            "name": "Ginnie Mae", 
                            "count": 5, 
                            "value": 1028.0
                        }, 
                        {
                            "name": "Freddie Mac", 
                            "count": 0, 
                            "value": 0
                        }, 
                        {
                            "name": "Farmer Mac", 
                            "count": 0, 
                            "value": 0
                        }, 
                        {
                            "name": "Private Securitization", 
                            "count": 0, 
                            "value": 0
                        }, 
                        {
                            "name": "Commercial bank, savings bank or association", 
                            "count": 4, 
                            "value": 777.0
                        }, 
                        {
                            "name": "Life insurance co., credit union, finance co.", 
                            "count": 2, 
                            "value": 320.0
                        }, 
                        {
                            "name": "Affiliate institution", 
                            "count": 0, 
                            "value": 0
                        }, 
                        {
                            "name": "Other", 
                            "count": 19, 
                            "value": 2236.0
                        }
                    ]
                }, 
                {
                    "race": "2 or more minority races", 
                    "purchasers": [
                        {
                            "name": "Fannie Mae", 
                            "count": 917, 
                            "value": 155822.0
                        }, 
                        {
                            "name": "Ginnie Mae", 
                            "count": 953, 
                            "value": 172808.0
                        }, 
                        {
                            "name": "Freddie Mac", 
                            "count": 614, 
                            "value": 102447.0
                        }, 
                        {
                            "name": "Farmer Mac", 
                            "count": 0, 
                            "value": 0
                        }, 
                        {
                            "name": "Private Securitization", 
                            "count": 32, 
                            "value": 5505.0
                        }, 
                        {
                            "name": "Commercial bank, savings bank or association", 
                            "count": 438, 
                            "value": 77541.0
                        }, 
                        {
                            "name": "Life insurance co., credit union, finance co.", 
                            "count": 218, 
                            "value": 35513.0
                        }, 
                        {
                            "name": "Affiliate institution", 
                            "count": 91, 
                            "value": 15145.0
                        }, 
                        {
                            "name": "Other", 
                            "count": 4836, 
                            "value": 749908.0
                        }
                    ]
                }, 
                {
                    "race": "Joint (White/Minority Race", 
                    "purchasers": [
                        {
                            "name": "Fannie Mae", 
                            "count": 9, 
                            "value": 1492.0
                        }, 
                        {
                            "name": "Ginnie Mae", 
                            "count": 25, 
                            "value": 4887.0
                        }, 
                        {
                            "name": "Freddie Mac", 
                            "count": 11, 
                            "value": 2365.0
                        }, 
                        {
                            "name": "Farmer Mac", 
                            "count": 0, 
                            "value": 0
                        }, 
                        {
                            "name": "Private Securitization", 
                            "count": 0, 
                            "value": 0
                        }, 
                        {
                            "name": "Commercial bank, savings bank or association", 
                            "count": 13, 
                            "value": 2610.0
                        }, 
                        {
                            "name": "Life insurance co., credit union, finance co.", 
                            "count": 5, 
                            "value": 1029.0
                        }, 
                        {
                            "name": "Affiliate institution", 
                            "count": 3, 
                            "value": 486.0
                        }, 
                        {
                            "name": "Other", 
                            "count": 96, 
                            "value": 14176.0
                        }
                    ]
                }, 
                {
                    "race": "Not Available", 
                    "purchasers": [
                        {
                            "name": "Fannie Mae", 
                            "count": 219, 
                            "value": 37392.0
                        }, 
                        {
                            "name": "Ginnie Mae", 
                            "count": 245, 
                            "value": 44681.0
                        }, 
                        {
                            "name": "Freddie Mac", 
                            "count": 154, 
                            "value": 27159.0
                        }, 
                        {
                            "name": "Farmer Mac", 
                            "count": 0, 
                            "value": 0
                        }, 
                        {
                            "name": "Private Securitization", 
                            "count": 3, 
                            "value": 461.0
                        }, 
                        {
                            "name": "Commercial bank, savings bank or association", 
                            "count": 68, 
                            "value": 12400.0
                        }, 
                        {
                            "name": "Life insurance co., credit union, finance co.", 
                            "count": 21, 
                            "value": 4040.0
                        }, 
                        {
                            "name": "Affiliate institution", 
                            "count": 24, 
                            "value": 5387.0
                        }, 
                        {
                            "name": "Other", 
                            "count": 947, 
                            "value": 203996.0
                        }
                    ]
                }
            ]
        }, 
        {
            "characteristic": "Ethnicity", 
            "ethnicities": [
                {
                    "ethnicity": "Hispanic or Latino", 
                    "purchasers": [
                        {
                            "name": "Fannie Mae", 
                            "count": 16, 
                            "value": 2547
                        }, 
                        {
                            "name": "Ginnie Mae", 
                            "count": 31, 
                            "value": 4974
                        }, 
                        {
                            "name": "Freddie Mac", 
                            "count": 18, 
                            "value": 3180
                        }, 
                        {
                            "name": "Farmer Mac", 
                            "count": 0, 
                            "value": 0
                        }, 
                        {
                            "name": "Private Securitization", 
                            "count": 0, 
                            "value": 0
                        }, 
                        {
                            "name": "Commercial bank, savings bank or association", 
                            "count": 9, 
                            "value": 2369
                        }, 
                        {
                            "name": "Life insurance co., credit union, finance co.", 
                            "count": 5, 
                            "value": 861
                        }, 
                        {
                            "name": "Affiliate institution", 
                            "count": 3, 
                            "value": 578
                        }, 
                        {
                            "name": "Other", 
                            "count": 119, 
                            "value": 15658
                        }
                    ]
                }, 
                {
                    "ethnicity": "Not Hispanic or Latino", 
                    "purchasers": [
                        {
                            "name": "Fannie Mae", 
                            "count": 963, 
                            "value": 163797
                        }, 
                        {
                            "name": "Ginnie Mae", 
                            "count": 1033, 
                            "value": 186454
                        }, 
                        {
                            "name": "Freddie Mac", 
                            "count": 634, 
                            "value": 106471
                        }, 
                        {
                            "name": "Farmer Mac", 
                            "count": 0, 
                            "value": 0
                        }, 
                        {
                            "name": "Private Securitization", 
                            "count": 35, 
                            "value": 5950
                        }, 
                        {
                            "name": "Commercial bank, savings bank or association", 
                            "count": 467, 
                            "value": 81617
                        }, 
                        {
                            "name": "Life insurance co., credit union, finance co.", 
                            "count": 236, 
                            "value": 38062
                        }, 
                        {
                            "name": "Affiliate institution", 
                            "count": 94, 
                            "value": 15523
                        }, 
                        {
                            "name": "Other", 
                            "count": 5121, 
                            "value": 782822
                        }
                    ]
                }, 
                {
                    "ethnicity": "Joint (Hispanic or Latino/Not Hispanic or Latino", 
                    "purchasers": [
                        {
                            "name": "Fannie Mae", 
                            "count": 15, 
                            "value": 2079
                        }, 
                        {
                            "name": "Ginnie Mae", 
                            "count": 27, 
                            "value": 5874
                        }, 
                        {
                            "name": "Freddie Mac", 
                            "count": 9, 
                            "value": 1408
                        }, 
                        {
                            "name": "Farmer Mac", 
                            "count": 0, 
                            "value": 0
                        }, 
                        {
                            "name": "Private Securitization", 
                            "count": 0, 
                            "value": 0
                        }, 
                        {
                            "name": "Commercial bank, savings bank or association", 
                            "count": 8, 
                            "value": 1927
                        }, 
                        {
                            "name": "Life insurance co., credit union, finance co.", 
                            "count": 5, 
                            "value": 1098
                        }, 
                        {
                            "name": "Affiliate institution", 
                            "count": 2, 
                            "value": 266
                        }, 
                        {
                            "name": "Other", 
                            "count": 75, 
                            "value": 13313
                        }
                    ]
                }, 
                {
                    "ethnicity": "Ethnicity Not Available", 
                    "purchasers": [
                        {
                            "name": "Fannie Mae", 
                            "count": 205, 
                            "value": 34778
                        }, 
                        {
                            "name": "Ginnie Mae", 
                            "count": 240, 
                            "value": 44045
                        }, 
                        {
                            "name": "Freddie Mac", 
                            "count": 150, 
                            "value": 26272
                        }, 
                        {
                            "name": "Farmer Mac", 
                            "count": 0, 
                            "value": 0
                        }, 
                        {
                            "name": "Private Securitization", 
                            "count": 3, 
                            "value": 461
                        }, 
                        {
                            "name": "Commercial bank, savings bank or association", 
                            "count": 68, 
                            "value": 12491
                        }, 
                        {
                            "name": "Life insurance co., credit union, finance co.", 
                            "count": 17, 
                            "value": 3173
                        }, 
                        {
                            "name": "Affiliate institution", 
                            "count": 27, 
                            "value": 5939
                        }, 
                        {
                            "name": "Other", 
                            "count": 992, 
                            "value": 207084
                        }
                    ]
                }
            ]
        }, 
        {
            "characteristic": "Minority Status", 
            "minoritystatuses": [
                {
                    "minoritystatus": "White Non-Hispanic", 
                    "purchasers": [
                        {
                            "name": "Fannie Mae", 
                            "count": 1109, 
                            "value": 189271
                        }, 
                        {
                            "name": "Ginnie Mae", 
                            "count": 1151, 
                            "value": 209386
                        }, 
                        {
                            "name": "Freddie Mac", 
                            "count": 742, 
                            "value": 125194
                        }, 
                        {
                            "name": "Farmer Mac", 
                            "count": 0, 
                            "value": 0
                        }, 
                        {
                            "name": "Private Securitization", 
                            "count": 35, 
                            "value": 5966
                        }, 
                        {
                            "name": "Commercial bank, savings bank or association", 
                            "count": 490, 
                            "value": 85997
                        }, 
                        {
                            "name": "Life insurance co., credit union, finance co.", 
                            "count": 229, 
                            "value": 37594
                        }, 
                        {
                            "name": "Affiliate institution", 
                            "count": 111, 
                            "value": 19850
                        }, 
                        {
                            "name": "Other", 
                            "count": 5614, 
                            "value": 927760
                        }
                    ]
                }, 
                {
                    "minoritystatus": "Others, Including Hispanic", 
                    "purchasers": [
                        {
                            "name": "Fannie Mae", 
                            "count": 90, 
                            "value": 13930
                        }, 
                        {
                            "name": "Ginnie Mae", 
                            "count": 180, 
                            "value": 31961
                        }, 
                        {
                            "name": "Freddie Mac", 
                            "count": 69, 
                            "value": 12137
                        }, 
                        {
                            "name": "Farmer Mac", 
                            "count": 0, 
                            "value": 0
                        }, 
                        {
                            "name": "Private Securitization", 
                            "count": 3, 
                            "value": 445
                        }, 
                        {
                            "name": "Commercial bank, savings bank or association", 
                            "count": 62, 
                            "value": 12407
                        }, 
                        {
                            "name": "Life insurance co., credit union, finance co.", 
                            "count": 34, 
                            "value": 5600
                        }, 
                        {
                            "name": "Affiliate institution", 
                            "count": 15, 
                            "value": 2456
                        }, 
                        {
                            "name": "Other", 
                            "count": 693, 
                            "value": 91117
                        }
                    ]
                }
            ]
        }, 
        {
            "characteristic": "Applicant Income", 
            "applicantincomes": [
                {
                    "applicantincome": "Less than 50% of MSA/MD median", 
                    "purchasers": [
                        {
                            "name": "Fannie Mae", 
                            "count": 81, 
                            "value": 10318
                        }, 
                        {
                            "name": "Ginnie Mae", 
                            "count": 49, 
                            "value": 4339
                        }, 
                        {
                            "name": "Freddie Mac", 
                            "count": 34, 
                            "value": 3544
                        }, 
                        {
                            "name": "Farmer Mac", 
                            "count": 0, 
                            "value": 0
                        }, 
                        {
                            "name": "Private Securitization", 
                            "count": 0, 
                            "value": 0
                        }, 
                        {
                            "name": "Commercial bank, savings bank or association", 
                            "count": 34, 
                            "value": 3002
                        }, 
                        {
                            "name": "Life insurance co., credit union, finance co.", 
                            "count": 16, 
                            "value": 1328
                        }, 
                        {
                            "name": "Affiliate institution", 
                            "count": 11, 
                            "value": 1101
                        }, 
                        {
                            "name": "Other", 
                            "count": 571, 
                            "value": 38009
                        }
                    ]
                }, 
                {
                    "applicantincome": "50-79% of MSA/MD median", 
                    "purchasers": [
                        {
                            "name": "Fannie Mae", 
                            "count": 125, 
                            "value": 14970
                        }, 
                        {
                            "name": "Ginnie Mae", 
                            "count": 156, 
                            "value": 19902
                        }, 
                        {
                            "name": "Freddie Mac", 
                            "count": 102, 
                            "value": 11238
                        }, 
                        {
                            "name": "Farmer Mac", 
                            "count": 0, 
                            "value": 0
                        }, 
                        {
                            "name": "Private Securitization", 
                            "count": 6, 
                            "value": 756
                        }, 
                        {
                            "name": "Commercial bank, savings bank or association", 
                            "count": 98, 
                            "value": 11972
                        }, 
                        {
                            "name": "Life insurance co., credit union, finance co.", 
                            "count": 38, 
                            "value": 4496
                        }, 
                        {
                            "name": "Affiliate institution", 
                            "count": 14, 
                            "value": 1569
                        }, 
                        {
                            "name": "Other", 
                            "count": 846, 
                            "value": 76317
                        }
                    ]
                }, 
                {
                    "applicantincome": "80-99% of MSA/MD median", 
                    "purchasers": [
                        {
                            "name": "Fannie Mae", 
                            "count": 101, 
                            "value": 14280
                        }, 
                        {
                            "name": "Ginnie Mae", 
                            "count": 125, 
                            "value": 20032
                        }, 
                        {
                            "name": "Freddie Mac", 
                            "count": 77, 
                            "value": 9812
                        }, 
                        {
                            "name": "Farmer Mac", 
                            "count": 0, 
                            "value": 0
                        }, 
                        {
                            "name": "Private Securitization", 
                            "count": 4, 
                            "value": 443
                        }, 
                        {
                            "name": "Commercial bank, savings bank or association", 
                            "count": 57, 
                            "value": 8740
                        }, 
                        {
                            "name": "Life insurance co., credit union, finance co.", 
                            "count": 25, 
                            "value": 3842
                        }, 
                        {
                            "name": "Affiliate institution", 
                            "count": 12, 
                            "value": 1485
                        }, 
                        {
                            "name": "Other", 
                            "count": 599, 
                            "value": 69618
                        }
                    ]
                }, 
                {
                    "applicantincome": "100-119% of MSA/MD median", 
                    "purchasers": [
                        {
                            "name": "Fannie Mae", 
                            "count": 84, 
                            "value": 12247
                        }, 
                        {
                            "name": "Ginnie Mae", 
                            "count": 145, 
                            "value": 26099
                        }, 
                        {
                            "name": "Freddie Mac", 
                            "count": 62, 
                            "value": 9361
                        }, 
                        {
                            "name": "Farmer Mac", 
                            "count": 0, 
                            "value": 0
                        }, 
                        {
                            "name": "Private Securitization", 
                            "count": 2, 
                            "value": 230
                        }, 
                        {
                            "name": "Commercial bank, savings bank or association", 
                            "count": 48, 
                            "value": 7374
                        }, 
                        {
                            "name": "Life insurance co., credit union, finance co.", 
                            "count": 30, 
                            "value": 4982
                        }, 
                        {
                            "name": "Affiliate institution", 
                            "count": 11, 
                            "value": 1604
                        }, 
                        {
                            "name": "Other", 
                            "count": 510, 
                            "value": 66076
                        }
                    ]
                }, 
                {
                    "applicantincome": "120% or more of MSA/MD median", 
                    "purchasers": [
                        {
                            "name": "Fannie Mae", 
                            "count": 744, 
                            "value": 140494
                        }, 
                        {
                            "name": "Ginnie Mae", 
                            "count": 370, 
                            "value": 80584
                        }, 
                        {
                            "name": "Freddie Mac", 
                            "count": 457, 
                            "value": 88909
                        }, 
                        {
                            "name": "Farmer Mac", 
                            "count": 0, 
                            "value": 0
                        }, 
                        {
                            "name": "Private Securitization", 
                            "count": 26, 
                            "value": 4982
                        }, 
                        {
                            "name": "Commercial bank, savings bank or association", 
                            "count": 255, 
                            "value": 55535
                        }, 
                        {
                            "name": "Life insurance co., credit union, finance co.", 
                            "count": 129, 
                            "value": 23728
                        }, 
                        {
                            "name": "Affiliate institution", 
                            "count": 72, 
                            "value": 15216
                        }, 
                        {
                            "name": "Other", 
                            "count": 3107, 
                            "value": 604829
                        }
                    ]
                }, 
                {
                    "applicantincome": "income not available", 
                    "purchasers": [
                        {
                            "name": "Fannie Mae", 
                            "count": 64, 
                            "value": 10892
                        }, 
                        {
                            "name": "Ginnie Mae", 
                            "count": 486, 
                            "value": 90391
                        }, 
                        {
                            "name": "Freddie Mac", 
                            "count": 79, 
                            "value": 14467
                        }, 
                        {
                            "name": "Farmer Mac", 
                            "count": 0, 
                            "value": 0
                        }, 
                        {
                            "name": "Private Securitization", 
                            "count": 0, 
                            "value": 0
                        }, 
                        {
                            "name": "Commercial bank, savings bank or association", 
                            "count": 60, 
                            "value": 11781
                        }, 
                        {
                            "name": "Life insurance co., credit union, finance co.", 
                            "count": 25, 
                            "value": 4818
                        }, 
                        {
                            "name": "Affiliate institution", 
                            "count": 6, 
                            "value": 1331
                        }, 
                        {
                            "name": "Other", 
                            "count": 674, 
                            "value": 164028
                        }
                    ]
                }
            ]
        }
    ], 
    "censuscharacteristics": [
        {
            "characteristic": "Racial/Ethnic Composition", 
            "tractpctminorities": [
                {
                    "tractpctminority": "Less than 10% minority", 
                    "purchasers": [
                        {
                            "name": "Fannie Mae", 
                            "count": 222, 
                            "value": 43898
                        }, 
                        {
                            "name": "Ginnie Mae", 
                            "count": 184, 
                            "value": 37392
                        }, 
                        {
                            "name": "Freddie Mac", 
                            "count": 169, 
                            "value": 32493
                        }, 
                        {
                            "name": "Farmer Mac", 
                            "count": 0, 
                            "value": 0
                        }, 
                        {
                            "name": "Private Securitization", 
                            "count": 5, 
                            "value": 1145
                        }, 
                        {
                            "name": "Commercial bank, savings bank or association", 
                            "count": 109, 
                            "value": 22460
                        }, 
                        {
                            "name": "Life insurance co., credit union, finance co.", 
                            "count": 53, 
                            "value": 10748
                        }, 
                        {
                            "name": "Affiliate institution", 
                            "count": 23, 
                            "value": 4245
                        }, 
                        {
                            "name": "Other", 
                            "count": 1155, 
                            "value": 194588
                        }
                    ]
                }, 
                {
                    "tractpctminority": "10-19% minority", 
                    "purchasers": [
                        {
                            "name": "Fannie Mae", 
                            "count": 967, 
                            "value": 158205
                        }, 
                        {
                            "name": "Ginnie Mae", 
                            "count": 1142, 
                            "value": 203529
                        }, 
                        {
                            "name": "Freddie Mac", 
                            "count": 642, 
                            "value": 104838
                        }, 
                        {
                            "name": "Farmer Mac", 
                            "count": 0, 
                            "value": 0
                        }, 
                        {
                            "name": "Private Securitization", 
                            "count": 33, 
                            "value": 5266
                        }, 
                        {
                            "name": "Commercial bank, savings bank or association", 
                            "count": 441, 
                            "value": 75871
                        }, 
                        {
                            "name": "Life insurance co., credit union, finance co.", 
                            "count": 208, 
                            "value": 32299
                        }, 
                        {
                            "name": "Affiliate institution", 
                            "count": 103, 
                            "value": 18061
                        }, 
                        {
                            "name": "Other", 
                            "count": 5070, 
                            "value": 817969
                        }
                    ]
                }, 
                {
                    "tractpctminority": "20-49% minority", 
                    "purchasers": [
                        {
                            "name": "Fannie Mae", 
                            "count": 10, 
                            "value": 1098
                        }, 
                        {
                            "name": "Ginnie Mae", 
                            "count": 5, 
                            "value": 426
                        }, 
                        {
                            "name": "Freddie Mac", 
                            "count": 0, 
                            "value": 0
                        }, 
                        {
                            "name": "Farmer Mac", 
                            "count": 0, 
                            "value": 0
                        }, 
                        {
                            "name": "Private Securitization", 
                            "count": 0, 
                            "value": 0
                        }, 
                        {
                            "name": "Commercial bank, savings bank or association", 
                            "count": 2, 
                            "value": 73
                        }, 
                        {
                            "name": "Life insurance co., credit union, finance co.", 
                            "count": 2, 
                            "value": 147
                        }, 
                        {
                            "name": "Affiliate institution", 
                            "count": 0, 
                            "value": 0
                        }, 
                        {
                            "name": "Other", 
                            "count": 82, 
                            "value": 6320
                        }
                    ]
                }, 
                {
                    "tractpctminority": "50-79% minority", 
                    "purchasers": [
                        {
                            "name": "Fannie Mae", 
                            "count": 0, 
                            "value": 0
                        }, 
                        {
                            "name": "Ginnie Mae", 
                            "count": 0, 
                            "value": 0
                        }, 
                        {
                            "name": "Freddie Mac", 
                            "count": 0, 
                            "value": 0
                        }, 
                        {
                            "name": "Farmer Mac", 
                            "count": 0, 
                            "value": 0
                        }, 
                        {
                            "name": "Private Securitization", 
                            "count": 0, 
                            "value": 0
                        }, 
                        {
                            "name": "Commercial bank, savings bank or association", 
                            "count": 0, 
                            "value": 0
                        }, 
                        {
                            "name": "Life insurance co., credit union, finance co.", 
                            "count": 0, 
                            "value": 0
                        }, 
                        {
                            "name": "Affiliate institution", 
                            "count": 0, 
                            "value": 0
                        }, 
                        {
                            "name": "Other", 
                            "count": 0, 
                            "value": 0
                        }
                    ]
                }, 
                {
                    "tractpctminority": "80-100% minority", 
                    "purchasers": [
                        {
                            "name": "Fannie Mae", 
                            "count": 0, 
                            "value": 0
                        }, 
                        {
                            "name": "Ginnie Mae", 
                            "count": 0, 
                            "value": 0
                        }, 
                        {
                            "name": "Freddie Mac", 
                            "count": 0, 
                            "value": 0
                        }, 
                        {
                            "name": "Farmer Mac", 
                            "count": 0, 
                            "value": 0
                        }, 
                        {
                            "name": "Private Securitization", 
                            "count": 0, 
                            "value": 0
                        }, 
                        {
                            "name": "Commercial bank, savings bank or association", 
                            "count": 0, 
                            "value": 0
                        }, 
                        {
                            "name": "Life insurance co., credit union, finance co.", 
                            "count": 0, 
                            "value": 0
                        }, 
                        {
                            "name": "Affiliate institution", 
                            "count": 0, 
                            "value": 0
                        }, 
                        {
                            "name": "Other", 
                            "count": 0, 
                            "value": 0
                        }
                    ]
                }
            ]
        }, 
        {
            "characteristic": "Income", 
            "incomelevels": [
                {
                    "incomelevel": "Low income", 
                    "purchasers": [
                        {
                            "name": "Fannie Mae", 
                            "count": 3, 
                            "value": 339
                        }, 
                        {
                            "name": "Ginnie Mae", 
                            "count": 2, 
                            "value": 88
                        }, 
                        {
                            "name": "Freddie Mac", 
                            "count": 0, 
                            "value": 0
                        }, 
                        {
                            "name": "Farmer Mac", 
                            "count": 0, 
                            "value": 0
                        }, 
                        {
                            "name": "Private Securitization", 
                            "count": 0, 
                            "value": 0
                        }, 
                        {
                            "name": "Commercial bank, savings bank or association", 
                            "count": 1, 
                            "value": 39
                        }, 
                        {
                            "name": "Life insurance co., credit union, finance co.", 
                            "count": 1, 
                            "value": 111
                        }, 
                        {
                            "name": "Affiliate institution", 
                            "count": 0, 
                            "value": 0
                        }, 
                        {
                            "name": "Other", 
                            "count": 30, 
                            "value": 2302
                        }
                    ]
                }, 
                {
                    "incomelevel": "Moderate income", 
                    "purchasers": [
                        {
                            "name": "Fannie Mae", 
                            "count": 129, 
                            "value": 18321
                        }, 
                        {
                            "name": "Ginnie Mae", 
                            "count": 95, 
                            "value": 12797
                        }, 
                        {
                            "name": "Freddie Mac", 
                            "count": 69, 
                            "value": 9959
                        }, 
                        {
                            "name": "Farmer Mac", 
                            "count": 0, 
                            "value": 0
                        }, 
                        {
                            "name": "Private Securitization", 
                            "count": 2, 
                            "value": 243
                        }, 
                        {
                            "name": "Commercial bank, savings bank or association", 
                            "count": 43, 
                            "value": 4825
                        }, 
                        {
                            "name": "Life insurance co., credit union, finance co.", 
                            "count": 24, 
                            "value": 2694
                        }, 
                        {
                            "name": "Affiliate institution", 
                            "count": 11, 
                            "value": 1584
                        }, 
                        {
                            "name": "Other", 
                            "count": 703, 
                            "value": 85351
                        }
                    ]
                }, 
                {
                    "incomelevel": "Middle income", 
                    "purchasers": [
                        {
                            "name": "Fannie Mae", 
                            "count": 700, 
                            "value": 115810
                        }, 
                        {
                            "name": "Ginnie Mae", 
                            "count": 868, 
                            "value": 156159
                        }, 
                        {
                            "name": "Freddie Mac", 
                            "count": 469, 
                            "value": 78783
                        }, 
                        {
                            "name": "Farmer Mac", 
                            "count": 0, 
                            "value": 0
                        }, 
                        {
                            "name": "Private Securitization", 
                            "count": 23, 
                            "value": 3760
                        }, 
                        {
                            "name": "Commercial bank, savings bank or association", 
                            "count": 342, 
                            "value": 61233
                        }, 
                        {
                            "name": "Life insurance co., credit union, finance co.", 
                            "count": 141, 
                            "value": 23050
                        }, 
                        {
                            "name": "Affiliate institution", 
                            "count": 73, 
                            "value": 12452
                        }, 
                        {
                            "name": "Other", 
                            "count": 3678, 
                            "value": 540684
                        }
                    ]
                }, 
                {
                    "incomelevel": "Upper income", 
                    "purchasers": [
                        {
                            "name": "Fannie Mae", 
                            "count": 367, 
                            "value": 68731
                        }, 
                        {
                            "name": "Ginnie Mae", 
                            "count": 366, 
                            "value": 72303
                        }, 
                        {
                            "name": "Freddie Mac", 
                            "count": 273, 
                            "value": 48589
                        }, 
                        {
                            "name": "Farmer Mac", 
                            "count": 0, 
                            "value": 0
                        }, 
                        {
                            "name": "Private Securitization", 
                            "count": 13, 
                            "value": 2408
                        }, 
                        {
                            "name": "Commercial bank, savings bank or association", 
                            "count": 166, 
                            "value": 32307
                        }, 
                        {
                            "name": "Life insurance co., credit union, finance co.", 
                            "count": 97, 
                            "value": 17339
                        }, 
                        {
                            "name": "Affiliate institution", 
                            "count": 42, 
                            "value": 8270
                        }, 
                        {
                            "name": "Other", 
                            "count": 1896, 
                            "value": 390540
                        }
                    ]
                }
            ]
        }
    ], 
    "total": {
        "purchasers": [
            {
                "name": "Fannie Mae", 
                "count": 1199, 
                "value": 203201
            }, 
            {
                "name": "Ginnie Mae", 
                "count": 1331, 
                "value": 241347
            }, 
            {
                "name": "Freddie Mac", 
                "count": 811, 
                "value": 137331
            }, 
            {
                "name": "Farmer Mac", 
                "count": 0, 
                "value": 0
            }, 
            {
                "name": "Private Securitization", 
                "count": 38, 
                "value": 6411
            }, 
            {
                "name": "Commercial bank, savings bank or association", 
                "count": 552, 
                "value": 98404
            }, 
            {
                "name": "Life insurance co., credit union, finance co.", 
                "count": 263, 
                "value": 43194
            }, 
            {
                "name": "Affiliate institution", 
                "count": 126, 
                "value": 22306
            }, 
            {
                "name": "Other", 
                "count": 6307, 
                "value": 1018877
            }
        ]
    }
}