{
    "table": "3-1", 
    "type": "Aggregate", 
    "desc": "Loans sold, by characteristics of borrower and census tract in which property is located and by type of purchaser (includes originations and purchased loans),", 
    "year": "2012", 
    "msa": {
        "id": "42100", 
        "name": "Santa-Cruz-Watsonville", 
        "state": "CA", 
        "state_name": "California"
    }, 
    "borrowercharacteristics": [
        {
            "characteristic": "Race", 
            "races": [
                {
                    "race": "American Indian/Alaska Native", 
                    "purchasers": [
                        {
                            "name": "Fannie Mae", 
                            "count": 11, 
                            "value": 3790.0
                        }, 
                        {
                            "name": "Ginnie Mae", 
                            "count": 1, 
                            "value": 238.0
                        }, 
                        {
                            "name": "Freddie Mac", 
                            "count": 1, 
                            "value": 311.0
                        }, 
                        {
                            "name": "Farmer Mac", 
                            "count": 0, 
                            "value": 0
                        }, 
                        {
                            "name": "Private Securitization", 
                            "count": 0, 
                            "value": 0
                        }, 
                        {
                            "name": "Commercial bank, savings bank or association", 
                            "count": 2, 
                            "value": 1033.0
                        }, 
                        {
                            "name": "Life insurance co., credit union, finance co.", 
                            "count": 1, 
                            "value": 160.0
                        }, 
                        {
                            "name": "Affiliate institution", 
                            "count": 0, 
                            "value": 0
                        }, 
                        {
                            "name": "Other", 
                            "count": 19, 
                            "value": 5711.0
                        }
                    ]
                }, 
                {
                    "race": "Asian", 
                    "purchasers": [
                        {
                            "name": "Fannie Mae", 
                            "count": 2, 
                            "value": 433.0
                        }, 
                        {
                            "name": "Ginnie Mae", 
                            "count": 2, 
                            "value": 428.0
                        }, 
                        {
                            "name": "Freddie Mac", 
                            "count": 3, 
                            "value": 739.0
                        }, 
                        {
                            "name": "Farmer Mac", 
                            "count": 0, 
                            "value": 0
                        }, 
                        {
                            "name": "Private Securitization", 
                            "count": 0, 
                            "value": 0
                        }, 
                        {
                            "name": "Commercial bank, savings bank or association", 
                            "count": 0, 
                            "value": 0
                        }, 
                        {
                            "name": "Life insurance co., credit union, finance co.", 
                            "count": 0, 
                            "value": 0
                        }, 
                        {
                            "name": "Affiliate institution", 
                            "count": 1, 
                            "value": 191.0
                        }, 
                        {
                            "name": "Other", 
                            "count": 17, 
                            "value": 5127.0
                        }
                    ]
                }, 
                {
                    "race": "Black or African American", 
                    "purchasers": [
                        {
                            "name": "Fannie Mae", 
                            "count": 164, 
                            "value": 54031.0
                        }, 
                        {
                            "name": "Ginnie Mae", 
                            "count": 6, 
                            "value": 1964.0
                        }, 
                        {
                            "name": "Freddie Mac", 
                            "count": 48, 
                            "value": 17824.0
                        }, 
                        {
                            "name": "Farmer Mac", 
                            "count": 0, 
                            "value": 0
                        }, 
                        {
                            "name": "Private Securitization", 
                            "count": 0, 
                            "value": 0
                        }, 
                        {
                            "name": "Commercial bank, savings bank or association", 
                            "count": 23, 
                            "value": 8371.0
                        }, 
                        {
                            "name": "Life insurance co., credit union, finance co.", 
                            "count": 16, 
                            "value": 6227.0
                        }, 
                        {
                            "name": "Affiliate institution", 
                            "count": 4, 
                            "value": 1406.0
                        }, 
                        {
                            "name": "Other", 
                            "count": 182, 
                            "value": 73416.0
                        }
                    ]
                }, 
                {
                    "race": "Native Hawaiian or Other Pacific Islander", 
                    "purchasers": [
                        {
                            "name": "Fannie Mae", 
                            "count": 9, 
                            "value": 2785.0
                        }, 
                        {
                            "name": "Ginnie Mae", 
                            "count": 3, 
                            "value": 973.0
                        }, 
                        {
                            "name": "Freddie Mac", 
                            "count": 5, 
                            "value": 1879.0
                        }, 
                        {
                            "name": "Farmer Mac", 
                            "count": 0, 
                            "value": 0
                        }, 
                        {
                            "name": "Private Securitization", 
                            "count": 0, 
                            "value": 0
                        }, 
                        {
                            "name": "Commercial bank, savings bank or association", 
                            "count": 4, 
                            "value": 2137.0
                        }, 
                        {
                            "name": "Life insurance co., credit union, finance co.", 
                            "count": 0, 
                            "value": 0
                        }, 
                        {
                            "name": "Affiliate institution", 
                            "count": 1, 
                            "value": 174.0
                        }, 
                        {
                            "name": "Other", 
                            "count": 28, 
                            "value": 8810.0
                        }
                    ]
                }, 
                {
                    "race": "White", 
                    "purchasers": [
                        {
                            "name": "Fannie Mae", 
                            "count": 4, 
                            "value": 788.0
                        }, 
                        {
                            "name": "Ginnie Mae", 
                            "count": 3, 
                            "value": 1166.0
                        }, 
                        {
                            "name": "Freddie Mac", 
                            "count": 2, 
                            "value": 657.0
                        }, 
                        {
                            "name": "Farmer Mac", 
                            "count": 0, 
                            "value": 0
                        }, 
                        {
                            "name": "Private Securitization", 
                            "count": 0, 
                            "value": 0
                        }, 
                        {
                            "name": "Commercial bank, savings bank or association", 
                            "count": 3, 
                            "value": 877.0
                        }, 
                        {
                            "name": "Life insurance co., credit union, finance co.", 
                            "count": 1, 
                            "value": 329.0
                        }, 
                        {
                            "name": "Affiliate institution", 
                            "count": 0, 
                            "value": 0
                        }, 
                        {
                            "name": "Other", 
                            "count": 16, 
                            "value": 5292.0
                        }
                    ]
                }, 
                {
                    "race": "2 or more minority races", 
                    "purchasers": [
                        {
                            "name": "Fannie Mae", 
                            "count": 4790, 
                            "value": 1541455.0
                        }, 
                        {
                            "name": "Ginnie Mae", 
                            "count": 637, 
                            "value": 247693.0
                        }, 
                        {
                            "name": "Freddie Mac", 
                            "count": 1578, 
                            "value": 530301.0
                        }, 
                        {
                            "name": "Farmer Mac", 
                            "count": 0, 
                            "value": 0
                        }, 
                        {
                            "name": "Private Securitization", 
                            "count": 102, 
                            "value": 32724.0
                        }, 
                        {
                            "name": "Commercial bank, savings bank or association", 
                            "count": 1047, 
                            "value": 406377.0
                        }, 
                        {
                            "name": "Life insurance co., credit union, finance co.", 
                            "count": 305, 
                            "value": 110680.0
                        }, 
                        {
                            "name": "Affiliate institution", 
                            "count": 114, 
                            "value": 34238.0
                        }, 
                        {
                            "name": "Other", 
                            "count": 6149, 
                            "value": 2231211.0
                        }
                    ]
                }, 
                {
                    "race": "Joint (White/Minority Race", 
                    "purchasers": [
                        {
                            "name": "Fannie Mae", 
                            "count": 120, 
                            "value": 39918.0
                        }, 
                        {
                            "name": "Ginnie Mae", 
                            "count": 14, 
                            "value": 6003.0
                        }, 
                        {
                            "name": "Freddie Mac", 
                            "count": 60, 
                            "value": 23792.0
                        }, 
                        {
                            "name": "Farmer Mac", 
                            "count": 0, 
                            "value": 0
                        }, 
                        {
                            "name": "Private Securitization", 
                            "count": 7, 
                            "value": 1960.0
                        }, 
                        {
                            "name": "Commercial bank, savings bank or association", 
                            "count": 24, 
                            "value": 10530.0
                        }, 
                        {
                            "name": "Life insurance co., credit union, finance co.", 
                            "count": 12, 
                            "value": 4926.0
                        }, 
                        {
                            "name": "Affiliate institution", 
                            "count": 3, 
                            "value": 1064.0
                        }, 
                        {
                            "name": "Other", 
                            "count": 166, 
                            "value": 68159.0
                        }
                    ]
                }, 
                {
                    "race": "Not Available", 
                    "purchasers": [
                        {
                            "name": "Fannie Mae", 
                            "count": 1205, 
                            "value": 397591.0
                        }, 
                        {
                            "name": "Ginnie Mae", 
                            "count": 116, 
                            "value": 50242.0
                        }, 
                        {
                            "name": "Freddie Mac", 
                            "count": 491, 
                            "value": 170202.0
                        }, 
                        {
                            "name": "Farmer Mac", 
                            "count": 0, 
                            "value": 0
                        }, 
                        {
                            "name": "Private Securitization", 
                            "count": 16, 
                            "value": 7563.0
                        }, 
                        {
                            "name": "Commercial bank, savings bank or association", 
                            "count": 140, 
                            "value": 57043.0
                        }, 
                        {
                            "name": "Life insurance co., credit union, finance co.", 
                            "count": 53, 
                            "value": 20985.0
                        }, 
                        {
                            "name": "Affiliate institution", 
                            "count": 102, 
                            "value": 34813.0
                        }, 
                        {
                            "name": "Other", 
                            "count": 1424, 
                            "value": 582311.0
                        }
                    ]
                }
            ]
        }, 
        {
            "characteristic": "Ethnicity", 
            "ethnicities": [
                {
                    "ethnicity": "Hispanic or Latino", 
                    "purchasers": [
                        {
                            "name": "Fannie Mae", 
                            "count": 324, 
                            "value": 80944
                        }, 
                        {
                            "name": "Ginnie Mae", 
                            "count": 159, 
                            "value": 44294
                        }, 
                        {
                            "name": "Freddie Mac", 
                            "count": 100, 
                            "value": 26457
                        }, 
                        {
                            "name": "Farmer Mac", 
                            "count": 0, 
                            "value": 0
                        }, 
                        {
                            "name": "Private Securitization", 
                            "count": 2, 
                            "value": 274
                        }, 
                        {
                            "name": "Commercial bank, savings bank or association", 
                            "count": 74, 
                            "value": 19748
                        }, 
                        {
                            "name": "Life insurance co., credit union, finance co.", 
                            "count": 22, 
                            "value": 6155
                        }, 
                        {
                            "name": "Affiliate institution", 
                            "count": 16, 
                            "value": 4882
                        }, 
                        {
                            "name": "Other", 
                            "count": 671, 
                            "value": 171206
                        }
                    ]
                }, 
                {
                    "ethnicity": "Not Hispanic or Latino", 
                    "purchasers": [
                        {
                            "name": "Fannie Mae", 
                            "count": 4683, 
                            "value": 1532969
                        }, 
                        {
                            "name": "Ginnie Mae", 
                            "count": 487, 
                            "value": 204960
                        }, 
                        {
                            "name": "Freddie Mac", 
                            "count": 1544, 
                            "value": 530829
                        }, 
                        {
                            "name": "Farmer Mac", 
                            "count": 0, 
                            "value": 0
                        }, 
                        {
                            "name": "Private Securitization", 
                            "count": 101, 
                            "value": 33000
                        }, 
                        {
                            "name": "Commercial bank, savings bank or association", 
                            "count": 996, 
                            "value": 396281
                        }, 
                        {
                            "name": "Life insurance co., credit union, finance co.", 
                            "count": 294, 
                            "value": 108807
                        }, 
                        {
                            "name": "Affiliate institution", 
                            "count": 107, 
                            "value": 31966
                        }, 
                        {
                            "name": "Other", 
                            "count": 5790, 
                            "value": 2184283
                        }
                    ]
                }, 
                {
                    "ethnicity": "Joint (Hispanic or Latino/Not Hispanic or Latino", 
                    "purchasers": [
                        {
                            "name": "Fannie Mae", 
                            "count": 135, 
                            "value": 44922
                        }, 
                        {
                            "name": "Ginnie Mae", 
                            "count": 23, 
                            "value": 9994
                        }, 
                        {
                            "name": "Freddie Mac", 
                            "count": 54, 
                            "value": 18201
                        }, 
                        {
                            "name": "Farmer Mac", 
                            "count": 0, 
                            "value": 0
                        }, 
                        {
                            "name": "Private Securitization", 
                            "count": 4, 
                            "value": 821
                        }, 
                        {
                            "name": "Commercial bank, savings bank or association", 
                            "count": 41, 
                            "value": 16818
                        }, 
                        {
                            "name": "Life insurance co., credit union, finance co.", 
                            "count": 13, 
                            "value": 5147
                        }, 
                        {
                            "name": "Affiliate institution", 
                            "count": 7, 
                            "value": 2891
                        }, 
                        {
                            "name": "Other", 
                            "count": 168, 
                            "value": 64449
                        }
                    ]
                }, 
                {
                    "ethnicity": "Ethnicity Not Available", 
                    "purchasers": [
                        {
                            "name": "Fannie Mae", 
                            "count": 1163, 
                            "value": 381956
                        }, 
                        {
                            "name": "Ginnie Mae", 
                            "count": 113, 
                            "value": 49459
                        }, 
                        {
                            "name": "Freddie Mac", 
                            "count": 490, 
                            "value": 170218
                        }, 
                        {
                            "name": "Farmer Mac", 
                            "count": 0, 
                            "value": 0
                        }, 
                        {
                            "name": "Private Securitization", 
                            "count": 18, 
                            "value": 8152
                        }, 
                        {
                            "name": "Commercial bank, savings bank or association", 
                            "count": 132, 
                            "value": 53521
                        }, 
                        {
                            "name": "Life insurance co., credit union, finance co.", 
                            "count": 59, 
                            "value": 23198
                        }, 
                        {
                            "name": "Affiliate institution", 
                            "count": 95, 
                            "value": 32147
                        }, 
                        {
                            "name": "Other", 
                            "count": 1372, 
                            "value": 560099
                        }
                    ]
                }
            ]
        }, 
        {
            "characteristic": "Minority Status", 
            "minoritystatuses": [
                {
                    "minoritystatus": "White Non-Hispanic", 
                    "purchasers": [
                        {
                            "name": "Fannie Mae", 
                            "count": 5558, 
                            "value": 1819174
                        }, 
                        {
                            "name": "Ginnie Mae", 
                            "count": 581, 
                            "value": 246920
                        }, 
                        {
                            "name": "Freddie Mac", 
                            "count": 1925, 
                            "value": 659068
                        }, 
                        {
                            "name": "Farmer Mac", 
                            "count": 0, 
                            "value": 0
                        }, 
                        {
                            "name": "Private Securitization", 
                            "count": 112, 
                            "value": 39192
                        }, 
                        {
                            "name": "Commercial bank, savings bank or association", 
                            "count": 1075, 
                            "value": 428166
                        }, 
                        {
                            "name": "Life insurance co., credit union, finance co.", 
                            "count": 323, 
                            "value": 120363
                        }, 
                        {
                            "name": "Affiliate institution", 
                            "count": 193, 
                            "value": 61278
                        }, 
                        {
                            "name": "Other", 
                            "count": 6775, 
                            "value": 2590665
                        }
                    ]
                }, 
                {
                    "minoritystatus": "Others, Including Hispanic", 
                    "purchasers": [
                        {
                            "name": "Fannie Mae", 
                            "count": 747, 
                            "value": 221617
                        }, 
                        {
                            "name": "Ginnie Mae", 
                            "count": 201, 
                            "value": 61787
                        }, 
                        {
                            "name": "Freddie Mac", 
                            "count": 263, 
                            "value": 86637
                        }, 
                        {
                            "name": "Farmer Mac", 
                            "count": 0, 
                            "value": 0
                        }, 
                        {
                            "name": "Private Securitization", 
                            "count": 13, 
                            "value": 3055
                        }, 
                        {
                            "name": "Commercial bank, savings bank or association", 
                            "count": 168, 
                            "value": 58202
                        }, 
                        {
                            "name": "Life insurance co., credit union, finance co.", 
                            "count": 65, 
                            "value": 22944
                        }, 
                        {
                            "name": "Affiliate institution", 
                            "count": 32, 
                            "value": 10608
                        }, 
                        {
                            "name": "Other", 
                            "count": 1226, 
                            "value": 389372
                        }
                    ]
                }
            ]
        }, 
        {
            "characteristic": "Applicant Income", 
            "applicantincomes": [
                {
                    "applicantincome": "Less than 50% of MSA/MD median", 
                    "purchasers": [
                        {
                            "name": "Fannie Mae", 
                            "count": 348, 
                            "value": 63178
                        }, 
                        {
                            "name": "Ginnie Mae", 
                            "count": 24, 
                            "value": 4424
                        }, 
                        {
                            "name": "Freddie Mac", 
                            "count": 117, 
                            "value": 23543
                        }, 
                        {
                            "name": "Farmer Mac", 
                            "count": 0, 
                            "value": 0
                        }, 
                        {
                            "name": "Private Securitization", 
                            "count": 4, 
                            "value": 643
                        }, 
                        {
                            "name": "Commercial bank, savings bank or association", 
                            "count": 35, 
                            "value": 6595
                        }, 
                        {
                            "name": "Life insurance co., credit union, finance co.", 
                            "count": 8, 
                            "value": 1527
                        }, 
                        {
                            "name": "Affiliate institution", 
                            "count": 23, 
                            "value": 4730
                        }, 
                        {
                            "name": "Other", 
                            "count": 748, 
                            "value": 148054
                        }
                    ]
                }, 
                {
                    "applicantincome": "50-79% of MSA/MD median", 
                    "purchasers": [
                        {
                            "name": "Fannie Mae", 
                            "count": 851, 
                            "value": 201076
                        }, 
                        {
                            "name": "Ginnie Mae", 
                            "count": 117, 
                            "value": 29746
                        }, 
                        {
                            "name": "Freddie Mac", 
                            "count": 286, 
                            "value": 68642
                        }, 
                        {
                            "name": "Farmer Mac", 
                            "count": 0, 
                            "value": 0
                        }, 
                        {
                            "name": "Private Securitization", 
                            "count": 20, 
                            "value": 4705
                        }, 
                        {
                            "name": "Commercial bank, savings bank or association", 
                            "count": 151, 
                            "value": 38940
                        }, 
                        {
                            "name": "Life insurance co., credit union, finance co.", 
                            "count": 46, 
                            "value": 10856
                        }, 
                        {
                            "name": "Affiliate institution", 
                            "count": 26, 
                            "value": 5910
                        }, 
                        {
                            "name": "Other", 
                            "count": 1240, 
                            "value": 301518
                        }
                    ]
                }, 
                {
                    "applicantincome": "80-99% of MSA/MD median", 
                    "purchasers": [
                        {
                            "name": "Fannie Mae", 
                            "count": 833, 
                            "value": 237178
                        }, 
                        {
                            "name": "Ginnie Mae", 
                            "count": 94, 
                            "value": 31175
                        }, 
                        {
                            "name": "Freddie Mac", 
                            "count": 226, 
                            "value": 65246
                        }, 
                        {
                            "name": "Farmer Mac", 
                            "count": 0, 
                            "value": 0
                        }, 
                        {
                            "name": "Private Securitization", 
                            "count": 14, 
                            "value": 3437
                        }, 
                        {
                            "name": "Commercial bank, savings bank or association", 
                            "count": 143, 
                            "value": 45019
                        }, 
                        {
                            "name": "Life insurance co., credit union, finance co.", 
                            "count": 40, 
                            "value": 12422
                        }, 
                        {
                            "name": "Affiliate institution", 
                            "count": 34, 
                            "value": 9424
                        }, 
                        {
                            "name": "Other", 
                            "count": 961, 
                            "value": 278249
                        }
                    ]
                }, 
                {
                    "applicantincome": "100-119% of MSA/MD median", 
                    "purchasers": [
                        {
                            "name": "Fannie Mae", 
                            "count": 668, 
                            "value": 213188
                        }, 
                        {
                            "name": "Ginnie Mae", 
                            "count": 79, 
                            "value": 30169
                        }, 
                        {
                            "name": "Freddie Mac", 
                            "count": 247, 
                            "value": 81038
                        }, 
                        {
                            "name": "Farmer Mac", 
                            "count": 0, 
                            "value": 0
                        }, 
                        {
                            "name": "Private Securitization", 
                            "count": 14, 
                            "value": 4440
                        }, 
                        {
                            "name": "Commercial bank, savings bank or association", 
                            "count": 141, 
                            "value": 50660
                        }, 
                        {
                            "name": "Life insurance co., credit union, finance co.", 
                            "count": 40, 
                            "value": 12994
                        }, 
                        {
                            "name": "Affiliate institution", 
                            "count": 23, 
                            "value": 6849
                        }, 
                        {
                            "name": "Other", 
                            "count": 735, 
                            "value": 237108
                        }
                    ]
                }, 
                {
                    "applicantincome": "120% or more of MSA/MD median", 
                    "purchasers": [
                        {
                            "name": "Fannie Mae", 
                            "count": 3305, 
                            "value": 1223116
                        }, 
                        {
                            "name": "Ginnie Mae", 
                            "count": 225, 
                            "value": 113937
                        }, 
                        {
                            "name": "Freddie Mac", 
                            "count": 1087, 
                            "value": 421604
                        }, 
                        {
                            "name": "Farmer Mac", 
                            "count": 0, 
                            "value": 0
                        }, 
                        {
                            "name": "Private Securitization", 
                            "count": 73, 
                            "value": 29022
                        }, 
                        {
                            "name": "Commercial bank, savings bank or association", 
                            "count": 712, 
                            "value": 318663
                        }, 
                        {
                            "name": "Life insurance co., credit union, finance co.", 
                            "count": 234, 
                            "value": 95875
                        }, 
                        {
                            "name": "Affiliate institution", 
                            "count": 117, 
                            "value": 43430
                        }, 
                        {
                            "name": "Other", 
                            "count": 3816, 
                            "value": 1768240
                        }
                    ]
                }, 
                {
                    "applicantincome": "income not available", 
                    "purchasers": [
                        {
                            "name": "Fannie Mae", 
                            "count": 300, 
                            "value": 103055
                        }, 
                        {
                            "name": "Ginnie Mae", 
                            "count": 243, 
                            "value": 99256
                        }, 
                        {
                            "name": "Freddie Mac", 
                            "count": 225, 
                            "value": 85632
                        }, 
                        {
                            "name": "Farmer Mac", 
                            "count": 0, 
                            "value": 0
                        }, 
                        {
                            "name": "Private Securitization", 
                            "count": 0, 
                            "value": 0
                        }, 
                        {
                            "name": "Commercial bank, savings bank or association", 
                            "count": 61, 
                            "value": 26491
                        }, 
                        {
                            "name": "Life insurance co., credit union, finance co.", 
                            "count": 20, 
                            "value": 9633
                        }, 
                        {
                            "name": "Affiliate institution", 
                            "count": 2, 
                            "value": 1543
                        }, 
                        {
                            "name": "Other", 
                            "count": 501, 
                            "value": 246868
                        }
                    ]
                }
            ]
        }
    ], 
    "censuscharacteristics": [
        {
            "characteristic": "Racial/Ethnic Composition", 
            "tractpctminorities": [
                {
                    "tractpctminority": "Less than 10% minority", 
                    "purchasers": [
                        {
                            "name": "Fannie Mae", 
                            "count": 0, 
                            "value": 0
                        }, 
                        {
                            "name": "Ginnie Mae", 
                            "count": 0, 
                            "value": 0
                        }, 
                        {
                            "name": "Freddie Mac", 
                            "count": 0, 
                            "value": 0
                        }, 
                        {
                            "name": "Farmer Mac", 
                            "count": 0, 
                            "value": 0
                        }, 
                        {
                            "name": "Private Securitization", 
                            "count": 0, 
                            "value": 0
                        }, 
                        {
                            "name": "Commercial bank, savings bank or association", 
                            "count": 0, 
                            "value": 0
                        }, 
                        {
                            "name": "Life insurance co., credit union, finance co.", 
                            "count": 0, 
                            "value": 0
                        }, 
                        {
                            "name": "Affiliate institution", 
                            "count": 0, 
                            "value": 0
                        }, 
                        {
                            "name": "Other", 
                            "count": 0, 
                            "value": 0
                        }
                    ]
                }, 
                {
                    "tractpctminority": "10-19% minority", 
                    "purchasers": [
                        {
                            "name": "Fannie Mae", 
                            "count": 5688, 
                            "value": 1899102
                        }, 
                        {
                            "name": "Ginnie Mae", 
                            "count": 541, 
                            "value": 241628
                        }, 
                        {
                            "name": "Freddie Mac", 
                            "count": 1975, 
                            "value": 694252
                        }, 
                        {
                            "name": "Farmer Mac", 
                            "count": 0, 
                            "value": 0
                        }, 
                        {
                            "name": "Private Securitization", 
                            "count": 107, 
                            "value": 38452
                        }, 
                        {
                            "name": "Commercial bank, savings bank or association", 
                            "count": 1111, 
                            "value": 452438
                        }, 
                        {
                            "name": "Life insurance co., credit union, finance co.", 
                            "count": 348, 
                            "value": 132387
                        }, 
                        {
                            "name": "Affiliate institution", 
                            "count": 191, 
                            "value": 63275
                        }, 
                        {
                            "name": "Other", 
                            "count": 6944, 
                            "value": 2716612
                        }
                    ]
                }, 
                {
                    "tractpctminority": "20-49% minority", 
                    "purchasers": [
                        {
                            "name": "Fannie Mae", 
                            "count": 93, 
                            "value": 24211
                        }, 
                        {
                            "name": "Ginnie Mae", 
                            "count": 19, 
                            "value": 6044
                        }, 
                        {
                            "name": "Freddie Mac", 
                            "count": 40, 
                            "value": 10936
                        }, 
                        {
                            "name": "Farmer Mac", 
                            "count": 0, 
                            "value": 0
                        }, 
                        {
                            "name": "Private Securitization", 
                            "count": 4, 
                            "value": 868
                        }, 
                        {
                            "name": "Commercial bank, savings bank or association", 
                            "count": 24, 
                            "value": 8628
                        }, 
                        {
                            "name": "Life insurance co., credit union, finance co.", 
                            "count": 11, 
                            "value": 3353
                        }, 
                        {
                            "name": "Affiliate institution", 
                            "count": 7, 
                            "value": 1824
                        }, 
                        {
                            "name": "Other", 
                            "count": 187, 
                            "value": 54724
                        }
                    ]
                }, 
                {
                    "tractpctminority": "50-79% minority", 
                    "purchasers": [
                        {
                            "name": "Fannie Mae", 
                            "count": 524, 
                            "value": 117478
                        }, 
                        {
                            "name": "Ginnie Mae", 
                            "count": 222, 
                            "value": 61035
                        }, 
                        {
                            "name": "Freddie Mac", 
                            "count": 173, 
                            "value": 40517
                        }, 
                        {
                            "name": "Farmer Mac", 
                            "count": 0, 
                            "value": 0
                        }, 
                        {
                            "name": "Private Securitization", 
                            "count": 14, 
                            "value": 2927
                        }, 
                        {
                            "name": "Commercial bank, savings bank or association", 
                            "count": 108, 
                            "value": 25302
                        }, 
                        {
                            "name": "Life insurance co., credit union, finance co.", 
                            "count": 29, 
                            "value": 7567
                        }, 
                        {
                            "name": "Affiliate institution", 
                            "count": 27, 
                            "value": 6787
                        }, 
                        {
                            "name": "Other", 
                            "count": 870, 
                            "value": 208701
                        }
                    ]
                }, 
                {
                    "tractpctminority": "80-100% minority", 
                    "purchasers": [
                        {
                            "name": "Fannie Mae", 
                            "count": 0, 
                            "value": 0
                        }, 
                        {
                            "name": "Ginnie Mae", 
                            "count": 0, 
                            "value": 0
                        }, 
                        {
                            "name": "Freddie Mac", 
                            "count": 0, 
                            "value": 0
                        }, 
                        {
                            "name": "Farmer Mac", 
                            "count": 0, 
                            "value": 0
                        }, 
                        {
                            "name": "Private Securitization", 
                            "count": 0, 
                            "value": 0
                        }, 
                        {
                            "name": "Commercial bank, savings bank or association", 
                            "count": 0, 
                            "value": 0
                        }, 
                        {
                            "name": "Life insurance co., credit union, finance co.", 
                            "count": 0, 
                            "value": 0
                        }, 
                        {
                            "name": "Affiliate institution", 
                            "count": 0, 
                            "value": 0
                        }, 
                        {
                            "name": "Other", 
                            "count": 0, 
                            "value": 0
                        }
                    ]
                }
            ]
        }, 
        {
            "characteristic": "Income", 
            "incomelevels": [
                {
                    "incomelevel": "Low income", 
                    "purchasers": [
                        {
                            "name": "Fannie Mae", 
                            "count": 25, 
                            "value": 6180
                        }, 
                        {
                            "name": "Ginnie Mae", 
                            "count": 7, 
                            "value": 1554
                        }, 
                        {
                            "name": "Freddie Mac", 
                            "count": 5, 
                            "value": 950
                        }, 
                        {
                            "name": "Farmer Mac", 
                            "count": 0, 
                            "value": 0
                        }, 
                        {
                            "name": "Private Securitization", 
                            "count": 0, 
                            "value": 0
                        }, 
                        {
                            "name": "Commercial bank, savings bank or association", 
                            "count": 4, 
                            "value": 848
                        }, 
                        {
                            "name": "Life insurance co., credit union, finance co.", 
                            "count": 0, 
                            "value": 0
                        }, 
                        {
                            "name": "Affiliate institution", 
                            "count": 0, 
                            "value": 0
                        }, 
                        {
                            "name": "Other", 
                            "count": 26, 
                            "value": 6654
                        }
                    ]
                }, 
                {
                    "incomelevel": "Moderate income", 
                    "purchasers": [
                        {
                            "name": "Fannie Mae", 
                            "count": 863, 
                            "value": 219757
                        }, 
                        {
                            "name": "Ginnie Mae", 
                            "count": 258, 
                            "value": 75605
                        }, 
                        {
                            "name": "Freddie Mac", 
                            "count": 292, 
                            "value": 77443
                        }, 
                        {
                            "name": "Farmer Mac", 
                            "count": 0, 
                            "value": 0
                        }, 
                        {
                            "name": "Private Securitization", 
                            "count": 20, 
                            "value": 4543
                        }, 
                        {
                            "name": "Commercial bank, savings bank or association", 
                            "count": 163, 
                            "value": 46046
                        }, 
                        {
                            "name": "Life insurance co., credit union, finance co.", 
                            "count": 54, 
                            "value": 16106
                        }, 
                        {
                            "name": "Affiliate institution", 
                            "count": 42, 
                            "value": 11234
                        }, 
                        {
                            "name": "Other", 
                            "count": 1368, 
                            "value": 370398
                        }
                    ]
                }, 
                {
                    "incomelevel": "Middle income", 
                    "purchasers": [
                        {
                            "name": "Fannie Mae", 
                            "count": 2788, 
                            "value": 897417
                        }, 
                        {
                            "name": "Ginnie Mae", 
                            "count": 257, 
                            "value": 113003
                        }, 
                        {
                            "name": "Freddie Mac", 
                            "count": 887, 
                            "value": 298626
                        }, 
                        {
                            "name": "Farmer Mac", 
                            "count": 0, 
                            "value": 0
                        }, 
                        {
                            "name": "Private Securitization", 
                            "count": 51, 
                            "value": 16587
                        }, 
                        {
                            "name": "Commercial bank, savings bank or association", 
                            "count": 502, 
                            "value": 199252
                        }, 
                        {
                            "name": "Life insurance co., credit union, finance co.", 
                            "count": 149, 
                            "value": 51971
                        }, 
                        {
                            "name": "Affiliate institution", 
                            "count": 85, 
                            "value": 27703
                        }, 
                        {
                            "name": "Other", 
                            "count": 3262, 
                            "value": 1239862
                        }
                    ]
                }, 
                {
                    "incomelevel": "Upper income", 
                    "purchasers": [
                        {
                            "name": "Fannie Mae", 
                            "count": 2629, 
                            "value": 917437
                        }, 
                        {
                            "name": "Ginnie Mae", 
                            "count": 260, 
                            "value": 118545
                        }, 
                        {
                            "name": "Freddie Mac", 
                            "count": 1004, 
                            "value": 368686
                        }, 
                        {
                            "name": "Farmer Mac", 
                            "count": 0, 
                            "value": 0
                        }, 
                        {
                            "name": "Private Securitization", 
                            "count": 54, 
                            "value": 21117
                        }, 
                        {
                            "name": "Commercial bank, savings bank or association", 
                            "count": 574, 
                            "value": 240222
                        }, 
                        {
                            "name": "Life insurance co., credit union, finance co.", 
                            "count": 185, 
                            "value": 75230
                        }, 
                        {
                            "name": "Affiliate institution", 
                            "count": 98, 
                            "value": 32949
                        }, 
                        {
                            "name": "Other", 
                            "count": 3345, 
                            "value": 1363123
                        }
                    ]
                }
            ]
        }
    ], 
    "total": {
        "purchasers": [
            {
                "name": "Fannie Mae", 
                "count": 6305, 
                "value": 2040791
            }, 
            {
                "name": "Ginnie Mae", 
                "count": 782, 
                "value": 308707
            }, 
            {
                "name": "Freddie Mac", 
                "count": 2188, 
                "value": 745705
            }, 
            {
                "name": "Farmer Mac", 
                "count": 0, 
                "value": 0
            }, 
            {
                "name": "Private Securitization", 
                "count": 125, 
                "value": 42247
            }, 
            {
                "name": "Commercial bank, savings bank or association", 
                "count": 1243, 
                "value": 486368
            }, 
            {
                "name": "Life insurance co., credit union, finance co.", 
                "count": 388, 
                "value": 143307
            }, 
            {
                "name": "Affiliate institution", 
                "count": 225, 
                "value": 71886
            }, 
            {
                "name": "Other", 
                "count": 8001, 
                "value": 2980037
            }
        ]
    }
}