{
    "table": "4-1", 
    "type": "Aggregate", 
    "desc": "Disposition of applications for FHA, FSA/RHS, and VA home-purchase loans, 1- to 4- family and manufactured home dwellings, by race, ethnicity, gender and income of applicant", 
    "year": "2012", 
    "report-date": "04/03/2015", 
    "msa": {
        "id": "46060", 
        "name": "Tucson", 
        "state": "AZ", 
        "state_name": "Arizona"
    }, 
    "races": [
        {
            "race": "American Indian/Alaska Native", 
            "dispositions": [
                {
                    "disposition": "Applications Received", 
                    "count": 24, 
                    "value": 3755
                }, 
                {
                    "disposition": "Loans Originated", 
                    "count": 17, 
                    "value": 2924
                }, 
                {
                    "disposition": "Apps. Approved But Not Accepted", 
                    "count": 0, 
                    "value": 0
                }, 
                {
                    "disposition": "Aplications Denied", 
                    "count": 4, 
                    "value": 545
                }, 
                {
                    "disposition": "Applications Withdrawn", 
                    "count": 3, 
                    "value": 286
                }, 
                {
                    "disposition": "Files Closed For Incompleteness", 
                    "count": 0, 
                    "value": 0
                }
            ], 
            "genders": [
                {
                    "gender": "Male", 
                    "dispositions": [
                        {
                            "disposition": "Applications Received", 
                            "count": 10, 
                            "value": 1816
                        }, 
                        {
                            "disposition": "Loans Originated", 
                            "count": 6, 
                            "value": 1215
                        }, 
                        {
                            "disposition": "Apps. Approved But Not Accepted", 
                            "count": 0, 
                            "value": 0
                        }, 
                        {
                            "disposition": "Aplications Denied", 
                            "count": 2, 
                            "value": 437
                        }, 
                        {
                            "disposition": "Applications Withdrawn", 
                            "count": 2, 
                            "value": 164
                        }, 
                        {
                            "disposition": "Files Closed For Incompleteness", 
                            "count": 0, 
                            "value": 0
                        }
                    ]
                }, 
                {
                    "gender": "Female", 
                    "dispositions": [
                        {
                            "disposition": "Applications Received", 
                            "count": 10, 
                            "value": 1073
                        }, 
                        {
                            "disposition": "Loans Originated", 
                            "count": 7, 
                            "value": 843
                        }, 
                        {
                            "disposition": "Apps. Approved But Not Accepted", 
                            "count": 0, 
                            "value": 0
                        }, 
                        {
                            "disposition": "Aplications Denied", 
                            "count": 2, 
                            "value": 108
                        }, 
                        {
                            "disposition": "Applications Withdrawn", 
                            "count": 1, 
                            "value": 122
                        }, 
                        {
                            "disposition": "Files Closed For Incompleteness", 
                            "count": 0, 
                            "value": 0
                        }
                    ]
                }, 
                {
                    "gender": "Joint (Male/Female)", 
                    "dispositions": [
                        {
                            "disposition": "Applications Received", 
                            "count": 4, 
                            "value": 866
                        }, 
                        {
                            "disposition": "Loans Originated", 
                            "count": 4, 
                            "value": 866
                        }, 
                        {
                            "disposition": "Apps. Approved But Not Accepted", 
                            "count": 0, 
                            "value": 0
                        }, 
                        {
                            "disposition": "Aplications Denied", 
                            "count": 0, 
                            "value": 0
                        }, 
                        {
                            "disposition": "Applications Withdrawn", 
                            "count": 0, 
                            "value": 0
                        }, 
                        {
                            "disposition": "Files Closed For Incompleteness", 
                            "count": 0, 
                            "value": 0
                        }
                    ]
                }
            ]
        }, 
        {
            "race": "Asian", 
            "dispositions": [
                {
                    "disposition": "Applications Received", 
                    "count": 66, 
                    "value": 9456
                }, 
                {
                    "disposition": "Loans Originated", 
                    "count": 42, 
                    "value": 5986
                }, 
                {
                    "disposition": "Apps. Approved But Not Accepted", 
                    "count": 1, 
                    "value": 72
                }, 
                {
                    "disposition": "Aplications Denied", 
                    "count": 14, 
                    "value": 2165
                }, 
                {
                    "disposition": "Applications Withdrawn", 
                    "count": 8, 
                    "value": 1116
                }, 
                {
                    "disposition": "Files Closed For Incompleteness", 
                    "count": 1, 
                    "value": 117
                }
            ], 
            "genders": [
                {
                    "gender": "Male", 
                    "dispositions": [
                        {
                            "disposition": "Applications Received", 
                            "count": 27, 
                            "value": 3814
                        }, 
                        {
                            "disposition": "Loans Originated", 
                            "count": 20, 
                            "value": 2978
                        }, 
                        {
                            "disposition": "Apps. Approved But Not Accepted", 
                            "count": 0, 
                            "value": 0
                        }, 
                        {
                            "disposition": "Aplications Denied", 
                            "count": 6, 
                            "value": 704
                        }, 
                        {
                            "disposition": "Applications Withdrawn", 
                            "count": 1, 
                            "value": 132
                        }, 
                        {
                            "disposition": "Files Closed For Incompleteness", 
                            "count": 0, 
                            "value": 0
                        }
                    ]
                }, 
                {
                    "gender": "Female", 
                    "dispositions": [
                        {
                            "disposition": "Applications Received", 
                            "count": 29, 
                            "value": 3563
                        }, 
                        {
                            "disposition": "Loans Originated", 
                            "count": 17, 
                            "value": 2098
                        }, 
                        {
                            "disposition": "Apps. Approved But Not Accepted", 
                            "count": 1, 
                            "value": 72
                        }, 
                        {
                            "disposition": "Aplications Denied", 
                            "count": 5, 
                            "value": 586
                        }, 
                        {
                            "disposition": "Applications Withdrawn", 
                            "count": 6, 
                            "value": 807
                        }, 
                        {
                            "disposition": "Files Closed For Incompleteness", 
                            "count": 0, 
                            "value": 0
                        }
                    ]
                }, 
                {
                    "gender": "Joint (Male/Female)", 
                    "dispositions": [
                        {
                            "disposition": "Applications Received", 
                            "count": 10, 
                            "value": 2079
                        }, 
                        {
                            "disposition": "Loans Originated", 
                            "count": 5, 
                            "value": 910
                        }, 
                        {
                            "disposition": "Apps. Approved But Not Accepted", 
                            "count": 0, 
                            "value": 0
                        }, 
                        {
                            "disposition": "Aplications Denied", 
                            "count": 3, 
                            "value": 875
                        }, 
                        {
                            "disposition": "Applications Withdrawn", 
                            "count": 1, 
                            "value": 177
                        }, 
                        {
                            "disposition": "Files Closed For Incompleteness", 
                            "count": 1, 
                            "value": 117
                        }
                    ]
                }
            ]
        }, 
        {
            "race": "Black or African American", 
            "dispositions": [
                {
                    "disposition": "Applications Received", 
                    "count": 99, 
                    "value": 15958
                }, 
                {
                    "disposition": "Loans Originated", 
                    "count": 75, 
                    "value": 12579
                }, 
                {
                    "disposition": "Apps. Approved But Not Accepted", 
                    "count": 0, 
                    "value": 0
                }, 
                {
                    "disposition": "Aplications Denied", 
                    "count": 11, 
                    "value": 1561
                }, 
                {
                    "disposition": "Applications Withdrawn", 
                    "count": 6, 
                    "value": 821
                }, 
                {
                    "disposition": "Files Closed For Incompleteness", 
                    "count": 7, 
                    "value": 997
                }
            ], 
            "genders": [
                {
                    "gender": "Male", 
                    "dispositions": [
                        {
                            "disposition": "Applications Received", 
                            "count": 53, 
                            "value": 8324
                        }, 
                        {
                            "disposition": "Loans Originated", 
                            "count": 39, 
                            "value": 6619
                        }, 
                        {
                            "disposition": "Apps. Approved But Not Accepted", 
                            "count": 0, 
                            "value": 0
                        }, 
                        {
                            "disposition": "Aplications Denied", 
                            "count": 6, 
                            "value": 740
                        }, 
                        {
                            "disposition": "Applications Withdrawn", 
                            "count": 5, 
                            "value": 536
                        }, 
                        {
                            "disposition": "Files Closed For Incompleteness", 
                            "count": 3, 
                            "value": 429
                        }
                    ]
                }, 
                {
                    "gender": "Female", 
                    "dispositions": [
                        {
                            "disposition": "Applications Received", 
                            "count": 24, 
                            "value": 3402
                        }, 
                        {
                            "disposition": "Loans Originated", 
                            "count": 20, 
                            "value": 2864
                        }, 
                        {
                            "disposition": "Apps. Approved But Not Accepted", 
                            "count": 0, 
                            "value": 0
                        }, 
                        {
                            "disposition": "Aplications Denied", 
                            "count": 2, 
                            "value": 248
                        }, 
                        {
                            "disposition": "Applications Withdrawn", 
                            "count": 0, 
                            "value": 0
                        }, 
                        {
                            "disposition": "Files Closed For Incompleteness", 
                            "count": 2, 
                            "value": 290
                        }
                    ]
                }, 
                {
                    "gender": "Joint (Male/Female)", 
                    "dispositions": [
                        {
                            "disposition": "Applications Received", 
                            "count": 22, 
                            "value": 4232
                        }, 
                        {
                            "disposition": "Loans Originated", 
                            "count": 16, 
                            "value": 3096
                        }, 
                        {
                            "disposition": "Apps. Approved But Not Accepted", 
                            "count": 0, 
                            "value": 0
                        }, 
                        {
                            "disposition": "Aplications Denied", 
                            "count": 3, 
                            "value": 573
                        }, 
                        {
                            "disposition": "Applications Withdrawn", 
                            "count": 1, 
                            "value": 285
                        }, 
                        {
                            "disposition": "Files Closed For Incompleteness", 
                            "count": 2, 
                            "value": 278
                        }
                    ]
                }
            ]
        }, 
        {
            "race": "Native Hawaiian or Other Pacific Islander", 
            "dispositions": [
                {
                    "disposition": "Applications Received", 
                    "count": 176, 
                    "value": 27823
                }, 
                {
                    "disposition": "Loans Originated", 
                    "count": 110, 
                    "value": 16789
                }, 
                {
                    "disposition": "Apps. Approved But Not Accepted", 
                    "count": 5, 
                    "value": 1013
                }, 
                {
                    "disposition": "Aplications Denied", 
                    "count": 38, 
                    "value": 6076
                }, 
                {
                    "disposition": "Applications Withdrawn", 
                    "count": 19, 
                    "value": 3134
                }, 
                {
                    "disposition": "Files Closed For Incompleteness", 
                    "count": 4, 
                    "value": 811
                }
            ], 
            "genders": [
                {
                    "gender": "Male", 
                    "dispositions": [
                        {
                            "disposition": "Applications Received", 
                            "count": 86, 
                            "value": 13995
                        }, 
                        {
                            "disposition": "Loans Originated", 
                            "count": 49, 
                            "value": 7630
                        }, 
                        {
                            "disposition": "Apps. Approved But Not Accepted", 
                            "count": 4, 
                            "value": 907
                        }, 
                        {
                            "disposition": "Aplications Denied", 
                            "count": 24, 
                            "value": 3791
                        }, 
                        {
                            "disposition": "Applications Withdrawn", 
                            "count": 6, 
                            "value": 1119
                        }, 
                        {
                            "disposition": "Files Closed For Incompleteness", 
                            "count": 3, 
                            "value": 548
                        }
                    ]
                }, 
                {
                    "gender": "Female", 
                    "dispositions": [
                        {
                            "disposition": "Applications Received", 
                            "count": 56, 
                            "value": 7453
                        }, 
                        {
                            "disposition": "Loans Originated", 
                            "count": 41, 
                            "value": 5642
                        }, 
                        {
                            "disposition": "Apps. Approved But Not Accepted", 
                            "count": 0, 
                            "value": 0
                        }, 
                        {
                            "disposition": "Aplications Denied", 
                            "count": 5, 
                            "value": 473
                        }, 
                        {
                            "disposition": "Applications Withdrawn", 
                            "count": 10, 
                            "value": 1338
                        }, 
                        {
                            "disposition": "Files Closed For Incompleteness", 
                            "count": 0, 
                            "value": 0
                        }
                    ]
                }, 
                {
                    "gender": "Joint (Male/Female)", 
                    "dispositions": [
                        {
                            "disposition": "Applications Received", 
                            "count": 34, 
                            "value": 6375
                        }, 
                        {
                            "disposition": "Loans Originated", 
                            "count": 20, 
                            "value": 3517
                        }, 
                        {
                            "disposition": "Apps. Approved But Not Accepted", 
                            "count": 1, 
                            "value": 106
                        }, 
                        {
                            "disposition": "Aplications Denied", 
                            "count": 9, 
                            "value": 1812
                        }, 
                        {
                            "disposition": "Applications Withdrawn", 
                            "count": 3, 
                            "value": 677
                        }, 
                        {
                            "disposition": "Files Closed For Incompleteness", 
                            "count": 1, 
                            "value": 263
                        }
                    ]
                }
            ]
        }, 
        {
            "race": "White", 
            "dispositions": [
                {
                    "disposition": "Applications Received", 
                    "count": 26, 
                    "value": 4020
                }, 
                {
                    "disposition": "Loans Originated", 
                    "count": 17, 
                    "value": 2633
                }, 
                {
                    "disposition": "Apps. Approved But Not Accepted", 
                    "count": 0, 
                    "value": 0
                }, 
                {
                    "disposition": "Aplications Denied", 
                    "count": 4, 
                    "value": 470
                }, 
                {
                    "disposition": "Applications Withdrawn", 
                    "count": 4, 
                    "value": 745
                }, 
                {
                    "disposition": "Files Closed For Incompleteness", 
                    "count": 1, 
                    "value": 172
                }
            ], 
            "genders": [
                {
                    "gender": "Male", 
                    "dispositions": [
                        {
                            "disposition": "Applications Received", 
                            "count": 8, 
                            "value": 1181
                        }, 
                        {
                            "disposition": "Loans Originated", 
                            "count": 6, 
                            "value": 937
                        }, 
                        {
                            "disposition": "Apps. Approved But Not Accepted", 
                            "count": 0, 
                            "value": 0
                        }, 
                        {
                            "disposition": "Aplications Denied", 
                            "count": 1, 
                            "value": 72
                        }, 
                        {
                            "disposition": "Applications Withdrawn", 
                            "count": 0, 
                            "value": 0
                        }, 
                        {
                            "disposition": "Files Closed For Incompleteness", 
                            "count": 1, 
                            "value": 172
                        }
                    ]
                }, 
                {
                    "gender": "Female", 
                    "dispositions": [
                        {
                            "disposition": "Applications Received", 
                            "count": 7, 
                            "value": 975
                        }, 
                        {
                            "disposition": "Loans Originated", 
                            "count": 5, 
                            "value": 604
                        }, 
                        {
                            "disposition": "Apps. Approved But Not Accepted", 
                            "count": 0, 
                            "value": 0
                        }, 
                        {
                            "disposition": "Aplications Denied", 
                            "count": 1, 
                            "value": 94
                        }, 
                        {
                            "disposition": "Applications Withdrawn", 
                            "count": 1, 
                            "value": 277
                        }, 
                        {
                            "disposition": "Files Closed For Incompleteness", 
                            "count": 0, 
                            "value": 0
                        }
                    ]
                }, 
                {
                    "gender": "Joint (Male/Female)", 
                    "dispositions": [
                        {
                            "disposition": "Applications Received", 
                            "count": 11, 
                            "value": 1864
                        }, 
                        {
                            "disposition": "Loans Originated", 
                            "count": 6, 
                            "value": 1092
                        }, 
                        {
                            "disposition": "Apps. Approved But Not Accepted", 
                            "count": 0, 
                            "value": 0
                        }, 
                        {
                            "disposition": "Aplications Denied", 
                            "count": 2, 
                            "value": 304
                        }, 
                        {
                            "disposition": "Applications Withdrawn", 
                            "count": 3, 
                            "value": 468
                        }, 
                        {
                            "disposition": "Files Closed For Incompleteness", 
                            "count": 0, 
                            "value": 0
                        }
                    ]
                }
            ]
        }, 
        {
            "race": "2 or more minority races", 
            "dispositions": [
                {
                    "disposition": "Applications Received", 
                    "count": 5888, 
                    "value": 868326
                }, 
                {
                    "disposition": "Loans Originated", 
                    "count": 4362, 
                    "value": 650918
                }, 
                {
                    "disposition": "Apps. Approved But Not Accepted", 
                    "count": 91, 
                    "value": 12497
                }, 
                {
                    "disposition": "Aplications Denied", 
                    "count": 662, 
                    "value": 95462
                }, 
                {
                    "disposition": "Applications Withdrawn", 
                    "count": 577, 
                    "value": 80978
                }, 
                {
                    "disposition": "Files Closed For Incompleteness", 
                    "count": 196, 
                    "value": 28471
                }
            ], 
            "genders": [
                {
                    "gender": "Male", 
                    "dispositions": [
                        {
                            "disposition": "Applications Received", 
                            "count": 2350, 
                            "value": 330090
                        }, 
                        {
                            "disposition": "Loans Originated", 
                            "count": 1725, 
                            "value": 245598
                        }, 
                        {
                            "disposition": "Apps. Approved But Not Accepted", 
                            "count": 38, 
                            "value": 4998
                        }, 
                        {
                            "disposition": "Aplications Denied", 
                            "count": 257, 
                            "value": 35594
                        }, 
                        {
                            "disposition": "Applications Withdrawn", 
                            "count": 248, 
                            "value": 33198
                        }, 
                        {
                            "disposition": "Files Closed For Incompleteness", 
                            "count": 82, 
                            "value": 10702
                        }
                    ]
                }, 
                {
                    "gender": "Female", 
                    "dispositions": [
                        {
                            "disposition": "Applications Received", 
                            "count": 1477, 
                            "value": 181553
                        }, 
                        {
                            "disposition": "Loans Originated", 
                            "count": 1089, 
                            "value": 135000
                        }, 
                        {
                            "disposition": "Apps. Approved But Not Accepted", 
                            "count": 18, 
                            "value": 2018
                        }, 
                        {
                            "disposition": "Aplications Denied", 
                            "count": 155, 
                            "value": 18764
                        }, 
                        {
                            "disposition": "Applications Withdrawn", 
                            "count": 165, 
                            "value": 19109
                        }, 
                        {
                            "disposition": "Files Closed For Incompleteness", 
                            "count": 50, 
                            "value": 6662
                        }
                    ]
                }, 
                {
                    "gender": "Joint (Male/Female)", 
                    "dispositions": [
                        {
                            "disposition": "Applications Received", 
                            "count": 2027, 
                            "value": 350776
                        }, 
                        {
                            "disposition": "Loans Originated", 
                            "count": 1541, 
                            "value": 269205
                        }, 
                        {
                            "disposition": "Apps. Approved But Not Accepted", 
                            "count": 25, 
                            "value": 3552
                        }, 
                        {
                            "disposition": "Aplications Denied", 
                            "count": 245, 
                            "value": 40138
                        }, 
                        {
                            "disposition": "Applications Withdrawn", 
                            "count": 153, 
                            "value": 26867
                        }, 
                        {
                            "disposition": "Files Closed For Incompleteness", 
                            "count": 63, 
                            "value": 11014
                        }
                    ]
                }
            ]
        }, 
        {
            "race": "Joint (White/Minority Race", 
            "dispositions": [
                {
                    "disposition": "Applications Received", 
                    "count": 147, 
                    "value": 25997
                }, 
                {
                    "disposition": "Loans Originated", 
                    "count": 118, 
                    "value": 21259
                }, 
                {
                    "disposition": "Apps. Approved But Not Accepted", 
                    "count": 3, 
                    "value": 426
                }, 
                {
                    "disposition": "Aplications Denied", 
                    "count": 15, 
                    "value": 2525
                }, 
                {
                    "disposition": "Applications Withdrawn", 
                    "count": 9, 
                    "value": 1522
                }, 
                {
                    "disposition": "Files Closed For Incompleteness", 
                    "count": 2, 
                    "value": 265
                }
            ], 
            "genders": [
                {
                    "gender": "Male", 
                    "dispositions": [
                        {
                            "disposition": "Applications Received", 
                            "count": 1, 
                            "value": 79
                        }, 
                        {
                            "disposition": "Loans Originated", 
                            "count": 1, 
                            "value": 79
                        }, 
                        {
                            "disposition": "Apps. Approved But Not Accepted", 
                            "count": 0, 
                            "value": 0
                        }, 
                        {
                            "disposition": "Aplications Denied", 
                            "count": 0, 
                            "value": 0
                        }, 
                        {
                            "disposition": "Applications Withdrawn", 
                            "count": 0, 
                            "value": 0
                        }, 
                        {
                            "disposition": "Files Closed For Incompleteness", 
                            "count": 0, 
                            "value": 0
                        }
                    ]
                }, 
                {
                    "gender": "Female", 
                    "dispositions": [
                        {
                            "disposition": "Applications Received", 
                            "count": 2, 
                            "value": 282
                        }, 
                        {
                            "disposition": "Loans Originated", 
                            "count": 2, 
                            "value": 282
                        }, 
                        {
                            "disposition": "Apps. Approved But Not Accepted", 
                            "count": 0, 
                            "value": 0
                        }, 
                        {
                            "disposition": "Aplications Denied", 
                            "count": 0, 
                            "value": 0
                        }, 
                        {
                            "disposition": "Applications Withdrawn", 
                            "count": 0, 
                            "value": 0
                        }, 
                        {
                            "disposition": "Files Closed For Incompleteness", 
                            "count": 0, 
                            "value": 0
                        }
                    ]
                }, 
                {
                    "gender": "Joint (Male/Female)", 
                    "dispositions": [
                        {
                            "disposition": "Applications Received", 
                            "count": 142, 
                            "value": 25288
                        }, 
                        {
                            "disposition": "Loans Originated", 
                            "count": 115, 
                            "value": 20898
                        }, 
                        {
                            "disposition": "Apps. Approved But Not Accepted", 
                            "count": 3, 
                            "value": 426
                        }, 
                        {
                            "disposition": "Aplications Denied", 
                            "count": 15, 
                            "value": 2525
                        }, 
                        {
                            "disposition": "Applications Withdrawn", 
                            "count": 7, 
                            "value": 1174
                        }, 
                        {
                            "disposition": "Files Closed For Incompleteness", 
                            "count": 2, 
                            "value": 265
                        }
                    ]
                }
            ]
        }, 
        {
            "race": "Not Available", 
            "dispositions": [
                {
                    "disposition": "Applications Received", 
                    "count": 388, 
                    "value": 62827
                }, 
                {
                    "disposition": "Loans Originated", 
                    "count": 249, 
                    "value": 42234
                }, 
                {
                    "disposition": "Apps. Approved But Not Accepted", 
                    "count": 24, 
                    "value": 4045
                }, 
                {
                    "disposition": "Aplications Denied", 
                    "count": 62, 
                    "value": 8965
                }, 
                {
                    "disposition": "Applications Withdrawn", 
                    "count": 46, 
                    "value": 6834
                }, 
                {
                    "disposition": "Files Closed For Incompleteness", 
                    "count": 7, 
                    "value": 749
                }
            ], 
            "genders": [
                {
                    "gender": "Male", 
                    "dispositions": [
                        {
                            "disposition": "Applications Received", 
                            "count": 95, 
                            "value": 13302
                        }, 
                        {
                            "disposition": "Loans Originated", 
                            "count": 59, 
                            "value": 8530
                        }, 
                        {
                            "disposition": "Apps. Approved But Not Accepted", 
                            "count": 6, 
                            "value": 772
                        }, 
                        {
                            "disposition": "Aplications Denied", 
                            "count": 19, 
                            "value": 2644
                        }, 
                        {
                            "disposition": "Applications Withdrawn", 
                            "count": 11, 
                            "value": 1356
                        }, 
                        {
                            "disposition": "Files Closed For Incompleteness", 
                            "count": 0, 
                            "value": 0
                        }
                    ]
                }, 
                {
                    "gender": "Female", 
                    "dispositions": [
                        {
                            "disposition": "Applications Received", 
                            "count": 60, 
                            "value": 7515
                        }, 
                        {
                            "disposition": "Loans Originated", 
                            "count": 38, 
                            "value": 5491
                        }, 
                        {
                            "disposition": "Apps. Approved But Not Accepted", 
                            "count": 3, 
                            "value": 353
                        }, 
                        {
                            "disposition": "Aplications Denied", 
                            "count": 10, 
                            "value": 888
                        }, 
                        {
                            "disposition": "Applications Withdrawn", 
                            "count": 7, 
                            "value": 686
                        }, 
                        {
                            "disposition": "Files Closed For Incompleteness", 
                            "count": 2, 
                            "value": 97
                        }
                    ]
                }, 
                {
                    "gender": "Joint (Male/Female)", 
                    "dispositions": [
                        {
                            "disposition": "Applications Received", 
                            "count": 86, 
                            "value": 17814
                        }, 
                        {
                            "disposition": "Loans Originated", 
                            "count": 64, 
                            "value": 13004
                        }, 
                        {
                            "disposition": "Apps. Approved But Not Accepted", 
                            "count": 3, 
                            "value": 941
                        }, 
                        {
                            "disposition": "Aplications Denied", 
                            "count": 8, 
                            "value": 1902
                        }, 
                        {
                            "disposition": "Applications Withdrawn", 
                            "count": 10, 
                            "value": 1901
                        }, 
                        {
                            "disposition": "Files Closed For Incompleteness", 
                            "count": 1, 
                            "value": 66
                        }
                    ]
                }
            ]
        }
    ], 
    "ethnicities": [
        {
            "ethnicity": "Hispanic or Latino", 
            "dispositions": [
                {
                    "disposition": "Applications Received", 
                    "count": 1925, 
                    "value": 238151
                }, 
                {
                    "disposition": "Loans Originated", 
                    "count": 1372, 
                    "value": 171340
                }, 
                {
                    "disposition": "Apps. Approved But Not Accepted", 
                    "count": 22, 
                    "value": 2378
                }, 
                {
                    "disposition": "Aplications Denied", 
                    "count": 264, 
                    "value": 31620
                }, 
                {
                    "disposition": "Applications Withdrawn", 
                    "count": 205, 
                    "value": 25220
                }, 
                {
                    "disposition": "Files Closed For Incompleteness", 
                    "count": 62, 
                    "value": 7593
                }
            ], 
            "genders": [
                {
                    "gender": "Male", 
                    "dispositions": [
                        {
                            "disposition": "Applications Received", 
                            "count": 894, 
                            "value": 894
                        }, 
                        {
                            "disposition": "Loans Originated", 
                            "count": 616, 
                            "value": 76548
                        }, 
                        {
                            "disposition": "Apps. Approved But Not Accepted", 
                            "count": 15, 
                            "value": 1617
                        }, 
                        {
                            "disposition": "Aplications Denied", 
                            "count": 127, 
                            "value": 15508
                        }, 
                        {
                            "disposition": "Applications Withdrawn", 
                            "count": 104, 
                            "value": 12352
                        }, 
                        {
                            "disposition": "Files Closed For Incompleteness", 
                            "count": 32, 
                            "value": 3716
                        }
                    ]
                }, 
                {
                    "gender": "Female", 
                    "dispositions": [
                        {
                            "disposition": "Applications Received", 
                            "count": 601, 
                            "value": 601
                        }, 
                        {
                            "disposition": "Loans Originated", 
                            "count": 437, 
                            "value": 48121
                        }, 
                        {
                            "disposition": "Apps. Approved But Not Accepted", 
                            "count": 5, 
                            "value": 609
                        }, 
                        {
                            "disposition": "Aplications Denied", 
                            "count": 78, 
                            "value": 7981
                        }, 
                        {
                            "disposition": "Applications Withdrawn", 
                            "count": 65, 
                            "value": 7362
                        }, 
                        {
                            "disposition": "Files Closed For Incompleteness", 
                            "count": 16, 
                            "value": 1824
                        }
                    ]
                }, 
                {
                    "gender": "Joint (Male/Female)", 
                    "dispositions": [
                        {
                            "disposition": "Applications Received", 
                            "count": 424, 
                            "value": 424
                        }, 
                        {
                            "disposition": "Loans Originated", 
                            "count": 314, 
                            "value": 46042
                        }, 
                        {
                            "disposition": "Apps. Approved But Not Accepted", 
                            "count": 2, 
                            "value": 152
                        }, 
                        {
                            "disposition": "Aplications Denied", 
                            "count": 59, 
                            "value": 8131
                        }, 
                        {
                            "disposition": "Applications Withdrawn", 
                            "count": 36, 
                            "value": 5506
                        }, 
                        {
                            "disposition": "Files Closed For Incompleteness", 
                            "count": 13, 
                            "value": 1960
                        }
                    ]
                }
            ]
        }, 
        {
            "ethnicity": "Not Hispanic or Latino", 
            "dispositions": [
                {
                    "disposition": "Applications Received", 
                    "count": 4260, 
                    "value": 673451
                }, 
                {
                    "disposition": "Loans Originated", 
                    "count": 3193, 
                    "value": 511498
                }, 
                {
                    "disposition": "Apps. Approved But Not Accepted", 
                    "count": 68, 
                    "value": 9777
                }, 
                {
                    "disposition": "Aplications Denied", 
                    "count": 459, 
                    "value": 71883
                }, 
                {
                    "disposition": "Applications Withdrawn", 
                    "count": 398, 
                    "value": 58504
                }, 
                {
                    "disposition": "Files Closed For Incompleteness", 
                    "count": 142, 
                    "value": 21789
                }
            ], 
            "genders": [
                {
                    "gender": "Male", 
                    "dispositions": [
                        {
                            "disposition": "Applications Received", 
                            "count": 1651, 
                            "value": 1651
                        }, 
                        {
                            "disposition": "Loans Originated", 
                            "count": 1233, 
                            "value": 188516
                        }, 
                        {
                            "disposition": "Apps. Approved But Not Accepted", 
                            "count": 29, 
                            "value": 4633
                        }, 
                        {
                            "disposition": "Aplications Denied", 
                            "count": 175, 
                            "value": 26736
                        }, 
                        {
                            "disposition": "Applications Withdrawn", 
                            "count": 159, 
                            "value": 22765
                        }, 
                        {
                            "disposition": "Files Closed For Incompleteness", 
                            "count": 55, 
                            "value": 7894
                        }
                    ]
                }, 
                {
                    "gender": "Female", 
                    "dispositions": [
                        {
                            "disposition": "Applications Received", 
                            "count": 1018, 
                            "value": 1018
                        }, 
                        {
                            "disposition": "Loans Originated", 
                            "count": 751, 
                            "value": 100324
                        }, 
                        {
                            "disposition": "Apps. Approved But Not Accepted", 
                            "count": 15, 
                            "value": 1654
                        }, 
                        {
                            "disposition": "Aplications Denied", 
                            "count": 97, 
                            "value": 12694
                        }, 
                        {
                            "disposition": "Applications Withdrawn", 
                            "count": 119, 
                            "value": 14415
                        }, 
                        {
                            "disposition": "Files Closed For Incompleteness", 
                            "count": 36, 
                            "value": 4971
                        }
                    ]
                }, 
                {
                    "gender": "Joint (Male/Female)", 
                    "dispositions": [
                        {
                            "disposition": "Applications Received", 
                            "count": 1585, 
                            "value": 1585
                        }, 
                        {
                            "disposition": "Loans Originated", 
                            "count": 1205, 
                            "value": 221912
                        }, 
                        {
                            "disposition": "Apps. Approved But Not Accepted", 
                            "count": 24, 
                            "value": 3490
                        }, 
                        {
                            "disposition": "Aplications Denied", 
                            "count": 186, 
                            "value": 32151
                        }, 
                        {
                            "disposition": "Applications Withdrawn", 
                            "count": 119, 
                            "value": 21257
                        }, 
                        {
                            "disposition": "Files Closed For Incompleteness", 
                            "count": 51, 
                            "value": 8924
                        }
                    ]
                }
            ]
        }, 
        {
            "ethnicity": "Joint (Hispanic or Latino/Not Hispanic or Latino", 
            "dispositions": [
                {
                    "disposition": "Applications Received", 
                    "count": 267, 
                    "value": 46298
                }, 
                {
                    "disposition": "Loans Originated", 
                    "count": 208, 
                    "value": 35269
                }, 
                {
                    "disposition": "Apps. Approved But Not Accepted", 
                    "count": 3, 
                    "value": 442
                }, 
                {
                    "disposition": "Aplications Denied", 
                    "count": 35, 
                    "value": 6436
                }, 
                {
                    "disposition": "Applications Withdrawn", 
                    "count": 15, 
                    "value": 3032
                }, 
                {
                    "disposition": "Files Closed For Incompleteness", 
                    "count": 6, 
                    "value": 1119
                }
            ], 
            "genders": [
                {
                    "gender": "Male", 
                    "dispositions": [
                        {
                            "disposition": "Applications Received", 
                            "count": 7, 
                            "value": 7
                        }, 
                        {
                            "disposition": "Loans Originated", 
                            "count": 6, 
                            "value": 747
                        }, 
                        {
                            "disposition": "Apps. Approved But Not Accepted", 
                            "count": 0, 
                            "value": 0
                        }, 
                        {
                            "disposition": "Aplications Denied", 
                            "count": 0, 
                            "value": 0
                        }, 
                        {
                            "disposition": "Applications Withdrawn", 
                            "count": 0, 
                            "value": 0
                        }, 
                        {
                            "disposition": "Files Closed For Incompleteness", 
                            "count": 1, 
                            "value": 66
                        }
                    ]
                }, 
                {
                    "gender": "Female", 
                    "dispositions": [
                        {
                            "disposition": "Applications Received", 
                            "count": 0, 
                            "value": 0
                        }, 
                        {
                            "disposition": "Loans Originated", 
                            "count": 0, 
                            "value": 0
                        }, 
                        {
                            "disposition": "Apps. Approved But Not Accepted", 
                            "count": 0, 
                            "value": 0
                        }, 
                        {
                            "disposition": "Aplications Denied", 
                            "count": 0, 
                            "value": 0
                        }, 
                        {
                            "disposition": "Applications Withdrawn", 
                            "count": 0, 
                            "value": 0
                        }, 
                        {
                            "disposition": "Files Closed For Incompleteness", 
                            "count": 0, 
                            "value": 0
                        }
                    ]
                }, 
                {
                    "gender": "Joint (Male/Female)", 
                    "dispositions": [
                        {
                            "disposition": "Applications Received", 
                            "count": 260, 
                            "value": 260
                        }, 
                        {
                            "disposition": "Loans Originated", 
                            "count": 202, 
                            "value": 34522
                        }, 
                        {
                            "disposition": "Apps. Approved But Not Accepted", 
                            "count": 3, 
                            "value": 442
                        }, 
                        {
                            "disposition": "Aplications Denied", 
                            "count": 35, 
                            "value": 6436
                        }, 
                        {
                            "disposition": "Applications Withdrawn", 
                            "count": 15, 
                            "value": 3032
                        }, 
                        {
                            "disposition": "Files Closed For Incompleteness", 
                            "count": 5, 
                            "value": 1053
                        }
                    ]
                }
            ]
        }, 
        {
            "ethnicity": "Ethnicity Not Available", 
            "dispositions": [
                {
                    "disposition": "Applications Received", 
                    "count": 362, 
                    "value": 60262
                }, 
                {
                    "disposition": "Loans Originated", 
                    "count": 217, 
                    "value": 37215
                }, 
                {
                    "disposition": "Apps. Approved But Not Accepted", 
                    "count": 31, 
                    "value": 5456
                }, 
                {
                    "disposition": "Aplications Denied", 
                    "count": 52, 
                    "value": 7830
                }, 
                {
                    "disposition": "Applications Withdrawn", 
                    "count": 54, 
                    "value": 8680
                }, 
                {
                    "disposition": "Files Closed For Incompleteness", 
                    "count": 8, 
                    "value": 1081
                }
            ], 
            "genders": [
                {
                    "gender": "Male", 
                    "dispositions": [
                        {
                            "disposition": "Applications Received", 
                            "count": 78, 
                            "value": 78
                        }, 
                        {
                            "disposition": "Loans Originated", 
                            "count": 50, 
                            "value": 7775
                        }, 
                        {
                            "disposition": "Apps. Approved But Not Accepted", 
                            "count": 4, 
                            "value": 427
                        }, 
                        {
                            "disposition": "Aplications Denied", 
                            "count": 13, 
                            "value": 1738
                        }, 
                        {
                            "disposition": "Applications Withdrawn", 
                            "count": 10, 
                            "value": 1388
                        }, 
                        {
                            "disposition": "Files Closed For Incompleteness", 
                            "count": 1, 
                            "value": 175
                        }
                    ]
                }, 
                {
                    "gender": "Female", 
                    "dispositions": [
                        {
                            "disposition": "Applications Received", 
                            "count": 46, 
                            "value": 46
                        }, 
                        {
                            "disposition": "Loans Originated", 
                            "count": 31, 
                            "value": 4379
                        }, 
                        {
                            "disposition": "Apps. Approved But Not Accepted", 
                            "count": 2, 
                            "value": 180
                        }, 
                        {
                            "disposition": "Aplications Denied", 
                            "count": 5, 
                            "value": 486
                        }, 
                        {
                            "disposition": "Applications Withdrawn", 
                            "count": 6, 
                            "value": 562
                        }, 
                        {
                            "disposition": "Files Closed For Incompleteness", 
                            "count": 2, 
                            "value": 254
                        }
                    ]
                }, 
                {
                    "gender": "Joint (Male/Female)", 
                    "dispositions": [
                        {
                            "disposition": "Applications Received", 
                            "count": 67, 
                            "value": 67
                        }, 
                        {
                            "disposition": "Loans Originated", 
                            "count": 50, 
                            "value": 10112
                        }, 
                        {
                            "disposition": "Apps. Approved But Not Accepted", 
                            "count": 3, 
                            "value": 941
                        }, 
                        {
                            "disposition": "Aplications Denied", 
                            "count": 5, 
                            "value": 1411
                        }, 
                        {
                            "disposition": "Applications Withdrawn", 
                            "count": 8, 
                            "value": 1754
                        }, 
                        {
                            "disposition": "Files Closed For Incompleteness", 
                            "count": 1, 
                            "value": 66
                        }
                    ]
                }
            ]
        }
    ], 
    "minoritystatuses": [
        {
            "minoritystatus": "White Non-Hispanic", 
            "dispositions": [
                {
                    "disposition": "Applications Received", 
                    "count": 4153, 
                    "value": 656048
                }, 
                {
                    "disposition": "Loans Originated", 
                    "count": 3085, 
                    "value": 493872
                }, 
                {
                    "disposition": "Apps. Approved But Not Accepted", 
                    "count": 90, 
                    "value": 13722
                }, 
                {
                    "disposition": "Aplications Denied", 
                    "count": 433, 
                    "value": 67580
                }, 
                {
                    "disposition": "Applications Withdrawn", 
                    "count": 409, 
                    "value": 60236
                }, 
                {
                    "disposition": "Files Closed For Incompleteness", 
                    "count": 136, 
                    "value": 20638
                }
            ], 
            "genders": [
                {
                    "gender": "Male", 
                    "dispositions": [
                        {
                            "disposition": "Applications Received", 
                            "count": 236520, 
                            "value": 0
                        }, 
                        {
                            "disposition": "Loans Originated", 
                            "count": 1174, 
                            "value": 178546
                        }, 
                        {
                            "disposition": "Apps. Approved But Not Accepted", 
                            "count": 29, 
                            "value": 4153
                        }, 
                        {
                            "disposition": "Aplications Denied", 
                            "count": 150, 
                            "value": 22951
                        }, 
                        {
                            "disposition": "Applications Withdrawn", 
                            "count": 157, 
                            "value": 22391
                        }, 
                        {
                            "disposition": "Files Closed For Incompleteness", 
                            "count": 49, 
                            "value": 6920
                        }
                    ]
                }, 
                {
                    "gender": "Female", 
                    "dispositions": [
                        {
                            "disposition": "Applications Received", 
                            "count": 125161, 
                            "value": 0
                        }, 
                        {
                            "disposition": "Loans Originated", 
                            "count": 699, 
                            "value": 92989
                        }, 
                        {
                            "disposition": "Apps. Approved But Not Accepted", 
                            "count": 16, 
                            "value": 1762
                        }, 
                        {
                            "disposition": "Aplications Denied", 
                            "count": 90, 
                            "value": 11902
                        }, 
                        {
                            "disposition": "Applications Withdrawn", 
                            "count": 108, 
                            "value": 12493
                        }, 
                        {
                            "disposition": "Files Closed For Incompleteness", 
                            "count": 37, 
                            "value": 5065
                        }
                    ]
                }, 
                {
                    "gender": "Joint (Male/Female)", 
                    "dispositions": [
                        {
                            "disposition": "Applications Received", 
                            "count": 268964, 
                            "value": 0
                        }, 
                        {
                            "disposition": "Loans Originated", 
                            "count": 1122, 
                            "value": 206642
                        }, 
                        {
                            "disposition": "Apps. Approved But Not Accepted", 
                            "count": 23, 
                            "value": 3899
                        }, 
                        {
                            "disposition": "Aplications Denied", 
                            "count": 163, 
                            "value": 28230
                        }, 
                        {
                            "disposition": "Applications Withdrawn", 
                            "count": 115, 
                            "value": 20657
                        }, 
                        {
                            "disposition": "Files Closed For Incompleteness", 
                            "count": 46, 
                            "value": 8067
                        }
                    ]
                }
            ]
        }, 
        {
            "minoritystatus": "Others, Including Hispanic", 
            "dispositions": [
                {
                    "disposition": "Applications Received", 
                    "count": 2661, 
                    "value": 362114
                }, 
                {
                    "disposition": "Loans Originated", 
                    "count": 1905, 
                    "value": 261450
                }, 
                {
                    "disposition": "Apps. Approved But Not Accepted", 
                    "count": 34, 
                    "value": 4331
                }, 
                {
                    "disposition": "Aplications Denied", 
                    "count": 377, 
                    "value": 50189
                }, 
                {
                    "disposition": "Applications Withdrawn", 
                    "count": 263, 
                    "value": 35200
                }, 
                {
                    "disposition": "Files Closed For Incompleteness", 
                    "count": 82, 
                    "value": 10944
                }
            ], 
            "genders": [
                {
                    "gender": "Male", 
                    "dispositions": [
                        {
                            "disposition": "Applications Received", 
                            "count": 138711, 
                            "value": 0
                        }, 
                        {
                            "disposition": "Loans Originated", 
                            "count": 731, 
                            "value": 95040
                        }, 
                        {
                            "disposition": "Apps. Approved But Not Accepted", 
                            "count": 19, 
                            "value": 2524
                        }, 
                        {
                            "disposition": "Aplications Denied", 
                            "count": 165, 
                            "value": 21031
                        }, 
                        {
                            "disposition": "Applications Withdrawn", 
                            "count": 116, 
                            "value": 14114
                        }, 
                        {
                            "disposition": "Files Closed For Incompleteness", 
                            "count": 40, 
                            "value": 4931
                        }
                    ]
                }, 
                {
                    "gender": "Female", 
                    "dispositions": [
                        {
                            "disposition": "Applications Received", 
                            "count": 82320, 
                            "value": 0
                        }, 
                        {
                            "disposition": "Loans Originated", 
                            "count": 520, 
                            "value": 59835
                        }, 
                        {
                            "disposition": "Apps. Approved But Not Accepted", 
                            "count": 6, 
                            "value": 681
                        }, 
                        {
                            "disposition": "Aplications Denied", 
                            "count": 90, 
                            "value": 9259
                        }, 
                        {
                            "disposition": "Applications Withdrawn", 
                            "count": 82, 
                            "value": 9846
                        }, 
                        {
                            "disposition": "Files Closed For Incompleteness", 
                            "count": 17, 
                            "value": 1984
                        }
                    ]
                }, 
                {
                    "gender": "Joint (Male/Female)", 
                    "dispositions": [
                        {
                            "disposition": "Applications Received", 
                            "count": 142666, 
                            "value": 0
                        }, 
                        {
                            "disposition": "Loans Originated", 
                            "count": 649, 
                            "value": 105946
                        }, 
                        {
                            "disposition": "Apps. Approved But Not Accepted", 
                            "count": 9, 
                            "value": 1126
                        }, 
                        {
                            "disposition": "Aplications Denied", 
                            "count": 122, 
                            "value": 19899
                        }, 
                        {
                            "disposition": "Applications Withdrawn", 
                            "count": 63, 
                            "value": 10892
                        }, 
                        {
                            "disposition": "Files Closed For Incompleteness", 
                            "count": 24, 
                            "value": 3936
                        }
                    ]
                }
            ]
        }
    ], 
    "incomes": [
        {
            "income": "Less than 50% of MSA/MD median", 
            "dispositions": [
                {
                    "disposition": "Applications Received", 
                    "count": 1260, 
                    "value": 113440
                }, 
                {
                    "disposition": "Loans Originated", 
                    "count": 850, 
                    "value": 75841
                }, 
                {
                    "disposition": "Apps. Approved But Not Accepted", 
                    "count": 15, 
                    "value": 1130
                }, 
                {
                    "disposition": "Aplications Denied", 
                    "count": 192, 
                    "value": 17825
                }, 
                {
                    "disposition": "Applications Withdrawn", 
                    "count": 150, 
                    "value": 13272
                }, 
                {
                    "disposition": "Files Closed For Incompleteness", 
                    "count": 53, 
                    "value": 5372
                }
            ]
        }, 
        {
            "income": "50-79% of MSA/MD median", 
            "dispositions": [
                {
                    "disposition": "Applications Received", 
                    "count": 1962, 
                    "value": 243039
                }, 
                {
                    "disposition": "Loans Originated", 
                    "count": 1464, 
                    "value": 182916
                }, 
                {
                    "disposition": "Apps. Approved But Not Accepted", 
                    "count": 34, 
                    "value": 3842
                }, 
                {
                    "disposition": "Aplications Denied", 
                    "count": 210, 
                    "value": 26254
                }, 
                {
                    "disposition": "Applications Withdrawn", 
                    "count": 196, 
                    "value": 22814
                }, 
                {
                    "disposition": "Files Closed For Incompleteness", 
                    "count": 58, 
                    "value": 7213
                }
            ]
        }, 
        {
            "income": "80-99% of MSA/MD median", 
            "dispositions": [
                {
                    "disposition": "Applications Received", 
                    "count": 1084, 
                    "value": 164624
                }, 
                {
                    "disposition": "Loans Originated", 
                    "count": 784, 
                    "value": 119796
                }, 
                {
                    "disposition": "Apps. Approved But Not Accepted", 
                    "count": 26, 
                    "value": 3698
                }, 
                {
                    "disposition": "Aplications Denied", 
                    "count": 135, 
                    "value": 20232
                }, 
                {
                    "disposition": "Applications Withdrawn", 
                    "count": 107, 
                    "value": 15600
                }, 
                {
                    "disposition": "Files Closed For Incompleteness", 
                    "count": 32, 
                    "value": 5298
                }
            ]
        }, 
        {
            "income": "100-119% of MSA/MD median", 
            "dispositions": [
                {
                    "disposition": "Applications Received", 
                    "count": 756, 
                    "value": 129797
                }, 
                {
                    "disposition": "Loans Originated", 
                    "count": 581, 
                    "value": 100376
                }, 
                {
                    "disposition": "Apps. Approved But Not Accepted", 
                    "count": 16, 
                    "value": 2576
                }, 
                {
                    "disposition": "Aplications Denied", 
                    "count": 76, 
                    "value": 12897
                }, 
                {
                    "disposition": "Applications Withdrawn", 
                    "count": 57, 
                    "value": 9906
                }, 
                {
                    "disposition": "Files Closed For Incompleteness", 
                    "count": 26, 
                    "value": 4042
                }
            ]
        }, 
        {
            "income": "120% or more of MSA/MD median", 
            "dispositions": [
                {
                    "disposition": "Applications Received", 
                    "count": 1699, 
                    "value": 360768
                }, 
                {
                    "disposition": "Loans Originated", 
                    "count": 1283, 
                    "value": 272840
                }, 
                {
                    "disposition": "Apps. Approved But Not Accepted", 
                    "count": 33, 
                    "value": 6807
                }, 
                {
                    "disposition": "Aplications Denied", 
                    "count": 182, 
                    "value": 38907
                }, 
                {
                    "disposition": "Applications Withdrawn", 
                    "count": 154, 
                    "value": 32845
                }, 
                {
                    "disposition": "Files Closed For Incompleteness", 
                    "count": 47, 
                    "value": 9369
                }
            ]
        }, 
        {
            "income": "Income not available", 
            "dispositions": [
                {
                    "disposition": "Applications Received", 
                    "count": 53, 
                    "value": 6494
                }, 
                {
                    "disposition": "Loans Originated", 
                    "count": 28, 
                    "value": 3553
                }, 
                {
                    "disposition": "Apps. Approved But Not Accepted", 
                    "count": 0, 
                    "value": 0
                }, 
                {
                    "disposition": "Aplications Denied", 
                    "count": 15, 
                    "value": 1654
                }, 
                {
                    "disposition": "Applications Withdrawn", 
                    "count": 8, 
                    "value": 999
                }, 
                {
                    "disposition": "Files Closed For Incompleteness", 
                    "count": 2, 
                    "value": 288
                }
            ]
        }
    ], 
    "total": [
        {
            "disposition": "Applications Received", 
            "count": 0, 
            "value": 0
        }, 
        {
            "disposition": "Loans Originated", 
            "count": 4990, 
            "value": 755322
        }, 
        {
            "disposition": "Apps. Approved But Not Accepted", 
            "count": 124, 
            "value": 18053
        }, 
        {
            "disposition": "Aplications Denied", 
            "count": 810, 
            "value": 117769
        }, 
        {
            "disposition": "Applications Withdrawn", 
            "count": 672, 
            "value": 95436
        }, 
        {
            "disposition": "Files Closed For Incompleteness", 
            "count": 218, 
            "value": 31582
        }
    ]
}