{
    "table": "4-6", 
    "type": "Aggregate", 
    "desc": "Disposition of applications from nonoccupants for home-purchase, home improvement, or refinancing loans, 1- to 4- family and manufactured home dwellings, by race, ethnicity, gender and income of applicant", 
    "year": "2012", 
    "report-date": "05/03/2015", 
    "msa": {
        "id": "11260", 
        "name": "Anchorage", 
        "state": "AK", 
        "state_name": "Alaska"
    }, 
    "races": [
        {
            "race": "American Indian/Alaska Native", 
            "dispositions": [
                {
                    "disposition": "Applications Received", 
                    "count": 4, 
                    "value": 964
                }, 
                {
                    "disposition": "Loans Originated", 
                    "count": 4, 
                    "value": 964
                }, 
                {
                    "disposition": "Apps. Approved But Not Accepted", 
                    "count": 0, 
                    "value": 0
                }, 
                {
                    "disposition": "Aplications Denied", 
                    "count": 0, 
                    "value": 0
                }, 
                {
                    "disposition": "Applications Withdrawn", 
                    "count": 0, 
                    "value": 0
                }, 
                {
                    "disposition": "Files Closed For Incompleteness", 
                    "count": 0, 
                    "value": 0
                }
            ], 
            "genders": [
                {
                    "gender": "Male", 
                    "dispositions": [
                        {
                            "disposition": "Applications Received", 
                            "count": 1, 
                            "value": 417
                        }, 
                        {
                            "disposition": "Loans Originated", 
                            "count": 1, 
                            "value": 417
                        }, 
                        {
                            "disposition": "Apps. Approved But Not Accepted", 
                            "count": 0, 
                            "value": 0
                        }, 
                        {
                            "disposition": "Aplications Denied", 
                            "count": 0, 
                            "value": 0
                        }, 
                        {
                            "disposition": "Applications Withdrawn", 
                            "count": 0, 
                            "value": 0
                        }, 
                        {
                            "disposition": "Files Closed For Incompleteness", 
                            "count": 0, 
                            "value": 0
                        }
                    ]
                }, 
                {
                    "gender": "Female", 
                    "dispositions": [
                        {
                            "disposition": "Applications Received", 
                            "count": 1, 
                            "value": 172
                        }, 
                        {
                            "disposition": "Loans Originated", 
                            "count": 1, 
                            "value": 172
                        }, 
                        {
                            "disposition": "Apps. Approved But Not Accepted", 
                            "count": 0, 
                            "value": 0
                        }, 
                        {
                            "disposition": "Aplications Denied", 
                            "count": 0, 
                            "value": 0
                        }, 
                        {
                            "disposition": "Applications Withdrawn", 
                            "count": 0, 
                            "value": 0
                        }, 
                        {
                            "disposition": "Files Closed For Incompleteness", 
                            "count": 0, 
                            "value": 0
                        }
                    ]
                }, 
                {
                    "gender": "Joint (Male/Female)", 
                    "dispositions": [
                        {
                            "disposition": "Applications Received", 
                            "count": 2, 
                            "value": 375
                        }, 
                        {
                            "disposition": "Loans Originated", 
                            "count": 2, 
                            "value": 375
                        }, 
                        {
                            "disposition": "Apps. Approved But Not Accepted", 
                            "count": 0, 
                            "value": 0
                        }, 
                        {
                            "disposition": "Aplications Denied", 
                            "count": 0, 
                            "value": 0
                        }, 
                        {
                            "disposition": "Applications Withdrawn", 
                            "count": 0, 
                            "value": 0
                        }, 
                        {
                            "disposition": "Files Closed For Incompleteness", 
                            "count": 0, 
                            "value": 0
                        }
                    ]
                }
            ]
        }, 
        {
            "race": "Asian", 
            "dispositions": [
                {
                    "disposition": "Applications Received", 
                    "count": 25, 
                    "value": 5404
                }, 
                {
                    "disposition": "Loans Originated", 
                    "count": 17, 
                    "value": 3562
                }, 
                {
                    "disposition": "Apps. Approved But Not Accepted", 
                    "count": 2, 
                    "value": 435
                }, 
                {
                    "disposition": "Aplications Denied", 
                    "count": 3, 
                    "value": 723
                }, 
                {
                    "disposition": "Applications Withdrawn", 
                    "count": 2, 
                    "value": 461
                }, 
                {
                    "disposition": "Files Closed For Incompleteness", 
                    "count": 1, 
                    "value": 223
                }
            ], 
            "genders": [
                {
                    "gender": "Male", 
                    "dispositions": [
                        {
                            "disposition": "Applications Received", 
                            "count": 14, 
                            "value": 2864
                        }, 
                        {
                            "disposition": "Loans Originated", 
                            "count": 9, 
                            "value": 1680
                        }, 
                        {
                            "disposition": "Apps. Approved But Not Accepted", 
                            "count": 0, 
                            "value": 0
                        }, 
                        {
                            "disposition": "Aplications Denied", 
                            "count": 3, 
                            "value": 723
                        }, 
                        {
                            "disposition": "Applications Withdrawn", 
                            "count": 2, 
                            "value": 461
                        }, 
                        {
                            "disposition": "Files Closed For Incompleteness", 
                            "count": 0, 
                            "value": 0
                        }
                    ]
                }, 
                {
                    "gender": "Female", 
                    "dispositions": [
                        {
                            "disposition": "Applications Received", 
                            "count": 8, 
                            "value": 1526
                        }, 
                        {
                            "disposition": "Loans Originated", 
                            "count": 5, 
                            "value": 868
                        }, 
                        {
                            "disposition": "Apps. Approved But Not Accepted", 
                            "count": 2, 
                            "value": 435
                        }, 
                        {
                            "disposition": "Aplications Denied", 
                            "count": 0, 
                            "value": 0
                        }, 
                        {
                            "disposition": "Applications Withdrawn", 
                            "count": 0, 
                            "value": 0
                        }, 
                        {
                            "disposition": "Files Closed For Incompleteness", 
                            "count": 1, 
                            "value": 223
                        }
                    ]
                }, 
                {
                    "gender": "Joint (Male/Female)", 
                    "dispositions": [
                        {
                            "disposition": "Applications Received", 
                            "count": 3, 
                            "value": 1014
                        }, 
                        {
                            "disposition": "Loans Originated", 
                            "count": 3, 
                            "value": 1014
                        }, 
                        {
                            "disposition": "Apps. Approved But Not Accepted", 
                            "count": 0, 
                            "value": 0
                        }, 
                        {
                            "disposition": "Aplications Denied", 
                            "count": 0, 
                            "value": 0
                        }, 
                        {
                            "disposition": "Applications Withdrawn", 
                            "count": 0, 
                            "value": 0
                        }, 
                        {
                            "disposition": "Files Closed For Incompleteness", 
                            "count": 0, 
                            "value": 0
                        }
                    ]
                }
            ]
        }, 
        {
            "race": "Black or African American", 
            "dispositions": [
                {
                    "disposition": "Applications Received", 
                    "count": 74, 
                    "value": 17552
                }, 
                {
                    "disposition": "Loans Originated", 
                    "count": 42, 
                    "value": 10275
                }, 
                {
                    "disposition": "Apps. Approved But Not Accepted", 
                    "count": 3, 
                    "value": 570
                }, 
                {
                    "disposition": "Aplications Denied", 
                    "count": 9, 
                    "value": 1387
                }, 
                {
                    "disposition": "Applications Withdrawn", 
                    "count": 17, 
                    "value": 4535
                }, 
                {
                    "disposition": "Files Closed For Incompleteness", 
                    "count": 3, 
                    "value": 785
                }
            ], 
            "genders": [
                {
                    "gender": "Male", 
                    "dispositions": [
                        {
                            "disposition": "Applications Received", 
                            "count": 29, 
                            "value": 7128
                        }, 
                        {
                            "disposition": "Loans Originated", 
                            "count": 18, 
                            "value": 4333
                        }, 
                        {
                            "disposition": "Apps. Approved But Not Accepted", 
                            "count": 2, 
                            "value": 290
                        }, 
                        {
                            "disposition": "Aplications Denied", 
                            "count": 4, 
                            "value": 793
                        }, 
                        {
                            "disposition": "Applications Withdrawn", 
                            "count": 3, 
                            "value": 1111
                        }, 
                        {
                            "disposition": "Files Closed For Incompleteness", 
                            "count": 2, 
                            "value": 601
                        }
                    ]
                }, 
                {
                    "gender": "Female", 
                    "dispositions": [
                        {
                            "disposition": "Applications Received", 
                            "count": 23, 
                            "value": 4955
                        }, 
                        {
                            "disposition": "Loans Originated", 
                            "count": 11, 
                            "value": 2753
                        }, 
                        {
                            "disposition": "Apps. Approved But Not Accepted", 
                            "count": 1, 
                            "value": 280
                        }, 
                        {
                            "disposition": "Aplications Denied", 
                            "count": 4, 
                            "value": 384
                        }, 
                        {
                            "disposition": "Applications Withdrawn", 
                            "count": 6, 
                            "value": 1354
                        }, 
                        {
                            "disposition": "Files Closed For Incompleteness", 
                            "count": 1, 
                            "value": 184
                        }
                    ]
                }, 
                {
                    "gender": "Joint (Male/Female)", 
                    "dispositions": [
                        {
                            "disposition": "Applications Received", 
                            "count": 22, 
                            "value": 5469
                        }, 
                        {
                            "disposition": "Loans Originated", 
                            "count": 13, 
                            "value": 3189
                        }, 
                        {
                            "disposition": "Apps. Approved But Not Accepted", 
                            "count": 0, 
                            "value": 0
                        }, 
                        {
                            "disposition": "Aplications Denied", 
                            "count": 1, 
                            "value": 210
                        }, 
                        {
                            "disposition": "Applications Withdrawn", 
                            "count": 8, 
                            "value": 2070
                        }, 
                        {
                            "disposition": "Files Closed For Incompleteness", 
                            "count": 0, 
                            "value": 0
                        }
                    ]
                }
            ]
        }, 
        {
            "race": "Native Hawaiian or Other Pacific Islander", 
            "dispositions": [
                {
                    "disposition": "Applications Received", 
                    "count": 82, 
                    "value": 15896
                }, 
                {
                    "disposition": "Loans Originated", 
                    "count": 41, 
                    "value": 8311
                }, 
                {
                    "disposition": "Apps. Approved But Not Accepted", 
                    "count": 6, 
                    "value": 1161
                }, 
                {
                    "disposition": "Aplications Denied", 
                    "count": 24, 
                    "value": 4136
                }, 
                {
                    "disposition": "Applications Withdrawn", 
                    "count": 6, 
                    "value": 1194
                }, 
                {
                    "disposition": "Files Closed For Incompleteness", 
                    "count": 5, 
                    "value": 1094
                }
            ], 
            "genders": [
                {
                    "gender": "Male", 
                    "dispositions": [
                        {
                            "disposition": "Applications Received", 
                            "count": 34, 
                            "value": 6474
                        }, 
                        {
                            "disposition": "Loans Originated", 
                            "count": 17, 
                            "value": 3098
                        }, 
                        {
                            "disposition": "Apps. Approved But Not Accepted", 
                            "count": 6, 
                            "value": 1161
                        }, 
                        {
                            "disposition": "Aplications Denied", 
                            "count": 5, 
                            "value": 683
                        }, 
                        {
                            "disposition": "Applications Withdrawn", 
                            "count": 4, 
                            "value": 979
                        }, 
                        {
                            "disposition": "Files Closed For Incompleteness", 
                            "count": 2, 
                            "value": 553
                        }
                    ]
                }, 
                {
                    "gender": "Female", 
                    "dispositions": [
                        {
                            "disposition": "Applications Received", 
                            "count": 16, 
                            "value": 2203
                        }, 
                        {
                            "disposition": "Loans Originated", 
                            "count": 7, 
                            "value": 1007
                        }, 
                        {
                            "disposition": "Apps. Approved But Not Accepted", 
                            "count": 0, 
                            "value": 0
                        }, 
                        {
                            "disposition": "Aplications Denied", 
                            "count": 6, 
                            "value": 870
                        }, 
                        {
                            "disposition": "Applications Withdrawn", 
                            "count": 2, 
                            "value": 215
                        }, 
                        {
                            "disposition": "Files Closed For Incompleteness", 
                            "count": 1, 
                            "value": 111
                        }
                    ]
                }, 
                {
                    "gender": "Joint (Male/Female)", 
                    "dispositions": [
                        {
                            "disposition": "Applications Received", 
                            "count": 32, 
                            "value": 7219
                        }, 
                        {
                            "disposition": "Loans Originated", 
                            "count": 17, 
                            "value": 4206
                        }, 
                        {
                            "disposition": "Apps. Approved But Not Accepted", 
                            "count": 0, 
                            "value": 0
                        }, 
                        {
                            "disposition": "Aplications Denied", 
                            "count": 13, 
                            "value": 2583
                        }, 
                        {
                            "disposition": "Applications Withdrawn", 
                            "count": 0, 
                            "value": 0
                        }, 
                        {
                            "disposition": "Files Closed For Incompleteness", 
                            "count": 2, 
                            "value": 430
                        }
                    ]
                }
            ]
        }, 
        {
            "race": "White", 
            "dispositions": [
                {
                    "disposition": "Applications Received", 
                    "count": 16, 
                    "value": 3269
                }, 
                {
                    "disposition": "Loans Originated", 
                    "count": 5, 
                    "value": 1188
                }, 
                {
                    "disposition": "Apps. Approved But Not Accepted", 
                    "count": 2, 
                    "value": 234
                }, 
                {
                    "disposition": "Aplications Denied", 
                    "count": 7, 
                    "value": 1280
                }, 
                {
                    "disposition": "Applications Withdrawn", 
                    "count": 2, 
                    "value": 567
                }, 
                {
                    "disposition": "Files Closed For Incompleteness", 
                    "count": 0, 
                    "value": 0
                }
            ], 
            "genders": [
                {
                    "gender": "Male", 
                    "dispositions": [
                        {
                            "disposition": "Applications Received", 
                            "count": 7, 
                            "value": 1655
                        }, 
                        {
                            "disposition": "Loans Originated", 
                            "count": 4, 
                            "value": 939
                        }, 
                        {
                            "disposition": "Apps. Approved But Not Accepted", 
                            "count": 1, 
                            "value": 231
                        }, 
                        {
                            "disposition": "Aplications Denied", 
                            "count": 1, 
                            "value": 278
                        }, 
                        {
                            "disposition": "Applications Withdrawn", 
                            "count": 1, 
                            "value": 207
                        }, 
                        {
                            "disposition": "Files Closed For Incompleteness", 
                            "count": 0, 
                            "value": 0
                        }
                    ]
                }, 
                {
                    "gender": "Female", 
                    "dispositions": [
                        {
                            "disposition": "Applications Received", 
                            "count": 5, 
                            "value": 715
                        }, 
                        {
                            "disposition": "Loans Originated", 
                            "count": 1, 
                            "value": 249
                        }, 
                        {
                            "disposition": "Apps. Approved But Not Accepted", 
                            "count": 1, 
                            "value": 3
                        }, 
                        {
                            "disposition": "Aplications Denied", 
                            "count": 3, 
                            "value": 463
                        }, 
                        {
                            "disposition": "Applications Withdrawn", 
                            "count": 0, 
                            "value": 0
                        }, 
                        {
                            "disposition": "Files Closed For Incompleteness", 
                            "count": 0, 
                            "value": 0
                        }
                    ]
                }, 
                {
                    "gender": "Joint (Male/Female)", 
                    "dispositions": [
                        {
                            "disposition": "Applications Received", 
                            "count": 4, 
                            "value": 899
                        }, 
                        {
                            "disposition": "Loans Originated", 
                            "count": 0, 
                            "value": 0
                        }, 
                        {
                            "disposition": "Apps. Approved But Not Accepted", 
                            "count": 0, 
                            "value": 0
                        }, 
                        {
                            "disposition": "Aplications Denied", 
                            "count": 3, 
                            "value": 539
                        }, 
                        {
                            "disposition": "Applications Withdrawn", 
                            "count": 1, 
                            "value": 360
                        }, 
                        {
                            "disposition": "Files Closed For Incompleteness", 
                            "count": 0, 
                            "value": 0
                        }
                    ]
                }
            ]
        }, 
        {
            "race": "2 or more minority races", 
            "dispositions": [
                {
                    "disposition": "Applications Received", 
                    "count": 1692, 
                    "value": 341155
                }, 
                {
                    "disposition": "Loans Originated", 
                    "count": 1071, 
                    "value": 218720
                }, 
                {
                    "disposition": "Apps. Approved But Not Accepted", 
                    "count": 101, 
                    "value": 20884
                }, 
                {
                    "disposition": "Aplications Denied", 
                    "count": 253, 
                    "value": 50046
                }, 
                {
                    "disposition": "Applications Withdrawn", 
                    "count": 216, 
                    "value": 40982
                }, 
                {
                    "disposition": "Files Closed For Incompleteness", 
                    "count": 51, 
                    "value": 10523
                }
            ], 
            "genders": [
                {
                    "gender": "Male", 
                    "dispositions": [
                        {
                            "disposition": "Applications Received", 
                            "count": 629, 
                            "value": 128467
                        }, 
                        {
                            "disposition": "Loans Originated", 
                            "count": 371, 
                            "value": 75190
                        }, 
                        {
                            "disposition": "Apps. Approved But Not Accepted", 
                            "count": 42, 
                            "value": 9613
                        }, 
                        {
                            "disposition": "Aplications Denied", 
                            "count": 113, 
                            "value": 21901
                        }, 
                        {
                            "disposition": "Applications Withdrawn", 
                            "count": 82, 
                            "value": 16525
                        }, 
                        {
                            "disposition": "Files Closed For Incompleteness", 
                            "count": 21, 
                            "value": 5238
                        }
                    ]
                }, 
                {
                    "gender": "Female", 
                    "dispositions": [
                        {
                            "disposition": "Applications Received", 
                            "count": 311, 
                            "value": 54874
                        }, 
                        {
                            "disposition": "Loans Originated", 
                            "count": 183, 
                            "value": 32461
                        }, 
                        {
                            "disposition": "Apps. Approved But Not Accepted", 
                            "count": 20, 
                            "value": 3687
                        }, 
                        {
                            "disposition": "Aplications Denied", 
                            "count": 56, 
                            "value": 10883
                        }, 
                        {
                            "disposition": "Applications Withdrawn", 
                            "count": 45, 
                            "value": 7057
                        }, 
                        {
                            "disposition": "Files Closed For Incompleteness", 
                            "count": 7, 
                            "value": 786
                        }
                    ]
                }, 
                {
                    "gender": "Joint (Male/Female)", 
                    "dispositions": [
                        {
                            "disposition": "Applications Received", 
                            "count": 748, 
                            "value": 156758
                        }, 
                        {
                            "disposition": "Loans Originated", 
                            "count": 515, 
                            "value": 110770
                        }, 
                        {
                            "disposition": "Apps. Approved But Not Accepted", 
                            "count": 39, 
                            "value": 7584
                        }, 
                        {
                            "disposition": "Aplications Denied", 
                            "count": 82, 
                            "value": 16505
                        }, 
                        {
                            "disposition": "Applications Withdrawn", 
                            "count": 89, 
                            "value": 17400
                        }, 
                        {
                            "disposition": "Files Closed For Incompleteness", 
                            "count": 23, 
                            "value": 4499
                        }
                    ]
                }
            ]
        }, 
        {
            "race": "Joint (White/Minority Race", 
            "dispositions": [
                {
                    "disposition": "Applications Received", 
                    "count": 87, 
                    "value": 18932
                }, 
                {
                    "disposition": "Loans Originated", 
                    "count": 50, 
                    "value": 10632
                }, 
                {
                    "disposition": "Apps. Approved But Not Accepted", 
                    "count": 4, 
                    "value": 878
                }, 
                {
                    "disposition": "Aplications Denied", 
                    "count": 19, 
                    "value": 4045
                }, 
                {
                    "disposition": "Applications Withdrawn", 
                    "count": 11, 
                    "value": 2580
                }, 
                {
                    "disposition": "Files Closed For Incompleteness", 
                    "count": 3, 
                    "value": 797
                }
            ], 
            "genders": [
                {
                    "gender": "Male", 
                    "dispositions": [
                        {
                            "disposition": "Applications Received", 
                            "count": 2, 
                            "value": 486
                        }, 
                        {
                            "disposition": "Loans Originated", 
                            "count": 1, 
                            "value": 356
                        }, 
                        {
                            "disposition": "Apps. Approved But Not Accepted", 
                            "count": 0, 
                            "value": 0
                        }, 
                        {
                            "disposition": "Aplications Denied", 
                            "count": 1, 
                            "value": 130
                        }, 
                        {
                            "disposition": "Applications Withdrawn", 
                            "count": 0, 
                            "value": 0
                        }, 
                        {
                            "disposition": "Files Closed For Incompleteness", 
                            "count": 0, 
                            "value": 0
                        }
                    ]
                }, 
                {
                    "gender": "Female", 
                    "dispositions": [
                        {
                            "disposition": "Applications Received", 
                            "count": 1, 
                            "value": 23
                        }, 
                        {
                            "disposition": "Loans Originated", 
                            "count": 1, 
                            "value": 23
                        }, 
                        {
                            "disposition": "Apps. Approved But Not Accepted", 
                            "count": 0, 
                            "value": 0
                        }, 
                        {
                            "disposition": "Aplications Denied", 
                            "count": 0, 
                            "value": 0
                        }, 
                        {
                            "disposition": "Applications Withdrawn", 
                            "count": 0, 
                            "value": 0
                        }, 
                        {
                            "disposition": "Files Closed For Incompleteness", 
                            "count": 0, 
                            "value": 0
                        }
                    ]
                }, 
                {
                    "gender": "Joint (Male/Female)", 
                    "dispositions": [
                        {
                            "disposition": "Applications Received", 
                            "count": 84, 
                            "value": 18423
                        }, 
                        {
                            "disposition": "Loans Originated", 
                            "count": 48, 
                            "value": 10253
                        }, 
                        {
                            "disposition": "Apps. Approved But Not Accepted", 
                            "count": 4, 
                            "value": 878
                        }, 
                        {
                            "disposition": "Aplications Denied", 
                            "count": 18, 
                            "value": 3915
                        }, 
                        {
                            "disposition": "Applications Withdrawn", 
                            "count": 11, 
                            "value": 2580
                        }, 
                        {
                            "disposition": "Files Closed For Incompleteness", 
                            "count": 3, 
                            "value": 797
                        }
                    ]
                }
            ]
        }, 
        {
            "race": "Not Available", 
            "dispositions": [
                {
                    "disposition": "Applications Received", 
                    "count": 344, 
                    "value": 70764
                }, 
                {
                    "disposition": "Loans Originated", 
                    "count": 190, 
                    "value": 41674
                }, 
                {
                    "disposition": "Apps. Approved But Not Accepted", 
                    "count": 27, 
                    "value": 5230
                }, 
                {
                    "disposition": "Aplications Denied", 
                    "count": 66, 
                    "value": 12724
                }, 
                {
                    "disposition": "Applications Withdrawn", 
                    "count": 47, 
                    "value": 8804
                }, 
                {
                    "disposition": "Files Closed For Incompleteness", 
                    "count": 14, 
                    "value": 2332
                }
            ], 
            "genders": [
                {
                    "gender": "Male", 
                    "dispositions": [
                        {
                            "disposition": "Applications Received", 
                            "count": 36, 
                            "value": 6770
                        }, 
                        {
                            "disposition": "Loans Originated", 
                            "count": 16, 
                            "value": 3105
                        }, 
                        {
                            "disposition": "Apps. Approved But Not Accepted", 
                            "count": 7, 
                            "value": 1600
                        }, 
                        {
                            "disposition": "Aplications Denied", 
                            "count": 9, 
                            "value": 1370
                        }, 
                        {
                            "disposition": "Applications Withdrawn", 
                            "count": 1, 
                            "value": 96
                        }, 
                        {
                            "disposition": "Files Closed For Incompleteness", 
                            "count": 3, 
                            "value": 599
                        }
                    ]
                }, 
                {
                    "gender": "Female", 
                    "dispositions": [
                        {
                            "disposition": "Applications Received", 
                            "count": 12, 
                            "value": 1953
                        }, 
                        {
                            "disposition": "Loans Originated", 
                            "count": 7, 
                            "value": 1182
                        }, 
                        {
                            "disposition": "Apps. Approved But Not Accepted", 
                            "count": 1, 
                            "value": 248
                        }, 
                        {
                            "disposition": "Aplications Denied", 
                            "count": 4, 
                            "value": 523
                        }, 
                        {
                            "disposition": "Applications Withdrawn", 
                            "count": 0, 
                            "value": 0
                        }, 
                        {
                            "disposition": "Files Closed For Incompleteness", 
                            "count": 0, 
                            "value": 0
                        }
                    ]
                }, 
                {
                    "gender": "Joint (Male/Female)", 
                    "dispositions": [
                        {
                            "disposition": "Applications Received", 
                            "count": 34, 
                            "value": 7048
                        }, 
                        {
                            "disposition": "Loans Originated", 
                            "count": 24, 
                            "value": 4910
                        }, 
                        {
                            "disposition": "Apps. Approved But Not Accepted", 
                            "count": 1, 
                            "value": 258
                        }, 
                        {
                            "disposition": "Aplications Denied", 
                            "count": 7, 
                            "value": 1516
                        }, 
                        {
                            "disposition": "Applications Withdrawn", 
                            "count": 2, 
                            "value": 364
                        }, 
                        {
                            "disposition": "Files Closed For Incompleteness", 
                            "count": 0, 
                            "value": 0
                        }
                    ]
                }
            ]
        }
    ], 
    "ethnicities": [
        {
            "ethnicity": "Hispanic or Latino", 
            "dispositions": [
                {
                    "disposition": "Applications Received", 
                    "count": 68, 
                    "value": 12382
                }, 
                {
                    "disposition": "Loans Originated", 
                    "count": 33, 
                    "value": 6753
                }, 
                {
                    "disposition": "Apps. Approved But Not Accepted", 
                    "count": 5, 
                    "value": 674
                }, 
                {
                    "disposition": "Aplications Denied", 
                    "count": 11, 
                    "value": 1643
                }, 
                {
                    "disposition": "Applications Withdrawn", 
                    "count": 17, 
                    "value": 3121
                }, 
                {
                    "disposition": "Files Closed For Incompleteness", 
                    "count": 2, 
                    "value": 191
                }
            ], 
            "genders": [
                {
                    "gender": "Male", 
                    "dispositions": [
                        {
                            "disposition": "Applications Received", 
                            "count": 31, 
                            "value": 31
                        }, 
                        {
                            "disposition": "Loans Originated", 
                            "count": 15, 
                            "value": 3246
                        }, 
                        {
                            "disposition": "Apps. Approved But Not Accepted", 
                            "count": 4, 
                            "value": 598
                        }, 
                        {
                            "disposition": "Aplications Denied", 
                            "count": 6, 
                            "value": 900
                        }, 
                        {
                            "disposition": "Applications Withdrawn", 
                            "count": 6, 
                            "value": 1156
                        }, 
                        {
                            "disposition": "Files Closed For Incompleteness", 
                            "count": 0, 
                            "value": 0
                        }
                    ]
                }, 
                {
                    "gender": "Female", 
                    "dispositions": [
                        {
                            "disposition": "Applications Received", 
                            "count": 21, 
                            "value": 21
                        }, 
                        {
                            "disposition": "Loans Originated", 
                            "count": 7, 
                            "value": 1156
                        }, 
                        {
                            "disposition": "Apps. Approved But Not Accepted", 
                            "count": 1, 
                            "value": 76
                        }, 
                        {
                            "disposition": "Aplications Denied", 
                            "count": 5, 
                            "value": 743
                        }, 
                        {
                            "disposition": "Applications Withdrawn", 
                            "count": 6, 
                            "value": 1273
                        }, 
                        {
                            "disposition": "Files Closed For Incompleteness", 
                            "count": 2, 
                            "value": 191
                        }
                    ]
                }, 
                {
                    "gender": "Joint (Male/Female)", 
                    "dispositions": [
                        {
                            "disposition": "Applications Received", 
                            "count": 15, 
                            "value": 15
                        }, 
                        {
                            "disposition": "Loans Originated", 
                            "count": 10, 
                            "value": 2011
                        }, 
                        {
                            "disposition": "Apps. Approved But Not Accepted", 
                            "count": 0, 
                            "value": 0
                        }, 
                        {
                            "disposition": "Aplications Denied", 
                            "count": 0, 
                            "value": 0
                        }, 
                        {
                            "disposition": "Applications Withdrawn", 
                            "count": 5, 
                            "value": 692
                        }, 
                        {
                            "disposition": "Files Closed For Incompleteness", 
                            "count": 0, 
                            "value": 0
                        }
                    ]
                }
            ]
        }, 
        {
            "ethnicity": "Not Hispanic or Latino", 
            "dispositions": [
                {
                    "disposition": "Applications Received", 
                    "count": 1881, 
                    "value": 383809
                }, 
                {
                    "disposition": "Loans Originated", 
                    "count": 1178, 
                    "value": 242948
                }, 
                {
                    "disposition": "Apps. Approved But Not Accepted", 
                    "count": 115, 
                    "value": 23549
                }, 
                {
                    "disposition": "Aplications Denied", 
                    "count": 294, 
                    "value": 57537
                }, 
                {
                    "disposition": "Applications Withdrawn", 
                    "count": 235, 
                    "value": 46910
                }, 
                {
                    "disposition": "Files Closed For Incompleteness", 
                    "count": 59, 
                    "value": 12865
                }
            ], 
            "genders": [
                {
                    "gender": "Male", 
                    "dispositions": [
                        {
                            "disposition": "Applications Received", 
                            "count": 688, 
                            "value": 688
                        }, 
                        {
                            "disposition": "Loans Originated", 
                            "count": 405, 
                            "value": 82774
                        }, 
                        {
                            "disposition": "Apps. Approved But Not Accepted", 
                            "count": 52, 
                            "value": 11630
                        }, 
                        {
                            "disposition": "Aplications Denied", 
                            "count": 121, 
                            "value": 23725
                        }, 
                        {
                            "disposition": "Applications Withdrawn", 
                            "count": 85, 
                            "value": 18027
                        }, 
                        {
                            "disposition": "Files Closed For Incompleteness", 
                            "count": 25, 
                            "value": 6392
                        }
                    ]
                }, 
                {
                    "gender": "Female", 
                    "dispositions": [
                        {
                            "disposition": "Applications Received", 
                            "count": 345, 
                            "value": 345
                        }, 
                        {
                            "disposition": "Loans Originated", 
                            "count": 203, 
                            "value": 36484
                        }, 
                        {
                            "disposition": "Apps. Approved But Not Accepted", 
                            "count": 23, 
                            "value": 4327
                        }, 
                        {
                            "disposition": "Aplications Denied", 
                            "count": 64, 
                            "value": 11684
                        }, 
                        {
                            "disposition": "Applications Withdrawn", 
                            "count": 47, 
                            "value": 7353
                        }, 
                        {
                            "disposition": "Files Closed For Incompleteness", 
                            "count": 8, 
                            "value": 1113
                        }
                    ]
                }, 
                {
                    "gender": "Joint (Male/Female)", 
                    "dispositions": [
                        {
                            "disposition": "Applications Received", 
                            "count": 842, 
                            "value": 842
                        }, 
                        {
                            "disposition": "Loans Originated", 
                            "count": 566, 
                            "value": 122688
                        }, 
                        {
                            "disposition": "Apps. Approved But Not Accepted", 
                            "count": 40, 
                            "value": 7592
                        }, 
                        {
                            "disposition": "Aplications Denied", 
                            "count": 107, 
                            "value": 21694
                        }, 
                        {
                            "disposition": "Applications Withdrawn", 
                            "count": 103, 
                            "value": 21530
                        }, 
                        {
                            "disposition": "Files Closed For Incompleteness", 
                            "count": 26, 
                            "value": 5360
                        }
                    ]
                }
            ]
        }, 
        {
            "ethnicity": "Joint (Hispanic or Latino/Not Hispanic or Latino", 
            "dispositions": [
                {
                    "disposition": "Applications Received", 
                    "count": 40, 
                    "value": 9005
                }, 
                {
                    "disposition": "Loans Originated", 
                    "count": 22, 
                    "value": 5091
                }, 
                {
                    "disposition": "Apps. Approved But Not Accepted", 
                    "count": 3, 
                    "value": 870
                }, 
                {
                    "disposition": "Aplications Denied", 
                    "count": 12, 
                    "value": 2451
                }, 
                {
                    "disposition": "Applications Withdrawn", 
                    "count": 2, 
                    "value": 335
                }, 
                {
                    "disposition": "Files Closed For Incompleteness", 
                    "count": 1, 
                    "value": 258
                }
            ], 
            "genders": [
                {
                    "gender": "Male", 
                    "dispositions": [
                        {
                            "disposition": "Applications Received", 
                            "count": 0, 
                            "value": 0
                        }, 
                        {
                            "disposition": "Loans Originated", 
                            "count": 0, 
                            "value": 0
                        }, 
                        {
                            "disposition": "Apps. Approved But Not Accepted", 
                            "count": 0, 
                            "value": 0
                        }, 
                        {
                            "disposition": "Aplications Denied", 
                            "count": 0, 
                            "value": 0
                        }, 
                        {
                            "disposition": "Applications Withdrawn", 
                            "count": 0, 
                            "value": 0
                        }, 
                        {
                            "disposition": "Files Closed For Incompleteness", 
                            "count": 0, 
                            "value": 0
                        }
                    ]
                }, 
                {
                    "gender": "Female", 
                    "dispositions": [
                        {
                            "disposition": "Applications Received", 
                            "count": 0, 
                            "value": 0
                        }, 
                        {
                            "disposition": "Loans Originated", 
                            "count": 0, 
                            "value": 0
                        }, 
                        {
                            "disposition": "Apps. Approved But Not Accepted", 
                            "count": 0, 
                            "value": 0
                        }, 
                        {
                            "disposition": "Aplications Denied", 
                            "count": 0, 
                            "value": 0
                        }, 
                        {
                            "disposition": "Applications Withdrawn", 
                            "count": 0, 
                            "value": 0
                        }, 
                        {
                            "disposition": "Files Closed For Incompleteness", 
                            "count": 0, 
                            "value": 0
                        }
                    ]
                }, 
                {
                    "gender": "Joint (Male/Female)", 
                    "dispositions": [
                        {
                            "disposition": "Applications Received", 
                            "count": 40, 
                            "value": 40
                        }, 
                        {
                            "disposition": "Loans Originated", 
                            "count": 22, 
                            "value": 5091
                        }, 
                        {
                            "disposition": "Apps. Approved But Not Accepted", 
                            "count": 3, 
                            "value": 870
                        }, 
                        {
                            "disposition": "Aplications Denied", 
                            "count": 12, 
                            "value": 2451
                        }, 
                        {
                            "disposition": "Applications Withdrawn", 
                            "count": 2, 
                            "value": 335
                        }, 
                        {
                            "disposition": "Files Closed For Incompleteness", 
                            "count": 1, 
                            "value": 258
                        }
                    ]
                }
            ]
        }, 
        {
            "ethnicity": "Ethnicity Not Available", 
            "dispositions": [
                {
                    "disposition": "Applications Received", 
                    "count": 335, 
                    "value": 68740
                }, 
                {
                    "disposition": "Loans Originated", 
                    "count": 187, 
                    "value": 40534
                }, 
                {
                    "disposition": "Apps. Approved But Not Accepted", 
                    "count": 22, 
                    "value": 4299
                }, 
                {
                    "disposition": "Aplications Denied", 
                    "count": 64, 
                    "value": 12710
                }, 
                {
                    "disposition": "Applications Withdrawn", 
                    "count": 47, 
                    "value": 8757
                }, 
                {
                    "disposition": "Files Closed For Incompleteness", 
                    "count": 15, 
                    "value": 2440
                }
            ], 
            "genders": [
                {
                    "gender": "Male", 
                    "dispositions": [
                        {
                            "disposition": "Applications Received", 
                            "count": 33, 
                            "value": 33
                        }, 
                        {
                            "disposition": "Loans Originated", 
                            "count": 17, 
                            "value": 3098
                        }, 
                        {
                            "disposition": "Apps. Approved But Not Accepted", 
                            "count": 2, 
                            "value": 667
                        }, 
                        {
                            "disposition": "Aplications Denied", 
                            "count": 9, 
                            "value": 1253
                        }, 
                        {
                            "disposition": "Applications Withdrawn", 
                            "count": 2, 
                            "value": 196
                        }, 
                        {
                            "disposition": "Files Closed For Incompleteness", 
                            "count": 3, 
                            "value": 599
                        }
                    ]
                }, 
                {
                    "gender": "Female", 
                    "dispositions": [
                        {
                            "disposition": "Applications Received", 
                            "count": 11, 
                            "value": 11
                        }, 
                        {
                            "disposition": "Loans Originated", 
                            "count": 6, 
                            "value": 1075
                        }, 
                        {
                            "disposition": "Apps. Approved But Not Accepted", 
                            "count": 1, 
                            "value": 250
                        }, 
                        {
                            "disposition": "Aplications Denied", 
                            "count": 4, 
                            "value": 696
                        }, 
                        {
                            "disposition": "Applications Withdrawn", 
                            "count": 0, 
                            "value": 0
                        }, 
                        {
                            "disposition": "Files Closed For Incompleteness", 
                            "count": 0, 
                            "value": 0
                        }
                    ]
                }, 
                {
                    "gender": "Joint (Male/Female)", 
                    "dispositions": [
                        {
                            "disposition": "Applications Received", 
                            "count": 32, 
                            "value": 32
                        }, 
                        {
                            "disposition": "Loans Originated", 
                            "count": 24, 
                            "value": 4927
                        }, 
                        {
                            "disposition": "Apps. Approved But Not Accepted", 
                            "count": 1, 
                            "value": 258
                        }, 
                        {
                            "disposition": "Aplications Denied", 
                            "count": 5, 
                            "value": 1123
                        }, 
                        {
                            "disposition": "Applications Withdrawn", 
                            "count": 1, 
                            "value": 217
                        }, 
                        {
                            "disposition": "Files Closed For Incompleteness", 
                            "count": 1, 
                            "value": 108
                        }
                    ]
                }
            ]
        }
    ], 
    "minoritystatuses": [
        {
            "minoritystatus": "White Non-Hispanic", 
            "dispositions": [
                {
                    "disposition": "Applications Received", 
                    "count": 1941, 
                    "value": 393180
                }, 
                {
                    "disposition": "Loans Originated", 
                    "count": 1214, 
                    "value": 250079
                }, 
                {
                    "disposition": "Apps. Approved But Not Accepted", 
                    "count": 119, 
                    "value": 24453
                }, 
                {
                    "disposition": "Aplications Denied", 
                    "count": 302, 
                    "value": 59873
                }, 
                {
                    "disposition": "Applications Withdrawn", 
                    "count": 244, 
                    "value": 46369
                }, 
                {
                    "disposition": "Files Closed For Incompleteness", 
                    "count": 62, 
                    "value": 12406
                }
            ], 
            "genders": [
                {
                    "gender": "Male", 
                    "dispositions": [
                        {
                            "disposition": "Applications Received", 
                            "count": 129775, 
                            "value": 0
                        }, 
                        {
                            "disposition": "Loans Originated", 
                            "count": 371, 
                            "value": 74972
                        }, 
                        {
                            "disposition": "Apps. Approved But Not Accepted", 
                            "count": 44, 
                            "value": 10498
                        }, 
                        {
                            "disposition": "Aplications Denied", 
                            "count": 116, 
                            "value": 22371
                        }, 
                        {
                            "disposition": "Applications Withdrawn", 
                            "count": 77, 
                            "value": 15465
                        }, 
                        {
                            "disposition": "Files Closed For Incompleteness", 
                            "count": 24, 
                            "value": 5837
                        }
                    ]
                }, 
                {
                    "gender": "Female", 
                    "dispositions": [
                        {
                            "disposition": "Applications Received", 
                            "count": 53967, 
                            "value": 0
                        }, 
                        {
                            "disposition": "Loans Originated", 
                            "count": 185, 
                            "value": 32794
                        }, 
                        {
                            "disposition": "Apps. Approved But Not Accepted", 
                            "count": 20, 
                            "value": 3859
                        }, 
                        {
                            "disposition": "Aplications Denied", 
                            "count": 56, 
                            "value": 10819
                        }, 
                        {
                            "disposition": "Applications Withdrawn", 
                            "count": 38, 
                            "value": 5596
                        }, 
                        {
                            "disposition": "Files Closed For Incompleteness", 
                            "count": 5, 
                            "value": 595
                        }
                    ]
                }, 
                {
                    "gender": "Joint (Male/Female)", 
                    "dispositions": [
                        {
                            "disposition": "Applications Received", 
                            "count": 155405, 
                            "value": 0
                        }, 
                        {
                            "disposition": "Loans Originated", 
                            "count": 514, 
                            "value": 109877
                        }, 
                        {
                            "disposition": "Apps. Approved But Not Accepted", 
                            "count": 37, 
                            "value": 6972
                        }, 
                        {
                            "disposition": "Aplications Denied", 
                            "count": 82, 
                            "value": 16611
                        }, 
                        {
                            "disposition": "Applications Withdrawn", 
                            "count": 85, 
                            "value": 16964
                        }, 
                        {
                            "disposition": "Files Closed For Incompleteness", 
                            "count": 22, 
                            "value": 4241
                        }
                    ]
                }
            ]
        }, 
        {
            "minoritystatus": "Others, Including Hispanic", 
            "dispositions": [
                {
                    "disposition": "Applications Received", 
                    "count": 383, 
                    "value": 80756
                }, 
                {
                    "disposition": "Loans Originated", 
                    "count": 206, 
                    "value": 45247
                }, 
                {
                    "disposition": "Apps. Approved But Not Accepted", 
                    "count": 26, 
                    "value": 4939
                }, 
                {
                    "disposition": "Aplications Denied", 
                    "count": 79, 
                    "value": 14468
                }, 
                {
                    "disposition": "Applications Withdrawn", 
                    "count": 57, 
                    "value": 12754
                }, 
                {
                    "disposition": "Files Closed For Incompleteness", 
                    "count": 15, 
                    "value": 3348
                }
            ], 
            "genders": [
                {
                    "gender": "Male", 
                    "dispositions": [
                        {
                            "disposition": "Applications Received", 
                            "count": 25238, 
                            "value": 0
                        }, 
                        {
                            "disposition": "Loans Originated", 
                            "count": 66, 
                            "value": 14146
                        }, 
                        {
                            "disposition": "Apps. Approved But Not Accepted", 
                            "count": 14, 
                            "value": 2397
                        }, 
                        {
                            "disposition": "Aplications Denied", 
                            "count": 20, 
                            "value": 3507
                        }, 
                        {
                            "disposition": "Applications Withdrawn", 
                            "count": 16, 
                            "value": 3914
                        }, 
                        {
                            "disposition": "Files Closed For Incompleteness", 
                            "count": 4, 
                            "value": 1154
                        }
                    ]
                }, 
                {
                    "gender": "Female", 
                    "dispositions": [
                        {
                            "disposition": "Applications Received", 
                            "count": 12831, 
                            "value": 0
                        }, 
                        {
                            "disposition": "Loans Originated", 
                            "count": 31, 
                            "value": 5921
                        }, 
                        {
                            "disposition": "Apps. Approved But Not Accepted", 
                            "count": 5, 
                            "value": 794
                        }, 
                        {
                            "disposition": "Aplications Denied", 
                            "count": 17, 
                            "value": 2304
                        }, 
                        {
                            "disposition": "Applications Withdrawn", 
                            "count": 15, 
                            "value": 3030
                        }, 
                        {
                            "disposition": "Files Closed For Incompleteness", 
                            "count": 5, 
                            "value": 709
                        }
                    ]
                }, 
                {
                    "gender": "Joint (Male/Female)", 
                    "dispositions": [
                        {
                            "disposition": "Applications Received", 
                            "count": 42729, 
                            "value": 0
                        }, 
                        {
                            "disposition": "Loans Originated", 
                            "count": 108, 
                            "value": 24840
                        }, 
                        {
                            "disposition": "Apps. Approved But Not Accepted", 
                            "count": 7, 
                            "value": 1748
                        }, 
                        {
                            "disposition": "Aplications Denied", 
                            "count": 42, 
                            "value": 8657
                        }, 
                        {
                            "disposition": "Applications Withdrawn", 
                            "count": 26, 
                            "value": 5810
                        }, 
                        {
                            "disposition": "Files Closed For Incompleteness", 
                            "count": 6, 
                            "value": 1485
                        }
                    ]
                }
            ]
        }
    ], 
    "incomes": [
        {
            "income": "Less than 50% of MSA/MD median", 
            "dispositions": [
                {
                    "disposition": "Applications Received", 
                    "count": 102, 
                    "value": 14352
                }, 
                {
                    "disposition": "Loans Originated", 
                    "count": 48, 
                    "value": 7312
                }, 
                {
                    "disposition": "Apps. Approved But Not Accepted", 
                    "count": 6, 
                    "value": 634
                }, 
                {
                    "disposition": "Aplications Denied", 
                    "count": 31, 
                    "value": 4071
                }, 
                {
                    "disposition": "Applications Withdrawn", 
                    "count": 11, 
                    "value": 1557
                }, 
                {
                    "disposition": "Files Closed For Incompleteness", 
                    "count": 6, 
                    "value": 778
                }
            ]
        }, 
        {
            "income": "50-79% of MSA/MD median", 
            "dispositions": [
                {
                    "disposition": "Applications Received", 
                    "count": 205, 
                    "value": 32043
                }, 
                {
                    "disposition": "Loans Originated", 
                    "count": 99, 
                    "value": 14785
                }, 
                {
                    "disposition": "Apps. Approved But Not Accepted", 
                    "count": 15, 
                    "value": 2478
                }, 
                {
                    "disposition": "Aplications Denied", 
                    "count": 46, 
                    "value": 7338
                }, 
                {
                    "disposition": "Applications Withdrawn", 
                    "count": 37, 
                    "value": 6111
                }, 
                {
                    "disposition": "Files Closed For Incompleteness", 
                    "count": 8, 
                    "value": 1331
                }
            ]
        }, 
        {
            "income": "80-99% of MSA/MD median", 
            "dispositions": [
                {
                    "disposition": "Applications Received", 
                    "count": 204, 
                    "value": 35152
                }, 
                {
                    "disposition": "Loans Originated", 
                    "count": 128, 
                    "value": 21544
                }, 
                {
                    "disposition": "Apps. Approved But Not Accepted", 
                    "count": 9, 
                    "value": 1886
                }, 
                {
                    "disposition": "Aplications Denied", 
                    "count": 33, 
                    "value": 5709
                }, 
                {
                    "disposition": "Applications Withdrawn", 
                    "count": 27, 
                    "value": 4661
                }, 
                {
                    "disposition": "Files Closed For Incompleteness", 
                    "count": 7, 
                    "value": 1352
                }
            ]
        }, 
        {
            "income": "100-119% of MSA/MD median", 
            "dispositions": [
                {
                    "disposition": "Applications Received", 
                    "count": 209, 
                    "value": 37071
                }, 
                {
                    "disposition": "Loans Originated", 
                    "count": 117, 
                    "value": 21667
                }, 
                {
                    "disposition": "Apps. Approved But Not Accepted", 
                    "count": 13, 
                    "value": 2398
                }, 
                {
                    "disposition": "Aplications Denied", 
                    "count": 44, 
                    "value": 7176
                }, 
                {
                    "disposition": "Applications Withdrawn", 
                    "count": 29, 
                    "value": 4911
                }, 
                {
                    "disposition": "Files Closed For Incompleteness", 
                    "count": 6, 
                    "value": 919
                }
            ]
        }, 
        {
            "income": "120% or more of MSA/MD median", 
            "dispositions": [
                {
                    "disposition": "Applications Received", 
                    "count": 1074, 
                    "value": 223238
                }, 
                {
                    "disposition": "Loans Originated", 
                    "count": 651, 
                    "value": 133928
                }, 
                {
                    "disposition": "Apps. Approved But Not Accepted", 
                    "count": 76, 
                    "value": 16031
                }, 
                {
                    "disposition": "Aplications Denied", 
                    "count": 173, 
                    "value": 36405
                }, 
                {
                    "disposition": "Applications Withdrawn", 
                    "count": 141, 
                    "value": 29200
                }, 
                {
                    "disposition": "Files Closed For Incompleteness", 
                    "count": 33, 
                    "value": 7674
                }
            ]
        }, 
        {
            "income": "Income not available", 
            "dispositions": [
                {
                    "disposition": "Applications Received", 
                    "count": 530, 
                    "value": 132080
                }, 
                {
                    "disposition": "Loans Originated", 
                    "count": 377, 
                    "value": 96090
                }, 
                {
                    "disposition": "Apps. Approved But Not Accepted", 
                    "count": 26, 
                    "value": 5965
                }, 
                {
                    "disposition": "Aplications Denied", 
                    "count": 54, 
                    "value": 13642
                }, 
                {
                    "disposition": "Applications Withdrawn", 
                    "count": 56, 
                    "value": 12683
                }, 
                {
                    "disposition": "Files Closed For Incompleteness", 
                    "count": 17, 
                    "value": 3700
                }
            ]
        }
    ], 
    "total": [
        {
            "disposition": "Applications Received", 
            "count": 0, 
            "value": 0
        }, 
        {
            "disposition": "Loans Originated", 
            "count": 1420, 
            "value": 295326
        }, 
        {
            "disposition": "Apps. Approved But Not Accepted", 
            "count": 145, 
            "value": 29392
        }, 
        {
            "disposition": "Aplications Denied", 
            "count": 381, 
            "value": 74341
        }, 
        {
            "disposition": "Applications Withdrawn", 
            "count": 301, 
            "value": 59123
        }, 
        {
            "disposition": "Files Closed For Incompleteness", 
            "count": 77, 
            "value": 15754
        }
    ]
}