{
    "table": "4-3", 
    "type": "Aggregate", 
    "desc": "Disposition of applications to refinnace loans on 1- to 4- family and manufactured home dwellings, by race, ethnicity, gender and income of applicant", 
    "year": "2012", 
    "report-date": "04/03/2015", 
    "msa": {
        "id": "12540", 
        "name": "Bakersfield-Delano", 
        "state": "CA", 
        "state_name": "California"
    }, 
    "races": [
        {
            "race": "American Indian/Alaska Native", 
            "dispositions": [
                {
                    "disposition": "Applications Received", 
                    "count": 101, 
                    "value": 17155
                }, 
                {
                    "disposition": "Loans Originated", 
                    "count": 62, 
                    "value": 11093
                }, 
                {
                    "disposition": "Apps. Approved But Not Accepted", 
                    "count": 8, 
                    "value": 818
                }, 
                {
                    "disposition": "Aplications Denied", 
                    "count": 14, 
                    "value": 2216
                }, 
                {
                    "disposition": "Applications Withdrawn", 
                    "count": 13, 
                    "value": 2235
                }, 
                {
                    "disposition": "Files Closed For Incompleteness", 
                    "count": 4, 
                    "value": 793
                }
            ], 
            "genders": [
                {
                    "gender": "Male", 
                    "dispositions": [
                        {
                            "disposition": "Applications Received", 
                            "count": 36, 
                            "value": 6552
                        }, 
                        {
                            "disposition": "Loans Originated", 
                            "count": 22, 
                            "value": 4216
                        }, 
                        {
                            "disposition": "Apps. Approved But Not Accepted", 
                            "count": 2, 
                            "value": 209
                        }, 
                        {
                            "disposition": "Aplications Denied", 
                            "count": 6, 
                            "value": 1051
                        }, 
                        {
                            "disposition": "Applications Withdrawn", 
                            "count": 4, 
                            "value": 684
                        }, 
                        {
                            "disposition": "Files Closed For Incompleteness", 
                            "count": 2, 
                            "value": 392
                        }
                    ]
                }, 
                {
                    "gender": "Female", 
                    "dispositions": [
                        {
                            "disposition": "Applications Received", 
                            "count": 33, 
                            "value": 4903
                        }, 
                        {
                            "disposition": "Loans Originated", 
                            "count": 17, 
                            "value": 2879
                        }, 
                        {
                            "disposition": "Apps. Approved But Not Accepted", 
                            "count": 4, 
                            "value": 359
                        }, 
                        {
                            "disposition": "Aplications Denied", 
                            "count": 4, 
                            "value": 408
                        }, 
                        {
                            "disposition": "Applications Withdrawn", 
                            "count": 7, 
                            "value": 1185
                        }, 
                        {
                            "disposition": "Files Closed For Incompleteness", 
                            "count": 1, 
                            "value": 72
                        }
                    ]
                }, 
                {
                    "gender": "Joint (Male/Female)", 
                    "dispositions": [
                        {
                            "disposition": "Applications Received", 
                            "count": 32, 
                            "value": 5700
                        }, 
                        {
                            "disposition": "Loans Originated", 
                            "count": 23, 
                            "value": 3998
                        }, 
                        {
                            "disposition": "Apps. Approved But Not Accepted", 
                            "count": 2, 
                            "value": 250
                        }, 
                        {
                            "disposition": "Aplications Denied", 
                            "count": 4, 
                            "value": 757
                        }, 
                        {
                            "disposition": "Applications Withdrawn", 
                            "count": 2, 
                            "value": 366
                        }, 
                        {
                            "disposition": "Files Closed For Incompleteness", 
                            "count": 1, 
                            "value": 329
                        }
                    ]
                }
            ]
        }, 
        {
            "race": "Asian", 
            "dispositions": [
                {
                    "disposition": "Applications Received", 
                    "count": 123, 
                    "value": 20568
                }, 
                {
                    "disposition": "Loans Originated", 
                    "count": 67, 
                    "value": 10806
                }, 
                {
                    "disposition": "Apps. Approved But Not Accepted", 
                    "count": 5, 
                    "value": 801
                }, 
                {
                    "disposition": "Aplications Denied", 
                    "count": 28, 
                    "value": 4740
                }, 
                {
                    "disposition": "Applications Withdrawn", 
                    "count": 15, 
                    "value": 2872
                }, 
                {
                    "disposition": "Files Closed For Incompleteness", 
                    "count": 8, 
                    "value": 1349
                }
            ], 
            "genders": [
                {
                    "gender": "Male", 
                    "dispositions": [
                        {
                            "disposition": "Applications Received", 
                            "count": 49, 
                            "value": 7467
                        }, 
                        {
                            "disposition": "Loans Originated", 
                            "count": 24, 
                            "value": 3708
                        }, 
                        {
                            "disposition": "Apps. Approved But Not Accepted", 
                            "count": 3, 
                            "value": 457
                        }, 
                        {
                            "disposition": "Aplications Denied", 
                            "count": 14, 
                            "value": 2036
                        }, 
                        {
                            "disposition": "Applications Withdrawn", 
                            "count": 5, 
                            "value": 814
                        }, 
                        {
                            "disposition": "Files Closed For Incompleteness", 
                            "count": 3, 
                            "value": 452
                        }
                    ]
                }, 
                {
                    "gender": "Female", 
                    "dispositions": [
                        {
                            "disposition": "Applications Received", 
                            "count": 33, 
                            "value": 5161
                        }, 
                        {
                            "disposition": "Loans Originated", 
                            "count": 18, 
                            "value": 2426
                        }, 
                        {
                            "disposition": "Apps. Approved But Not Accepted", 
                            "count": 1, 
                            "value": 168
                        }, 
                        {
                            "disposition": "Aplications Denied", 
                            "count": 7, 
                            "value": 996
                        }, 
                        {
                            "disposition": "Applications Withdrawn", 
                            "count": 4, 
                            "value": 886
                        }, 
                        {
                            "disposition": "Files Closed For Incompleteness", 
                            "count": 3, 
                            "value": 685
                        }
                    ]
                }, 
                {
                    "gender": "Joint (Male/Female)", 
                    "dispositions": [
                        {
                            "disposition": "Applications Received", 
                            "count": 38, 
                            "value": 7385
                        }, 
                        {
                            "disposition": "Loans Originated", 
                            "count": 24, 
                            "value": 4453
                        }, 
                        {
                            "disposition": "Apps. Approved But Not Accepted", 
                            "count": 1, 
                            "value": 176
                        }, 
                        {
                            "disposition": "Aplications Denied", 
                            "count": 7, 
                            "value": 1708
                        }, 
                        {
                            "disposition": "Applications Withdrawn", 
                            "count": 4, 
                            "value": 836
                        }, 
                        {
                            "disposition": "Files Closed For Incompleteness", 
                            "count": 2, 
                            "value": 212
                        }
                    ]
                }
            ]
        }, 
        {
            "race": "Black or African American", 
            "dispositions": [
                {
                    "disposition": "Applications Received", 
                    "count": 1024, 
                    "value": 218625
                }, 
                {
                    "disposition": "Loans Originated", 
                    "count": 602, 
                    "value": 128423
                }, 
                {
                    "disposition": "Apps. Approved But Not Accepted", 
                    "count": 51, 
                    "value": 11520
                }, 
                {
                    "disposition": "Aplications Denied", 
                    "count": 200, 
                    "value": 42183
                }, 
                {
                    "disposition": "Applications Withdrawn", 
                    "count": 124, 
                    "value": 25402
                }, 
                {
                    "disposition": "Files Closed For Incompleteness", 
                    "count": 47, 
                    "value": 11097
                }
            ], 
            "genders": [
                {
                    "gender": "Male", 
                    "dispositions": [
                        {
                            "disposition": "Applications Received", 
                            "count": 324, 
                            "value": 66535
                        }, 
                        {
                            "disposition": "Loans Originated", 
                            "count": 170, 
                            "value": 34837
                        }, 
                        {
                            "disposition": "Apps. Approved But Not Accepted", 
                            "count": 18, 
                            "value": 4080
                        }, 
                        {
                            "disposition": "Aplications Denied", 
                            "count": 71, 
                            "value": 13618
                        }, 
                        {
                            "disposition": "Applications Withdrawn", 
                            "count": 46, 
                            "value": 9324
                        }, 
                        {
                            "disposition": "Files Closed For Incompleteness", 
                            "count": 19, 
                            "value": 4676
                        }
                    ]
                }, 
                {
                    "gender": "Female", 
                    "dispositions": [
                        {
                            "disposition": "Applications Received", 
                            "count": 212, 
                            "value": 42329
                        }, 
                        {
                            "disposition": "Loans Originated", 
                            "count": 125, 
                            "value": 25137
                        }, 
                        {
                            "disposition": "Apps. Approved But Not Accepted", 
                            "count": 3, 
                            "value": 677
                        }, 
                        {
                            "disposition": "Aplications Denied", 
                            "count": 53, 
                            "value": 10087
                        }, 
                        {
                            "disposition": "Applications Withdrawn", 
                            "count": 26, 
                            "value": 5476
                        }, 
                        {
                            "disposition": "Files Closed For Incompleteness", 
                            "count": 5, 
                            "value": 952
                        }
                    ]
                }, 
                {
                    "gender": "Joint (Male/Female)", 
                    "dispositions": [
                        {
                            "disposition": "Applications Received", 
                            "count": 483, 
                            "value": 108789
                        }, 
                        {
                            "disposition": "Loans Originated", 
                            "count": 305, 
                            "value": 68116
                        }, 
                        {
                            "disposition": "Apps. Approved But Not Accepted", 
                            "count": 29, 
                            "value": 6662
                        }, 
                        {
                            "disposition": "Aplications Denied", 
                            "count": 75, 
                            "value": 18330
                        }, 
                        {
                            "disposition": "Applications Withdrawn", 
                            "count": 51, 
                            "value": 10212
                        }, 
                        {
                            "disposition": "Files Closed For Incompleteness", 
                            "count": 23, 
                            "value": 5469
                        }
                    ]
                }
            ]
        }, 
        {
            "race": "Native Hawaiian or Other Pacific Islander", 
            "dispositions": [
                {
                    "disposition": "Applications Received", 
                    "count": 396, 
                    "value": 72138
                }, 
                {
                    "disposition": "Loans Originated", 
                    "count": 232, 
                    "value": 43545
                }, 
                {
                    "disposition": "Apps. Approved But Not Accepted", 
                    "count": 21, 
                    "value": 3513
                }, 
                {
                    "disposition": "Aplications Denied", 
                    "count": 79, 
                    "value": 13780
                }, 
                {
                    "disposition": "Applications Withdrawn", 
                    "count": 47, 
                    "value": 8448
                }, 
                {
                    "disposition": "Files Closed For Incompleteness", 
                    "count": 17, 
                    "value": 2852
                }
            ], 
            "genders": [
                {
                    "gender": "Male", 
                    "dispositions": [
                        {
                            "disposition": "Applications Received", 
                            "count": 119, 
                            "value": 21984
                        }, 
                        {
                            "disposition": "Loans Originated", 
                            "count": 70, 
                            "value": 12894
                        }, 
                        {
                            "disposition": "Apps. Approved But Not Accepted", 
                            "count": 7, 
                            "value": 1251
                        }, 
                        {
                            "disposition": "Aplications Denied", 
                            "count": 24, 
                            "value": 4614
                        }, 
                        {
                            "disposition": "Applications Withdrawn", 
                            "count": 14, 
                            "value": 2365
                        }, 
                        {
                            "disposition": "Files Closed For Incompleteness", 
                            "count": 4, 
                            "value": 860
                        }
                    ]
                }, 
                {
                    "gender": "Female", 
                    "dispositions": [
                        {
                            "disposition": "Applications Received", 
                            "count": 135, 
                            "value": 21970
                        }, 
                        {
                            "disposition": "Loans Originated", 
                            "count": 74, 
                            "value": 12214
                        }, 
                        {
                            "disposition": "Apps. Approved But Not Accepted", 
                            "count": 4, 
                            "value": 552
                        }, 
                        {
                            "disposition": "Aplications Denied", 
                            "count": 36, 
                            "value": 5898
                        }, 
                        {
                            "disposition": "Applications Withdrawn", 
                            "count": 14, 
                            "value": 2402
                        }, 
                        {
                            "disposition": "Files Closed For Incompleteness", 
                            "count": 7, 
                            "value": 904
                        }
                    ]
                }, 
                {
                    "gender": "Joint (Male/Female)", 
                    "dispositions": [
                        {
                            "disposition": "Applications Received", 
                            "count": 141, 
                            "value": 27827
                        }, 
                        {
                            "disposition": "Loans Originated", 
                            "count": 87, 
                            "value": 18080
                        }, 
                        {
                            "disposition": "Apps. Approved But Not Accepted", 
                            "count": 10, 
                            "value": 1710
                        }, 
                        {
                            "disposition": "Aplications Denied", 
                            "count": 19, 
                            "value": 3268
                        }, 
                        {
                            "disposition": "Applications Withdrawn", 
                            "count": 19, 
                            "value": 3681
                        }, 
                        {
                            "disposition": "Files Closed For Incompleteness", 
                            "count": 6, 
                            "value": 1088
                        }
                    ]
                }
            ]
        }, 
        {
            "race": "White", 
            "dispositions": [
                {
                    "disposition": "Applications Received", 
                    "count": 98, 
                    "value": 18832
                }, 
                {
                    "disposition": "Loans Originated", 
                    "count": 59, 
                    "value": 11626
                }, 
                {
                    "disposition": "Apps. Approved But Not Accepted", 
                    "count": 5, 
                    "value": 965
                }, 
                {
                    "disposition": "Aplications Denied", 
                    "count": 19, 
                    "value": 3444
                }, 
                {
                    "disposition": "Applications Withdrawn", 
                    "count": 7, 
                    "value": 1284
                }, 
                {
                    "disposition": "Files Closed For Incompleteness", 
                    "count": 8, 
                    "value": 1513
                }
            ], 
            "genders": [
                {
                    "gender": "Male", 
                    "dispositions": [
                        {
                            "disposition": "Applications Received", 
                            "count": 28, 
                            "value": 5190
                        }, 
                        {
                            "disposition": "Loans Originated", 
                            "count": 18, 
                            "value": 3251
                        }, 
                        {
                            "disposition": "Apps. Approved But Not Accepted", 
                            "count": 2, 
                            "value": 504
                        }, 
                        {
                            "disposition": "Aplications Denied", 
                            "count": 4, 
                            "value": 648
                        }, 
                        {
                            "disposition": "Applications Withdrawn", 
                            "count": 1, 
                            "value": 194
                        }, 
                        {
                            "disposition": "Files Closed For Incompleteness", 
                            "count": 3, 
                            "value": 593
                        }
                    ]
                }, 
                {
                    "gender": "Female", 
                    "dispositions": [
                        {
                            "disposition": "Applications Received", 
                            "count": 24, 
                            "value": 4417
                        }, 
                        {
                            "disposition": "Loans Originated", 
                            "count": 13, 
                            "value": 2576
                        }, 
                        {
                            "disposition": "Apps. Approved But Not Accepted", 
                            "count": 1, 
                            "value": 214
                        }, 
                        {
                            "disposition": "Aplications Denied", 
                            "count": 6, 
                            "value": 1142
                        }, 
                        {
                            "disposition": "Applications Withdrawn", 
                            "count": 2, 
                            "value": 195
                        }, 
                        {
                            "disposition": "Files Closed For Incompleteness", 
                            "count": 2, 
                            "value": 290
                        }
                    ]
                }, 
                {
                    "gender": "Joint (Male/Female)", 
                    "dispositions": [
                        {
                            "disposition": "Applications Received", 
                            "count": 45, 
                            "value": 9108
                        }, 
                        {
                            "disposition": "Loans Originated", 
                            "count": 27, 
                            "value": 5682
                        }, 
                        {
                            "disposition": "Apps. Approved But Not Accepted", 
                            "count": 2, 
                            "value": 247
                        }, 
                        {
                            "disposition": "Aplications Denied", 
                            "count": 9, 
                            "value": 1654
                        }, 
                        {
                            "disposition": "Applications Withdrawn", 
                            "count": 4, 
                            "value": 895
                        }, 
                        {
                            "disposition": "Files Closed For Incompleteness", 
                            "count": 3, 
                            "value": 630
                        }
                    ]
                }
            ]
        }, 
        {
            "race": "2 or more minority races", 
            "dispositions": [
                {
                    "disposition": "Applications Received", 
                    "count": 14661, 
                    "value": 2666480
                }, 
                {
                    "disposition": "Loans Originated", 
                    "count": 9364, 
                    "value": 1736103
                }, 
                {
                    "disposition": "Apps. Approved But Not Accepted", 
                    "count": 631, 
                    "value": 109961
                }, 
                {
                    "disposition": "Aplications Denied", 
                    "count": 2347, 
                    "value": 405898
                }, 
                {
                    "disposition": "Applications Withdrawn", 
                    "count": 1629, 
                    "value": 293415
                }, 
                {
                    "disposition": "Files Closed For Incompleteness", 
                    "count": 690, 
                    "value": 121103
                }
            ], 
            "genders": [
                {
                    "gender": "Male", 
                    "dispositions": [
                        {
                            "disposition": "Applications Received", 
                            "count": 4014, 
                            "value": 706524
                        }, 
                        {
                            "disposition": "Loans Originated", 
                            "count": 2319, 
                            "value": 419923
                        }, 
                        {
                            "disposition": "Apps. Approved But Not Accepted", 
                            "count": 212, 
                            "value": 35377
                        }, 
                        {
                            "disposition": "Aplications Denied", 
                            "count": 742, 
                            "value": 121566
                        }, 
                        {
                            "disposition": "Applications Withdrawn", 
                            "count": 523, 
                            "value": 91371
                        }, 
                        {
                            "disposition": "Files Closed For Incompleteness", 
                            "count": 218, 
                            "value": 38287
                        }
                    ]
                }, 
                {
                    "gender": "Female", 
                    "dispositions": [
                        {
                            "disposition": "Applications Received", 
                            "count": 2363, 
                            "value": 360910
                        }, 
                        {
                            "disposition": "Loans Originated", 
                            "count": 1459, 
                            "value": 226911
                        }, 
                        {
                            "disposition": "Apps. Approved But Not Accepted", 
                            "count": 97, 
                            "value": 13937
                        }, 
                        {
                            "disposition": "Aplications Denied", 
                            "count": 413, 
                            "value": 61400
                        }, 
                        {
                            "disposition": "Applications Withdrawn", 
                            "count": 274, 
                            "value": 41357
                        }, 
                        {
                            "disposition": "Files Closed For Incompleteness", 
                            "count": 120, 
                            "value": 17305
                        }
                    ]
                }, 
                {
                    "gender": "Joint (Male/Female)", 
                    "dispositions": [
                        {
                            "disposition": "Applications Received", 
                            "count": 8234, 
                            "value": 1590400
                        }, 
                        {
                            "disposition": "Loans Originated", 
                            "count": 5554, 
                            "value": 1083525
                        }, 
                        {
                            "disposition": "Apps. Approved But Not Accepted", 
                            "count": 319, 
                            "value": 60112
                        }, 
                        {
                            "disposition": "Aplications Denied", 
                            "count": 1183, 
                            "value": 221883
                        }, 
                        {
                            "disposition": "Applications Withdrawn", 
                            "count": 827, 
                            "value": 159556
                        }, 
                        {
                            "disposition": "Files Closed For Incompleteness", 
                            "count": 351, 
                            "value": 65324
                        }
                    ]
                }
            ]
        }, 
        {
            "race": "Joint (White/Minority Race", 
            "dispositions": [
                {
                    "disposition": "Applications Received", 
                    "count": 408, 
                    "value": 77451
                }, 
                {
                    "disposition": "Loans Originated", 
                    "count": 271, 
                    "value": 53123
                }, 
                {
                    "disposition": "Apps. Approved But Not Accepted", 
                    "count": 16, 
                    "value": 3983
                }, 
                {
                    "disposition": "Aplications Denied", 
                    "count": 63, 
                    "value": 11095
                }, 
                {
                    "disposition": "Applications Withdrawn", 
                    "count": 32, 
                    "value": 5084
                }, 
                {
                    "disposition": "Files Closed For Incompleteness", 
                    "count": 26, 
                    "value": 4166
                }
            ], 
            "genders": [
                {
                    "gender": "Male", 
                    "dispositions": [
                        {
                            "disposition": "Applications Received", 
                            "count": 7, 
                            "value": 1617
                        }, 
                        {
                            "disposition": "Loans Originated", 
                            "count": 6, 
                            "value": 1452
                        }, 
                        {
                            "disposition": "Apps. Approved But Not Accepted", 
                            "count": 0, 
                            "value": 0
                        }, 
                        {
                            "disposition": "Aplications Denied", 
                            "count": 1, 
                            "value": 165
                        }, 
                        {
                            "disposition": "Applications Withdrawn", 
                            "count": 0, 
                            "value": 0
                        }, 
                        {
                            "disposition": "Files Closed For Incompleteness", 
                            "count": 0, 
                            "value": 0
                        }
                    ]
                }, 
                {
                    "gender": "Female", 
                    "dispositions": [
                        {
                            "disposition": "Applications Received", 
                            "count": 4, 
                            "value": 933
                        }, 
                        {
                            "disposition": "Loans Originated", 
                            "count": 3, 
                            "value": 806
                        }, 
                        {
                            "disposition": "Apps. Approved But Not Accepted", 
                            "count": 0, 
                            "value": 0
                        }, 
                        {
                            "disposition": "Aplications Denied", 
                            "count": 0, 
                            "value": 0
                        }, 
                        {
                            "disposition": "Applications Withdrawn", 
                            "count": 0, 
                            "value": 0
                        }, 
                        {
                            "disposition": "Files Closed For Incompleteness", 
                            "count": 1, 
                            "value": 127
                        }
                    ]
                }, 
                {
                    "gender": "Joint (Male/Female)", 
                    "dispositions": [
                        {
                            "disposition": "Applications Received", 
                            "count": 396, 
                            "value": 74841
                        }, 
                        {
                            "disposition": "Loans Originated", 
                            "count": 262, 
                            "value": 50865
                        }, 
                        {
                            "disposition": "Apps. Approved But Not Accepted", 
                            "count": 16, 
                            "value": 3983
                        }, 
                        {
                            "disposition": "Aplications Denied", 
                            "count": 61, 
                            "value": 10870
                        }, 
                        {
                            "disposition": "Applications Withdrawn", 
                            "count": 32, 
                            "value": 5084
                        }, 
                        {
                            "disposition": "Files Closed For Incompleteness", 
                            "count": 25, 
                            "value": 4039
                        }
                    ]
                }
            ]
        }, 
        {
            "race": "Not Available", 
            "dispositions": [
                {
                    "disposition": "Applications Received", 
                    "count": 3305, 
                    "value": 640005
                }, 
                {
                    "disposition": "Loans Originated", 
                    "count": 1755, 
                    "value": 353412
                }, 
                {
                    "disposition": "Apps. Approved But Not Accepted", 
                    "count": 147, 
                    "value": 30375
                }, 
                {
                    "disposition": "Aplications Denied", 
                    "count": 612, 
                    "value": 108218
                }, 
                {
                    "disposition": "Applications Withdrawn", 
                    "count": 495, 
                    "value": 92297
                }, 
                {
                    "disposition": "Files Closed For Incompleteness", 
                    "count": 296, 
                    "value": 55703
                }
            ], 
            "genders": [
                {
                    "gender": "Male", 
                    "dispositions": [
                        {
                            "disposition": "Applications Received", 
                            "count": 593, 
                            "value": 103276
                        }, 
                        {
                            "disposition": "Loans Originated", 
                            "count": 292, 
                            "value": 53124
                        }, 
                        {
                            "disposition": "Apps. Approved But Not Accepted", 
                            "count": 28, 
                            "value": 5491
                        }, 
                        {
                            "disposition": "Aplications Denied", 
                            "count": 110, 
                            "value": 17594
                        }, 
                        {
                            "disposition": "Applications Withdrawn", 
                            "count": 97, 
                            "value": 16630
                        }, 
                        {
                            "disposition": "Files Closed For Incompleteness", 
                            "count": 66, 
                            "value": 10437
                        }
                    ]
                }, 
                {
                    "gender": "Female", 
                    "dispositions": [
                        {
                            "disposition": "Applications Received", 
                            "count": 282, 
                            "value": 44058
                        }, 
                        {
                            "disposition": "Loans Originated", 
                            "count": 156, 
                            "value": 25323
                        }, 
                        {
                            "disposition": "Apps. Approved But Not Accepted", 
                            "count": 13, 
                            "value": 2646
                        }, 
                        {
                            "disposition": "Aplications Denied", 
                            "count": 53, 
                            "value": 6350
                        }, 
                        {
                            "disposition": "Applications Withdrawn", 
                            "count": 36, 
                            "value": 5461
                        }, 
                        {
                            "disposition": "Files Closed For Incompleteness", 
                            "count": 24, 
                            "value": 4278
                        }
                    ]
                }, 
                {
                    "gender": "Joint (Male/Female)", 
                    "dispositions": [
                        {
                            "disposition": "Applications Received", 
                            "count": 918, 
                            "value": 184545
                        }, 
                        {
                            "disposition": "Loans Originated", 
                            "count": 552, 
                            "value": 110619
                        }, 
                        {
                            "disposition": "Apps. Approved But Not Accepted", 
                            "count": 41, 
                            "value": 7887
                        }, 
                        {
                            "disposition": "Aplications Denied", 
                            "count": 143, 
                            "value": 28447
                        }, 
                        {
                            "disposition": "Applications Withdrawn", 
                            "count": 108, 
                            "value": 22348
                        }, 
                        {
                            "disposition": "Files Closed For Incompleteness", 
                            "count": 74, 
                            "value": 15244
                        }
                    ]
                }
            ]
        }
    ], 
    "ethnicities": [
        {
            "ethnicity": "Hispanic or Latino", 
            "dispositions": [
                {
                    "disposition": "Applications Received", 
                    "count": 3667, 
                    "value": 563452
                }, 
                {
                    "disposition": "Loans Originated", 
                    "count": 2153, 
                    "value": 340539
                }, 
                {
                    "disposition": "Apps. Approved But Not Accepted", 
                    "count": 132, 
                    "value": 19725
                }, 
                {
                    "disposition": "Aplications Denied", 
                    "count": 722, 
                    "value": 104284
                }, 
                {
                    "disposition": "Applications Withdrawn", 
                    "count": 434, 
                    "value": 66315
                }, 
                {
                    "disposition": "Files Closed For Incompleteness", 
                    "count": 226, 
                    "value": 32589
                }
            ], 
            "genders": [
                {
                    "gender": "Male", 
                    "dispositions": [
                        {
                            "disposition": "Applications Received", 
                            "count": 1293, 
                            "value": 1293
                        }, 
                        {
                            "disposition": "Loans Originated", 
                            "count": 714, 
                            "value": 110324
                        }, 
                        {
                            "disposition": "Apps. Approved But Not Accepted", 
                            "count": 56, 
                            "value": 8562
                        }, 
                        {
                            "disposition": "Aplications Denied", 
                            "count": 273, 
                            "value": 39098
                        }, 
                        {
                            "disposition": "Applications Withdrawn", 
                            "count": 174, 
                            "value": 27584
                        }, 
                        {
                            "disposition": "Files Closed For Incompleteness", 
                            "count": 76, 
                            "value": 10483
                        }
                    ]
                }, 
                {
                    "gender": "Female", 
                    "dispositions": [
                        {
                            "disposition": "Applications Received", 
                            "count": 606, 
                            "value": 606
                        }, 
                        {
                            "disposition": "Loans Originated", 
                            "count": 330, 
                            "value": 47735
                        }, 
                        {
                            "disposition": "Apps. Approved But Not Accepted", 
                            "count": 22, 
                            "value": 3015
                        }, 
                        {
                            "disposition": "Aplications Denied", 
                            "count": 132, 
                            "value": 17164
                        }, 
                        {
                            "disposition": "Applications Withdrawn", 
                            "count": 78, 
                            "value": 10738
                        }, 
                        {
                            "disposition": "Files Closed For Incompleteness", 
                            "count": 44, 
                            "value": 6127
                        }
                    ]
                }, 
                {
                    "gender": "Joint (Male/Female)", 
                    "dispositions": [
                        {
                            "disposition": "Applications Received", 
                            "count": 1751, 
                            "value": 1751
                        }, 
                        {
                            "disposition": "Loans Originated", 
                            "count": 1102, 
                            "value": 181596
                        }, 
                        {
                            "disposition": "Apps. Approved But Not Accepted", 
                            "count": 53, 
                            "value": 8038
                        }, 
                        {
                            "disposition": "Aplications Denied", 
                            "count": 312, 
                            "value": 47242
                        }, 
                        {
                            "disposition": "Applications Withdrawn", 
                            "count": 178, 
                            "value": 27518
                        }, 
                        {
                            "disposition": "Files Closed For Incompleteness", 
                            "count": 106, 
                            "value": 15979
                        }
                    ]
                }
            ]
        }, 
        {
            "ethnicity": "Not Hispanic or Latino", 
            "dispositions": [
                {
                    "disposition": "Applications Received", 
                    "count": 13020, 
                    "value": 2488775
                }, 
                {
                    "disposition": "Loans Originated", 
                    "count": 8359, 
                    "value": 1617886
                }, 
                {
                    "disposition": "Apps. Approved But Not Accepted", 
                    "count": 595, 
                    "value": 110747
                }, 
                {
                    "disposition": "Aplications Denied", 
                    "count": 2045, 
                    "value": 377988
                }, 
                {
                    "disposition": "Applications Withdrawn", 
                    "count": 1433, 
                    "value": 271873
                }, 
                {
                    "disposition": "Files Closed For Incompleteness", 
                    "count": 588, 
                    "value": 110281
                }
            ], 
            "genders": [
                {
                    "gender": "Male", 
                    "dispositions": [
                        {
                            "disposition": "Applications Received", 
                            "count": 3472, 
                            "value": 3472
                        }, 
                        {
                            "disposition": "Loans Originated", 
                            "count": 2002, 
                            "value": 384137
                        }, 
                        {
                            "disposition": "Apps. Approved But Not Accepted", 
                            "count": 199, 
                            "value": 35806
                        }, 
                        {
                            "disposition": "Aplications Denied", 
                            "count": 632, 
                            "value": 110958
                        }, 
                        {
                            "disposition": "Applications Withdrawn", 
                            "count": 444, 
                            "value": 80706
                        }, 
                        {
                            "disposition": "Files Closed For Incompleteness", 
                            "count": 195, 
                            "value": 37554
                        }
                    ]
                }, 
                {
                    "gender": "Female", 
                    "dispositions": [
                        {
                            "disposition": "Applications Received", 
                            "count": 2280, 
                            "value": 2280
                        }, 
                        {
                            "disposition": "Loans Originated", 
                            "count": 1421, 
                            "value": 232218
                        }, 
                        {
                            "disposition": "Apps. Approved But Not Accepted", 
                            "count": 93, 
                            "value": 14064
                        }, 
                        {
                            "disposition": "Aplications Denied", 
                            "count": 402, 
                            "value": 64665
                        }, 
                        {
                            "disposition": "Applications Withdrawn", 
                            "count": 259, 
                            "value": 42437
                        }, 
                        {
                            "disposition": "Files Closed For Incompleteness", 
                            "count": 105, 
                            "value": 15974
                        }
                    ]
                }, 
                {
                    "gender": "Joint (Male/Female)", 
                    "dispositions": [
                        {
                            "disposition": "Applications Received", 
                            "count": 7212, 
                            "value": 7212
                        }, 
                        {
                            "disposition": "Loans Originated", 
                            "count": 4905, 
                            "value": 995636
                        }, 
                        {
                            "disposition": "Apps. Approved But Not Accepted", 
                            "count": 299, 
                            "value": 60010
                        }, 
                        {
                            "disposition": "Aplications Denied", 
                            "count": 1000, 
                            "value": 200176
                        }, 
                        {
                            "disposition": "Applications Withdrawn", 
                            "count": 721, 
                            "value": 146610
                        }, 
                        {
                            "disposition": "Files Closed For Incompleteness", 
                            "count": 287, 
                            "value": 56683
                        }
                    ]
                }
            ]
        }, 
        {
            "ethnicity": "Joint (Hispanic or Latino/Not Hispanic or Latino", 
            "dispositions": [
                {
                    "disposition": "Applications Received", 
                    "count": 747, 
                    "value": 145090
                }, 
                {
                    "disposition": "Loans Originated", 
                    "count": 505, 
                    "value": 98526
                }, 
                {
                    "disposition": "Apps. Approved But Not Accepted", 
                    "count": 33, 
                    "value": 6280
                }, 
                {
                    "disposition": "Aplications Denied", 
                    "count": 105, 
                    "value": 21176
                }, 
                {
                    "disposition": "Applications Withdrawn", 
                    "count": 69, 
                    "value": 12346
                }, 
                {
                    "disposition": "Files Closed For Incompleteness", 
                    "count": 35, 
                    "value": 6762
                }
            ], 
            "genders": [
                {
                    "gender": "Male", 
                    "dispositions": [
                        {
                            "disposition": "Applications Received", 
                            "count": 12, 
                            "value": 12
                        }, 
                        {
                            "disposition": "Loans Originated", 
                            "count": 8, 
                            "value": 1395
                        }, 
                        {
                            "disposition": "Apps. Approved But Not Accepted", 
                            "count": 1, 
                            "value": 150
                        }, 
                        {
                            "disposition": "Aplications Denied", 
                            "count": 2, 
                            "value": 485
                        }, 
                        {
                            "disposition": "Applications Withdrawn", 
                            "count": 1, 
                            "value": 290
                        }, 
                        {
                            "disposition": "Files Closed For Incompleteness", 
                            "count": 0, 
                            "value": 0
                        }
                    ]
                }, 
                {
                    "gender": "Female", 
                    "dispositions": [
                        {
                            "disposition": "Applications Received", 
                            "count": 13, 
                            "value": 13
                        }, 
                        {
                            "disposition": "Loans Originated", 
                            "count": 7, 
                            "value": 1397
                        }, 
                        {
                            "disposition": "Apps. Approved But Not Accepted", 
                            "count": 0, 
                            "value": 0
                        }, 
                        {
                            "disposition": "Aplications Denied", 
                            "count": 1, 
                            "value": 100
                        }, 
                        {
                            "disposition": "Applications Withdrawn", 
                            "count": 3, 
                            "value": 601
                        }, 
                        {
                            "disposition": "Files Closed For Incompleteness", 
                            "count": 2, 
                            "value": 299
                        }
                    ]
                }, 
                {
                    "gender": "Joint (Male/Female)", 
                    "dispositions": [
                        {
                            "disposition": "Applications Received", 
                            "count": 722, 
                            "value": 722
                        }, 
                        {
                            "disposition": "Loans Originated", 
                            "count": 490, 
                            "value": 95734
                        }, 
                        {
                            "disposition": "Apps. Approved But Not Accepted", 
                            "count": 32, 
                            "value": 6130
                        }, 
                        {
                            "disposition": "Aplications Denied", 
                            "count": 102, 
                            "value": 20591
                        }, 
                        {
                            "disposition": "Applications Withdrawn", 
                            "count": 65, 
                            "value": 11455
                        }, 
                        {
                            "disposition": "Files Closed For Incompleteness", 
                            "count": 33, 
                            "value": 6463
                        }
                    ]
                }
            ]
        }, 
        {
            "ethnicity": "Ethnicity Not Available", 
            "dispositions": [
                {
                    "disposition": "Applications Received", 
                    "count": 2682, 
                    "value": 533937
                }, 
                {
                    "disposition": "Loans Originated", 
                    "count": 1395, 
                    "value": 291180
                }, 
                {
                    "disposition": "Apps. Approved But Not Accepted", 
                    "count": 124, 
                    "value": 25184
                }, 
                {
                    "disposition": "Aplications Denied", 
                    "count": 490, 
                    "value": 88126
                }, 
                {
                    "disposition": "Applications Withdrawn", 
                    "count": 426, 
                    "value": 80503
                }, 
                {
                    "disposition": "Files Closed For Incompleteness", 
                    "count": 247, 
                    "value": 48944
                }
            ], 
            "genders": [
                {
                    "gender": "Male", 
                    "dispositions": [
                        {
                            "disposition": "Applications Received", 
                            "count": 393, 
                            "value": 393
                        }, 
                        {
                            "disposition": "Loans Originated", 
                            "count": 197, 
                            "value": 37549
                        }, 
                        {
                            "disposition": "Apps. Approved But Not Accepted", 
                            "count": 16, 
                            "value": 2851
                        }, 
                        {
                            "disposition": "Aplications Denied", 
                            "count": 65, 
                            "value": 10751
                        }, 
                        {
                            "disposition": "Applications Withdrawn", 
                            "count": 71, 
                            "value": 12802
                        }, 
                        {
                            "disposition": "Files Closed For Incompleteness", 
                            "count": 44, 
                            "value": 7660
                        }
                    ]
                }, 
                {
                    "gender": "Female", 
                    "dispositions": [
                        {
                            "disposition": "Applications Received", 
                            "count": 187, 
                            "value": 187
                        }, 
                        {
                            "disposition": "Loans Originated", 
                            "count": 107, 
                            "value": 16922
                        }, 
                        {
                            "disposition": "Apps. Approved But Not Accepted", 
                            "count": 8, 
                            "value": 1474
                        }, 
                        {
                            "disposition": "Aplications Denied", 
                            "count": 37, 
                            "value": 4352
                        }, 
                        {
                            "disposition": "Applications Withdrawn", 
                            "count": 23, 
                            "value": 3186
                        }, 
                        {
                            "disposition": "Files Closed For Incompleteness", 
                            "count": 12, 
                            "value": 2213
                        }
                    ]
                }, 
                {
                    "gender": "Joint (Male/Female)", 
                    "dispositions": [
                        {
                            "disposition": "Applications Received", 
                            "count": 602, 
                            "value": 602
                        }, 
                        {
                            "disposition": "Loans Originated", 
                            "count": 337, 
                            "value": 72372
                        }, 
                        {
                            "disposition": "Apps. Approved But Not Accepted", 
                            "count": 36, 
                            "value": 6849
                        }, 
                        {
                            "disposition": "Aplications Denied", 
                            "count": 87, 
                            "value": 18908
                        }, 
                        {
                            "disposition": "Applications Withdrawn", 
                            "count": 83, 
                            "value": 17395
                        }, 
                        {
                            "disposition": "Files Closed For Incompleteness", 
                            "count": 59, 
                            "value": 13210
                        }
                    ]
                }
            ]
        }
    ], 
    "minoritystatuses": [
        {
            "minoritystatus": "White Non-Hispanic", 
            "dispositions": [
                {
                    "disposition": "Applications Received", 
                    "count": 13776, 
                    "value": 2635651
                }, 
                {
                    "disposition": "Loans Originated", 
                    "count": 8603, 
                    "value": 1675306
                }, 
                {
                    "disposition": "Apps. Approved But Not Accepted", 
                    "count": 623, 
                    "value": 115549
                }, 
                {
                    "disposition": "Aplications Denied", 
                    "count": 2170, 
                    "value": 394735
                }, 
                {
                    "disposition": "Applications Withdrawn", 
                    "count": 1640, 
                    "value": 310307
                }, 
                {
                    "disposition": "Files Closed For Incompleteness", 
                    "count": 740, 
                    "value": 139754
                }
            ], 
            "genders": [
                {
                    "gender": "Male", 
                    "dispositions": [
                        {
                            "disposition": "Applications Received", 
                            "count": 621256, 
                            "value": 0
                        }, 
                        {
                            "disposition": "Loans Originated", 
                            "count": 1911, 
                            "value": 365040
                        }, 
                        {
                            "disposition": "Apps. Approved But Not Accepted", 
                            "count": 187, 
                            "value": 32612
                        }, 
                        {
                            "disposition": "Aplications Denied", 
                            "count": 585, 
                            "value": 100368
                        }, 
                        {
                            "disposition": "Applications Withdrawn", 
                            "count": 450, 
                            "value": 81043
                        }, 
                        {
                            "disposition": "Files Closed For Incompleteness", 
                            "count": 211, 
                            "value": 38849
                        }
                    ]
                }, 
                {
                    "gender": "Female", 
                    "dispositions": [
                        {
                            "disposition": "Applications Received", 
                            "count": 326152, 
                            "value": 0
                        }, 
                        {
                            "disposition": "Loans Originated", 
                            "count": 1296, 
                            "value": 206136
                        }, 
                        {
                            "disposition": "Apps. Approved But Not Accepted", 
                            "count": 91, 
                            "value": 13874
                        }, 
                        {
                            "disposition": "Aplications Denied", 
                            "count": 341, 
                            "value": 51800
                        }, 
                        {
                            "disposition": "Applications Withdrawn", 
                            "count": 235, 
                            "value": 36729
                        }, 
                        {
                            "disposition": "Files Closed For Incompleteness", 
                            "count": 100, 
                            "value": 15550
                        }
                    ]
                }, 
                {
                    "gender": "Joint (Male/Female)", 
                    "dispositions": [
                        {
                            "disposition": "Applications Received", 
                            "count": 1385951, 
                            "value": 0
                        }, 
                        {
                            "disposition": "Loans Originated", 
                            "count": 4616, 
                            "value": 934924
                        }, 
                        {
                            "disposition": "Apps. Approved But Not Accepted", 
                            "count": 278, 
                            "value": 54287
                        }, 
                        {
                            "disposition": "Aplications Denied", 
                            "count": 934, 
                            "value": 186471
                        }, 
                        {
                            "disposition": "Applications Withdrawn", 
                            "count": 700, 
                            "value": 144021
                        }, 
                        {
                            "disposition": "Files Closed For Incompleteness", 
                            "count": 296, 
                            "value": 59424
                        }
                    ]
                }
            ]
        }, 
        {
            "minoritystatus": "Others, Including Hispanic", 
            "dispositions": [
                {
                    "disposition": "Applications Received", 
                    "count": 6340, 
                    "value": 1095603
                }, 
                {
                    "disposition": "Loans Originated", 
                    "count": 3809, 
                    "value": 672825
                }, 
                {
                    "disposition": "Apps. Approved But Not Accepted", 
                    "count": 261, 
                    "value": 46387
                }, 
                {
                    "disposition": "Aplications Denied", 
                    "count": 1192, 
                    "value": 196839
                }, 
                {
                    "disposition": "Applications Withdrawn", 
                    "count": 722, 
                    "value": 120730
                }, 
                {
                    "disposition": "Files Closed For Incompleteness", 
                    "count": 356, 
                    "value": 58822
                }
            ], 
            "genders": [
                {
                    "gender": "Male", 
                    "dispositions": [
                        {
                            "disposition": "Applications Received", 
                            "count": 303059, 
                            "value": 0
                        }, 
                        {
                            "disposition": "Loans Originated", 
                            "count": 1010, 
                            "value": 168365
                        }, 
                        {
                            "disposition": "Apps. Approved But Not Accepted", 
                            "count": 85, 
                            "value": 14757
                        }, 
                        {
                            "disposition": "Aplications Denied", 
                            "count": 387, 
                            "value": 60924
                        }, 
                        {
                            "disposition": "Applications Withdrawn", 
                            "count": 240, 
                            "value": 40339
                        }, 
                        {
                            "disposition": "Files Closed For Incompleteness", 
                            "count": 104, 
                            "value": 16848
                        }
                    ]
                }, 
                {
                    "gender": "Female", 
                    "dispositions": [
                        {
                            "disposition": "Applications Received", 
                            "count": 161615, 
                            "value": 0
                        }, 
                        {
                            "disposition": "Loans Originated", 
                            "count": 569, 
                            "value": 92136
                        }, 
                        {
                            "disposition": "Apps. Approved But Not Accepted", 
                            "count": 32, 
                            "value": 4679
                        }, 
                        {
                            "disposition": "Aplications Denied", 
                            "count": 231, 
                            "value": 34481
                        }, 
                        {
                            "disposition": "Applications Withdrawn", 
                            "count": 128, 
                            "value": 20233
                        }, 
                        {
                            "disposition": "Files Closed For Incompleteness", 
                            "count": 63, 
                            "value": 9063
                        }
                    ]
                }, 
                {
                    "gender": "Joint (Male/Female)", 
                    "dispositions": [
                        {
                            "disposition": "Applications Received", 
                            "count": 632931, 
                            "value": 0
                        }, 
                        {
                            "disposition": "Loans Originated", 
                            "count": 2218, 
                            "value": 410414
                        }, 
                        {
                            "disposition": "Apps. Approved But Not Accepted", 
                            "count": 142, 
                            "value": 26740
                        }, 
                        {
                            "disposition": "Aplications Denied", 
                            "count": 567, 
                            "value": 100446
                        }, 
                        {
                            "disposition": "Applications Withdrawn", 
                            "count": 347, 
                            "value": 58957
                        }, 
                        {
                            "disposition": "Files Closed For Incompleteness", 
                            "count": 189, 
                            "value": 32911
                        }
                    ]
                }
            ]
        }
    ], 
    "incomes": [
        {
            "income": "Less than 50% of MSA/MD median", 
            "dispositions": [
                {
                    "disposition": "Applications Received", 
                    "count": 1067, 
                    "value": 119324
                }, 
                {
                    "disposition": "Loans Originated", 
                    "count": 544, 
                    "value": 63635
                }, 
                {
                    "disposition": "Apps. Approved But Not Accepted", 
                    "count": 35, 
                    "value": 3407
                }, 
                {
                    "disposition": "Aplications Denied", 
                    "count": 312, 
                    "value": 33181
                }, 
                {
                    "disposition": "Applications Withdrawn", 
                    "count": 117, 
                    "value": 12387
                }, 
                {
                    "disposition": "Files Closed For Incompleteness", 
                    "count": 59, 
                    "value": 6714
                }
            ]
        }, 
        {
            "income": "50-79% of MSA/MD median", 
            "dispositions": [
                {
                    "disposition": "Applications Received", 
                    "count": 1758, 
                    "value": 228911
                }, 
                {
                    "disposition": "Loans Originated", 
                    "count": 930, 
                    "value": 121630
                }, 
                {
                    "disposition": "Apps. Approved But Not Accepted", 
                    "count": 82, 
                    "value": 10330
                }, 
                {
                    "disposition": "Aplications Denied", 
                    "count": 382, 
                    "value": 49221
                }, 
                {
                    "disposition": "Applications Withdrawn", 
                    "count": 230, 
                    "value": 31044
                }, 
                {
                    "disposition": "Files Closed For Incompleteness", 
                    "count": 134, 
                    "value": 16686
                }
            ]
        }, 
        {
            "income": "80-99% of MSA/MD median", 
            "dispositions": [
                {
                    "disposition": "Applications Received", 
                    "count": 1478, 
                    "value": 213733
                }, 
                {
                    "disposition": "Loans Originated", 
                    "count": 871, 
                    "value": 128135
                }, 
                {
                    "disposition": "Apps. Approved But Not Accepted", 
                    "count": 67, 
                    "value": 8920
                }, 
                {
                    "disposition": "Aplications Denied", 
                    "count": 272, 
                    "value": 38879
                }, 
                {
                    "disposition": "Applications Withdrawn", 
                    "count": 173, 
                    "value": 24841
                }, 
                {
                    "disposition": "Files Closed For Incompleteness", 
                    "count": 95, 
                    "value": 12958
                }
            ]
        }, 
        {
            "income": "100-119% of MSA/MD median", 
            "dispositions": [
                {
                    "disposition": "Applications Received", 
                    "count": 1474, 
                    "value": 231697
                }, 
                {
                    "disposition": "Loans Originated", 
                    "count": 902, 
                    "value": 141207
                }, 
                {
                    "disposition": "Apps. Approved But Not Accepted", 
                    "count": 62, 
                    "value": 9646
                }, 
                {
                    "disposition": "Aplications Denied", 
                    "count": 258, 
                    "value": 41035
                }, 
                {
                    "disposition": "Applications Withdrawn", 
                    "count": 184, 
                    "value": 29035
                }, 
                {
                    "disposition": "Files Closed For Incompleteness", 
                    "count": 68, 
                    "value": 10774
                }
            ]
        }, 
        {
            "income": "120% or more of MSA/MD median", 
            "dispositions": [
                {
                    "disposition": "Applications Received", 
                    "count": 11186, 
                    "value": 2334543
                }, 
                {
                    "disposition": "Loans Originated", 
                    "count": 7041, 
                    "value": 1477143
                }, 
                {
                    "disposition": "Apps. Approved But Not Accepted", 
                    "count": 504, 
                    "value": 105979
                }, 
                {
                    "disposition": "Aplications Denied", 
                    "count": 1740, 
                    "value": 358557
                }, 
                {
                    "disposition": "Applications Withdrawn", 
                    "count": 1296, 
                    "value": 267132
                }, 
                {
                    "disposition": "Files Closed For Incompleteness", 
                    "count": 605, 
                    "value": 125732
                }
            ]
        }, 
        {
            "income": "Income not available", 
            "dispositions": [
                {
                    "disposition": "Applications Received", 
                    "count": 3153, 
                    "value": 603046
                }, 
                {
                    "disposition": "Loans Originated", 
                    "count": 2124, 
                    "value": 416381
                }, 
                {
                    "disposition": "Apps. Approved But Not Accepted", 
                    "count": 134, 
                    "value": 23654
                }, 
                {
                    "disposition": "Aplications Denied", 
                    "count": 398, 
                    "value": 70701
                }, 
                {
                    "disposition": "Applications Withdrawn", 
                    "count": 362, 
                    "value": 66598
                }, 
                {
                    "disposition": "Files Closed For Incompleteness", 
                    "count": 135, 
                    "value": 25712
                }
            ]
        }
    ], 
    "total": [
        {
            "disposition": "Applications Received", 
            "count": 0, 
            "value": 0
        }, 
        {
            "disposition": "Loans Originated", 
            "count": 12412, 
            "value": 2348131
        }, 
        {
            "disposition": "Apps. Approved But Not Accepted", 
            "count": 884, 
            "value": 161936
        }, 
        {
            "disposition": "Aplications Denied", 
            "count": 3362, 
            "value": 591574
        }, 
        {
            "disposition": "Applications Withdrawn", 
            "count": 2362, 
            "value": 431037
        }, 
        {
            "disposition": "Files Closed For Incompleteness", 
            "count": 1096, 
            "value": 198576
        }
    ]
}