{
    "table": "3-1", 
    "type": "Aggregate", 
    "desc": "Loans sold, by characteristics of borrower and census tract in which property is located and by type of purchaser (includes originations and purchased loans),", 
    "year": "2012", 
    "msa": {
        "id": "21820", 
        "name": "Fairbanks", 
        "state": "AK", 
        "state_name": "Alaska"
    }, 
    "borrowercharacteristics": [
        {
            "characteristic": "Race", 
            "races": [
                {
                    "race": "American Indian/Alaska Native", 
                    "purchasers": [
                        {
                            "name": "Fannie Mae", 
                            "count": 5, 
                            "value": 728.0
                        }, 
                        {
                            "name": "Ginnie Mae", 
                            "count": 2, 
                            "value": 437.0
                        }, 
                        {
                            "name": "Freddie Mac", 
                            "count": 0, 
                            "value": 0
                        }, 
                        {
                            "name": "Farmer Mac", 
                            "count": 0, 
                            "value": 0
                        }, 
                        {
                            "name": "Private Securitization", 
                            "count": 0, 
                            "value": 0
                        }, 
                        {
                            "name": "Commercial bank, savings bank or association", 
                            "count": 0, 
                            "value": 0
                        }, 
                        {
                            "name": "Life insurance co., credit union, finance co.", 
                            "count": 1, 
                            "value": 140.0
                        }, 
                        {
                            "name": "Affiliate institution", 
                            "count": 9, 
                            "value": 1689.0
                        }, 
                        {
                            "name": "Other", 
                            "count": 19, 
                            "value": 2908.0
                        }
                    ]
                }, 
                {
                    "race": "Asian", 
                    "purchasers": [
                        {
                            "name": "Fannie Mae", 
                            "count": 17, 
                            "value": 2376.0
                        }, 
                        {
                            "name": "Ginnie Mae", 
                            "count": 14, 
                            "value": 3301.0
                        }, 
                        {
                            "name": "Freddie Mac", 
                            "count": 1, 
                            "value": 172.0
                        }, 
                        {
                            "name": "Farmer Mac", 
                            "count": 0, 
                            "value": 0
                        }, 
                        {
                            "name": "Private Securitization", 
                            "count": 0, 
                            "value": 0
                        }, 
                        {
                            "name": "Commercial bank, savings bank or association", 
                            "count": 5, 
                            "value": 1173.0
                        }, 
                        {
                            "name": "Life insurance co., credit union, finance co.", 
                            "count": 10, 
                            "value": 1880.0
                        }, 
                        {
                            "name": "Affiliate institution", 
                            "count": 45, 
                            "value": 8140.0
                        }, 
                        {
                            "name": "Other", 
                            "count": 67, 
                            "value": 9243.0
                        }
                    ]
                }, 
                {
                    "race": "Black or African American", 
                    "purchasers": [
                        {
                            "name": "Fannie Mae", 
                            "count": 12, 
                            "value": 2108.0
                        }, 
                        {
                            "name": "Ginnie Mae", 
                            "count": 13, 
                            "value": 2885.0
                        }, 
                        {
                            "name": "Freddie Mac", 
                            "count": 1, 
                            "value": 154.0
                        }, 
                        {
                            "name": "Farmer Mac", 
                            "count": 0, 
                            "value": 0
                        }, 
                        {
                            "name": "Private Securitization", 
                            "count": 1, 
                            "value": 245.0
                        }, 
                        {
                            "name": "Commercial bank, savings bank or association", 
                            "count": 10, 
                            "value": 2048.0
                        }, 
                        {
                            "name": "Life insurance co., credit union, finance co.", 
                            "count": 4, 
                            "value": 860.0
                        }, 
                        {
                            "name": "Affiliate institution", 
                            "count": 5, 
                            "value": 888.0
                        }, 
                        {
                            "name": "Other", 
                            "count": 29, 
                            "value": 5230.0
                        }
                    ]
                }, 
                {
                    "race": "Native Hawaiian or Other Pacific Islander", 
                    "purchasers": [
                        {
                            "name": "Fannie Mae", 
                            "count": 13, 
                            "value": 1605.0
                        }, 
                        {
                            "name": "Ginnie Mae", 
                            "count": 28, 
                            "value": 6547.0
                        }, 
                        {
                            "name": "Freddie Mac", 
                            "count": 1, 
                            "value": 231.0
                        }, 
                        {
                            "name": "Farmer Mac", 
                            "count": 0, 
                            "value": 0
                        }, 
                        {
                            "name": "Private Securitization", 
                            "count": 0, 
                            "value": 0
                        }, 
                        {
                            "name": "Commercial bank, savings bank or association", 
                            "count": 13, 
                            "value": 3030.0
                        }, 
                        {
                            "name": "Life insurance co., credit union, finance co.", 
                            "count": 5, 
                            "value": 1134.0
                        }, 
                        {
                            "name": "Affiliate institution", 
                            "count": 7, 
                            "value": 948.0
                        }, 
                        {
                            "name": "Other", 
                            "count": 46, 
                            "value": 7230.0
                        }
                    ]
                }, 
                {
                    "race": "White", 
                    "purchasers": [
                        {
                            "name": "Fannie Mae", 
                            "count": 1, 
                            "value": 223.0
                        }, 
                        {
                            "name": "Ginnie Mae", 
                            "count": 1, 
                            "value": 240.0
                        }, 
                        {
                            "name": "Freddie Mac", 
                            "count": 0, 
                            "value": 0
                        }, 
                        {
                            "name": "Farmer Mac", 
                            "count": 0, 
                            "value": 0
                        }, 
                        {
                            "name": "Private Securitization", 
                            "count": 0, 
                            "value": 0
                        }, 
                        {
                            "name": "Commercial bank, savings bank or association", 
                            "count": 1, 
                            "value": 240.0
                        }, 
                        {
                            "name": "Life insurance co., credit union, finance co.", 
                            "count": 0, 
                            "value": 0
                        }, 
                        {
                            "name": "Affiliate institution", 
                            "count": 1, 
                            "value": 220.0
                        }, 
                        {
                            "name": "Other", 
                            "count": 11, 
                            "value": 1644.0
                        }
                    ]
                }, 
                {
                    "race": "2 or more minority races", 
                    "purchasers": [
                        {
                            "name": "Fannie Mae", 
                            "count": 1036, 
                            "value": 191723.0
                        }, 
                        {
                            "name": "Ginnie Mae", 
                            "count": 588, 
                            "value": 135010.0
                        }, 
                        {
                            "name": "Freddie Mac", 
                            "count": 107, 
                            "value": 18531.0
                        }, 
                        {
                            "name": "Farmer Mac", 
                            "count": 0, 
                            "value": 0
                        }, 
                        {
                            "name": "Private Securitization", 
                            "count": 5, 
                            "value": 833.0
                        }, 
                        {
                            "name": "Commercial bank, savings bank or association", 
                            "count": 369, 
                            "value": 83811.0
                        }, 
                        {
                            "name": "Life insurance co., credit union, finance co.", 
                            "count": 102, 
                            "value": 20411.0
                        }, 
                        {
                            "name": "Affiliate institution", 
                            "count": 485, 
                            "value": 94928.0
                        }, 
                        {
                            "name": "Other", 
                            "count": 1511, 
                            "value": 251445.0
                        }
                    ]
                }, 
                {
                    "race": "Joint (White/Minority Race", 
                    "purchasers": [
                        {
                            "name": "Fannie Mae", 
                            "count": 49, 
                            "value": 9324.0
                        }, 
                        {
                            "name": "Ginnie Mae", 
                            "count": 16, 
                            "value": 4094.0
                        }, 
                        {
                            "name": "Freddie Mac", 
                            "count": 2, 
                            "value": 304.0
                        }, 
                        {
                            "name": "Farmer Mac", 
                            "count": 0, 
                            "value": 0
                        }, 
                        {
                            "name": "Private Securitization", 
                            "count": 0, 
                            "value": 0
                        }, 
                        {
                            "name": "Commercial bank, savings bank or association", 
                            "count": 10, 
                            "value": 2629.0
                        }, 
                        {
                            "name": "Life insurance co., credit union, finance co.", 
                            "count": 6, 
                            "value": 1329.0
                        }, 
                        {
                            "name": "Affiliate institution", 
                            "count": 41, 
                            "value": 8242.0
                        }, 
                        {
                            "name": "Other", 
                            "count": 82, 
                            "value": 14924.0
                        }
                    ]
                }, 
                {
                    "race": "Not Available", 
                    "purchasers": [
                        {
                            "name": "Fannie Mae", 
                            "count": 77, 
                            "value": 14350.0
                        }, 
                        {
                            "name": "Ginnie Mae", 
                            "count": 156, 
                            "value": 36932.0
                        }, 
                        {
                            "name": "Freddie Mac", 
                            "count": 24, 
                            "value": 5529.0
                        }, 
                        {
                            "name": "Farmer Mac", 
                            "count": 0, 
                            "value": 0
                        }, 
                        {
                            "name": "Private Securitization", 
                            "count": 7, 
                            "value": 1398.0
                        }, 
                        {
                            "name": "Commercial bank, savings bank or association", 
                            "count": 76, 
                            "value": 18080.0
                        }, 
                        {
                            "name": "Life insurance co., credit union, finance co.", 
                            "count": 4, 
                            "value": 763.0
                        }, 
                        {
                            "name": "Affiliate institution", 
                            "count": 90, 
                            "value": 18529.0
                        }, 
                        {
                            "name": "Other", 
                            "count": 393, 
                            "value": 72597.0
                        }
                    ]
                }
            ]
        }, 
        {
            "characteristic": "Ethnicity", 
            "ethnicities": [
                {
                    "ethnicity": "Hispanic or Latino", 
                    "purchasers": [
                        {
                            "name": "Fannie Mae", 
                            "count": 9, 
                            "value": 1840
                        }, 
                        {
                            "name": "Ginnie Mae", 
                            "count": 26, 
                            "value": 6010
                        }, 
                        {
                            "name": "Freddie Mac", 
                            "count": 0, 
                            "value": 0
                        }, 
                        {
                            "name": "Farmer Mac", 
                            "count": 0, 
                            "value": 0
                        }, 
                        {
                            "name": "Private Securitization", 
                            "count": 0, 
                            "value": 0
                        }, 
                        {
                            "name": "Commercial bank, savings bank or association", 
                            "count": 10, 
                            "value": 2099
                        }, 
                        {
                            "name": "Life insurance co., credit union, finance co.", 
                            "count": 1, 
                            "value": 258
                        }, 
                        {
                            "name": "Affiliate institution", 
                            "count": 10, 
                            "value": 1869
                        }, 
                        {
                            "name": "Other", 
                            "count": 35, 
                            "value": 5731
                        }
                    ]
                }, 
                {
                    "ethnicity": "Not Hispanic or Latino", 
                    "purchasers": [
                        {
                            "name": "Fannie Mae", 
                            "count": 1113, 
                            "value": 204626
                        }, 
                        {
                            "name": "Ginnie Mae", 
                            "count": 630, 
                            "value": 144672
                        }, 
                        {
                            "name": "Freddie Mac", 
                            "count": 109, 
                            "value": 18829
                        }, 
                        {
                            "name": "Farmer Mac", 
                            "count": 0, 
                            "value": 0
                        }, 
                        {
                            "name": "Private Securitization", 
                            "count": 7, 
                            "value": 1240
                        }, 
                        {
                            "name": "Commercial bank, savings bank or association", 
                            "count": 393, 
                            "value": 89275
                        }, 
                        {
                            "name": "Life insurance co., credit union, finance co.", 
                            "count": 122, 
                            "value": 24499
                        }, 
                        {
                            "name": "Affiliate institution", 
                            "count": 582, 
                            "value": 112804
                        }, 
                        {
                            "name": "Other", 
                            "count": 1700, 
                            "value": 283395
                        }
                    ]
                }, 
                {
                    "ethnicity": "Joint (Hispanic or Latino/Not Hispanic or Latino", 
                    "purchasers": [
                        {
                            "name": "Fannie Mae", 
                            "count": 15, 
                            "value": 2445
                        }, 
                        {
                            "name": "Ginnie Mae", 
                            "count": 13, 
                            "value": 3242
                        }, 
                        {
                            "name": "Freddie Mac", 
                            "count": 2, 
                            "value": 359
                        }, 
                        {
                            "name": "Farmer Mac", 
                            "count": 0, 
                            "value": 0
                        }, 
                        {
                            "name": "Private Securitization", 
                            "count": 0, 
                            "value": 0
                        }, 
                        {
                            "name": "Commercial bank, savings bank or association", 
                            "count": 3, 
                            "value": 1113
                        }, 
                        {
                            "name": "Life insurance co., credit union, finance co.", 
                            "count": 5, 
                            "value": 997
                        }, 
                        {
                            "name": "Affiliate institution", 
                            "count": 4, 
                            "value": 1065
                        }, 
                        {
                            "name": "Other", 
                            "count": 30, 
                            "value": 5172
                        }
                    ]
                }, 
                {
                    "ethnicity": "Ethnicity Not Available", 
                    "purchasers": [
                        {
                            "name": "Fannie Mae", 
                            "count": 73, 
                            "value": 13526
                        }, 
                        {
                            "name": "Ginnie Mae", 
                            "count": 149, 
                            "value": 35522
                        }, 
                        {
                            "name": "Freddie Mac", 
                            "count": 25, 
                            "value": 5733
                        }, 
                        {
                            "name": "Farmer Mac", 
                            "count": 0, 
                            "value": 0
                        }, 
                        {
                            "name": "Private Securitization", 
                            "count": 6, 
                            "value": 1236
                        }, 
                        {
                            "name": "Commercial bank, savings bank or association", 
                            "count": 78, 
                            "value": 18524
                        }, 
                        {
                            "name": "Life insurance co., credit union, finance co.", 
                            "count": 4, 
                            "value": 763
                        }, 
                        {
                            "name": "Affiliate institution", 
                            "count": 87, 
                            "value": 17846
                        }, 
                        {
                            "name": "Other", 
                            "count": 393, 
                            "value": 70923
                        }
                    ]
                }
            ]
        }, 
        {
            "characteristic": "Minority Status", 
            "minoritystatuses": [
                {
                    "minoritystatus": "White Non-Hispanic", 
                    "purchasers": [
                        {
                            "name": "Fannie Mae", 
                            "count": 1094, 
                            "value": 202677
                        }, 
                        {
                            "name": "Ginnie Mae", 
                            "count": 711, 
                            "value": 164054
                        }, 
                        {
                            "name": "Freddie Mac", 
                            "count": 129, 
                            "value": 23701
                        }, 
                        {
                            "name": "Farmer Mac", 
                            "count": 0, 
                            "value": 0
                        }, 
                        {
                            "name": "Private Securitization", 
                            "count": 11, 
                            "value": 1941
                        }, 
                        {
                            "name": "Commercial bank, savings bank or association", 
                            "count": 434, 
                            "value": 99046
                        }, 
                        {
                            "name": "Life insurance co., credit union, finance co.", 
                            "count": 100, 
                            "value": 19919
                        }, 
                        {
                            "name": "Affiliate institution", 
                            "count": 561, 
                            "value": 110523
                        }, 
                        {
                            "name": "Other", 
                            "count": 1840, 
                            "value": 313407
                        }
                    ]
                }, 
                {
                    "minoritystatus": "Others, Including Hispanic", 
                    "purchasers": [
                        {
                            "name": "Fannie Mae", 
                            "count": 116, 
                            "value": 19760
                        }, 
                        {
                            "name": "Ginnie Mae", 
                            "count": 107, 
                            "value": 25392
                        }, 
                        {
                            "name": "Freddie Mac", 
                            "count": 7, 
                            "value": 1220
                        }, 
                        {
                            "name": "Farmer Mac", 
                            "count": 0, 
                            "value": 0
                        }, 
                        {
                            "name": "Private Securitization", 
                            "count": 2, 
                            "value": 535
                        }, 
                        {
                            "name": "Commercial bank, savings bank or association", 
                            "count": 50, 
                            "value": 11965
                        }, 
                        {
                            "name": "Life insurance co., credit union, finance co.", 
                            "count": 32, 
                            "value": 6598
                        }, 
                        {
                            "name": "Affiliate institution", 
                            "count": 122, 
                            "value": 23061
                        }, 
                        {
                            "name": "Other", 
                            "count": 318, 
                            "value": 51814
                        }
                    ]
                }
            ]
        }, 
        {
            "characteristic": "Applicant Income", 
            "applicantincomes": [
                {
                    "applicantincome": "Less than 50% of MSA/MD median", 
                    "purchasers": [
                        {
                            "name": "Fannie Mae", 
                            "count": 101, 
                            "value": 12649
                        }, 
                        {
                            "name": "Ginnie Mae", 
                            "count": 30, 
                            "value": 4746
                        }, 
                        {
                            "name": "Freddie Mac", 
                            "count": 10, 
                            "value": 1475
                        }, 
                        {
                            "name": "Farmer Mac", 
                            "count": 0, 
                            "value": 0
                        }, 
                        {
                            "name": "Private Securitization", 
                            "count": 1, 
                            "value": 119
                        }, 
                        {
                            "name": "Commercial bank, savings bank or association", 
                            "count": 27, 
                            "value": 3933
                        }, 
                        {
                            "name": "Life insurance co., credit union, finance co.", 
                            "count": 23, 
                            "value": 3674
                        }, 
                        {
                            "name": "Affiliate institution", 
                            "count": 59, 
                            "value": 7668
                        }, 
                        {
                            "name": "Other", 
                            "count": 296, 
                            "value": 33421
                        }
                    ]
                }, 
                {
                    "applicantincome": "50-79% of MSA/MD median", 
                    "purchasers": [
                        {
                            "name": "Fannie Mae", 
                            "count": 238, 
                            "value": 37079
                        }, 
                        {
                            "name": "Ginnie Mae", 
                            "count": 156, 
                            "value": 33417
                        }, 
                        {
                            "name": "Freddie Mac", 
                            "count": 24, 
                            "value": 3353
                        }, 
                        {
                            "name": "Farmer Mac", 
                            "count": 0, 
                            "value": 0
                        }, 
                        {
                            "name": "Private Securitization", 
                            "count": 6, 
                            "value": 1116
                        }, 
                        {
                            "name": "Commercial bank, savings bank or association", 
                            "count": 118, 
                            "value": 23898
                        }, 
                        {
                            "name": "Life insurance co., credit union, finance co.", 
                            "count": 42, 
                            "value": 8518
                        }, 
                        {
                            "name": "Affiliate institution", 
                            "count": 153, 
                            "value": 25534
                        }, 
                        {
                            "name": "Other", 
                            "count": 502, 
                            "value": 75336
                        }
                    ]
                }, 
                {
                    "applicantincome": "80-99% of MSA/MD median", 
                    "purchasers": [
                        {
                            "name": "Fannie Mae", 
                            "count": 189, 
                            "value": 32354
                        }, 
                        {
                            "name": "Ginnie Mae", 
                            "count": 91, 
                            "value": 22410
                        }, 
                        {
                            "name": "Freddie Mac", 
                            "count": 20, 
                            "value": 2890
                        }, 
                        {
                            "name": "Farmer Mac", 
                            "count": 0, 
                            "value": 0
                        }, 
                        {
                            "name": "Private Securitization", 
                            "count": 2, 
                            "value": 242
                        }, 
                        {
                            "name": "Commercial bank, savings bank or association", 
                            "count": 68, 
                            "value": 16042
                        }, 
                        {
                            "name": "Life insurance co., credit union, finance co.", 
                            "count": 24, 
                            "value": 5154
                        }, 
                        {
                            "name": "Affiliate institution", 
                            "count": 111, 
                            "value": 21659
                        }, 
                        {
                            "name": "Other", 
                            "count": 297, 
                            "value": 49884
                        }
                    ]
                }, 
                {
                    "applicantincome": "100-119% of MSA/MD median", 
                    "purchasers": [
                        {
                            "name": "Fannie Mae", 
                            "count": 162, 
                            "value": 29428
                        }, 
                        {
                            "name": "Ginnie Mae", 
                            "count": 59, 
                            "value": 14274
                        }, 
                        {
                            "name": "Freddie Mac", 
                            "count": 16, 
                            "value": 3020
                        }, 
                        {
                            "name": "Farmer Mac", 
                            "count": 0, 
                            "value": 0
                        }, 
                        {
                            "name": "Private Securitization", 
                            "count": 2, 
                            "value": 473
                        }, 
                        {
                            "name": "Commercial bank, savings bank or association", 
                            "count": 41, 
                            "value": 9602
                        }, 
                        {
                            "name": "Life insurance co., credit union, finance co.", 
                            "count": 10, 
                            "value": 2178
                        }, 
                        {
                            "name": "Affiliate institution", 
                            "count": 82, 
                            "value": 16716
                        }, 
                        {
                            "name": "Other", 
                            "count": 214, 
                            "value": 37065
                        }
                    ]
                }, 
                {
                    "applicantincome": "120% or more of MSA/MD median", 
                    "purchasers": [
                        {
                            "name": "Fannie Mae", 
                            "count": 485, 
                            "value": 104848
                        }, 
                        {
                            "name": "Ginnie Mae", 
                            "count": 74, 
                            "value": 19668
                        }, 
                        {
                            "name": "Freddie Mac", 
                            "count": 51, 
                            "value": 10622
                        }, 
                        {
                            "name": "Farmer Mac", 
                            "count": 0, 
                            "value": 0
                        }, 
                        {
                            "name": "Private Securitization", 
                            "count": 2, 
                            "value": 526
                        }, 
                        {
                            "name": "Commercial bank, savings bank or association", 
                            "count": 63, 
                            "value": 16499
                        }, 
                        {
                            "name": "Life insurance co., credit union, finance co.", 
                            "count": 18, 
                            "value": 4021
                        }, 
                        {
                            "name": "Affiliate institution", 
                            "count": 162, 
                            "value": 37143
                        }, 
                        {
                            "name": "Other", 
                            "count": 495, 
                            "value": 96332
                        }
                    ]
                }, 
                {
                    "applicantincome": "income not available", 
                    "purchasers": [
                        {
                            "name": "Fannie Mae", 
                            "count": 35, 
                            "value": 6079
                        }, 
                        {
                            "name": "Ginnie Mae", 
                            "count": 408, 
                            "value": 94931
                        }, 
                        {
                            "name": "Freddie Mac", 
                            "count": 15, 
                            "value": 3561
                        }, 
                        {
                            "name": "Farmer Mac", 
                            "count": 0, 
                            "value": 0
                        }, 
                        {
                            "name": "Private Securitization", 
                            "count": 0, 
                            "value": 0
                        }, 
                        {
                            "name": "Commercial bank, savings bank or association", 
                            "count": 167, 
                            "value": 41037
                        }, 
                        {
                            "name": "Life insurance co., credit union, finance co.", 
                            "count": 15, 
                            "value": 2972
                        }, 
                        {
                            "name": "Affiliate institution", 
                            "count": 116, 
                            "value": 24864
                        }, 
                        {
                            "name": "Other", 
                            "count": 354, 
                            "value": 73183
                        }
                    ]
                }
            ]
        }
    ], 
    "censuscharacteristics": [
        {
            "characteristic": "Racial/Ethnic Composition", 
            "tractpctminorities": [
                {
                    "tractpctminority": "Less than 10% minority", 
                    "purchasers": [
                        {
                            "name": "Fannie Mae", 
                            "count": 0, 
                            "value": 0
                        }, 
                        {
                            "name": "Ginnie Mae", 
                            "count": 0, 
                            "value": 0
                        }, 
                        {
                            "name": "Freddie Mac", 
                            "count": 0, 
                            "value": 0
                        }, 
                        {
                            "name": "Farmer Mac", 
                            "count": 0, 
                            "value": 0
                        }, 
                        {
                            "name": "Private Securitization", 
                            "count": 0, 
                            "value": 0
                        }, 
                        {
                            "name": "Commercial bank, savings bank or association", 
                            "count": 0, 
                            "value": 0
                        }, 
                        {
                            "name": "Life insurance co., credit union, finance co.", 
                            "count": 0, 
                            "value": 0
                        }, 
                        {
                            "name": "Affiliate institution", 
                            "count": 0, 
                            "value": 0
                        }, 
                        {
                            "name": "Other", 
                            "count": 0, 
                            "value": 0
                        }
                    ]
                }, 
                {
                    "tractpctminority": "10-19% minority", 
                    "purchasers": [
                        {
                            "name": "Fannie Mae", 
                            "count": 1186, 
                            "value": 219827
                        }, 
                        {
                            "name": "Ginnie Mae", 
                            "count": 795, 
                            "value": 185049
                        }, 
                        {
                            "name": "Freddie Mac", 
                            "count": 130, 
                            "value": 23984
                        }, 
                        {
                            "name": "Farmer Mac", 
                            "count": 0, 
                            "value": 0
                        }, 
                        {
                            "name": "Private Securitization", 
                            "count": 13, 
                            "value": 2476
                        }, 
                        {
                            "name": "Commercial bank, savings bank or association", 
                            "count": 459, 
                            "value": 106004
                        }, 
                        {
                            "name": "Life insurance co., credit union, finance co.", 
                            "count": 127, 
                            "value": 25642
                        }, 
                        {
                            "name": "Affiliate institution", 
                            "count": 663, 
                            "value": 130661
                        }, 
                        {
                            "name": "Other", 
                            "count": 2076, 
                            "value": 353096
                        }
                    ]
                }, 
                {
                    "tractpctminority": "20-49% minority", 
                    "purchasers": [
                        {
                            "name": "Fannie Mae", 
                            "count": 24, 
                            "value": 2610
                        }, 
                        {
                            "name": "Ginnie Mae", 
                            "count": 23, 
                            "value": 4397
                        }, 
                        {
                            "name": "Freddie Mac", 
                            "count": 6, 
                            "value": 937
                        }, 
                        {
                            "name": "Farmer Mac", 
                            "count": 0, 
                            "value": 0
                        }, 
                        {
                            "name": "Private Securitization", 
                            "count": 0, 
                            "value": 0
                        }, 
                        {
                            "name": "Commercial bank, savings bank or association", 
                            "count": 25, 
                            "value": 5007
                        }, 
                        {
                            "name": "Life insurance co., credit union, finance co.", 
                            "count": 5, 
                            "value": 875
                        }, 
                        {
                            "name": "Affiliate institution", 
                            "count": 20, 
                            "value": 2923
                        }, 
                        {
                            "name": "Other", 
                            "count": 82, 
                            "value": 12125
                        }
                    ]
                }, 
                {
                    "tractpctminority": "50-79% minority", 
                    "purchasers": [
                        {
                            "name": "Fannie Mae", 
                            "count": 0, 
                            "value": 0
                        }, 
                        {
                            "name": "Ginnie Mae", 
                            "count": 0, 
                            "value": 0
                        }, 
                        {
                            "name": "Freddie Mac", 
                            "count": 0, 
                            "value": 0
                        }, 
                        {
                            "name": "Farmer Mac", 
                            "count": 0, 
                            "value": 0
                        }, 
                        {
                            "name": "Private Securitization", 
                            "count": 0, 
                            "value": 0
                        }, 
                        {
                            "name": "Commercial bank, savings bank or association", 
                            "count": 0, 
                            "value": 0
                        }, 
                        {
                            "name": "Life insurance co., credit union, finance co.", 
                            "count": 0, 
                            "value": 0
                        }, 
                        {
                            "name": "Affiliate institution", 
                            "count": 0, 
                            "value": 0
                        }, 
                        {
                            "name": "Other", 
                            "count": 0, 
                            "value": 0
                        }
                    ]
                }, 
                {
                    "tractpctminority": "80-100% minority", 
                    "purchasers": [
                        {
                            "name": "Fannie Mae", 
                            "count": 0, 
                            "value": 0
                        }, 
                        {
                            "name": "Ginnie Mae", 
                            "count": 0, 
                            "value": 0
                        }, 
                        {
                            "name": "Freddie Mac", 
                            "count": 0, 
                            "value": 0
                        }, 
                        {
                            "name": "Farmer Mac", 
                            "count": 0, 
                            "value": 0
                        }, 
                        {
                            "name": "Private Securitization", 
                            "count": 0, 
                            "value": 0
                        }, 
                        {
                            "name": "Commercial bank, savings bank or association", 
                            "count": 0, 
                            "value": 0
                        }, 
                        {
                            "name": "Life insurance co., credit union, finance co.", 
                            "count": 0, 
                            "value": 0
                        }, 
                        {
                            "name": "Affiliate institution", 
                            "count": 0, 
                            "value": 0
                        }, 
                        {
                            "name": "Other", 
                            "count": 0, 
                            "value": 0
                        }
                    ]
                }
            ]
        }, 
        {
            "characteristic": "Income", 
            "incomelevels": [
                {
                    "incomelevel": "Low income", 
                    "purchasers": [
                        {
                            "name": "Fannie Mae", 
                            "count": 39, 
                            "value": 5948
                        }, 
                        {
                            "name": "Ginnie Mae", 
                            "count": 13, 
                            "value": 2597
                        }, 
                        {
                            "name": "Freddie Mac", 
                            "count": 5, 
                            "value": 601
                        }, 
                        {
                            "name": "Farmer Mac", 
                            "count": 0, 
                            "value": 0
                        }, 
                        {
                            "name": "Private Securitization", 
                            "count": 0, 
                            "value": 0
                        }, 
                        {
                            "name": "Commercial bank, savings bank or association", 
                            "count": 13, 
                            "value": 2617
                        }, 
                        {
                            "name": "Life insurance co., credit union, finance co.", 
                            "count": 2, 
                            "value": 216
                        }, 
                        {
                            "name": "Affiliate institution", 
                            "count": 13, 
                            "value": 1783
                        }, 
                        {
                            "name": "Other", 
                            "count": 60, 
                            "value": 8519
                        }
                    ]
                }, 
                {
                    "incomelevel": "Moderate income", 
                    "purchasers": [
                        {
                            "name": "Fannie Mae", 
                            "count": 84, 
                            "value": 11640
                        }, 
                        {
                            "name": "Ginnie Mae", 
                            "count": 57, 
                            "value": 10974
                        }, 
                        {
                            "name": "Freddie Mac", 
                            "count": 9, 
                            "value": 1323
                        }, 
                        {
                            "name": "Farmer Mac", 
                            "count": 0, 
                            "value": 0
                        }, 
                        {
                            "name": "Private Securitization", 
                            "count": 3, 
                            "value": 487
                        }, 
                        {
                            "name": "Commercial bank, savings bank or association", 
                            "count": 46, 
                            "value": 8555
                        }, 
                        {
                            "name": "Life insurance co., credit union, finance co.", 
                            "count": 9, 
                            "value": 1508
                        }, 
                        {
                            "name": "Affiliate institution", 
                            "count": 41, 
                            "value": 6759
                        }, 
                        {
                            "name": "Other", 
                            "count": 225, 
                            "value": 33221
                        }
                    ]
                }, 
                {
                    "incomelevel": "Middle income", 
                    "purchasers": [
                        {
                            "name": "Fannie Mae", 
                            "count": 578, 
                            "value": 98441
                        }, 
                        {
                            "name": "Ginnie Mae", 
                            "count": 575, 
                            "value": 132169
                        }, 
                        {
                            "name": "Freddie Mac", 
                            "count": 73, 
                            "value": 13232
                        }, 
                        {
                            "name": "Farmer Mac", 
                            "count": 0, 
                            "value": 0
                        }, 
                        {
                            "name": "Private Securitization", 
                            "count": 2, 
                            "value": 416
                        }, 
                        {
                            "name": "Commercial bank, savings bank or association", 
                            "count": 308, 
                            "value": 70577
                        }, 
                        {
                            "name": "Life insurance co., credit union, finance co.", 
                            "count": 88, 
                            "value": 17293
                        }, 
                        {
                            "name": "Affiliate institution", 
                            "count": 452, 
                            "value": 87404
                        }, 
                        {
                            "name": "Other", 
                            "count": 1233, 
                            "value": 205832
                        }
                    ]
                }, 
                {
                    "incomelevel": "Upper income", 
                    "purchasers": [
                        {
                            "name": "Fannie Mae", 
                            "count": 509, 
                            "value": 106408
                        }, 
                        {
                            "name": "Ginnie Mae", 
                            "count": 173, 
                            "value": 43706
                        }, 
                        {
                            "name": "Freddie Mac", 
                            "count": 49, 
                            "value": 9765
                        }, 
                        {
                            "name": "Farmer Mac", 
                            "count": 0, 
                            "value": 0
                        }, 
                        {
                            "name": "Private Securitization", 
                            "count": 8, 
                            "value": 1573
                        }, 
                        {
                            "name": "Commercial bank, savings bank or association", 
                            "count": 117, 
                            "value": 29262
                        }, 
                        {
                            "name": "Life insurance co., credit union, finance co.", 
                            "count": 33, 
                            "value": 7500
                        }, 
                        {
                            "name": "Affiliate institution", 
                            "count": 177, 
                            "value": 37638
                        }, 
                        {
                            "name": "Other", 
                            "count": 640, 
                            "value": 117649
                        }
                    ]
                }
            ]
        }
    ], 
    "total": {
        "purchasers": [
            {
                "name": "Fannie Mae", 
                "count": 1210, 
                "value": 222437
            }, 
            {
                "name": "Ginnie Mae", 
                "count": 818, 
                "value": 189446
            }, 
            {
                "name": "Freddie Mac", 
                "count": 136, 
                "value": 24921
            }, 
            {
                "name": "Farmer Mac", 
                "count": 0, 
                "value": 0
            }, 
            {
                "name": "Private Securitization", 
                "count": 13, 
                "value": 2476
            }, 
            {
                "name": "Commercial bank, savings bank or association", 
                "count": 484, 
                "value": 111011
            }, 
            {
                "name": "Life insurance co., credit union, finance co.", 
                "count": 132, 
                "value": 26517
            }, 
            {
                "name": "Affiliate institution", 
                "count": 683, 
                "value": 133584
            }, 
            {
                "name": "Other", 
                "count": 2158, 
                "value": 365221
            }
        ]
    }
}