{
    "table": "3-1", 
    "type": "Aggregate", 
    "desc": "Loans sold, by characteristics of borrower and census tract in which property is located and by type of purchaser (includes originations and purchased loans),", 
    "year": "2012", 
    "msa": {
        "id": "30780", 
        "name": "Little-Rock-North-Little-Rock-Conway", 
        "state": "AR", 
        "state_name": "Arkansas"
    }, 
    "borrowercharacteristics": [
        {
            "characteristic": "Race", 
            "races": [
                {
                    "race": "American Indian/Alaska Native", 
                    "purchasers": [
                        {
                            "name": "Fannie Mae", 
                            "count": 8, 
                            "value": 729.0
                        }, 
                        {
                            "name": "Ginnie Mae", 
                            "count": 11, 
                            "value": 1526.0
                        }, 
                        {
                            "name": "Freddie Mac", 
                            "count": 8, 
                            "value": 856.0
                        }, 
                        {
                            "name": "Farmer Mac", 
                            "count": 0, 
                            "value": 0
                        }, 
                        {
                            "name": "Private Securitization", 
                            "count": 0, 
                            "value": 0
                        }, 
                        {
                            "name": "Commercial bank, savings bank or association", 
                            "count": 3, 
                            "value": 554.0
                        }, 
                        {
                            "name": "Life insurance co., credit union, finance co.", 
                            "count": 3, 
                            "value": 456.0
                        }, 
                        {
                            "name": "Affiliate institution", 
                            "count": 4, 
                            "value": 407.0
                        }, 
                        {
                            "name": "Other", 
                            "count": 41, 
                            "value": 4477.0
                        }
                    ]
                }, 
                {
                    "race": "Asian", 
                    "purchasers": [
                        {
                            "name": "Fannie Mae", 
                            "count": 3, 
                            "value": 312.0
                        }, 
                        {
                            "name": "Ginnie Mae", 
                            "count": 10, 
                            "value": 1458.0
                        }, 
                        {
                            "name": "Freddie Mac", 
                            "count": 1, 
                            "value": 113.0
                        }, 
                        {
                            "name": "Farmer Mac", 
                            "count": 0, 
                            "value": 0
                        }, 
                        {
                            "name": "Private Securitization", 
                            "count": 0, 
                            "value": 0
                        }, 
                        {
                            "name": "Commercial bank, savings bank or association", 
                            "count": 5, 
                            "value": 568.0
                        }, 
                        {
                            "name": "Life insurance co., credit union, finance co.", 
                            "count": 1, 
                            "value": 187.0
                        }, 
                        {
                            "name": "Affiliate institution", 
                            "count": 1, 
                            "value": 117.0
                        }, 
                        {
                            "name": "Other", 
                            "count": 52, 
                            "value": 6804.0
                        }
                    ]
                }, 
                {
                    "race": "Black or African American", 
                    "purchasers": [
                        {
                            "name": "Fannie Mae", 
                            "count": 97, 
                            "value": 19420.0
                        }, 
                        {
                            "name": "Ginnie Mae", 
                            "count": 38, 
                            "value": 6124.0
                        }, 
                        {
                            "name": "Freddie Mac", 
                            "count": 59, 
                            "value": 10795.0
                        }, 
                        {
                            "name": "Farmer Mac", 
                            "count": 0, 
                            "value": 0
                        }, 
                        {
                            "name": "Private Securitization", 
                            "count": 1, 
                            "value": 320.0
                        }, 
                        {
                            "name": "Commercial bank, savings bank or association", 
                            "count": 118, 
                            "value": 23431.0
                        }, 
                        {
                            "name": "Life insurance co., credit union, finance co.", 
                            "count": 7, 
                            "value": 1431.0
                        }, 
                        {
                            "name": "Affiliate institution", 
                            "count": 13, 
                            "value": 2407.0
                        }, 
                        {
                            "name": "Other", 
                            "count": 237, 
                            "value": 48139.0
                        }
                    ]
                }, 
                {
                    "race": "Native Hawaiian or Other Pacific Islander", 
                    "purchasers": [
                        {
                            "name": "Fannie Mae", 
                            "count": 239, 
                            "value": 29753.0
                        }, 
                        {
                            "name": "Ginnie Mae", 
                            "count": 714, 
                            "value": 104117.0
                        }, 
                        {
                            "name": "Freddie Mac", 
                            "count": 79, 
                            "value": 10376.0
                        }, 
                        {
                            "name": "Farmer Mac", 
                            "count": 0, 
                            "value": 0
                        }, 
                        {
                            "name": "Private Securitization", 
                            "count": 2, 
                            "value": 178.0
                        }, 
                        {
                            "name": "Commercial bank, savings bank or association", 
                            "count": 441, 
                            "value": 64062.0
                        }, 
                        {
                            "name": "Life insurance co., credit union, finance co.", 
                            "count": 103, 
                            "value": 14418.0
                        }, 
                        {
                            "name": "Affiliate institution", 
                            "count": 69, 
                            "value": 8405.0
                        }, 
                        {
                            "name": "Other", 
                            "count": 2621, 
                            "value": 286143.0
                        }
                    ]
                }, 
                {
                    "race": "White", 
                    "purchasers": [
                        {
                            "name": "Fannie Mae", 
                            "count": 2, 
                            "value": 121.0
                        }, 
                        {
                            "name": "Ginnie Mae", 
                            "count": 3, 
                            "value": 604.0
                        }, 
                        {
                            "name": "Freddie Mac", 
                            "count": 0, 
                            "value": 0
                        }, 
                        {
                            "name": "Farmer Mac", 
                            "count": 0, 
                            "value": 0
                        }, 
                        {
                            "name": "Private Securitization", 
                            "count": 0, 
                            "value": 0
                        }, 
                        {
                            "name": "Commercial bank, savings bank or association", 
                            "count": 3, 
                            "value": 357.0
                        }, 
                        {
                            "name": "Life insurance co., credit union, finance co.", 
                            "count": 3, 
                            "value": 382.0
                        }, 
                        {
                            "name": "Affiliate institution", 
                            "count": 0, 
                            "value": 0
                        }, 
                        {
                            "name": "Other", 
                            "count": 18, 
                            "value": 1610.0
                        }
                    ]
                }, 
                {
                    "race": "2 or more minority races", 
                    "purchasers": [
                        {
                            "name": "Fannie Mae", 
                            "count": 4721, 
                            "value": 775525.0
                        }, 
                        {
                            "name": "Ginnie Mae", 
                            "count": 4094, 
                            "value": 605210.0
                        }, 
                        {
                            "name": "Freddie Mac", 
                            "count": 1821, 
                            "value": 278012.0
                        }, 
                        {
                            "name": "Farmer Mac", 
                            "count": 0, 
                            "value": 0
                        }, 
                        {
                            "name": "Private Securitization", 
                            "count": 80, 
                            "value": 14086.0
                        }, 
                        {
                            "name": "Commercial bank, savings bank or association", 
                            "count": 5917, 
                            "value": 1012373.0
                        }, 
                        {
                            "name": "Life insurance co., credit union, finance co.", 
                            "count": 1459, 
                            "value": 243552.0
                        }, 
                        {
                            "name": "Affiliate institution", 
                            "count": 634, 
                            "value": 92606.0
                        }, 
                        {
                            "name": "Other", 
                            "count": 13854, 
                            "value": 1907953.0
                        }
                    ]
                }, 
                {
                    "race": "Joint (White/Minority Race", 
                    "purchasers": [
                        {
                            "name": "Fannie Mae", 
                            "count": 49, 
                            "value": 8487.0
                        }, 
                        {
                            "name": "Ginnie Mae", 
                            "count": 53, 
                            "value": 9684.0
                        }, 
                        {
                            "name": "Freddie Mac", 
                            "count": 27, 
                            "value": 4856.0
                        }, 
                        {
                            "name": "Farmer Mac", 
                            "count": 0, 
                            "value": 0
                        }, 
                        {
                            "name": "Private Securitization", 
                            "count": 0, 
                            "value": 0
                        }, 
                        {
                            "name": "Commercial bank, savings bank or association", 
                            "count": 69, 
                            "value": 13490.0
                        }, 
                        {
                            "name": "Life insurance co., credit union, finance co.", 
                            "count": 14, 
                            "value": 2639.0
                        }, 
                        {
                            "name": "Affiliate institution", 
                            "count": 9, 
                            "value": 1153.0
                        }, 
                        {
                            "name": "Other", 
                            "count": 204, 
                            "value": 32791.0
                        }
                    ]
                }, 
                {
                    "race": "Not Available", 
                    "purchasers": [
                        {
                            "name": "Fannie Mae", 
                            "count": 1578, 
                            "value": 329773.0
                        }, 
                        {
                            "name": "Ginnie Mae", 
                            "count": 2059, 
                            "value": 314185.0
                        }, 
                        {
                            "name": "Freddie Mac", 
                            "count": 1764, 
                            "value": 315367.0
                        }, 
                        {
                            "name": "Farmer Mac", 
                            "count": 0, 
                            "value": 0
                        }, 
                        {
                            "name": "Private Securitization", 
                            "count": 15, 
                            "value": 2780.0
                        }, 
                        {
                            "name": "Commercial bank, savings bank or association", 
                            "count": 155, 
                            "value": 26035.0
                        }, 
                        {
                            "name": "Life insurance co., credit union, finance co.", 
                            "count": 56, 
                            "value": 13527.0
                        }, 
                        {
                            "name": "Affiliate institution", 
                            "count": 132, 
                            "value": 21446.0
                        }, 
                        {
                            "name": "Other", 
                            "count": 4360, 
                            "value": 695821.0
                        }
                    ]
                }
            ]
        }, 
        {
            "characteristic": "Ethnicity", 
            "ethnicities": [
                {
                    "ethnicity": "Hispanic or Latino", 
                    "purchasers": [
                        {
                            "name": "Fannie Mae", 
                            "count": 36, 
                            "value": 4769
                        }, 
                        {
                            "name": "Ginnie Mae", 
                            "count": 86, 
                            "value": 11253
                        }, 
                        {
                            "name": "Freddie Mac", 
                            "count": 16, 
                            "value": 1862
                        }, 
                        {
                            "name": "Farmer Mac", 
                            "count": 0, 
                            "value": 0
                        }, 
                        {
                            "name": "Private Securitization", 
                            "count": 0, 
                            "value": 0
                        }, 
                        {
                            "name": "Commercial bank, savings bank or association", 
                            "count": 77, 
                            "value": 10572
                        }, 
                        {
                            "name": "Life insurance co., credit union, finance co.", 
                            "count": 20, 
                            "value": 3062
                        }, 
                        {
                            "name": "Affiliate institution", 
                            "count": 13, 
                            "value": 1628
                        }, 
                        {
                            "name": "Other", 
                            "count": 289, 
                            "value": 29699
                        }
                    ]
                }, 
                {
                    "ethnicity": "Not Hispanic or Latino", 
                    "purchasers": [
                        {
                            "name": "Fannie Mae", 
                            "count": 5034, 
                            "value": 821432
                        }, 
                        {
                            "name": "Ginnie Mae", 
                            "count": 4798, 
                            "value": 711259
                        }, 
                        {
                            "name": "Freddie Mac", 
                            "count": 1969, 
                            "value": 300653
                        }, 
                        {
                            "name": "Farmer Mac", 
                            "count": 0, 
                            "value": 0
                        }, 
                        {
                            "name": "Private Securitization", 
                            "count": 81, 
                            "value": 14322
                        }, 
                        {
                            "name": "Commercial bank, savings bank or association", 
                            "count": 6433, 
                            "value": 1097175
                        }, 
                        {
                            "name": "Life insurance co., credit union, finance co.", 
                            "count": 1572, 
                            "value": 260271
                        }, 
                        {
                            "name": "Affiliate institution", 
                            "count": 702, 
                            "value": 101709
                        }, 
                        {
                            "name": "Other", 
                            "count": 16510, 
                            "value": 2261781
                        }
                    ]
                }, 
                {
                    "ethnicity": "Joint (Hispanic or Latino/Not Hispanic or Latino", 
                    "purchasers": [
                        {
                            "name": "Fannie Mae", 
                            "count": 50, 
                            "value": 8414
                        }, 
                        {
                            "name": "Ginnie Mae", 
                            "count": 69, 
                            "value": 11385
                        }, 
                        {
                            "name": "Freddie Mac", 
                            "count": 15, 
                            "value": 2336
                        }, 
                        {
                            "name": "Farmer Mac", 
                            "count": 0, 
                            "value": 0
                        }, 
                        {
                            "name": "Private Securitization", 
                            "count": 2, 
                            "value": 354
                        }, 
                        {
                            "name": "Commercial bank, savings bank or association", 
                            "count": 60, 
                            "value": 10051
                        }, 
                        {
                            "name": "Life insurance co., credit union, finance co.", 
                            "count": 16, 
                            "value": 2461
                        }, 
                        {
                            "name": "Affiliate institution", 
                            "count": 9, 
                            "value": 1491
                        }, 
                        {
                            "name": "Other", 
                            "count": 170, 
                            "value": 27933
                        }
                    ]
                }, 
                {
                    "ethnicity": "Ethnicity Not Available", 
                    "purchasers": [
                        {
                            "name": "Fannie Mae", 
                            "count": 1577, 
                            "value": 329505
                        }, 
                        {
                            "name": "Ginnie Mae", 
                            "count": 2029, 
                            "value": 309011
                        }, 
                        {
                            "name": "Freddie Mac", 
                            "count": 1759, 
                            "value": 315524
                        }, 
                        {
                            "name": "Farmer Mac", 
                            "count": 0, 
                            "value": 0
                        }, 
                        {
                            "name": "Private Securitization", 
                            "count": 15, 
                            "value": 2688
                        }, 
                        {
                            "name": "Commercial bank, savings bank or association", 
                            "count": 141, 
                            "value": 23072
                        }, 
                        {
                            "name": "Life insurance co., credit union, finance co.", 
                            "count": 38, 
                            "value": 10798
                        }, 
                        {
                            "name": "Affiliate institution", 
                            "count": 138, 
                            "value": 21713
                        }, 
                        {
                            "name": "Other", 
                            "count": 4418, 
                            "value": 664325
                        }
                    ]
                }
            ]
        }, 
        {
            "characteristic": "Minority Status", 
            "minoritystatuses": [
                {
                    "minoritystatus": "White Non-Hispanic", 
                    "purchasers": [
                        {
                            "name": "Fannie Mae", 
                            "count": 6223, 
                            "value": 1093026
                        }, 
                        {
                            "name": "Ginnie Mae", 
                            "count": 6016, 
                            "value": 899340
                        }, 
                        {
                            "name": "Freddie Mac", 
                            "count": 3561, 
                            "value": 589990
                        }, 
                        {
                            "name": "Farmer Mac", 
                            "count": 0, 
                            "value": 0
                        }, 
                        {
                            "name": "Private Securitization", 
                            "count": 93, 
                            "value": 16512
                        }, 
                        {
                            "name": "Commercial bank, savings bank or association", 
                            "count": 5943, 
                            "value": 1019113
                        }, 
                        {
                            "name": "Life insurance co., credit union, finance co.", 
                            "count": 1479, 
                            "value": 251556
                        }, 
                        {
                            "name": "Affiliate institution", 
                            "count": 746, 
                            "value": 111142
                        }, 
                        {
                            "name": "Other", 
                            "count": 17787, 
                            "value": 2550369
                        }
                    ]
                }, 
                {
                    "minoritystatus": "Others, Including Hispanic", 
                    "purchasers": [
                        {
                            "name": "Fannie Mae", 
                            "count": 474, 
                            "value": 71094
                        }, 
                        {
                            "name": "Ginnie Mae", 
                            "count": 966, 
                            "value": 143568
                        }, 
                        {
                            "name": "Freddie Mac", 
                            "count": 198, 
                            "value": 30385
                        }, 
                        {
                            "name": "Farmer Mac", 
                            "count": 0, 
                            "value": 0
                        }, 
                        {
                            "name": "Private Securitization", 
                            "count": 5, 
                            "value": 852
                        }, 
                        {
                            "name": "Commercial bank, savings bank or association", 
                            "count": 768, 
                            "value": 121757
                        }, 
                        {
                            "name": "Life insurance co., credit union, finance co.", 
                            "count": 167, 
                            "value": 25036
                        }, 
                        {
                            "name": "Affiliate institution", 
                            "count": 116, 
                            "value": 15399
                        }, 
                        {
                            "name": "Other", 
                            "count": 3600, 
                            "value": 433369
                        }
                    ]
                }
            ]
        }, 
        {
            "characteristic": "Applicant Income", 
            "applicantincomes": [
                {
                    "applicantincome": "Less than 50% of MSA/MD median", 
                    "purchasers": [
                        {
                            "name": "Fannie Mae", 
                            "count": 336, 
                            "value": 28175
                        }, 
                        {
                            "name": "Ginnie Mae", 
                            "count": 519, 
                            "value": 49646
                        }, 
                        {
                            "name": "Freddie Mac", 
                            "count": 148, 
                            "value": 13019
                        }, 
                        {
                            "name": "Farmer Mac", 
                            "count": 0, 
                            "value": 0
                        }, 
                        {
                            "name": "Private Securitization", 
                            "count": 5, 
                            "value": 657
                        }, 
                        {
                            "name": "Commercial bank, savings bank or association", 
                            "count": 486, 
                            "value": 45437
                        }, 
                        {
                            "name": "Life insurance co., credit union, finance co.", 
                            "count": 127, 
                            "value": 11071
                        }, 
                        {
                            "name": "Affiliate institution", 
                            "count": 63, 
                            "value": 4639
                        }, 
                        {
                            "name": "Other", 
                            "count": 2784, 
                            "value": 195767
                        }
                    ]
                }, 
                {
                    "applicantincome": "50-79% of MSA/MD median", 
                    "purchasers": [
                        {
                            "name": "Fannie Mae", 
                            "count": 759, 
                            "value": 83947
                        }, 
                        {
                            "name": "Ginnie Mae", 
                            "count": 1165, 
                            "value": 143101
                        }, 
                        {
                            "name": "Freddie Mac", 
                            "count": 318, 
                            "value": 32713
                        }, 
                        {
                            "name": "Farmer Mac", 
                            "count": 0, 
                            "value": 0
                        }, 
                        {
                            "name": "Private Securitization", 
                            "count": 12, 
                            "value": 1478
                        }, 
                        {
                            "name": "Commercial bank, savings bank or association", 
                            "count": 1209, 
                            "value": 146578
                        }, 
                        {
                            "name": "Life insurance co., credit union, finance co.", 
                            "count": 316, 
                            "value": 38814
                        }, 
                        {
                            "name": "Affiliate institution", 
                            "count": 121, 
                            "value": 12381
                        }, 
                        {
                            "name": "Other", 
                            "count": 3988, 
                            "value": 357717
                        }
                    ]
                }, 
                {
                    "applicantincome": "80-99% of MSA/MD median", 
                    "purchasers": [
                        {
                            "name": "Fannie Mae", 
                            "count": 687, 
                            "value": 85825
                        }, 
                        {
                            "name": "Ginnie Mae", 
                            "count": 772, 
                            "value": 110916
                        }, 
                        {
                            "name": "Freddie Mac", 
                            "count": 288, 
                            "value": 34855
                        }, 
                        {
                            "name": "Farmer Mac", 
                            "count": 0, 
                            "value": 0
                        }, 
                        {
                            "name": "Private Securitization", 
                            "count": 15, 
                            "value": 1858
                        }, 
                        {
                            "name": "Commercial bank, savings bank or association", 
                            "count": 945, 
                            "value": 131800
                        }, 
                        {
                            "name": "Life insurance co., credit union, finance co.", 
                            "count": 201, 
                            "value": 27973
                        }, 
                        {
                            "name": "Affiliate institution", 
                            "count": 101, 
                            "value": 10795
                        }, 
                        {
                            "name": "Other", 
                            "count": 2535, 
                            "value": 285271
                        }
                    ]
                }, 
                {
                    "applicantincome": "100-119% of MSA/MD median", 
                    "purchasers": [
                        {
                            "name": "Fannie Mae", 
                            "count": 589, 
                            "value": 80105
                        }, 
                        {
                            "name": "Ginnie Mae", 
                            "count": 495, 
                            "value": 78063
                        }, 
                        {
                            "name": "Freddie Mac", 
                            "count": 224, 
                            "value": 31373
                        }, 
                        {
                            "name": "Farmer Mac", 
                            "count": 0, 
                            "value": 0
                        }, 
                        {
                            "name": "Private Securitization", 
                            "count": 8, 
                            "value": 1545
                        }, 
                        {
                            "name": "Commercial bank, savings bank or association", 
                            "count": 664, 
                            "value": 104429
                        }, 
                        {
                            "name": "Life insurance co., credit union, finance co.", 
                            "count": 162, 
                            "value": 24429
                        }, 
                        {
                            "name": "Affiliate institution", 
                            "count": 88, 
                            "value": 10274
                        }, 
                        {
                            "name": "Other", 
                            "count": 1828, 
                            "value": 226131
                        }
                    ]
                }, 
                {
                    "applicantincome": "120% or more of MSA/MD median", 
                    "purchasers": [
                        {
                            "name": "Fannie Mae", 
                            "count": 3214, 
                            "value": 626892
                        }, 
                        {
                            "name": "Ginnie Mae", 
                            "count": 1178, 
                            "value": 224902
                        }, 
                        {
                            "name": "Freddie Mac", 
                            "count": 1123, 
                            "value": 203288
                        }, 
                        {
                            "name": "Farmer Mac", 
                            "count": 0, 
                            "value": 0
                        }, 
                        {
                            "name": "Private Securitization", 
                            "count": 58, 
                            "value": 11826
                        }, 
                        {
                            "name": "Commercial bank, savings bank or association", 
                            "count": 3021, 
                            "value": 644805
                        }, 
                        {
                            "name": "Life insurance co., credit union, finance co.", 
                            "count": 656, 
                            "value": 138936
                        }, 
                        {
                            "name": "Affiliate institution", 
                            "count": 452, 
                            "value": 82019
                        }, 
                        {
                            "name": "Other", 
                            "count": 6965, 
                            "value": 1295812
                        }
                    ]
                }, 
                {
                    "applicantincome": "income not available", 
                    "purchasers": [
                        {
                            "name": "Fannie Mae", 
                            "count": 1112, 
                            "value": 259176
                        }, 
                        {
                            "name": "Ginnie Mae", 
                            "count": 2853, 
                            "value": 436280
                        }, 
                        {
                            "name": "Freddie Mac", 
                            "count": 1658, 
                            "value": 305127
                        }, 
                        {
                            "name": "Farmer Mac", 
                            "count": 0, 
                            "value": 0
                        }, 
                        {
                            "name": "Private Securitization", 
                            "count": 0, 
                            "value": 0
                        }, 
                        {
                            "name": "Commercial bank, savings bank or association", 
                            "count": 386, 
                            "value": 67821
                        }, 
                        {
                            "name": "Life insurance co., credit union, finance co.", 
                            "count": 184, 
                            "value": 35369
                        }, 
                        {
                            "name": "Affiliate institution", 
                            "count": 37, 
                            "value": 6433
                        }, 
                        {
                            "name": "Other", 
                            "count": 3283, 
                            "value": 622934
                        }
                    ]
                }
            ]
        }
    ], 
    "censuscharacteristics": [
        {
            "characteristic": "Racial/Ethnic Composition", 
            "tractpctminorities": [
                {
                    "tractpctminority": "Less than 10% minority", 
                    "purchasers": [
                        {
                            "name": "Fannie Mae", 
                            "count": 1762, 
                            "value": 278024
                        }, 
                        {
                            "name": "Ginnie Mae", 
                            "count": 2156, 
                            "value": 326958
                        }, 
                        {
                            "name": "Freddie Mac", 
                            "count": 918, 
                            "value": 145616
                        }, 
                        {
                            "name": "Farmer Mac", 
                            "count": 0, 
                            "value": 0
                        }, 
                        {
                            "name": "Private Securitization", 
                            "count": 21, 
                            "value": 4192
                        }, 
                        {
                            "name": "Commercial bank, savings bank or association", 
                            "count": 1637, 
                            "value": 264413
                        }, 
                        {
                            "name": "Life insurance co., credit union, finance co.", 
                            "count": 487, 
                            "value": 82934
                        }, 
                        {
                            "name": "Affiliate institution", 
                            "count": 191, 
                            "value": 26624
                        }, 
                        {
                            "name": "Other", 
                            "count": 5938, 
                            "value": 761875
                        }
                    ]
                }, 
                {
                    "tractpctminority": "10-19% minority", 
                    "purchasers": [
                        {
                            "name": "Fannie Mae", 
                            "count": 4604, 
                            "value": 851484
                        }, 
                        {
                            "name": "Ginnie Mae", 
                            "count": 4167, 
                            "value": 645117
                        }, 
                        {
                            "name": "Freddie Mac", 
                            "count": 2654, 
                            "value": 456644
                        }, 
                        {
                            "name": "Farmer Mac", 
                            "count": 0, 
                            "value": 0
                        }, 
                        {
                            "name": "Private Securitization", 
                            "count": 76, 
                            "value": 13054
                        }, 
                        {
                            "name": "Commercial bank, savings bank or association", 
                            "count": 4698, 
                            "value": 836648
                        }, 
                        {
                            "name": "Life insurance co., credit union, finance co.", 
                            "count": 1069, 
                            "value": 184392
                        }, 
                        {
                            "name": "Affiliate institution", 
                            "count": 583, 
                            "value": 92553
                        }, 
                        {
                            "name": "Other", 
                            "count": 12288, 
                            "value": 1962245
                        }
                    ]
                }, 
                {
                    "tractpctminority": "20-49% minority", 
                    "purchasers": [
                        {
                            "name": "Fannie Mae", 
                            "count": 233, 
                            "value": 26359
                        }, 
                        {
                            "name": "Ginnie Mae", 
                            "count": 483, 
                            "value": 54917
                        }, 
                        {
                            "name": "Freddie Mac", 
                            "count": 145, 
                            "value": 14528
                        }, 
                        {
                            "name": "Farmer Mac", 
                            "count": 0, 
                            "value": 0
                        }, 
                        {
                            "name": "Private Securitization", 
                            "count": 0, 
                            "value": 0
                        }, 
                        {
                            "name": "Commercial bank, savings bank or association", 
                            "count": 293, 
                            "value": 32658
                        }, 
                        {
                            "name": "Life insurance co., credit union, finance co.", 
                            "count": 71, 
                            "value": 7494
                        }, 
                        {
                            "name": "Affiliate institution", 
                            "count": 62, 
                            "value": 5593
                        }, 
                        {
                            "name": "Other", 
                            "count": 1990, 
                            "value": 175568
                        }
                    ]
                }, 
                {
                    "tractpctminority": "50-79% minority", 
                    "purchasers": [
                        {
                            "name": "Fannie Mae", 
                            "count": 98, 
                            "value": 8253
                        }, 
                        {
                            "name": "Ginnie Mae", 
                            "count": 175, 
                            "value": 15803
                        }, 
                        {
                            "name": "Freddie Mac", 
                            "count": 42, 
                            "value": 3587
                        }, 
                        {
                            "name": "Farmer Mac", 
                            "count": 0, 
                            "value": 0
                        }, 
                        {
                            "name": "Private Securitization", 
                            "count": 1, 
                            "value": 118
                        }, 
                        {
                            "name": "Commercial bank, savings bank or association", 
                            "count": 83, 
                            "value": 7151
                        }, 
                        {
                            "name": "Life insurance co., credit union, finance co.", 
                            "count": 19, 
                            "value": 1772
                        }, 
                        {
                            "name": "Affiliate institution", 
                            "count": 26, 
                            "value": 1771
                        }, 
                        {
                            "name": "Other", 
                            "count": 1167, 
                            "value": 83944
                        }
                    ]
                }, 
                {
                    "tractpctminority": "80-100% minority", 
                    "purchasers": [
                        {
                            "name": "Fannie Mae", 
                            "count": 0, 
                            "value": 0
                        }, 
                        {
                            "name": "Ginnie Mae", 
                            "count": 0, 
                            "value": 0
                        }, 
                        {
                            "name": "Freddie Mac", 
                            "count": 0, 
                            "value": 0
                        }, 
                        {
                            "name": "Farmer Mac", 
                            "count": 0, 
                            "value": 0
                        }, 
                        {
                            "name": "Private Securitization", 
                            "count": 0, 
                            "value": 0
                        }, 
                        {
                            "name": "Commercial bank, savings bank or association", 
                            "count": 0, 
                            "value": 0
                        }, 
                        {
                            "name": "Life insurance co., credit union, finance co.", 
                            "count": 0, 
                            "value": 0
                        }, 
                        {
                            "name": "Affiliate institution", 
                            "count": 0, 
                            "value": 0
                        }, 
                        {
                            "name": "Other", 
                            "count": 0, 
                            "value": 0
                        }
                    ]
                }
            ]
        }, 
        {
            "characteristic": "Income", 
            "incomelevels": [
                {
                    "incomelevel": "Low income", 
                    "purchasers": [
                        {
                            "name": "Fannie Mae", 
                            "count": 41, 
                            "value": 4550
                        }, 
                        {
                            "name": "Ginnie Mae", 
                            "count": 59, 
                            "value": 4957
                        }, 
                        {
                            "name": "Freddie Mac", 
                            "count": 17, 
                            "value": 1295
                        }, 
                        {
                            "name": "Farmer Mac", 
                            "count": 0, 
                            "value": 0
                        }, 
                        {
                            "name": "Private Securitization", 
                            "count": 1, 
                            "value": 199
                        }, 
                        {
                            "name": "Commercial bank, savings bank or association", 
                            "count": 39, 
                            "value": 3396
                        }, 
                        {
                            "name": "Life insurance co., credit union, finance co.", 
                            "count": 9, 
                            "value": 846
                        }, 
                        {
                            "name": "Affiliate institution", 
                            "count": 11, 
                            "value": 865
                        }, 
                        {
                            "name": "Other", 
                            "count": 416, 
                            "value": 35353
                        }
                    ]
                }, 
                {
                    "incomelevel": "Moderate income", 
                    "purchasers": [
                        {
                            "name": "Fannie Mae", 
                            "count": 316, 
                            "value": 33795
                        }, 
                        {
                            "name": "Ginnie Mae", 
                            "count": 728, 
                            "value": 79693
                        }, 
                        {
                            "name": "Freddie Mac", 
                            "count": 168, 
                            "value": 14910
                        }, 
                        {
                            "name": "Farmer Mac", 
                            "count": 0, 
                            "value": 0
                        }, 
                        {
                            "name": "Private Securitization", 
                            "count": 2, 
                            "value": 165
                        }, 
                        {
                            "name": "Commercial bank, savings bank or association", 
                            "count": 370, 
                            "value": 38719
                        }, 
                        {
                            "name": "Life insurance co., credit union, finance co.", 
                            "count": 133, 
                            "value": 13488
                        }, 
                        {
                            "name": "Affiliate institution", 
                            "count": 72, 
                            "value": 5710
                        }, 
                        {
                            "name": "Other", 
                            "count": 3056, 
                            "value": 241820
                        }
                    ]
                }, 
                {
                    "incomelevel": "Middle income", 
                    "purchasers": [
                        {
                            "name": "Fannie Mae", 
                            "count": 2872, 
                            "value": 402478
                        }, 
                        {
                            "name": "Ginnie Mae", 
                            "count": 3963, 
                            "value": 563588
                        }, 
                        {
                            "name": "Freddie Mac", 
                            "count": 1547, 
                            "value": 214870
                        }, 
                        {
                            "name": "Farmer Mac", 
                            "count": 0, 
                            "value": 0
                        }, 
                        {
                            "name": "Private Securitization", 
                            "count": 30, 
                            "value": 4070
                        }, 
                        {
                            "name": "Commercial bank, savings bank or association", 
                            "count": 2940, 
                            "value": 430426
                        }, 
                        {
                            "name": "Life insurance co., credit union, finance co.", 
                            "count": 797, 
                            "value": 117723
                        }, 
                        {
                            "name": "Affiliate institution", 
                            "count": 351, 
                            "value": 40095
                        }, 
                        {
                            "name": "Other", 
                            "count": 11068, 
                            "value": 1299512
                        }
                    ]
                }, 
                {
                    "incomelevel": "Upper income", 
                    "purchasers": [
                        {
                            "name": "Fannie Mae", 
                            "count": 3468, 
                            "value": 723297
                        }, 
                        {
                            "name": "Ginnie Mae", 
                            "count": 2231, 
                            "value": 394557
                        }, 
                        {
                            "name": "Freddie Mac", 
                            "count": 2027, 
                            "value": 389300
                        }, 
                        {
                            "name": "Farmer Mac", 
                            "count": 0, 
                            "value": 0
                        }, 
                        {
                            "name": "Private Securitization", 
                            "count": 65, 
                            "value": 12930
                        }, 
                        {
                            "name": "Commercial bank, savings bank or association", 
                            "count": 3362, 
                            "value": 668329
                        }, 
                        {
                            "name": "Life insurance co., credit union, finance co.", 
                            "count": 707, 
                            "value": 144535
                        }, 
                        {
                            "name": "Affiliate institution", 
                            "count": 428, 
                            "value": 79871
                        }, 
                        {
                            "name": "Other", 
                            "count": 6843, 
                            "value": 1406947
                        }
                    ]
                }
            ]
        }
    ], 
    "total": {
        "purchasers": [
            {
                "name": "Fannie Mae", 
                "count": 6697, 
                "value": 1164120
            }, 
            {
                "name": "Ginnie Mae", 
                "count": 6982, 
                "value": 1042908
            }, 
            {
                "name": "Freddie Mac", 
                "count": 3759, 
                "value": 620375
            }, 
            {
                "name": "Farmer Mac", 
                "count": 0, 
                "value": 0
            }, 
            {
                "name": "Private Securitization", 
                "count": 98, 
                "value": 17364
            }, 
            {
                "name": "Commercial bank, savings bank or association", 
                "count": 6711, 
                "value": 1140870
            }, 
            {
                "name": "Life insurance co., credit union, finance co.", 
                "count": 1646, 
                "value": 276592
            }, 
            {
                "name": "Affiliate institution", 
                "count": 862, 
                "value": 126541
            }, 
            {
                "name": "Other", 
                "count": 21387, 
                "value": 2983738
            }
        ]
    }
}