{
    "table": "3-2", 
    "type": "Aggregate", 
    "desc": "Pricing Information for First and Junior Lien Loans Sold by Type of Purchaser (includes originations only)", 
    "year": "2013", 
    "msa": {
        "id": "33660", 
        "name": "Mobile", 
        "state": "AL", 
        "state_name": "Alabama"
    }, 
    "pricinginformation": [
        {
            "pricing": "No-reported-pricing-data", 
            "purchasers": [
                {
                    "name": "Fannie Mae", 
                    "firstliencount": 1748, 
                    "firstlienvalue": 239501, 
                    "juniorliencount": 0, 
                    "juniorlienvalue": 0
                }, 
                {
                    "name": "Ginnie Mae", 
                    "firstliencount": 1500, 
                    "firstlienvalue": 223641, 
                    "juniorliencount": 0, 
                    "juniorlienvalue": 0
                }, 
                {
                    "name": "Freddie Mac", 
                    "firstliencount": 719, 
                    "firstlienvalue": 125754, 
                    "juniorliencount": 0, 
                    "juniorlienvalue": 0
                }, 
                {
                    "name": "Farmer Mac", 
                    "firstliencount": 0, 
                    "firstlienvalue": 0, 
                    "juniorliencount": 0, 
                    "juniorlienvalue": 0
                }, 
                {
                    "name": "Private Securitization", 
                    "firstliencount": 66, 
                    "firstlienvalue": 83163, 
                    "juniorliencount": 0, 
                    "juniorlienvalue": 0
                }, 
                {
                    "name": "Commercial bank, savings bank or association", 
                    "firstliencount": 548, 
                    "firstlienvalue": 84293, 
                    "juniorliencount": 1, 
                    "juniorlienvalue": 105
                }, 
                {
                    "name": "Life insurance co., credit union, finance co.", 
                    "firstliencount": 586, 
                    "firstlienvalue": 84044, 
                    "juniorliencount": 2, 
                    "juniorlienvalue": 7
                }, 
                {
                    "name": "Affiliate institution", 
                    "firstliencount": 223, 
                    "firstlienvalue": 25512, 
                    "juniorliencount": 0, 
                    "juniorlienvalue": 0
                }, 
                {
                    "name": "Other", 
                    "firstliencount": 8565, 
                    "firstlienvalue": 1118235, 
                    "juniorliencount": 304, 
                    "juniorlienvalue": 16809
                }
            ]
        }, 
        {
            "pricing": "reported-pricing-data", 
            "purchasers": [
                {
                    "name": "Fannie Mae", 
                    "firstliencount": 73, 
                    "firstlienvalue": 6811, 
                    "juniorliencount": 0, 
                    "juniorlienvalue": 0
                }, 
                {
                    "name": "Ginnie Mae", 
                    "firstliencount": 67, 
                    "firstlienvalue": 6586, 
                    "juniorliencount": 0, 
                    "juniorlienvalue": 0
                }, 
                {
                    "name": "Freddie Mac", 
                    "firstliencount": 31, 
                    "firstlienvalue": 3712, 
                    "juniorliencount": 0, 
                    "juniorlienvalue": 0
                }, 
                {
                    "name": "Farmer Mac", 
                    "firstliencount": 0, 
                    "firstlienvalue": 0, 
                    "juniorliencount": 0, 
                    "juniorlienvalue": 0
                }, 
                {
                    "name": "Private Securitization", 
                    "firstliencount": 2, 
                    "firstlienvalue": 159, 
                    "juniorliencount": 0, 
                    "juniorlienvalue": 0
                }, 
                {
                    "name": "Commercial bank, savings bank or association", 
                    "firstliencount": 21, 
                    "firstlienvalue": 2232, 
                    "juniorliencount": 0, 
                    "juniorlienvalue": 0
                }, 
                {
                    "name": "Life insurance co., credit union, finance co.", 
                    "firstliencount": 64, 
                    "firstlienvalue": 6738, 
                    "juniorliencount": 0, 
                    "juniorlienvalue": 0
                }, 
                {
                    "name": "Affiliate institution", 
                    "firstliencount": 10, 
                    "firstlienvalue": 959, 
                    "juniorliencount": 0, 
                    "juniorlienvalue": 0
                }, 
                {
                    "name": "Other", 
                    "firstliencount": 215, 
                    "firstlienvalue": 21188, 
                    "juniorliencount": 27, 
                    "juniorlienvalue": 1337
                }
            ]
        }
    ], 
    "points": [
        {
            "point": "1.50 - 1.99", 
            "purchasers": [
                {
                    "name": "Fannie Mae", 
                    "firstliencount": 50, 
                    "firstlienvalue": 4403, 
                    "juniorliencount": 0, 
                    "juniorlienvalue": 0
                }, 
                {
                    "name": "Ginnie Mae", 
                    "firstliencount": 52, 
                    "firstlienvalue": 5713, 
                    "juniorliencount": 0, 
                    "juniorlienvalue": 0
                }, 
                {
                    "name": "Freddie Mac", 
                    "firstliencount": 27, 
                    "firstlienvalue": 3138, 
                    "juniorliencount": 0, 
                    "juniorlienvalue": 0
                }, 
                {
                    "name": "Farmer Mac", 
                    "firstliencount": 0, 
                    "firstlienvalue": 0, 
                    "juniorliencount": 0, 
                    "juniorlienvalue": 0
                }, 
                {
                    "name": "Private Securitization", 
                    "firstliencount": 2, 
                    "firstlienvalue": 159, 
                    "juniorliencount": 0, 
                    "juniorlienvalue": 0
                }, 
                {
                    "name": "Commercial bank, savings bank or association", 
                    "firstliencount": 17, 
                    "firstlienvalue": 1737, 
                    "juniorliencount": 0, 
                    "juniorlienvalue": 0
                }, 
                {
                    "name": "Life insurance co., credit union, finance co.", 
                    "firstliencount": 55, 
                    "firstlienvalue": 5944, 
                    "juniorliencount": 0, 
                    "juniorlienvalue": 0
                }, 
                {
                    "name": "Affiliate institution", 
                    "firstliencount": 7, 
                    "firstlienvalue": 558, 
                    "juniorliencount": 0, 
                    "juniorlienvalue": 0
                }, 
                {
                    "name": "Other", 
                    "firstliencount": 69, 
                    "firstlienvalue": 8715, 
                    "juniorliencount": 0, 
                    "juniorlienvalue": 0
                }
            ]
        }, 
        {
            "point": "2.00 - 2.49", 
            "purchasers": [
                {
                    "name": "Fannie Mae", 
                    "firstliencount": 16, 
                    "firstlienvalue": 1811, 
                    "juniorliencount": 0, 
                    "juniorlienvalue": 0
                }, 
                {
                    "name": "Ginnie Mae", 
                    "firstliencount": 5, 
                    "firstlienvalue": 342, 
                    "juniorliencount": 0, 
                    "juniorlienvalue": 0
                }, 
                {
                    "name": "Freddie Mac", 
                    "firstliencount": 4, 
                    "firstlienvalue": 574, 
                    "juniorliencount": 0, 
                    "juniorlienvalue": 0
                }, 
                {
                    "name": "Farmer Mac", 
                    "firstliencount": 0, 
                    "firstlienvalue": 0, 
                    "juniorliencount": 0, 
                    "juniorlienvalue": 0
                }, 
                {
                    "name": "Private Securitization", 
                    "firstliencount": 0, 
                    "firstlienvalue": 0, 
                    "juniorliencount": 0, 
                    "juniorlienvalue": 0
                }, 
                {
                    "name": "Commercial bank, savings bank or association", 
                    "firstliencount": 4, 
                    "firstlienvalue": 495, 
                    "juniorliencount": 0, 
                    "juniorlienvalue": 0
                }, 
                {
                    "name": "Life insurance co., credit union, finance co.", 
                    "firstliencount": 4, 
                    "firstlienvalue": 473, 
                    "juniorliencount": 0, 
                    "juniorlienvalue": 0
                }, 
                {
                    "name": "Affiliate institution", 
                    "firstliencount": 3, 
                    "firstlienvalue": 401, 
                    "juniorliencount": 0, 
                    "juniorlienvalue": 0
                }, 
                {
                    "name": "Other", 
                    "firstliencount": 28, 
                    "firstlienvalue": 3443, 
                    "juniorliencount": 0, 
                    "juniorlienvalue": 0
                }
            ]
        }, 
        {
            "point": "2.50 - 2.99", 
            "purchasers": [
                {
                    "name": "Fannie Mae", 
                    "firstliencount": 6, 
                    "firstlienvalue": 524, 
                    "juniorliencount": 0, 
                    "juniorlienvalue": 0
                }, 
                {
                    "name": "Ginnie Mae", 
                    "firstliencount": 1, 
                    "firstlienvalue": 49, 
                    "juniorliencount": 0, 
                    "juniorlienvalue": 0
                }, 
                {
                    "name": "Freddie Mac", 
                    "firstliencount": 0, 
                    "firstlienvalue": 0, 
                    "juniorliencount": 0, 
                    "juniorlienvalue": 0
                }, 
                {
                    "name": "Farmer Mac", 
                    "firstliencount": 0, 
                    "firstlienvalue": 0, 
                    "juniorliencount": 0, 
                    "juniorlienvalue": 0
                }, 
                {
                    "name": "Private Securitization", 
                    "firstliencount": 0, 
                    "firstlienvalue": 0, 
                    "juniorliencount": 0, 
                    "juniorlienvalue": 0
                }, 
                {
                    "name": "Commercial bank, savings bank or association", 
                    "firstliencount": 0, 
                    "firstlienvalue": 0, 
                    "juniorliencount": 0, 
                    "juniorlienvalue": 0
                }, 
                {
                    "name": "Life insurance co., credit union, finance co.", 
                    "firstliencount": 2, 
                    "firstlienvalue": 132, 
                    "juniorliencount": 0, 
                    "juniorlienvalue": 0
                }, 
                {
                    "name": "Affiliate institution", 
                    "firstliencount": 0, 
                    "firstlienvalue": 0, 
                    "juniorliencount": 0, 
                    "juniorlienvalue": 0
                }, 
                {
                    "name": "Other", 
                    "firstliencount": 17, 
                    "firstlienvalue": 2169, 
                    "juniorliencount": 0, 
                    "juniorlienvalue": 0
                }
            ]
        }, 
        {
            "point": "3.00 - 3.49", 
            "purchasers": [
                {
                    "name": "Fannie Mae", 
                    "firstliencount": 1, 
                    "firstlienvalue": 73, 
                    "juniorliencount": 0, 
                    "juniorlienvalue": 0
                }, 
                {
                    "name": "Ginnie Mae", 
                    "firstliencount": 2, 
                    "firstlienvalue": 83, 
                    "juniorliencount": 0, 
                    "juniorlienvalue": 0
                }, 
                {
                    "name": "Freddie Mac", 
                    "firstliencount": 0, 
                    "firstlienvalue": 0, 
                    "juniorliencount": 0, 
                    "juniorlienvalue": 0
                }, 
                {
                    "name": "Farmer Mac", 
                    "firstliencount": 0, 
                    "firstlienvalue": 0, 
                    "juniorliencount": 0, 
                    "juniorlienvalue": 0
                }, 
                {
                    "name": "Private Securitization", 
                    "firstliencount": 0, 
                    "firstlienvalue": 0, 
                    "juniorliencount": 0, 
                    "juniorlienvalue": 0
                }, 
                {
                    "name": "Commercial bank, savings bank or association", 
                    "firstliencount": 0, 
                    "firstlienvalue": 0, 
                    "juniorliencount": 0, 
                    "juniorlienvalue": 0
                }, 
                {
                    "name": "Life insurance co., credit union, finance co.", 
                    "firstliencount": 2, 
                    "firstlienvalue": 110, 
                    "juniorliencount": 0, 
                    "juniorlienvalue": 0
                }, 
                {
                    "name": "Affiliate institution", 
                    "firstliencount": 0, 
                    "firstlienvalue": 0, 
                    "juniorliencount": 0, 
                    "juniorlienvalue": 0
                }, 
                {
                    "name": "Other", 
                    "firstliencount": 8, 
                    "firstlienvalue": 560, 
                    "juniorliencount": 0, 
                    "juniorlienvalue": 0
                }
            ]
        }, 
        {
            "point": "3.50 - 4.49", 
            "purchasers": [
                {
                    "name": "Fannie Mae", 
                    "firstliencount": 0, 
                    "firstlienvalue": 0, 
                    "juniorliencount": 0, 
                    "juniorlienvalue": 0
                }, 
                {
                    "name": "Ginnie Mae", 
                    "firstliencount": 6, 
                    "firstlienvalue": 376, 
                    "juniorliencount": 0, 
                    "juniorlienvalue": 0
                }, 
                {
                    "name": "Freddie Mac", 
                    "firstliencount": 0, 
                    "firstlienvalue": 0, 
                    "juniorliencount": 0, 
                    "juniorlienvalue": 0
                }, 
                {
                    "name": "Farmer Mac", 
                    "firstliencount": 0, 
                    "firstlienvalue": 0, 
                    "juniorliencount": 0, 
                    "juniorlienvalue": 0
                }, 
                {
                    "name": "Private Securitization", 
                    "firstliencount": 0, 
                    "firstlienvalue": 0, 
                    "juniorliencount": 0, 
                    "juniorlienvalue": 0
                }, 
                {
                    "name": "Commercial bank, savings bank or association", 
                    "firstliencount": 0, 
                    "firstlienvalue": 0, 
                    "juniorliencount": 0, 
                    "juniorlienvalue": 0
                }, 
                {
                    "name": "Life insurance co., credit union, finance co.", 
                    "firstliencount": 1, 
                    "firstlienvalue": 79, 
                    "juniorliencount": 0, 
                    "juniorlienvalue": 0
                }, 
                {
                    "name": "Affiliate institution", 
                    "firstliencount": 0, 
                    "firstlienvalue": 0, 
                    "juniorliencount": 0, 
                    "juniorlienvalue": 0
                }, 
                {
                    "name": "Other", 
                    "firstliencount": 32, 
                    "firstlienvalue": 2686, 
                    "juniorliencount": 15, 
                    "juniorlienvalue": 893
                }
            ]
        }, 
        {
            "point": "4.50 - 5.49", 
            "purchasers": [
                {
                    "name": "Fannie Mae", 
                    "firstliencount": 0, 
                    "firstlienvalue": 0, 
                    "juniorliencount": 0, 
                    "juniorlienvalue": 0
                }, 
                {
                    "name": "Ginnie Mae", 
                    "firstliencount": 1, 
                    "firstlienvalue": 23, 
                    "juniorliencount": 0, 
                    "juniorlienvalue": 0
                }, 
                {
                    "name": "Freddie Mac", 
                    "firstliencount": 0, 
                    "firstlienvalue": 0, 
                    "juniorliencount": 0, 
                    "juniorlienvalue": 0
                }, 
                {
                    "name": "Farmer Mac", 
                    "firstliencount": 0, 
                    "firstlienvalue": 0, 
                    "juniorliencount": 0, 
                    "juniorlienvalue": 0
                }, 
                {
                    "name": "Private Securitization", 
                    "firstliencount": 0, 
                    "firstlienvalue": 0, 
                    "juniorliencount": 0, 
                    "juniorlienvalue": 0
                }, 
                {
                    "name": "Commercial bank, savings bank or association", 
                    "firstliencount": 0, 
                    "firstlienvalue": 0, 
                    "juniorliencount": 0, 
                    "juniorlienvalue": 0
                }, 
                {
                    "name": "Life insurance co., credit union, finance co.", 
                    "firstliencount": 0, 
                    "firstlienvalue": 0, 
                    "juniorliencount": 0, 
                    "juniorlienvalue": 0
                }, 
                {
                    "name": "Affiliate institution", 
                    "firstliencount": 0, 
                    "firstlienvalue": 0, 
                    "juniorliencount": 0, 
                    "juniorlienvalue": 0
                }, 
                {
                    "name": "Other", 
                    "firstliencount": 14, 
                    "firstlienvalue": 843, 
                    "juniorliencount": 8, 
                    "juniorlienvalue": 337
                }
            ]
        }, 
        {
            "point": "5.50 - 6.49", 
            "purchasers": [
                {
                    "name": "Fannie Mae", 
                    "firstliencount": 0, 
                    "firstlienvalue": 0, 
                    "juniorliencount": 0, 
                    "juniorlienvalue": 0
                }, 
                {
                    "name": "Ginnie Mae", 
                    "firstliencount": 0, 
                    "firstlienvalue": 0, 
                    "juniorliencount": 0, 
                    "juniorlienvalue": 0
                }, 
                {
                    "name": "Freddie Mac", 
                    "firstliencount": 0, 
                    "firstlienvalue": 0, 
                    "juniorliencount": 0, 
                    "juniorlienvalue": 0
                }, 
                {
                    "name": "Farmer Mac", 
                    "firstliencount": 0, 
                    "firstlienvalue": 0, 
                    "juniorliencount": 0, 
                    "juniorlienvalue": 0
                }, 
                {
                    "name": "Private Securitization", 
                    "firstliencount": 0, 
                    "firstlienvalue": 0, 
                    "juniorliencount": 0, 
                    "juniorlienvalue": 0
                }, 
                {
                    "name": "Commercial bank, savings bank or association", 
                    "firstliencount": 0, 
                    "firstlienvalue": 0, 
                    "juniorliencount": 0, 
                    "juniorlienvalue": 0
                }, 
                {
                    "name": "Life insurance co., credit union, finance co.", 
                    "firstliencount": 0, 
                    "firstlienvalue": 0, 
                    "juniorliencount": 0, 
                    "juniorlienvalue": 0
                }, 
                {
                    "name": "Affiliate institution", 
                    "firstliencount": 0, 
                    "firstlienvalue": 0, 
                    "juniorliencount": 0, 
                    "juniorlienvalue": 0
                }, 
                {
                    "name": "Other", 
                    "firstliencount": 12, 
                    "firstlienvalue": 972, 
                    "juniorliencount": 3, 
                    "juniorlienvalue": 83
                }
            ]
        }, 
        {
            "point": "6.5 or more", 
            "purchasers": [
                {
                    "name": "Fannie Mae", 
                    "firstliencount": 0, 
                    "firstlienvalue": 0, 
                    "juniorliencount": 0, 
                    "juniorlienvalue": 0
                }, 
                {
                    "name": "Ginnie Mae", 
                    "firstliencount": 0, 
                    "firstlienvalue": 0, 
                    "juniorliencount": 0, 
                    "juniorlienvalue": 0
                }, 
                {
                    "name": "Freddie Mac", 
                    "firstliencount": 0, 
                    "firstlienvalue": 0, 
                    "juniorliencount": 0, 
                    "juniorlienvalue": 0
                }, 
                {
                    "name": "Farmer Mac", 
                    "firstliencount": 0, 
                    "firstlienvalue": 0, 
                    "juniorliencount": 0, 
                    "juniorlienvalue": 0
                }, 
                {
                    "name": "Private Securitization", 
                    "firstliencount": 0, 
                    "firstlienvalue": 0, 
                    "juniorliencount": 0, 
                    "juniorlienvalue": 0
                }, 
                {
                    "name": "Commercial bank, savings bank or association", 
                    "firstliencount": 0, 
                    "firstlienvalue": 0, 
                    "juniorliencount": 0, 
                    "juniorlienvalue": 0
                }, 
                {
                    "name": "Life insurance co., credit union, finance co.", 
                    "firstliencount": 0, 
                    "firstlienvalue": 0, 
                    "juniorliencount": 0, 
                    "juniorlienvalue": 0
                }, 
                {
                    "name": "Affiliate institution", 
                    "firstliencount": 0, 
                    "firstlienvalue": 0, 
                    "juniorliencount": 0, 
                    "juniorlienvalue": 0
                }, 
                {
                    "name": "Other", 
                    "firstliencount": 35, 
                    "firstlienvalue": 1800, 
                    "juniorliencount": 1, 
                    "juniorlienvalue": 24
                }
            ]
        }, 
        {
            "point": "mean", 
            "purchasers": [
                {
                    "name": "Fannie Mae", 
                    "firstlien": 0, 
                    "juniorlien": 0
                }, 
                {
                    "name": "Ginnie Mae", 
                    "firstlien": 0, 
                    "juniorlien": 0
                }, 
                {
                    "name": "Freddie Mac", 
                    "firstlien": 0, 
                    "juniorlien": 0
                }, 
                {
                    "name": "Farmer Mac", 
                    "firstlien": 0, 
                    "juniorlien": 0
                }, 
                {
                    "name": "Private Securitization", 
                    "firstlien": 0, 
                    "juniorlien": 0
                }, 
                {
                    "name": "Commercial bank, savings bank or association", 
                    "firstlien": 0, 
                    "juniorlien": 0
                }, 
                {
                    "name": "Life insurance co., credit union, finance co.", 
                    "firstlien": 0, 
                    "juniorlien": 0
                }, 
                {
                    "name": "Affiliate institution", 
                    "firstlien": 0, 
                    "juniorlien": 0
                }, 
                {
                    "name": "Other", 
                    "firstlien": 0, 
                    "juniorlien": 0
                }
            ]
        }, 
        {
            "point": "median", 
            "purchasers": [
                {
                    "name": "Fannie Mae", 
                    "firstlien": 0, 
                    "juniorlien": 0
                }, 
                {
                    "name": "Ginnie Mae", 
                    "firstlien": 0, 
                    "juniorlien": 0
                }, 
                {
                    "name": "Freddie Mac", 
                    "firstlien": 0, 
                    "juniorlien": 0
                }, 
                {
                    "name": "Farmer Mac", 
                    "firstlien": 0, 
                    "juniorlien": 0
                }, 
                {
                    "name": "Private Securitization", 
                    "firstlien": 0, 
                    "juniorlien": 0
                }, 
                {
                    "name": "Commercial bank, savings bank or association", 
                    "firstlien": 0, 
                    "juniorlien": 0
                }, 
                {
                    "name": "Life insurance co., credit union, finance co.", 
                    "firstlien": 0, 
                    "juniorlien": 0
                }, 
                {
                    "name": "Affiliate institution", 
                    "firstlien": 0, 
                    "juniorlien": 0
                }, 
                {
                    "name": "Other", 
                    "firstlien": 0, 
                    "juniorlien": 0
                }
            ]
        }
    ], 
    "hoepa": {
        "pricing": "hoepa loans", 
        "purchasers": [
            {
                "name": "Fannie Mae", 
                "firstliencount": 1, 
                "firstlienvalue": 20, 
                "juniorliencount": 0, 
                "juniorlienvalue": 0
            }, 
            {
                "name": "Ginnie Mae", 
                "firstliencount": 0, 
                "firstlienvalue": 0, 
                "juniorliencount": 0, 
                "juniorlienvalue": 0
            }, 
            {
                "name": "Freddie Mac", 
                "firstliencount": 0, 
                "firstlienvalue": 0, 
                "juniorliencount": 0, 
                "juniorlienvalue": 0
            }, 
            {
                "name": "Farmer Mac", 
                "firstliencount": 0, 
                "firstlienvalue": 0, 
                "juniorliencount": 0, 
                "juniorlienvalue": 0
            }, 
            {
                "name": "Private Securitization", 
                "firstliencount": 0, 
                "firstlienvalue": 0, 
                "juniorliencount": 0, 
                "juniorlienvalue": 0
            }, 
            {
                "name": "Commercial bank, savings bank or association", 
                "firstliencount": 0, 
                "firstlienvalue": 0, 
                "juniorliencount": 0, 
                "juniorlienvalue": 0
            }, 
            {
                "name": "Life insurance co., credit union, finance co.", 
                "firstliencount": 0, 
                "firstlienvalue": 0, 
                "juniorliencount": 0, 
                "juniorlienvalue": 0
            }, 
            {
                "name": "Affiliate institution", 
                "firstliencount": 0, 
                "firstlienvalue": 0, 
                "juniorliencount": 0, 
                "juniorlienvalue": 0
            }, 
            {
                "name": "Other", 
                "firstliencount": 5, 
                "firstlienvalue": 160, 
                "juniorliencount": 0, 
                "juniorlienvalue": 0
            }
        ]
    }
}