{
    "table": "4-6", 
    "type": "Aggregate", 
    "desc": "Disposition of applications from nonoccupants for home-purchase, home improvement, or refinancing loans, 1- to 4- family and manufactured home dwellings, by race, ethnicity, gender and income of applicant", 
    "year": "2012", 
    "report-date": "05/03/2015", 
    "msa": {
        "id": "13820", 
        "name": "Birmingham-Hoover", 
        "state": "AL", 
        "state_name": "Alabama"
    }, 
    "races": [
        {
            "race": "American Indian/Alaska Native", 
            "dispositions": [
                {
                    "disposition": "Applications Received", 
                    "count": 8, 
                    "value": 745
                }, 
                {
                    "disposition": "Loans Originated", 
                    "count": 3, 
                    "value": 203
                }, 
                {
                    "disposition": "Apps. Approved But Not Accepted", 
                    "count": 2, 
                    "value": 118
                }, 
                {
                    "disposition": "Aplications Denied", 
                    "count": 2, 
                    "value": 63
                }, 
                {
                    "disposition": "Applications Withdrawn", 
                    "count": 1, 
                    "value": 361
                }, 
                {
                    "disposition": "Files Closed For Incompleteness", 
                    "count": 0, 
                    "value": 0
                }
            ], 
            "genders": [
                {
                    "gender": "Male", 
                    "dispositions": [
                        {
                            "disposition": "Applications Received", 
                            "count": 4, 
                            "value": 564
                        }, 
                        {
                            "disposition": "Loans Originated", 
                            "count": 3, 
                            "value": 203
                        }, 
                        {
                            "disposition": "Apps. Approved But Not Accepted", 
                            "count": 0, 
                            "value": 0
                        }, 
                        {
                            "disposition": "Aplications Denied", 
                            "count": 0, 
                            "value": 0
                        }, 
                        {
                            "disposition": "Applications Withdrawn", 
                            "count": 1, 
                            "value": 361
                        }, 
                        {
                            "disposition": "Files Closed For Incompleteness", 
                            "count": 0, 
                            "value": 0
                        }
                    ]
                }, 
                {
                    "gender": "Female", 
                    "dispositions": [
                        {
                            "disposition": "Applications Received", 
                            "count": 3, 
                            "value": 121
                        }, 
                        {
                            "disposition": "Loans Originated", 
                            "count": 0, 
                            "value": 0
                        }, 
                        {
                            "disposition": "Apps. Approved But Not Accepted", 
                            "count": 2, 
                            "value": 118
                        }, 
                        {
                            "disposition": "Aplications Denied", 
                            "count": 1, 
                            "value": 3
                        }, 
                        {
                            "disposition": "Applications Withdrawn", 
                            "count": 0, 
                            "value": 0
                        }, 
                        {
                            "disposition": "Files Closed For Incompleteness", 
                            "count": 0, 
                            "value": 0
                        }
                    ]
                }, 
                {
                    "gender": "Joint (Male/Female)", 
                    "dispositions": [
                        {
                            "disposition": "Applications Received", 
                            "count": 1, 
                            "value": 60
                        }, 
                        {
                            "disposition": "Loans Originated", 
                            "count": 0, 
                            "value": 0
                        }, 
                        {
                            "disposition": "Apps. Approved But Not Accepted", 
                            "count": 0, 
                            "value": 0
                        }, 
                        {
                            "disposition": "Aplications Denied", 
                            "count": 1, 
                            "value": 60
                        }, 
                        {
                            "disposition": "Applications Withdrawn", 
                            "count": 0, 
                            "value": 0
                        }, 
                        {
                            "disposition": "Files Closed For Incompleteness", 
                            "count": 0, 
                            "value": 0
                        }
                    ]
                }
            ]
        }, 
        {
            "race": "Asian", 
            "dispositions": [
                {
                    "disposition": "Applications Received", 
                    "count": 7, 
                    "value": 482
                }, 
                {
                    "disposition": "Loans Originated", 
                    "count": 4, 
                    "value": 203
                }, 
                {
                    "disposition": "Apps. Approved But Not Accepted", 
                    "count": 1, 
                    "value": 90
                }, 
                {
                    "disposition": "Aplications Denied", 
                    "count": 1, 
                    "value": 56
                }, 
                {
                    "disposition": "Applications Withdrawn", 
                    "count": 0, 
                    "value": 0
                }, 
                {
                    "disposition": "Files Closed For Incompleteness", 
                    "count": 1, 
                    "value": 133
                }
            ], 
            "genders": [
                {
                    "gender": "Male", 
                    "dispositions": [
                        {
                            "disposition": "Applications Received", 
                            "count": 3, 
                            "value": 226
                        }, 
                        {
                            "disposition": "Loans Originated", 
                            "count": 2, 
                            "value": 170
                        }, 
                        {
                            "disposition": "Apps. Approved But Not Accepted", 
                            "count": 0, 
                            "value": 0
                        }, 
                        {
                            "disposition": "Aplications Denied", 
                            "count": 1, 
                            "value": 56
                        }, 
                        {
                            "disposition": "Applications Withdrawn", 
                            "count": 0, 
                            "value": 0
                        }, 
                        {
                            "disposition": "Files Closed For Incompleteness", 
                            "count": 0, 
                            "value": 0
                        }
                    ]
                }, 
                {
                    "gender": "Female", 
                    "dispositions": [
                        {
                            "disposition": "Applications Received", 
                            "count": 2, 
                            "value": 103
                        }, 
                        {
                            "disposition": "Loans Originated", 
                            "count": 1, 
                            "value": 13
                        }, 
                        {
                            "disposition": "Apps. Approved But Not Accepted", 
                            "count": 1, 
                            "value": 90
                        }, 
                        {
                            "disposition": "Aplications Denied", 
                            "count": 0, 
                            "value": 0
                        }, 
                        {
                            "disposition": "Applications Withdrawn", 
                            "count": 0, 
                            "value": 0
                        }, 
                        {
                            "disposition": "Files Closed For Incompleteness", 
                            "count": 0, 
                            "value": 0
                        }
                    ]
                }, 
                {
                    "gender": "Joint (Male/Female)", 
                    "dispositions": [
                        {
                            "disposition": "Applications Received", 
                            "count": 2, 
                            "value": 153
                        }, 
                        {
                            "disposition": "Loans Originated", 
                            "count": 1, 
                            "value": 20
                        }, 
                        {
                            "disposition": "Apps. Approved But Not Accepted", 
                            "count": 0, 
                            "value": 0
                        }, 
                        {
                            "disposition": "Aplications Denied", 
                            "count": 0, 
                            "value": 0
                        }, 
                        {
                            "disposition": "Applications Withdrawn", 
                            "count": 0, 
                            "value": 0
                        }, 
                        {
                            "disposition": "Files Closed For Incompleteness", 
                            "count": 1, 
                            "value": 133
                        }
                    ]
                }
            ]
        }, 
        {
            "race": "Black or African American", 
            "dispositions": [
                {
                    "disposition": "Applications Received", 
                    "count": 74, 
                    "value": 9752
                }, 
                {
                    "disposition": "Loans Originated", 
                    "count": 42, 
                    "value": 5591
                }, 
                {
                    "disposition": "Apps. Approved But Not Accepted", 
                    "count": 2, 
                    "value": 451
                }, 
                {
                    "disposition": "Aplications Denied", 
                    "count": 17, 
                    "value": 1953
                }, 
                {
                    "disposition": "Applications Withdrawn", 
                    "count": 10, 
                    "value": 1424
                }, 
                {
                    "disposition": "Files Closed For Incompleteness", 
                    "count": 3, 
                    "value": 333
                }
            ], 
            "genders": [
                {
                    "gender": "Male", 
                    "dispositions": [
                        {
                            "disposition": "Applications Received", 
                            "count": 30, 
                            "value": 3960
                        }, 
                        {
                            "disposition": "Loans Originated", 
                            "count": 13, 
                            "value": 1758
                        }, 
                        {
                            "disposition": "Apps. Approved But Not Accepted", 
                            "count": 1, 
                            "value": 248
                        }, 
                        {
                            "disposition": "Aplications Denied", 
                            "count": 8, 
                            "value": 759
                        }, 
                        {
                            "disposition": "Applications Withdrawn", 
                            "count": 7, 
                            "value": 1132
                        }, 
                        {
                            "disposition": "Files Closed For Incompleteness", 
                            "count": 1, 
                            "value": 63
                        }
                    ]
                }, 
                {
                    "gender": "Female", 
                    "dispositions": [
                        {
                            "disposition": "Applications Received", 
                            "count": 13, 
                            "value": 1551
                        }, 
                        {
                            "disposition": "Loans Originated", 
                            "count": 7, 
                            "value": 834
                        }, 
                        {
                            "disposition": "Apps. Approved But Not Accepted", 
                            "count": 0, 
                            "value": 0
                        }, 
                        {
                            "disposition": "Aplications Denied", 
                            "count": 4, 
                            "value": 407
                        }, 
                        {
                            "disposition": "Applications Withdrawn", 
                            "count": 1, 
                            "value": 140
                        }, 
                        {
                            "disposition": "Files Closed For Incompleteness", 
                            "count": 1, 
                            "value": 170
                        }
                    ]
                }, 
                {
                    "gender": "Joint (Male/Female)", 
                    "dispositions": [
                        {
                            "disposition": "Applications Received", 
                            "count": 31, 
                            "value": 4241
                        }, 
                        {
                            "disposition": "Loans Originated", 
                            "count": 22, 
                            "value": 2999
                        }, 
                        {
                            "disposition": "Apps. Approved But Not Accepted", 
                            "count": 1, 
                            "value": 203
                        }, 
                        {
                            "disposition": "Aplications Denied", 
                            "count": 5, 
                            "value": 787
                        }, 
                        {
                            "disposition": "Applications Withdrawn", 
                            "count": 2, 
                            "value": 152
                        }, 
                        {
                            "disposition": "Files Closed For Incompleteness", 
                            "count": 1, 
                            "value": 100
                        }
                    ]
                }
            ]
        }, 
        {
            "race": "Native Hawaiian or Other Pacific Islander", 
            "dispositions": [
                {
                    "disposition": "Applications Received", 
                    "count": 411, 
                    "value": 27483
                }, 
                {
                    "disposition": "Loans Originated", 
                    "count": 157, 
                    "value": 12783
                }, 
                {
                    "disposition": "Apps. Approved But Not Accepted", 
                    "count": 30, 
                    "value": 2398
                }, 
                {
                    "disposition": "Aplications Denied", 
                    "count": 167, 
                    "value": 8132
                }, 
                {
                    "disposition": "Applications Withdrawn", 
                    "count": 40, 
                    "value": 2827
                }, 
                {
                    "disposition": "Files Closed For Incompleteness", 
                    "count": 17, 
                    "value": 1343
                }
            ], 
            "genders": [
                {
                    "gender": "Male", 
                    "dispositions": [
                        {
                            "disposition": "Applications Received", 
                            "count": 163, 
                            "value": 10428
                        }, 
                        {
                            "disposition": "Loans Originated", 
                            "count": 56, 
                            "value": 4542
                        }, 
                        {
                            "disposition": "Apps. Approved But Not Accepted", 
                            "count": 11, 
                            "value": 707
                        }, 
                        {
                            "disposition": "Aplications Denied", 
                            "count": 71, 
                            "value": 3287
                        }, 
                        {
                            "disposition": "Applications Withdrawn", 
                            "count": 16, 
                            "value": 1344
                        }, 
                        {
                            "disposition": "Files Closed For Incompleteness", 
                            "count": 9, 
                            "value": 548
                        }
                    ]
                }, 
                {
                    "gender": "Female", 
                    "dispositions": [
                        {
                            "disposition": "Applications Received", 
                            "count": 153, 
                            "value": 9051
                        }, 
                        {
                            "disposition": "Loans Originated", 
                            "count": 49, 
                            "value": 3637
                        }, 
                        {
                            "disposition": "Apps. Approved But Not Accepted", 
                            "count": 10, 
                            "value": 747
                        }, 
                        {
                            "disposition": "Aplications Denied", 
                            "count": 71, 
                            "value": 2897
                        }, 
                        {
                            "disposition": "Applications Withdrawn", 
                            "count": 16, 
                            "value": 1032
                        }, 
                        {
                            "disposition": "Files Closed For Incompleteness", 
                            "count": 7, 
                            "value": 738
                        }
                    ]
                }, 
                {
                    "gender": "Joint (Male/Female)", 
                    "dispositions": [
                        {
                            "disposition": "Applications Received", 
                            "count": 94, 
                            "value": 7951
                        }, 
                        {
                            "disposition": "Loans Originated", 
                            "count": 52, 
                            "value": 4604
                        }, 
                        {
                            "disposition": "Apps. Approved But Not Accepted", 
                            "count": 9, 
                            "value": 944
                        }, 
                        {
                            "disposition": "Aplications Denied", 
                            "count": 25, 
                            "value": 1948
                        }, 
                        {
                            "disposition": "Applications Withdrawn", 
                            "count": 7, 
                            "value": 398
                        }, 
                        {
                            "disposition": "Files Closed For Incompleteness", 
                            "count": 1, 
                            "value": 57
                        }
                    ]
                }
            ]
        }, 
        {
            "race": "White", 
            "dispositions": [
                {
                    "disposition": "Applications Received", 
                    "count": 3, 
                    "value": 317
                }, 
                {
                    "disposition": "Loans Originated", 
                    "count": 1, 
                    "value": 68
                }, 
                {
                    "disposition": "Apps. Approved But Not Accepted", 
                    "count": 0, 
                    "value": 0
                }, 
                {
                    "disposition": "Aplications Denied", 
                    "count": 2, 
                    "value": 249
                }, 
                {
                    "disposition": "Applications Withdrawn", 
                    "count": 0, 
                    "value": 0
                }, 
                {
                    "disposition": "Files Closed For Incompleteness", 
                    "count": 0, 
                    "value": 0
                }
            ], 
            "genders": [
                {
                    "gender": "Male", 
                    "dispositions": [
                        {
                            "disposition": "Applications Received", 
                            "count": 2, 
                            "value": 313
                        }, 
                        {
                            "disposition": "Loans Originated", 
                            "count": 1, 
                            "value": 68
                        }, 
                        {
                            "disposition": "Apps. Approved But Not Accepted", 
                            "count": 0, 
                            "value": 0
                        }, 
                        {
                            "disposition": "Aplications Denied", 
                            "count": 1, 
                            "value": 245
                        }, 
                        {
                            "disposition": "Applications Withdrawn", 
                            "count": 0, 
                            "value": 0
                        }, 
                        {
                            "disposition": "Files Closed For Incompleteness", 
                            "count": 0, 
                            "value": 0
                        }
                    ]
                }, 
                {
                    "gender": "Female", 
                    "dispositions": [
                        {
                            "disposition": "Applications Received", 
                            "count": 1, 
                            "value": 4
                        }, 
                        {
                            "disposition": "Loans Originated", 
                            "count": 0, 
                            "value": 0
                        }, 
                        {
                            "disposition": "Apps. Approved But Not Accepted", 
                            "count": 0, 
                            "value": 0
                        }, 
                        {
                            "disposition": "Aplications Denied", 
                            "count": 1, 
                            "value": 4
                        }, 
                        {
                            "disposition": "Applications Withdrawn", 
                            "count": 0, 
                            "value": 0
                        }, 
                        {
                            "disposition": "Files Closed For Incompleteness", 
                            "count": 0, 
                            "value": 0
                        }
                    ]
                }, 
                {
                    "gender": "Joint (Male/Female)", 
                    "dispositions": [
                        {
                            "disposition": "Applications Received", 
                            "count": 0, 
                            "value": 0
                        }, 
                        {
                            "disposition": "Loans Originated", 
                            "count": 0, 
                            "value": 0
                        }, 
                        {
                            "disposition": "Apps. Approved But Not Accepted", 
                            "count": 0, 
                            "value": 0
                        }, 
                        {
                            "disposition": "Aplications Denied", 
                            "count": 0, 
                            "value": 0
                        }, 
                        {
                            "disposition": "Applications Withdrawn", 
                            "count": 0, 
                            "value": 0
                        }, 
                        {
                            "disposition": "Files Closed For Incompleteness", 
                            "count": 0, 
                            "value": 0
                        }
                    ]
                }
            ]
        }, 
        {
            "race": "2 or more minority races", 
            "dispositions": [
                {
                    "disposition": "Applications Received", 
                    "count": 2492, 
                    "value": 282796
                }, 
                {
                    "disposition": "Loans Originated", 
                    "count": 1556, 
                    "value": 171870
                }, 
                {
                    "disposition": "Apps. Approved But Not Accepted", 
                    "count": 136, 
                    "value": 15222
                }, 
                {
                    "disposition": "Aplications Denied", 
                    "count": 473, 
                    "value": 48741
                }, 
                {
                    "disposition": "Applications Withdrawn", 
                    "count": 244, 
                    "value": 35608
                }, 
                {
                    "disposition": "Files Closed For Incompleteness", 
                    "count": 83, 
                    "value": 11355
                }
            ], 
            "genders": [
                {
                    "gender": "Male", 
                    "dispositions": [
                        {
                            "disposition": "Applications Received", 
                            "count": 1019, 
                            "value": 112055
                        }, 
                        {
                            "disposition": "Loans Originated", 
                            "count": 612, 
                            "value": 64264
                        }, 
                        {
                            "disposition": "Apps. Approved But Not Accepted", 
                            "count": 53, 
                            "value": 5441
                        }, 
                        {
                            "disposition": "Aplications Denied", 
                            "count": 212, 
                            "value": 21523
                        }, 
                        {
                            "disposition": "Applications Withdrawn", 
                            "count": 103, 
                            "value": 15217
                        }, 
                        {
                            "disposition": "Files Closed For Incompleteness", 
                            "count": 39, 
                            "value": 5610
                        }
                    ]
                }, 
                {
                    "gender": "Female", 
                    "dispositions": [
                        {
                            "disposition": "Applications Received", 
                            "count": 440, 
                            "value": 44263
                        }, 
                        {
                            "disposition": "Loans Originated", 
                            "count": 248, 
                            "value": 25487
                        }, 
                        {
                            "disposition": "Apps. Approved But Not Accepted", 
                            "count": 43, 
                            "value": 4981
                        }, 
                        {
                            "disposition": "Aplications Denied", 
                            "count": 99, 
                            "value": 8345
                        }, 
                        {
                            "disposition": "Applications Withdrawn", 
                            "count": 33, 
                            "value": 3305
                        }, 
                        {
                            "disposition": "Files Closed For Incompleteness", 
                            "count": 17, 
                            "value": 2145
                        }
                    ]
                }, 
                {
                    "gender": "Joint (Male/Female)", 
                    "dispositions": [
                        {
                            "disposition": "Applications Received", 
                            "count": 1029, 
                            "value": 126064
                        }, 
                        {
                            "disposition": "Loans Originated", 
                            "count": 693, 
                            "value": 81830
                        }, 
                        {
                            "disposition": "Apps. Approved But Not Accepted", 
                            "count": 40, 
                            "value": 4800
                        }, 
                        {
                            "disposition": "Aplications Denied", 
                            "count": 162, 
                            "value": 18873
                        }, 
                        {
                            "disposition": "Applications Withdrawn", 
                            "count": 108, 
                            "value": 17086
                        }, 
                        {
                            "disposition": "Files Closed For Incompleteness", 
                            "count": 26, 
                            "value": 3475
                        }
                    ]
                }
            ]
        }, 
        {
            "race": "Joint (White/Minority Race", 
            "dispositions": [
                {
                    "disposition": "Applications Received", 
                    "count": 21, 
                    "value": 2310
                }, 
                {
                    "disposition": "Loans Originated", 
                    "count": 10, 
                    "value": 1250
                }, 
                {
                    "disposition": "Apps. Approved But Not Accepted", 
                    "count": 2, 
                    "value": 203
                }, 
                {
                    "disposition": "Aplications Denied", 
                    "count": 6, 
                    "value": 670
                }, 
                {
                    "disposition": "Applications Withdrawn", 
                    "count": 1, 
                    "value": 41
                }, 
                {
                    "disposition": "Files Closed For Incompleteness", 
                    "count": 2, 
                    "value": 146
                }
            ], 
            "genders": [
                {
                    "gender": "Male", 
                    "dispositions": [
                        {
                            "disposition": "Applications Received", 
                            "count": 0, 
                            "value": 0
                        }, 
                        {
                            "disposition": "Loans Originated", 
                            "count": 0, 
                            "value": 0
                        }, 
                        {
                            "disposition": "Apps. Approved But Not Accepted", 
                            "count": 0, 
                            "value": 0
                        }, 
                        {
                            "disposition": "Aplications Denied", 
                            "count": 0, 
                            "value": 0
                        }, 
                        {
                            "disposition": "Applications Withdrawn", 
                            "count": 0, 
                            "value": 0
                        }, 
                        {
                            "disposition": "Files Closed For Incompleteness", 
                            "count": 0, 
                            "value": 0
                        }
                    ]
                }, 
                {
                    "gender": "Female", 
                    "dispositions": [
                        {
                            "disposition": "Applications Received", 
                            "count": 0, 
                            "value": 0
                        }, 
                        {
                            "disposition": "Loans Originated", 
                            "count": 0, 
                            "value": 0
                        }, 
                        {
                            "disposition": "Apps. Approved But Not Accepted", 
                            "count": 0, 
                            "value": 0
                        }, 
                        {
                            "disposition": "Aplications Denied", 
                            "count": 0, 
                            "value": 0
                        }, 
                        {
                            "disposition": "Applications Withdrawn", 
                            "count": 0, 
                            "value": 0
                        }, 
                        {
                            "disposition": "Files Closed For Incompleteness", 
                            "count": 0, 
                            "value": 0
                        }
                    ]
                }, 
                {
                    "gender": "Joint (Male/Female)", 
                    "dispositions": [
                        {
                            "disposition": "Applications Received", 
                            "count": 21, 
                            "value": 2310
                        }, 
                        {
                            "disposition": "Loans Originated", 
                            "count": 10, 
                            "value": 1250
                        }, 
                        {
                            "disposition": "Apps. Approved But Not Accepted", 
                            "count": 2, 
                            "value": 203
                        }, 
                        {
                            "disposition": "Aplications Denied", 
                            "count": 6, 
                            "value": 670
                        }, 
                        {
                            "disposition": "Applications Withdrawn", 
                            "count": 1, 
                            "value": 41
                        }, 
                        {
                            "disposition": "Files Closed For Incompleteness", 
                            "count": 2, 
                            "value": 146
                        }
                    ]
                }
            ]
        }, 
        {
            "race": "Not Available", 
            "dispositions": [
                {
                    "disposition": "Applications Received", 
                    "count": 483, 
                    "value": 58575
                }, 
                {
                    "disposition": "Loans Originated", 
                    "count": 315, 
                    "value": 38825
                }, 
                {
                    "disposition": "Apps. Approved But Not Accepted", 
                    "count": 22, 
                    "value": 2644
                }, 
                {
                    "disposition": "Aplications Denied", 
                    "count": 84, 
                    "value": 9069
                }, 
                {
                    "disposition": "Applications Withdrawn", 
                    "count": 52, 
                    "value": 6777
                }, 
                {
                    "disposition": "Files Closed For Incompleteness", 
                    "count": 10, 
                    "value": 1260
                }
            ], 
            "genders": [
                {
                    "gender": "Male", 
                    "dispositions": [
                        {
                            "disposition": "Applications Received", 
                            "count": 55, 
                            "value": 5721
                        }, 
                        {
                            "disposition": "Loans Originated", 
                            "count": 27, 
                            "value": 2899
                        }, 
                        {
                            "disposition": "Apps. Approved But Not Accepted", 
                            "count": 3, 
                            "value": 369
                        }, 
                        {
                            "disposition": "Aplications Denied", 
                            "count": 15, 
                            "value": 1395
                        }, 
                        {
                            "disposition": "Applications Withdrawn", 
                            "count": 10, 
                            "value": 1058
                        }, 
                        {
                            "disposition": "Files Closed For Incompleteness", 
                            "count": 0, 
                            "value": 0
                        }
                    ]
                }, 
                {
                    "gender": "Female", 
                    "dispositions": [
                        {
                            "disposition": "Applications Received", 
                            "count": 16, 
                            "value": 1256
                        }, 
                        {
                            "disposition": "Loans Originated", 
                            "count": 8, 
                            "value": 668
                        }, 
                        {
                            "disposition": "Apps. Approved But Not Accepted", 
                            "count": 0, 
                            "value": 0
                        }, 
                        {
                            "disposition": "Aplications Denied", 
                            "count": 5, 
                            "value": 287
                        }, 
                        {
                            "disposition": "Applications Withdrawn", 
                            "count": 3, 
                            "value": 301
                        }, 
                        {
                            "disposition": "Files Closed For Incompleteness", 
                            "count": 0, 
                            "value": 0
                        }
                    ]
                }, 
                {
                    "gender": "Joint (Male/Female)", 
                    "dispositions": [
                        {
                            "disposition": "Applications Received", 
                            "count": 46, 
                            "value": 6427
                        }, 
                        {
                            "disposition": "Loans Originated", 
                            "count": 28, 
                            "value": 4271
                        }, 
                        {
                            "disposition": "Apps. Approved But Not Accepted", 
                            "count": 3, 
                            "value": 203
                        }, 
                        {
                            "disposition": "Aplications Denied", 
                            "count": 8, 
                            "value": 1217
                        }, 
                        {
                            "disposition": "Applications Withdrawn", 
                            "count": 7, 
                            "value": 736
                        }, 
                        {
                            "disposition": "Files Closed For Incompleteness", 
                            "count": 0, 
                            "value": 0
                        }
                    ]
                }
            ]
        }
    ], 
    "ethnicities": [
        {
            "ethnicity": "Hispanic or Latino", 
            "dispositions": [
                {
                    "disposition": "Applications Received", 
                    "count": 50, 
                    "value": 4518
                }, 
                {
                    "disposition": "Loans Originated", 
                    "count": 25, 
                    "value": 1682
                }, 
                {
                    "disposition": "Apps. Approved But Not Accepted", 
                    "count": 5, 
                    "value": 809
                }, 
                {
                    "disposition": "Aplications Denied", 
                    "count": 14, 
                    "value": 1183
                }, 
                {
                    "disposition": "Applications Withdrawn", 
                    "count": 4, 
                    "value": 566
                }, 
                {
                    "disposition": "Files Closed For Incompleteness", 
                    "count": 2, 
                    "value": 278
                }
            ], 
            "genders": [
                {
                    "gender": "Male", 
                    "dispositions": [
                        {
                            "disposition": "Applications Received", 
                            "count": 28, 
                            "value": 28
                        }, 
                        {
                            "disposition": "Loans Originated", 
                            "count": 13, 
                            "value": 854
                        }, 
                        {
                            "disposition": "Apps. Approved But Not Accepted", 
                            "count": 2, 
                            "value": 210
                        }, 
                        {
                            "disposition": "Aplications Denied", 
                            "count": 10, 
                            "value": 835
                        }, 
                        {
                            "disposition": "Applications Withdrawn", 
                            "count": 1, 
                            "value": 145
                        }, 
                        {
                            "disposition": "Files Closed For Incompleteness", 
                            "count": 2, 
                            "value": 278
                        }
                    ]
                }, 
                {
                    "gender": "Female", 
                    "dispositions": [
                        {
                            "disposition": "Applications Received", 
                            "count": 8, 
                            "value": 8
                        }, 
                        {
                            "disposition": "Loans Originated", 
                            "count": 4, 
                            "value": 278
                        }, 
                        {
                            "disposition": "Apps. Approved But Not Accepted", 
                            "count": 2, 
                            "value": 304
                        }, 
                        {
                            "disposition": "Aplications Denied", 
                            "count": 2, 
                            "value": 54
                        }, 
                        {
                            "disposition": "Applications Withdrawn", 
                            "count": 0, 
                            "value": 0
                        }, 
                        {
                            "disposition": "Files Closed For Incompleteness", 
                            "count": 0, 
                            "value": 0
                        }
                    ]
                }, 
                {
                    "gender": "Joint (Male/Female)", 
                    "dispositions": [
                        {
                            "disposition": "Applications Received", 
                            "count": 14, 
                            "value": 14
                        }, 
                        {
                            "disposition": "Loans Originated", 
                            "count": 8, 
                            "value": 550
                        }, 
                        {
                            "disposition": "Apps. Approved But Not Accepted", 
                            "count": 1, 
                            "value": 295
                        }, 
                        {
                            "disposition": "Aplications Denied", 
                            "count": 2, 
                            "value": 294
                        }, 
                        {
                            "disposition": "Applications Withdrawn", 
                            "count": 3, 
                            "value": 421
                        }, 
                        {
                            "disposition": "Files Closed For Incompleteness", 
                            "count": 0, 
                            "value": 0
                        }
                    ]
                }
            ]
        }, 
        {
            "ethnicity": "Not Hispanic or Latino", 
            "dispositions": [
                {
                    "disposition": "Applications Received", 
                    "count": 2937, 
                    "value": 317788
                }, 
                {
                    "disposition": "Loans Originated", 
                    "count": 1737, 
                    "value": 189606
                }, 
                {
                    "disposition": "Apps. Approved But Not Accepted", 
                    "count": 164, 
                    "value": 17297
                }, 
                {
                    "disposition": "Aplications Denied", 
                    "count": 640, 
                    "value": 57516
                }, 
                {
                    "disposition": "Applications Withdrawn", 
                    "count": 292, 
                    "value": 40337
                }, 
                {
                    "disposition": "Files Closed For Incompleteness", 
                    "count": 104, 
                    "value": 13032
                }
            ], 
            "genders": [
                {
                    "gender": "Male", 
                    "dispositions": [
                        {
                            "disposition": "Applications Received", 
                            "count": 1182, 
                            "value": 1182
                        }, 
                        {
                            "disposition": "Loans Originated", 
                            "count": 671, 
                            "value": 69846
                        }, 
                        {
                            "disposition": "Apps. Approved But Not Accepted", 
                            "count": 62, 
                            "value": 6321
                        }, 
                        {
                            "disposition": "Aplications Denied", 
                            "count": 276, 
                            "value": 24291
                        }, 
                        {
                            "disposition": "Applications Withdrawn", 
                            "count": 126, 
                            "value": 17990
                        }, 
                        {
                            "disposition": "Files Closed For Incompleteness", 
                            "count": 47, 
                            "value": 5943
                        }
                    ]
                }, 
                {
                    "gender": "Female", 
                    "dispositions": [
                        {
                            "disposition": "Applications Received", 
                            "count": 600, 
                            "value": 600
                        }, 
                        {
                            "disposition": "Loans Originated", 
                            "count": 301, 
                            "value": 29794
                        }, 
                        {
                            "disposition": "Apps. Approved But Not Accepted", 
                            "count": 53, 
                            "value": 5413
                        }, 
                        {
                            "disposition": "Aplications Denied", 
                            "count": 171, 
                            "value": 11589
                        }, 
                        {
                            "disposition": "Applications Withdrawn", 
                            "count": 50, 
                            "value": 4501
                        }, 
                        {
                            "disposition": "Files Closed For Incompleteness", 
                            "count": 25, 
                            "value": 3053
                        }
                    ]
                }, 
                {
                    "gender": "Joint (Male/Female)", 
                    "dispositions": [
                        {
                            "disposition": "Applications Received", 
                            "count": 1147, 
                            "value": 1147
                        }, 
                        {
                            "disposition": "Loans Originated", 
                            "count": 761, 
                            "value": 89559
                        }, 
                        {
                            "disposition": "Apps. Approved But Not Accepted", 
                            "count": 49, 
                            "value": 5563
                        }, 
                        {
                            "disposition": "Aplications Denied", 
                            "count": 191, 
                            "value": 21481
                        }, 
                        {
                            "disposition": "Applications Withdrawn", 
                            "count": 115, 
                            "value": 17321
                        }, 
                        {
                            "disposition": "Files Closed For Incompleteness", 
                            "count": 31, 
                            "value": 3911
                        }
                    ]
                }
            ]
        }, 
        {
            "ethnicity": "Joint (Hispanic or Latino/Not Hispanic or Latino", 
            "dispositions": [
                {
                    "disposition": "Applications Received", 
                    "count": 14, 
                    "value": 1345
                }, 
                {
                    "disposition": "Loans Originated", 
                    "count": 6, 
                    "value": 199
                }, 
                {
                    "disposition": "Apps. Approved But Not Accepted", 
                    "count": 2, 
                    "value": 300
                }, 
                {
                    "disposition": "Aplications Denied", 
                    "count": 4, 
                    "value": 578
                }, 
                {
                    "disposition": "Applications Withdrawn", 
                    "count": 2, 
                    "value": 268
                }, 
                {
                    "disposition": "Files Closed For Incompleteness", 
                    "count": 0, 
                    "value": 0
                }
            ], 
            "genders": [
                {
                    "gender": "Male", 
                    "dispositions": [
                        {
                            "disposition": "Applications Received", 
                            "count": 1, 
                            "value": 1
                        }, 
                        {
                            "disposition": "Loans Originated", 
                            "count": 1, 
                            "value": 60
                        }, 
                        {
                            "disposition": "Apps. Approved But Not Accepted", 
                            "count": 0, 
                            "value": 0
                        }, 
                        {
                            "disposition": "Aplications Denied", 
                            "count": 0, 
                            "value": 0
                        }, 
                        {
                            "disposition": "Applications Withdrawn", 
                            "count": 0, 
                            "value": 0
                        }, 
                        {
                            "disposition": "Files Closed For Incompleteness", 
                            "count": 0, 
                            "value": 0
                        }
                    ]
                }, 
                {
                    "gender": "Female", 
                    "dispositions": [
                        {
                            "disposition": "Applications Received", 
                            "count": 1, 
                            "value": 1
                        }, 
                        {
                            "disposition": "Loans Originated", 
                            "count": 1, 
                            "value": 22
                        }, 
                        {
                            "disposition": "Apps. Approved But Not Accepted", 
                            "count": 0, 
                            "value": 0
                        }, 
                        {
                            "disposition": "Aplications Denied", 
                            "count": 0, 
                            "value": 0
                        }, 
                        {
                            "disposition": "Applications Withdrawn", 
                            "count": 0, 
                            "value": 0
                        }, 
                        {
                            "disposition": "Files Closed For Incompleteness", 
                            "count": 0, 
                            "value": 0
                        }
                    ]
                }, 
                {
                    "gender": "Joint (Male/Female)", 
                    "dispositions": [
                        {
                            "disposition": "Applications Received", 
                            "count": 12, 
                            "value": 12
                        }, 
                        {
                            "disposition": "Loans Originated", 
                            "count": 4, 
                            "value": 117
                        }, 
                        {
                            "disposition": "Apps. Approved But Not Accepted", 
                            "count": 2, 
                            "value": 300
                        }, 
                        {
                            "disposition": "Aplications Denied", 
                            "count": 4, 
                            "value": 578
                        }, 
                        {
                            "disposition": "Applications Withdrawn", 
                            "count": 2, 
                            "value": 268
                        }, 
                        {
                            "disposition": "Files Closed For Incompleteness", 
                            "count": 0, 
                            "value": 0
                        }
                    ]
                }
            ]
        }, 
        {
            "ethnicity": "Ethnicity Not Available", 
            "dispositions": [
                {
                    "disposition": "Applications Received", 
                    "count": 498, 
                    "value": 58809
                }, 
                {
                    "disposition": "Loans Originated", 
                    "count": 320, 
                    "value": 39306
                }, 
                {
                    "disposition": "Apps. Approved But Not Accepted", 
                    "count": 24, 
                    "value": 2720
                }, 
                {
                    "disposition": "Aplications Denied", 
                    "count": 94, 
                    "value": 9656
                }, 
                {
                    "disposition": "Applications Withdrawn", 
                    "count": 50, 
                    "value": 5867
                }, 
                {
                    "disposition": "Files Closed For Incompleteness", 
                    "count": 10, 
                    "value": 1260
                }
            ], 
            "genders": [
                {
                    "gender": "Male", 
                    "dispositions": [
                        {
                            "disposition": "Applications Received", 
                            "count": 65, 
                            "value": 65
                        }, 
                        {
                            "disposition": "Loans Originated", 
                            "count": 29, 
                            "value": 3144
                        }, 
                        {
                            "disposition": "Apps. Approved But Not Accepted", 
                            "count": 4, 
                            "value": 234
                        }, 
                        {
                            "disposition": "Aplications Denied", 
                            "count": 22, 
                            "value": 2139
                        }, 
                        {
                            "disposition": "Applications Withdrawn", 
                            "count": 10, 
                            "value": 977
                        }, 
                        {
                            "disposition": "Files Closed For Incompleteness", 
                            "count": 0, 
                            "value": 0
                        }
                    ]
                }, 
                {
                    "gender": "Female", 
                    "dispositions": [
                        {
                            "disposition": "Applications Received", 
                            "count": 19, 
                            "value": 19
                        }, 
                        {
                            "disposition": "Loans Originated", 
                            "count": 7, 
                            "value": 545
                        }, 
                        {
                            "disposition": "Apps. Approved But Not Accepted", 
                            "count": 1, 
                            "value": 219
                        }, 
                        {
                            "disposition": "Aplications Denied", 
                            "count": 8, 
                            "value": 300
                        }, 
                        {
                            "disposition": "Applications Withdrawn", 
                            "count": 3, 
                            "value": 277
                        }, 
                        {
                            "disposition": "Files Closed For Incompleteness", 
                            "count": 0, 
                            "value": 0
                        }
                    ]
                }, 
                {
                    "gender": "Joint (Male/Female)", 
                    "dispositions": [
                        {
                            "disposition": "Applications Received", 
                            "count": 51, 
                            "value": 51
                        }, 
                        {
                            "disposition": "Loans Originated", 
                            "count": 33, 
                            "value": 4748
                        }, 
                        {
                            "disposition": "Apps. Approved But Not Accepted", 
                            "count": 3, 
                            "value": 195
                        }, 
                        {
                            "disposition": "Aplications Denied", 
                            "count": 10, 
                            "value": 1202
                        }, 
                        {
                            "disposition": "Applications Withdrawn", 
                            "count": 5, 
                            "value": 403
                        }, 
                        {
                            "disposition": "Files Closed For Incompleteness", 
                            "count": 0, 
                            "value": 0
                        }
                    ]
                }
            ]
        }
    ], 
    "minoritystatuses": [
        {
            "minoritystatus": "White Non-Hispanic", 
            "dispositions": [
                {
                    "disposition": "Applications Received", 
                    "count": 2919, 
                    "value": 335759
                }, 
                {
                    "disposition": "Loans Originated", 
                    "count": 1844, 
                    "value": 208973
                }, 
                {
                    "disposition": "Apps. Approved But Not Accepted", 
                    "count": 151, 
                    "value": 16757
                }, 
                {
                    "disposition": "Aplications Denied", 
                    "count": 544, 
                    "value": 56246
                }, 
                {
                    "disposition": "Applications Withdrawn", 
                    "count": 289, 
                    "value": 41446
                }, 
                {
                    "disposition": "Files Closed For Incompleteness", 
                    "count": 91, 
                    "value": 12337
                }
            ], 
            "genders": [
                {
                    "gender": "Male", 
                    "dispositions": [
                        {
                            "disposition": "Applications Received", 
                            "count": 116646, 
                            "value": 0
                        }, 
                        {
                            "disposition": "Loans Originated", 
                            "count": 627, 
                            "value": 66382
                        }, 
                        {
                            "disposition": "Apps. Approved But Not Accepted", 
                            "count": 54, 
                            "value": 5600
                        }, 
                        {
                            "disposition": "Aplications Denied", 
                            "count": 220, 
                            "value": 22152
                        }, 
                        {
                            "disposition": "Applications Withdrawn", 
                            "count": 112, 
                            "value": 16130
                        }, 
                        {
                            "disposition": "Files Closed For Incompleteness", 
                            "count": 37, 
                            "value": 5332
                        }
                    ]
                }, 
                {
                    "gender": "Female", 
                    "dispositions": [
                        {
                            "disposition": "Applications Received", 
                            "count": 45409, 
                            "value": 0
                        }, 
                        {
                            "disposition": "Loans Originated", 
                            "count": 252, 
                            "value": 25950
                        }, 
                        {
                            "disposition": "Apps. Approved But Not Accepted", 
                            "count": 41, 
                            "value": 4677
                        }, 
                        {
                            "disposition": "Aplications Denied", 
                            "count": 103, 
                            "value": 8582
                        }, 
                        {
                            "disposition": "Applications Withdrawn", 
                            "count": 36, 
                            "value": 3606
                        }, 
                        {
                            "disposition": "Files Closed For Incompleteness", 
                            "count": 17, 
                            "value": 2145
                        }
                    ]
                }, 
                {
                    "gender": "Joint (Male/Female)", 
                    "dispositions": [
                        {
                            "disposition": "Applications Received", 
                            "count": 130668, 
                            "value": 0
                        }, 
                        {
                            "disposition": "Loans Originated", 
                            "count": 710, 
                            "value": 85365
                        }, 
                        {
                            "disposition": "Apps. Approved But Not Accepted", 
                            "count": 40, 
                            "value": 4408
                        }, 
                        {
                            "disposition": "Aplications Denied", 
                            "count": 165, 
                            "value": 19342
                        }, 
                        {
                            "disposition": "Applications Withdrawn", 
                            "count": 109, 
                            "value": 17028
                        }, 
                        {
                            "disposition": "Files Closed For Incompleteness", 
                            "count": 26, 
                            "value": 3475
                        }
                    ]
                }
            ]
        }, 
        {
            "minoritystatus": "Others, Including Hispanic", 
            "dispositions": [
                {
                    "disposition": "Applications Received", 
                    "count": 580, 
                    "value": 46701
                }, 
                {
                    "disposition": "Loans Originated", 
                    "count": 244, 
                    "value": 21820
                }, 
                {
                    "disposition": "Apps. Approved But Not Accepted", 
                    "count": 44, 
                    "value": 4369
                }, 
                {
                    "disposition": "Aplications Denied", 
                    "count": 208, 
                    "value": 12687
                }, 
                {
                    "disposition": "Applications Withdrawn", 
                    "count": 59, 
                    "value": 5592
                }, 
                {
                    "disposition": "Files Closed For Incompleteness", 
                    "count": 25, 
                    "value": 2233
                }
            ], 
            "genders": [
                {
                    "gender": "Male", 
                    "dispositions": [
                        {
                            "disposition": "Applications Received", 
                            "count": 17897, 
                            "value": 0
                        }, 
                        {
                            "disposition": "Loans Originated", 
                            "count": 87, 
                            "value": 7522
                        }, 
                        {
                            "disposition": "Apps. Approved But Not Accepted", 
                            "count": 14, 
                            "value": 1165
                        }, 
                        {
                            "disposition": "Aplications Denied", 
                            "count": 88, 
                            "value": 5113
                        }, 
                        {
                            "disposition": "Applications Withdrawn", 
                            "count": 25, 
                            "value": 2982
                        }, 
                        {
                            "disposition": "Files Closed For Incompleteness", 
                            "count": 12, 
                            "value": 889
                        }
                    ]
                }, 
                {
                    "gender": "Female", 
                    "dispositions": [
                        {
                            "disposition": "Applications Received", 
                            "count": 11568, 
                            "value": 0
                        }, 
                        {
                            "disposition": "Loans Originated", 
                            "count": 61, 
                            "value": 4689
                        }, 
                        {
                            "disposition": "Apps. Approved But Not Accepted", 
                            "count": 15, 
                            "value": 1259
                        }, 
                        {
                            "disposition": "Aplications Denied", 
                            "count": 78, 
                            "value": 3361
                        }, 
                        {
                            "disposition": "Applications Withdrawn", 
                            "count": 17, 
                            "value": 1172
                        }, 
                        {
                            "disposition": "Files Closed For Incompleteness", 
                            "count": 8, 
                            "value": 908
                        }
                    ]
                }, 
                {
                    "gender": "Joint (Male/Female)", 
                    "dispositions": [
                        {
                            "disposition": "Applications Received", 
                            "count": 17762, 
                            "value": 0
                        }, 
                        {
                            "disposition": "Loans Originated", 
                            "count": 96, 
                            "value": 9609
                        }, 
                        {
                            "disposition": "Apps. Approved But Not Accepted", 
                            "count": 15, 
                            "value": 1945
                        }, 
                        {
                            "disposition": "Aplications Denied", 
                            "count": 42, 
                            "value": 4213
                        }, 
                        {
                            "disposition": "Applications Withdrawn", 
                            "count": 16, 
                            "value": 1385
                        }, 
                        {
                            "disposition": "Files Closed For Incompleteness", 
                            "count": 5, 
                            "value": 436
                        }
                    ]
                }
            ]
        }
    ], 
    "incomes": [
        {
            "income": "Less than 50% of MSA/MD median", 
            "dispositions": [
                {
                    "disposition": "Applications Received", 
                    "count": 304, 
                    "value": 16974
                }, 
                {
                    "disposition": "Loans Originated", 
                    "count": 137, 
                    "value": 8031
                }, 
                {
                    "disposition": "Apps. Approved But Not Accepted", 
                    "count": 16, 
                    "value": 897
                }, 
                {
                    "disposition": "Aplications Denied", 
                    "count": 127, 
                    "value": 6009
                }, 
                {
                    "disposition": "Applications Withdrawn", 
                    "count": 12, 
                    "value": 1018
                }, 
                {
                    "disposition": "Files Closed For Incompleteness", 
                    "count": 12, 
                    "value": 1019
                }
            ]
        }, 
        {
            "income": "50-79% of MSA/MD median", 
            "dispositions": [
                {
                    "disposition": "Applications Received", 
                    "count": 425, 
                    "value": 31143
                }, 
                {
                    "disposition": "Loans Originated", 
                    "count": 203, 
                    "value": 15502
                }, 
                {
                    "disposition": "Apps. Approved But Not Accepted", 
                    "count": 32, 
                    "value": 1984
                }, 
                {
                    "disposition": "Aplications Denied", 
                    "count": 135, 
                    "value": 9383
                }, 
                {
                    "disposition": "Applications Withdrawn", 
                    "count": 43, 
                    "value": 3234
                }, 
                {
                    "disposition": "Files Closed For Incompleteness", 
                    "count": 12, 
                    "value": 1040
                }
            ]
        }, 
        {
            "income": "80-99% of MSA/MD median", 
            "dispositions": [
                {
                    "disposition": "Applications Received", 
                    "count": 272, 
                    "value": 22483
                }, 
                {
                    "disposition": "Loans Originated", 
                    "count": 156, 
                    "value": 13446
                }, 
                {
                    "disposition": "Apps. Approved But Not Accepted", 
                    "count": 18, 
                    "value": 1673
                }, 
                {
                    "disposition": "Aplications Denied", 
                    "count": 63, 
                    "value": 4125
                }, 
                {
                    "disposition": "Applications Withdrawn", 
                    "count": 27, 
                    "value": 2661
                }, 
                {
                    "disposition": "Files Closed For Incompleteness", 
                    "count": 8, 
                    "value": 578
                }
            ]
        }, 
        {
            "income": "100-119% of MSA/MD median", 
            "dispositions": [
                {
                    "disposition": "Applications Received", 
                    "count": 277, 
                    "value": 25269
                }, 
                {
                    "disposition": "Loans Originated", 
                    "count": 164, 
                    "value": 13795
                }, 
                {
                    "disposition": "Apps. Approved But Not Accepted", 
                    "count": 11, 
                    "value": 720
                }, 
                {
                    "disposition": "Aplications Denied", 
                    "count": 66, 
                    "value": 6775
                }, 
                {
                    "disposition": "Applications Withdrawn", 
                    "count": 25, 
                    "value": 2622
                }, 
                {
                    "disposition": "Files Closed For Incompleteness", 
                    "count": 11, 
                    "value": 1357
                }
            ]
        }, 
        {
            "income": "120% or more of MSA/MD median", 
            "dispositions": [
                {
                    "disposition": "Applications Received", 
                    "count": 1883, 
                    "value": 244645
                }, 
                {
                    "disposition": "Loans Originated", 
                    "count": 1171, 
                    "value": 148352
                }, 
                {
                    "disposition": "Apps. Approved But Not Accepted", 
                    "count": 104, 
                    "value": 13737
                }, 
                {
                    "disposition": "Aplications Denied", 
                    "count": 319, 
                    "value": 37884
                }, 
                {
                    "disposition": "Applications Withdrawn", 
                    "count": 227, 
                    "value": 35691
                }, 
                {
                    "disposition": "Files Closed For Incompleteness", 
                    "count": 62, 
                    "value": 8981
                }
            ]
        }, 
        {
            "income": "Income not available", 
            "dispositions": [
                {
                    "disposition": "Applications Received", 
                    "count": 338, 
                    "value": 41946
                }, 
                {
                    "disposition": "Loans Originated", 
                    "count": 257, 
                    "value": 31667
                }, 
                {
                    "disposition": "Apps. Approved But Not Accepted", 
                    "count": 14, 
                    "value": 2115
                }, 
                {
                    "disposition": "Aplications Denied", 
                    "count": 42, 
                    "value": 4757
                }, 
                {
                    "disposition": "Applications Withdrawn", 
                    "count": 14, 
                    "value": 1812
                }, 
                {
                    "disposition": "Files Closed For Incompleteness", 
                    "count": 11, 
                    "value": 1595
                }
            ]
        }
    ], 
    "total": [
        {
            "disposition": "Applications Received", 
            "count": 0, 
            "value": 0
        }, 
        {
            "disposition": "Loans Originated", 
            "count": 2088, 
            "value": 230793
        }, 
        {
            "disposition": "Apps. Approved But Not Accepted", 
            "count": 195, 
            "value": 21126
        }, 
        {
            "disposition": "Aplications Denied", 
            "count": 752, 
            "value": 68933
        }, 
        {
            "disposition": "Applications Withdrawn", 
            "count": 348, 
            "value": 47038
        }, 
        {
            "disposition": "Files Closed For Incompleteness", 
            "count": 116, 
            "value": 14570
        }
    ]
}