{
    "table": "3-1", 
    "type": "Aggregate", 
    "desc": "Loans sold, by characteristics of borrower and census tract in which property is located and by type of purchaser (includes originations and purchased loans)", 
    "year": "2012", 
    "msa": {
        "id": "23460", 
        "name": "Gadsden", 
        "state": "AL", 
        "state_name": "Alabama"
    }, 
    "borrowercharacteristics": [
        {
            "characteristic": "Race", 
            "races": [
                {
                    "race": "American Indian/Alaska Native", 
                    "purchasers": [
                        {
                            "name": "Fannie Mae", 
                            "count": 1, 
                            "value": 67.0
                        }, 
                        {
                            "name": "Ginnie Mae", 
                            "count": 0, 
                            "value": 0
                        }, 
                        {
                            "name": "Freddie Mac", 
                            "count": 0, 
                            "value": 0
                        }, 
                        {
                            "name": "Farmer Mac", 
                            "count": 0, 
                            "value": 0
                        }, 
                        {
                            "name": "Private Securitization", 
                            "count": 0, 
                            "value": 0
                        }, 
                        {
                            "name": "Commercial bank, savings bank or association", 
                            "count": 1, 
                            "value": 147.0
                        }, 
                        {
                            "name": "Life insurance co., credit union, finance co.", 
                            "count": 0, 
                            "value": 0
                        }, 
                        {
                            "name": "Affiliate institution", 
                            "count": 1, 
                            "value": 37.0
                        }, 
                        {
                            "name": "Other", 
                            "count": 10, 
                            "value": 720.0
                        }
                    ]
                }, 
                {
                    "race": "Asian", 
                    "purchasers": [
                        {
                            "name": "Fannie Mae", 
                            "count": 0, 
                            "value": 0
                        }, 
                        {
                            "name": "Ginnie Mae", 
                            "count": 0, 
                            "value": 0
                        }, 
                        {
                            "name": "Freddie Mac", 
                            "count": 0, 
                            "value": 0
                        }, 
                        {
                            "name": "Farmer Mac", 
                            "count": 0, 
                            "value": 0
                        }, 
                        {
                            "name": "Private Securitization", 
                            "count": 0, 
                            "value": 0
                        }, 
                        {
                            "name": "Commercial bank, savings bank or association", 
                            "count": 0, 
                            "value": 0
                        }, 
                        {
                            "name": "Life insurance co., credit union, finance co.", 
                            "count": 2, 
                            "value": 119.0
                        }, 
                        {
                            "name": "Affiliate institution", 
                            "count": 0, 
                            "value": 0
                        }, 
                        {
                            "name": "Other", 
                            "count": 11, 
                            "value": 458.0
                        }
                    ]
                }, 
                {
                    "race": "Black or African American", 
                    "purchasers": [
                        {
                            "name": "Fannie Mae", 
                            "count": 2, 
                            "value": 606.0
                        }, 
                        {
                            "name": "Ginnie Mae", 
                            "count": 2, 
                            "value": 341.0
                        }, 
                        {
                            "name": "Freddie Mac", 
                            "count": 3, 
                            "value": 453.0
                        }, 
                        {
                            "name": "Farmer Mac", 
                            "count": 0, 
                            "value": 0
                        }, 
                        {
                            "name": "Private Securitization", 
                            "count": 0, 
                            "value": 0
                        }, 
                        {
                            "name": "Commercial bank, savings bank or association", 
                            "count": 0, 
                            "value": 0
                        }, 
                        {
                            "name": "Life insurance co., credit union, finance co.", 
                            "count": 1, 
                            "value": 80.0
                        }, 
                        {
                            "name": "Affiliate institution", 
                            "count": 0, 
                            "value": 0
                        }, 
                        {
                            "name": "Other", 
                            "count": 14, 
                            "value": 1958.0
                        }
                    ]
                }, 
                {
                    "race": "Native Hawaiian or Other Pacific Islander", 
                    "purchasers": [
                        {
                            "name": "Fannie Mae", 
                            "count": 16, 
                            "value": 1836.0
                        }, 
                        {
                            "name": "Ginnie Mae", 
                            "count": 33, 
                            "value": 3740.0
                        }, 
                        {
                            "name": "Freddie Mac", 
                            "count": 4, 
                            "value": 446.0
                        }, 
                        {
                            "name": "Farmer Mac", 
                            "count": 0, 
                            "value": 0
                        }, 
                        {
                            "name": "Private Securitization", 
                            "count": 0, 
                            "value": 0
                        }, 
                        {
                            "name": "Commercial bank, savings bank or association", 
                            "count": 5, 
                            "value": 386.0
                        }, 
                        {
                            "name": "Life insurance co., credit union, finance co.", 
                            "count": 26, 
                            "value": 2869.0
                        }, 
                        {
                            "name": "Affiliate institution", 
                            "count": 2, 
                            "value": 313.0
                        }, 
                        {
                            "name": "Other", 
                            "count": 181, 
                            "value": 10606.0
                        }
                    ]
                }, 
                {
                    "race": "White", 
                    "purchasers": [
                        {
                            "name": "Fannie Mae", 
                            "count": 0, 
                            "value": 0
                        }, 
                        {
                            "name": "Ginnie Mae", 
                            "count": 0, 
                            "value": 0
                        }, 
                        {
                            "name": "Freddie Mac", 
                            "count": 0, 
                            "value": 0
                        }, 
                        {
                            "name": "Farmer Mac", 
                            "count": 0, 
                            "value": 0
                        }, 
                        {
                            "name": "Private Securitization", 
                            "count": 0, 
                            "value": 0
                        }, 
                        {
                            "name": "Commercial bank, savings bank or association", 
                            "count": 0, 
                            "value": 0
                        }, 
                        {
                            "name": "Life insurance co., credit union, finance co.", 
                            "count": 0, 
                            "value": 0
                        }, 
                        {
                            "name": "Affiliate institution", 
                            "count": 0, 
                            "value": 0
                        }, 
                        {
                            "name": "Other", 
                            "count": 1, 
                            "value": 85.0
                        }
                    ]
                }, 
                {
                    "race": "2 or more minority races", 
                    "purchasers": [
                        {
                            "name": "Fannie Mae", 
                            "count": 438, 
                            "value": 59859.0
                        }, 
                        {
                            "name": "Ginnie Mae", 
                            "count": 355, 
                            "value": 45427.0
                        }, 
                        {
                            "name": "Freddie Mac", 
                            "count": 169, 
                            "value": 23873.0
                        }, 
                        {
                            "name": "Farmer Mac", 
                            "count": 0, 
                            "value": 0
                        }, 
                        {
                            "name": "Private Securitization", 
                            "count": 7, 
                            "value": 904.0
                        }, 
                        {
                            "name": "Commercial bank, savings bank or association", 
                            "count": 157, 
                            "value": 23331.0
                        }, 
                        {
                            "name": "Life insurance co., credit union, finance co.", 
                            "count": 313, 
                            "value": 39758.0
                        }, 
                        {
                            "name": "Affiliate institution", 
                            "count": 50, 
                            "value": 6149.0
                        }, 
                        {
                            "name": "Other", 
                            "count": 2046, 
                            "value": 221641.0
                        }
                    ]
                }, 
                {
                    "race": "Joint (White/Minority Race", 
                    "purchasers": [
                        {
                            "name": "Fannie Mae", 
                            "count": 6, 
                            "value": 911.0
                        }, 
                        {
                            "name": "Ginnie Mae", 
                            "count": 1, 
                            "value": 346.0
                        }, 
                        {
                            "name": "Freddie Mac", 
                            "count": 0, 
                            "value": 0
                        }, 
                        {
                            "name": "Farmer Mac", 
                            "count": 0, 
                            "value": 0
                        }, 
                        {
                            "name": "Private Securitization", 
                            "count": 0, 
                            "value": 0
                        }, 
                        {
                            "name": "Commercial bank, savings bank or association", 
                            "count": 0, 
                            "value": 0
                        }, 
                        {
                            "name": "Life insurance co., credit union, finance co.", 
                            "count": 2, 
                            "value": 319.0
                        }, 
                        {
                            "name": "Affiliate institution", 
                            "count": 0, 
                            "value": 0
                        }, 
                        {
                            "name": "Other", 
                            "count": 8, 
                            "value": 725.0
                        }
                    ]
                }, 
                {
                    "race": "Not Available", 
                    "purchasers": [
                        {
                            "name": "Fannie Mae", 
                            "count": 125, 
                            "value": 17347.0
                        }, 
                        {
                            "name": "Ginnie Mae", 
                            "count": 107, 
                            "value": 14502.0
                        }, 
                        {
                            "name": "Freddie Mac", 
                            "count": 82, 
                            "value": 11723.0
                        }, 
                        {
                            "name": "Farmer Mac", 
                            "count": 0, 
                            "value": 0
                        }, 
                        {
                            "name": "Private Securitization", 
                            "count": 0, 
                            "value": 0
                        }, 
                        {
                            "name": "Commercial bank, savings bank or association", 
                            "count": 20, 
                            "value": 2900.0
                        }, 
                        {
                            "name": "Life insurance co., credit union, finance co.", 
                            "count": 21, 
                            "value": 2576.0
                        }, 
                        {
                            "name": "Affiliate institution", 
                            "count": 9, 
                            "value": 1471.0
                        }, 
                        {
                            "name": "Other", 
                            "count": 402, 
                            "value": 52729.0
                        }
                    ]
                }
            ]
        }, 
        {
            "characteristic": "Ethnicity", 
            "ethnicities": [
                {
                    "ethnicity": "Hispanic or Latino", 
                    "purchasers": [
                        {
                            "name": "Fannie Mae", 
                            "count": 4, 
                            "value": 789
                        }, 
                        {
                            "name": "Ginnie Mae", 
                            "count": 4, 
                            "value": 333
                        }, 
                        {
                            "name": "Freddie Mac", 
                            "count": 1, 
                            "value": 228
                        }, 
                        {
                            "name": "Farmer Mac", 
                            "count": 0, 
                            "value": 0
                        }, 
                        {
                            "name": "Private Securitization", 
                            "count": 0, 
                            "value": 0
                        }, 
                        {
                            "name": "Commercial bank, savings bank or association", 
                            "count": 1, 
                            "value": 219
                        }, 
                        {
                            "name": "Life insurance co., credit union, finance co.", 
                            "count": 3, 
                            "value": 456
                        }, 
                        {
                            "name": "Affiliate institution", 
                            "count": 0, 
                            "value": 0
                        }, 
                        {
                            "name": "Other", 
                            "count": 29, 
                            "value": 3221
                        }
                    ]
                }, 
                {
                    "ethnicity": "Not Hispanic or Latino", 
                    "purchasers": [
                        {
                            "name": "Fannie Mae", 
                            "count": 454, 
                            "value": 62123
                        }, 
                        {
                            "name": "Ginnie Mae", 
                            "count": 382, 
                            "value": 48516
                        }, 
                        {
                            "name": "Freddie Mac", 
                            "count": 176, 
                            "value": 24677
                        }, 
                        {
                            "name": "Farmer Mac", 
                            "count": 0, 
                            "value": 0
                        }, 
                        {
                            "name": "Private Securitization", 
                            "count": 7, 
                            "value": 904
                        }, 
                        {
                            "name": "Commercial bank, savings bank or association", 
                            "count": 162, 
                            "value": 23645
                        }, 
                        {
                            "name": "Life insurance co., credit union, finance co.", 
                            "count": 339, 
                            "value": 42338
                        }, 
                        {
                            "name": "Affiliate institution", 
                            "count": 52, 
                            "value": 6450
                        }, 
                        {
                            "name": "Other", 
                            "count": 2293, 
                            "value": 244070
                        }
                    ]
                }, 
                {
                    "ethnicity": "Joint (Hispanic or Latino/Not Hispanic or Latino", 
                    "purchasers": [
                        {
                            "name": "Fannie Mae", 
                            "count": 4, 
                            "value": 484
                        }, 
                        {
                            "name": "Ginnie Mae", 
                            "count": 3, 
                            "value": 589
                        }, 
                        {
                            "name": "Freddie Mac", 
                            "count": 0, 
                            "value": 0
                        }, 
                        {
                            "name": "Farmer Mac", 
                            "count": 0, 
                            "value": 0
                        }, 
                        {
                            "name": "Private Securitization", 
                            "count": 0, 
                            "value": 0
                        }, 
                        {
                            "name": "Commercial bank, savings bank or association", 
                            "count": 0, 
                            "value": 0
                        }, 
                        {
                            "name": "Life insurance co., credit union, finance co.", 
                            "count": 1, 
                            "value": 137
                        }, 
                        {
                            "name": "Affiliate institution", 
                            "count": 0, 
                            "value": 0
                        }, 
                        {
                            "name": "Other", 
                            "count": 8, 
                            "value": 764
                        }
                    ]
                }, 
                {
                    "ethnicity": "Ethnicity Not Available", 
                    "purchasers": [
                        {
                            "name": "Fannie Mae", 
                            "count": 126, 
                            "value": 17230
                        }, 
                        {
                            "name": "Ginnie Mae", 
                            "count": 109, 
                            "value": 14918
                        }, 
                        {
                            "name": "Freddie Mac", 
                            "count": 81, 
                            "value": 11590
                        }, 
                        {
                            "name": "Farmer Mac", 
                            "count": 0, 
                            "value": 0
                        }, 
                        {
                            "name": "Private Securitization", 
                            "count": 0, 
                            "value": 0
                        }, 
                        {
                            "name": "Commercial bank, savings bank or association", 
                            "count": 20, 
                            "value": 2900
                        }, 
                        {
                            "name": "Life insurance co., credit union, finance co.", 
                            "count": 22, 
                            "value": 2790
                        }, 
                        {
                            "name": "Affiliate institution", 
                            "count": 10, 
                            "value": 1520
                        }, 
                        {
                            "name": "Other", 
                            "count": 343, 
                            "value": 40867
                        }
                    ]
                }
            ]
        }, 
        {
            "characteristic": "Minority Status", 
            "minoritystatuses": [
                {
                    "minoritystatus": "White Non-Hispanic", 
                    "purchasers": [
                        {
                            "name": "Fannie Mae", 
                            "count": 555, 
                            "value": 75846
                        }, 
                        {
                            "name": "Ginnie Mae", 
                            "count": 455, 
                            "value": 59007
                        }, 
                        {
                            "name": "Freddie Mac", 
                            "count": 250, 
                            "value": 35368
                        }, 
                        {
                            "name": "Farmer Mac", 
                            "count": 0, 
                            "value": 0
                        }, 
                        {
                            "name": "Private Securitization", 
                            "count": 7, 
                            "value": 904
                        }, 
                        {
                            "name": "Commercial bank, savings bank or association", 
                            "count": 176, 
                            "value": 26012
                        }, 
                        {
                            "name": "Life insurance co., credit union, finance co.", 
                            "count": 330, 
                            "value": 41741
                        }, 
                        {
                            "name": "Affiliate institution", 
                            "count": 59, 
                            "value": 7620
                        }, 
                        {
                            "name": "Other", 
                            "count": 2417, 
                            "value": 269678
                        }
                    ]
                }, 
                {
                    "minoritystatus": "Others, Including Hispanic", 
                    "purchasers": [
                        {
                            "name": "Fannie Mae", 
                            "count": 33, 
                            "value": 4780
                        }, 
                        {
                            "name": "Ginnie Mae", 
                            "count": 43, 
                            "value": 5349
                        }, 
                        {
                            "name": "Freddie Mac", 
                            "count": 8, 
                            "value": 1127
                        }, 
                        {
                            "name": "Farmer Mac", 
                            "count": 0, 
                            "value": 0
                        }, 
                        {
                            "name": "Private Securitization", 
                            "count": 0, 
                            "value": 0
                        }, 
                        {
                            "name": "Commercial bank, savings bank or association", 
                            "count": 7, 
                            "value": 752
                        }, 
                        {
                            "name": "Life insurance co., credit union, finance co.", 
                            "count": 35, 
                            "value": 3980
                        }, 
                        {
                            "name": "Affiliate institution", 
                            "count": 3, 
                            "value": 350
                        }, 
                        {
                            "name": "Other", 
                            "count": 256, 
                            "value": 19244
                        }
                    ]
                }
            ]
        }, 
        {
            "characteristic": "Applicant Income", 
            "applicantincomes": [
                {
                    "applicantincome": "Less than 50% of MSA/MD median", 
                    "purchasers": [
                        {
                            "name": "Fannie Mae", 
                            "count": 17, 
                            "value": 1359
                        }, 
                        {
                            "name": "Ginnie Mae", 
                            "count": 30, 
                            "value": 2376
                        }, 
                        {
                            "name": "Freddie Mac", 
                            "count": 11, 
                            "value": 689
                        }, 
                        {
                            "name": "Farmer Mac", 
                            "count": 0, 
                            "value": 0
                        }, 
                        {
                            "name": "Private Securitization", 
                            "count": 1, 
                            "value": 54
                        }, 
                        {
                            "name": "Commercial bank, savings bank or association", 
                            "count": 9, 
                            "value": 782
                        }, 
                        {
                            "name": "Life insurance co., credit union, finance co.", 
                            "count": 38, 
                            "value": 2538
                        }, 
                        {
                            "name": "Affiliate institution", 
                            "count": 3, 
                            "value": 170
                        }, 
                        {
                            "name": "Other", 
                            "count": 311, 
                            "value": 14737
                        }
                    ]
                }, 
                {
                    "applicantincome": "50-79% of MSA/MD median", 
                    "purchasers": [
                        {
                            "name": "Fannie Mae", 
                            "count": 76, 
                            "value": 6841
                        }, 
                        {
                            "name": "Ginnie Mae", 
                            "count": 94, 
                            "value": 9503
                        }, 
                        {
                            "name": "Freddie Mac", 
                            "count": 24, 
                            "value": 2123
                        }, 
                        {
                            "name": "Farmer Mac", 
                            "count": 0, 
                            "value": 0
                        }, 
                        {
                            "name": "Private Securitization", 
                            "count": 1, 
                            "value": 89
                        }, 
                        {
                            "name": "Commercial bank, savings bank or association", 
                            "count": 37, 
                            "value": 3562
                        }, 
                        {
                            "name": "Life insurance co., credit union, finance co.", 
                            "count": 84, 
                            "value": 8047
                        }, 
                        {
                            "name": "Affiliate institution", 
                            "count": 6, 
                            "value": 520
                        }, 
                        {
                            "name": "Other", 
                            "count": 498, 
                            "value": 35424
                        }
                    ]
                }, 
                {
                    "applicantincome": "80-99% of MSA/MD median", 
                    "purchasers": [
                        {
                            "name": "Fannie Mae", 
                            "count": 48, 
                            "value": 5119
                        }, 
                        {
                            "name": "Ginnie Mae", 
                            "count": 62, 
                            "value": 6724
                        }, 
                        {
                            "name": "Freddie Mac", 
                            "count": 22, 
                            "value": 2430
                        }, 
                        {
                            "name": "Farmer Mac", 
                            "count": 0, 
                            "value": 0
                        }, 
                        {
                            "name": "Private Securitization", 
                            "count": 2, 
                            "value": 236
                        }, 
                        {
                            "name": "Commercial bank, savings bank or association", 
                            "count": 27, 
                            "value": 3146
                        }, 
                        {
                            "name": "Life insurance co., credit union, finance co.", 
                            "count": 58, 
                            "value": 6192
                        }, 
                        {
                            "name": "Affiliate institution", 
                            "count": 6, 
                            "value": 549
                        }, 
                        {
                            "name": "Other", 
                            "count": 289, 
                            "value": 24257
                        }
                    ]
                }, 
                {
                    "applicantincome": "100-119% of MSA/MD median", 
                    "purchasers": [
                        {
                            "name": "Fannie Mae", 
                            "count": 68, 
                            "value": 8244
                        }, 
                        {
                            "name": "Ginnie Mae", 
                            "count": 45, 
                            "value": 5489
                        }, 
                        {
                            "name": "Freddie Mac", 
                            "count": 24, 
                            "value": 2259
                        }, 
                        {
                            "name": "Farmer Mac", 
                            "count": 0, 
                            "value": 0
                        }, 
                        {
                            "name": "Private Securitization", 
                            "count": 1, 
                            "value": 120
                        }, 
                        {
                            "name": "Commercial bank, savings bank or association", 
                            "count": 21, 
                            "value": 2675
                        }, 
                        {
                            "name": "Life insurance co., credit union, finance co.", 
                            "count": 49, 
                            "value": 6410
                        }, 
                        {
                            "name": "Affiliate institution", 
                            "count": 7, 
                            "value": 795
                        }, 
                        {
                            "name": "Other", 
                            "count": 279, 
                            "value": 27103
                        }
                    ]
                }, 
                {
                    "applicantincome": "120% or more of MSA/MD median", 
                    "purchasers": [
                        {
                            "name": "Fannie Mae", 
                            "count": 290, 
                            "value": 46778
                        }, 
                        {
                            "name": "Ginnie Mae", 
                            "count": 113, 
                            "value": 18967
                        }, 
                        {
                            "name": "Freddie Mac", 
                            "count": 119, 
                            "value": 19792
                        }, 
                        {
                            "name": "Farmer Mac", 
                            "count": 0, 
                            "value": 0
                        }, 
                        {
                            "name": "Private Securitization", 
                            "count": 2, 
                            "value": 405
                        }, 
                        {
                            "name": "Commercial bank, savings bank or association", 
                            "count": 71, 
                            "value": 13702
                        }, 
                        {
                            "name": "Life insurance co., credit union, finance co.", 
                            "count": 131, 
                            "value": 21378
                        }, 
                        {
                            "name": "Affiliate institution", 
                            "count": 37, 
                            "value": 4967
                        }, 
                        {
                            "name": "Other", 
                            "count": 1069, 
                            "value": 154621
                        }
                    ]
                }, 
                {
                    "applicantincome": "income not available", 
                    "purchasers": [
                        {
                            "name": "Fannie Mae", 
                            "count": 89, 
                            "value": 12285
                        }, 
                        {
                            "name": "Ginnie Mae", 
                            "count": 154, 
                            "value": 21297
                        }, 
                        {
                            "name": "Freddie Mac", 
                            "count": 58, 
                            "value": 9202
                        }, 
                        {
                            "name": "Farmer Mac", 
                            "count": 0, 
                            "value": 0
                        }, 
                        {
                            "name": "Private Securitization", 
                            "count": 0, 
                            "value": 0
                        }, 
                        {
                            "name": "Commercial bank, savings bank or association", 
                            "count": 18, 
                            "value": 2897
                        }, 
                        {
                            "name": "Life insurance co., credit union, finance co.", 
                            "count": 5, 
                            "value": 1156
                        }, 
                        {
                            "name": "Affiliate institution", 
                            "count": 3, 
                            "value": 969
                        }, 
                        {
                            "name": "Other", 
                            "count": 227, 
                            "value": 32780
                        }
                    ]
                }
            ]
        }
    ], 
    "censuscharacteristics": [
        {
            "characteristic": "Racial/Ethnic Composition", 
            "tractpctminorities": [
                {
                    "tractpctminority": "Less than 10% minority", 
                    "purchasers": [
                        {
                            "name": "Fannie Mae", 
                            "count": 489, 
                            "value": 70778
                        }, 
                        {
                            "name": "Ginnie Mae", 
                            "count": 378, 
                            "value": 51581
                        }, 
                        {
                            "name": "Freddie Mac", 
                            "count": 215, 
                            "value": 31547
                        }, 
                        {
                            "name": "Farmer Mac", 
                            "count": 0, 
                            "value": 0
                        }, 
                        {
                            "name": "Private Securitization", 
                            "count": 6, 
                            "value": 850
                        }, 
                        {
                            "name": "Commercial bank, savings bank or association", 
                            "count": 149, 
                            "value": 23321
                        }, 
                        {
                            "name": "Life insurance co., credit union, finance co.", 
                            "count": 285, 
                            "value": 38122
                        }, 
                        {
                            "name": "Affiliate institution", 
                            "count": 52, 
                            "value": 7064
                        }, 
                        {
                            "name": "Other", 
                            "count": 1877, 
                            "value": 220177
                        }
                    ]
                }, 
                {
                    "tractpctminority": "10-19% minority", 
                    "purchasers": [
                        {
                            "name": "Fannie Mae", 
                            "count": 79, 
                            "value": 8041
                        }, 
                        {
                            "name": "Ginnie Mae", 
                            "count": 93, 
                            "value": 10254
                        }, 
                        {
                            "name": "Freddie Mac", 
                            "count": 37, 
                            "value": 4304
                        }, 
                        {
                            "name": "Farmer Mac", 
                            "count": 0, 
                            "value": 0
                        }, 
                        {
                            "name": "Private Securitization", 
                            "count": 1, 
                            "value": 54
                        }, 
                        {
                            "name": "Commercial bank, savings bank or association", 
                            "count": 26, 
                            "value": 2650
                        }, 
                        {
                            "name": "Life insurance co., credit union, finance co.", 
                            "count": 62, 
                            "value": 6024
                        }, 
                        {
                            "name": "Affiliate institution", 
                            "count": 8, 
                            "value": 751
                        }, 
                        {
                            "name": "Other", 
                            "count": 506, 
                            "value": 44479
                        }
                    ]
                }, 
                {
                    "tractpctminority": "20-49% minority", 
                    "purchasers": [
                        {
                            "name": "Fannie Mae", 
                            "count": 20, 
                            "value": 1807
                        }, 
                        {
                            "name": "Ginnie Mae", 
                            "count": 25, 
                            "value": 2345
                        }, 
                        {
                            "name": "Freddie Mac", 
                            "count": 6, 
                            "value": 644
                        }, 
                        {
                            "name": "Farmer Mac", 
                            "count": 0, 
                            "value": 0
                        }, 
                        {
                            "name": "Private Securitization", 
                            "count": 0, 
                            "value": 0
                        }, 
                        {
                            "name": "Commercial bank, savings bank or association", 
                            "count": 7, 
                            "value": 731
                        }, 
                        {
                            "name": "Life insurance co., credit union, finance co.", 
                            "count": 16, 
                            "value": 1258
                        }, 
                        {
                            "name": "Affiliate institution", 
                            "count": 2, 
                            "value": 155
                        }, 
                        {
                            "name": "Other", 
                            "count": 262, 
                            "value": 21822
                        }
                    ]
                }, 
                {
                    "tractpctminority": "50-79% minority", 
                    "purchasers": [
                        {
                            "name": "Fannie Mae", 
                            "count": 0, 
                            "value": 0
                        }, 
                        {
                            "name": "Ginnie Mae", 
                            "count": 2, 
                            "value": 176
                        }, 
                        {
                            "name": "Freddie Mac", 
                            "count": 0, 
                            "value": 0
                        }, 
                        {
                            "name": "Farmer Mac", 
                            "count": 0, 
                            "value": 0
                        }, 
                        {
                            "name": "Private Securitization", 
                            "count": 0, 
                            "value": 0
                        }, 
                        {
                            "name": "Commercial bank, savings bank or association", 
                            "count": 1, 
                            "value": 62
                        }, 
                        {
                            "name": "Life insurance co., credit union, finance co.", 
                            "count": 2, 
                            "value": 317
                        }, 
                        {
                            "name": "Affiliate institution", 
                            "count": 0, 
                            "value": 0
                        }, 
                        {
                            "name": "Other", 
                            "count": 28, 
                            "value": 2444
                        }
                    ]
                }, 
                {
                    "tractpctminority": "80-100% minority", 
                    "purchasers": [
                        {
                            "name": "Fannie Mae", 
                            "count": 0, 
                            "value": 0
                        }, 
                        {
                            "name": "Ginnie Mae", 
                            "count": 0, 
                            "value": 0
                        }, 
                        {
                            "name": "Freddie Mac", 
                            "count": 0, 
                            "value": 0
                        }, 
                        {
                            "name": "Farmer Mac", 
                            "count": 0, 
                            "value": 0
                        }, 
                        {
                            "name": "Private Securitization", 
                            "count": 0, 
                            "value": 0
                        }, 
                        {
                            "name": "Commercial bank, savings bank or association", 
                            "count": 0, 
                            "value": 0
                        }, 
                        {
                            "name": "Life insurance co., credit union, finance co.", 
                            "count": 0, 
                            "value": 0
                        }, 
                        {
                            "name": "Affiliate institution", 
                            "count": 0, 
                            "value": 0
                        }, 
                        {
                            "name": "Other", 
                            "count": 0, 
                            "value": 0
                        }
                    ]
                }
            ]
        }, 
        {
            "characteristic": "Income", 
            "incomelevels": [
                {
                    "incomelevel": "Low income", 
                    "purchasers": [
                        {
                            "name": "Fannie Mae", 
                            "count": 0, 
                            "value": 0
                        }, 
                        {
                            "name": "Ginnie Mae", 
                            "count": 2, 
                            "value": 176
                        }, 
                        {
                            "name": "Freddie Mac", 
                            "count": 0, 
                            "value": 0
                        }, 
                        {
                            "name": "Farmer Mac", 
                            "count": 0, 
                            "value": 0
                        }, 
                        {
                            "name": "Private Securitization", 
                            "count": 0, 
                            "value": 0
                        }, 
                        {
                            "name": "Commercial bank, savings bank or association", 
                            "count": 1, 
                            "value": 62
                        }, 
                        {
                            "name": "Life insurance co., credit union, finance co.", 
                            "count": 2, 
                            "value": 317
                        }, 
                        {
                            "name": "Affiliate institution", 
                            "count": 0, 
                            "value": 0
                        }, 
                        {
                            "name": "Other", 
                            "count": 28, 
                            "value": 2444
                        }
                    ]
                }, 
                {
                    "incomelevel": "Moderate income", 
                    "purchasers": [
                        {
                            "name": "Fannie Mae", 
                            "count": 55, 
                            "value": 4604
                        }, 
                        {
                            "name": "Ginnie Mae", 
                            "count": 66, 
                            "value": 6159
                        }, 
                        {
                            "name": "Freddie Mac", 
                            "count": 13, 
                            "value": 1276
                        }, 
                        {
                            "name": "Farmer Mac", 
                            "count": 0, 
                            "value": 0
                        }, 
                        {
                            "name": "Private Securitization", 
                            "count": 1, 
                            "value": 54
                        }, 
                        {
                            "name": "Commercial bank, savings bank or association", 
                            "count": 21, 
                            "value": 2037
                        }, 
                        {
                            "name": "Life insurance co., credit union, finance co.", 
                            "count": 39, 
                            "value": 3227
                        }, 
                        {
                            "name": "Affiliate institution", 
                            "count": 4, 
                            "value": 323
                        }, 
                        {
                            "name": "Other", 
                            "count": 470, 
                            "value": 43675
                        }
                    ]
                }, 
                {
                    "incomelevel": "Middle income", 
                    "purchasers": [
                        {
                            "name": "Fannie Mae", 
                            "count": 168, 
                            "value": 20265
                        }, 
                        {
                            "name": "Ginnie Mae", 
                            "count": 153, 
                            "value": 19079
                        }, 
                        {
                            "name": "Freddie Mac", 
                            "count": 70, 
                            "value": 8390
                        }, 
                        {
                            "name": "Farmer Mac", 
                            "count": 0, 
                            "value": 0
                        }, 
                        {
                            "name": "Private Securitization", 
                            "count": 1, 
                            "value": 89
                        }, 
                        {
                            "name": "Commercial bank, savings bank or association", 
                            "count": 47, 
                            "value": 6048
                        }, 
                        {
                            "name": "Life insurance co., credit union, finance co.", 
                            "count": 96, 
                            "value": 10167
                        }, 
                        {
                            "name": "Affiliate institution", 
                            "count": 20, 
                            "value": 2224
                        }, 
                        {
                            "name": "Other", 
                            "count": 933, 
                            "value": 74709
                        }
                    ]
                }, 
                {
                    "incomelevel": "Upper income", 
                    "purchasers": [
                        {
                            "name": "Fannie Mae", 
                            "count": 365, 
                            "value": 55757
                        }, 
                        {
                            "name": "Ginnie Mae", 
                            "count": 277, 
                            "value": 38942
                        }, 
                        {
                            "name": "Freddie Mac", 
                            "count": 175, 
                            "value": 26829
                        }, 
                        {
                            "name": "Farmer Mac", 
                            "count": 0, 
                            "value": 0
                        }, 
                        {
                            "name": "Private Securitization", 
                            "count": 5, 
                            "value": 761
                        }, 
                        {
                            "name": "Commercial bank, savings bank or association", 
                            "count": 114, 
                            "value": 18617
                        }, 
                        {
                            "name": "Life insurance co., credit union, finance co.", 
                            "count": 228, 
                            "value": 32010
                        }, 
                        {
                            "name": "Affiliate institution", 
                            "count": 38, 
                            "value": 5423
                        }, 
                        {
                            "name": "Other", 
                            "count": 1242, 
                            "value": 168094
                        }
                    ]
                }
            ]
        }
    ], 
    "total": {
        "purchasers": [
            {
                "name": "Fannie Mae", 
                "count": 588, 
                "value": 80626
            }, 
            {
                "name": "Ginnie Mae", 
                "count": 498, 
                "value": 64356
            }, 
            {
                "name": "Freddie Mac", 
                "count": 258, 
                "value": 36495
            }, 
            {
                "name": "Farmer Mac", 
                "count": 0, 
                "value": 0
            }, 
            {
                "name": "Private Securitization", 
                "count": 7, 
                "value": 904
            }, 
            {
                "name": "Commercial bank, savings bank or association", 
                "count": 183, 
                "value": 26764
            }, 
            {
                "name": "Life insurance co., credit union, finance co.", 
                "count": 365, 
                "value": 45721
            }, 
            {
                "name": "Affiliate institution", 
                "count": 62, 
                "value": 7970
            }, 
            {
                "name": "Other", 
                "count": 2673, 
                "value": 288922
            }
        ]
    }
}