{
    "table": "3-1", 
    "type": "Aggregate", 
    "desc": "Loans sold, by characteristics of borrower and census tract in which property is located and by type of purchaser (includes originations and purchased loans)", 
    "year": "2013", 
    "msa": {
        "id": "38060", 
        "name": "Phoenix-Mesa-Glendale", 
        "state": "AZ", 
        "state_name": "Arizona"
    }, 
    "borrowercharacteristics": [
        {
            "characteristic": "Race", 
            "races": [
                {
                    "race": "American Indian/Alaska Native", 
                    "purchasers": [
                        {
                            "name": "Fannie Mae", 
                            "count": 135, 
                            "value": 24506.0
                        }, 
                        {
                            "name": "Ginnie Mae", 
                            "count": 128, 
                            "value": 21841.0
                        }, 
                        {
                            "name": "Freddie Mac", 
                            "count": 76, 
                            "value": 13283.0
                        }, 
                        {
                            "name": "Farmer Mac", 
                            "count": 0, 
                            "value": 0
                        }, 
                        {
                            "name": "Private Securitization", 
                            "count": 2, 
                            "value": 424.0
                        }, 
                        {
                            "name": "Commercial bank, savings bank or association", 
                            "count": 53, 
                            "value": 10219.0
                        }, 
                        {
                            "name": "Life insurance co., credit union, finance co.", 
                            "count": 16, 
                            "value": 2884.0
                        }, 
                        {
                            "name": "Affiliate institution", 
                            "count": 11, 
                            "value": 1886.0
                        }, 
                        {
                            "name": "Other", 
                            "count": 319, 
                            "value": 60274.0
                        }
                    ]
                }, 
                {
                    "race": "Asian", 
                    "purchasers": [
                        {
                            "name": "Fannie Mae", 
                            "count": 169, 
                            "value": 26951.0
                        }, 
                        {
                            "name": "Ginnie Mae", 
                            "count": 224, 
                            "value": 36314.0
                        }, 
                        {
                            "name": "Freddie Mac", 
                            "count": 91, 
                            "value": 13910.0
                        }, 
                        {
                            "name": "Farmer Mac", 
                            "count": 0, 
                            "value": 0
                        }, 
                        {
                            "name": "Private Securitization", 
                            "count": 2, 
                            "value": 2790.0
                        }, 
                        {
                            "name": "Commercial bank, savings bank or association", 
                            "count": 58, 
                            "value": 10069.0
                        }, 
                        {
                            "name": "Life insurance co., credit union, finance co.", 
                            "count": 30, 
                            "value": 5584.0
                        }, 
                        {
                            "name": "Affiliate institution", 
                            "count": 7, 
                            "value": 1136.0
                        }, 
                        {
                            "name": "Other", 
                            "count": 608, 
                            "value": 77006.0
                        }
                    ]
                }, 
                {
                    "race": "Black or African American", 
                    "purchasers": [
                        {
                            "name": "Fannie Mae", 
                            "count": 2810, 
                            "value": 548091.0
                        }, 
                        {
                            "name": "Ginnie Mae", 
                            "count": 596, 
                            "value": 115706.0
                        }, 
                        {
                            "name": "Freddie Mac", 
                            "count": 1414, 
                            "value": 283562.0
                        }, 
                        {
                            "name": "Farmer Mac", 
                            "count": 0, 
                            "value": 0
                        }, 
                        {
                            "name": "Private Securitization", 
                            "count": 24, 
                            "value": 8790.0
                        }, 
                        {
                            "name": "Commercial bank, savings bank or association", 
                            "count": 775, 
                            "value": 165400.0
                        }, 
                        {
                            "name": "Life insurance co., credit union, finance co.", 
                            "count": 400, 
                            "value": 82212.0
                        }, 
                        {
                            "name": "Affiliate institution", 
                            "count": 97, 
                            "value": 15419.0
                        }, 
                        {
                            "name": "Other", 
                            "count": 4094, 
                            "value": 926707.0
                        }
                    ]
                }, 
                {
                    "race": "Native Hawaiian or Other Pacific Islander", 
                    "purchasers": [
                        {
                            "name": "Fannie Mae", 
                            "count": 777, 
                            "value": 132870.0
                        }, 
                        {
                            "name": "Ginnie Mae", 
                            "count": 1152, 
                            "value": 213175.0
                        }, 
                        {
                            "name": "Freddie Mac", 
                            "count": 411, 
                            "value": 70359.0
                        }, 
                        {
                            "name": "Farmer Mac", 
                            "count": 0, 
                            "value": 0
                        }, 
                        {
                            "name": "Private Securitization", 
                            "count": 7, 
                            "value": 2826.0
                        }, 
                        {
                            "name": "Commercial bank, savings bank or association", 
                            "count": 482, 
                            "value": 89231.0
                        }, 
                        {
                            "name": "Life insurance co., credit union, finance co.", 
                            "count": 272, 
                            "value": 49432.0
                        }, 
                        {
                            "name": "Affiliate institution", 
                            "count": 65, 
                            "value": 10034.0
                        }, 
                        {
                            "name": "Other", 
                            "count": 2586, 
                            "value": 464717.0
                        }
                    ]
                }, 
                {
                    "race": "White", 
                    "purchasers": [
                        {
                            "name": "Fannie Mae", 
                            "count": 115, 
                            "value": 21395.0
                        }, 
                        {
                            "name": "Ginnie Mae", 
                            "count": 122, 
                            "value": 21681.0
                        }, 
                        {
                            "name": "Freddie Mac", 
                            "count": 63, 
                            "value": 12444.0
                        }, 
                        {
                            "name": "Farmer Mac", 
                            "count": 0, 
                            "value": 0
                        }, 
                        {
                            "name": "Private Securitization", 
                            "count": 2, 
                            "value": 338.0
                        }, 
                        {
                            "name": "Commercial bank, savings bank or association", 
                            "count": 54, 
                            "value": 10324.0
                        }, 
                        {
                            "name": "Life insurance co., credit union, finance co.", 
                            "count": 34, 
                            "value": 7734.0
                        }, 
                        {
                            "name": "Affiliate institution", 
                            "count": 12, 
                            "value": 1469.0
                        }, 
                        {
                            "name": "Other", 
                            "count": 341, 
                            "value": 57093.0
                        }
                    ]
                }, 
                {
                    "race": "2 or more minority races", 
                    "purchasers": [
                        {
                            "name": "Fannie Mae", 
                            "count": 49169, 
                            "value": 9100253.0
                        }, 
                        {
                            "name": "Ginnie Mae", 
                            "count": 26427, 
                            "value": 4829540.0
                        }, 
                        {
                            "name": "Freddie Mac", 
                            "count": 25763, 
                            "value": 4830899.0
                        }, 
                        {
                            "name": "Farmer Mac", 
                            "count": 1, 
                            "value": 236.0
                        }, 
                        {
                            "name": "Private Securitization", 
                            "count": 882, 
                            "value": 301497.0
                        }, 
                        {
                            "name": "Commercial bank, savings bank or association", 
                            "count": 20052, 
                            "value": 4098498.0
                        }, 
                        {
                            "name": "Life insurance co., credit union, finance co.", 
                            "count": 11884, 
                            "value": 2396594.0
                        }, 
                        {
                            "name": "Affiliate institution", 
                            "count": 2797, 
                            "value": 438733.0
                        }, 
                        {
                            "name": "Other", 
                            "count": 86893, 
                            "value": 18085965.0
                        }
                    ]
                }, 
                {
                    "race": "Joint (White/Minority Race", 
                    "purchasers": [
                        {
                            "name": "Fannie Mae", 
                            "count": 893, 
                            "value": 178695.0
                        }, 
                        {
                            "name": "Ginnie Mae", 
                            "count": 726, 
                            "value": 145193.0
                        }, 
                        {
                            "name": "Freddie Mac", 
                            "count": 485, 
                            "value": 97558.0
                        }, 
                        {
                            "name": "Farmer Mac", 
                            "count": 0, 
                            "value": 0
                        }, 
                        {
                            "name": "Private Securitization", 
                            "count": 16, 
                            "value": 5050.0
                        }, 
                        {
                            "name": "Commercial bank, savings bank or association", 
                            "count": 357, 
                            "value": 81982.0
                        }, 
                        {
                            "name": "Life insurance co., credit union, finance co.", 
                            "count": 220, 
                            "value": 48054.0
                        }, 
                        {
                            "name": "Affiliate institution", 
                            "count": 54, 
                            "value": 9421.0
                        }, 
                        {
                            "name": "Other", 
                            "count": 1739, 
                            "value": 395282.0
                        }
                    ]
                }, 
                {
                    "race": "Not Available", 
                    "purchasers": [
                        {
                            "name": "Fannie Mae", 
                            "count": 11965, 
                            "value": 2470821.0
                        }, 
                        {
                            "name": "Ginnie Mae", 
                            "count": 9661, 
                            "value": 6567913.0
                        }, 
                        {
                            "name": "Freddie Mac", 
                            "count": 8101, 
                            "value": 1740645.0
                        }, 
                        {
                            "name": "Farmer Mac", 
                            "count": 0, 
                            "value": 0
                        }, 
                        {
                            "name": "Private Securitization", 
                            "count": 235, 
                            "value": 70199.0
                        }, 
                        {
                            "name": "Commercial bank, savings bank or association", 
                            "count": 2302, 
                            "value": 509686.0
                        }, 
                        {
                            "name": "Life insurance co., credit union, finance co.", 
                            "count": 1078, 
                            "value": 250858.0
                        }, 
                        {
                            "name": "Affiliate institution", 
                            "count": 1096, 
                            "value": 268411.0
                        }, 
                        {
                            "name": "Other", 
                            "count": 22791, 
                            "value": 6312828.0
                        }
                    ]
                }
            ]
        }, 
        {
            "characteristic": "Ethnicity", 
            "ethnicities": [
                {
                    "ethnicity": "Hispanic or Latino", 
                    "purchasers": [
                        {
                            "name": "Fannie Mae", 
                            "count": 4038, 
                            "value": 594562
                        }, 
                        {
                            "name": "Ginnie Mae", 
                            "count": 5505, 
                            "value": 807204
                        }, 
                        {
                            "name": "Freddie Mac", 
                            "count": 1864, 
                            "value": 273094
                        }, 
                        {
                            "name": "Farmer Mac", 
                            "count": 0, 
                            "value": 0
                        }, 
                        {
                            "name": "Private Securitization", 
                            "count": 29, 
                            "value": 5531
                        }, 
                        {
                            "name": "Commercial bank, savings bank or association", 
                            "count": 2592, 
                            "value": 401617
                        }, 
                        {
                            "name": "Life insurance co., credit union, finance co.", 
                            "count": 1622, 
                            "value": 253687
                        }, 
                        {
                            "name": "Affiliate institution", 
                            "count": 241, 
                            "value": 30984
                        }, 
                        {
                            "name": "Other", 
                            "count": 13127, 
                            "value": 1773813
                        }
                    ]
                }, 
                {
                    "ethnicity": "Not Hispanic or Latino", 
                    "purchasers": [
                        {
                            "name": "Fannie Mae", 
                            "count": 49126, 
                            "value": 9244954
                        }, 
                        {
                            "name": "Ginnie Mae", 
                            "count": 23104, 
                            "value": 4411976
                        }, 
                        {
                            "name": "Freddie Mac", 
                            "count": 25950, 
                            "value": 4946122
                        }, 
                        {
                            "name": "Farmer Mac", 
                            "count": 1, 
                            "value": 236
                        }, 
                        {
                            "name": "Private Securitization", 
                            "count": 894, 
                            "value": 307500
                        }, 
                        {
                            "name": "Commercial bank, savings bank or association", 
                            "count": 18816, 
                            "value": 3966032
                        }, 
                        {
                            "name": "Life insurance co., credit union, finance co.", 
                            "count": 10889, 
                            "value": 2261144
                        }, 
                        {
                            "name": "Affiliate institution", 
                            "count": 2713, 
                            "value": 433901
                        }, 
                        {
                            "name": "Other", 
                            "count": 82228, 
                            "value": 17951398
                        }
                    ]
                }, 
                {
                    "ethnicity": "Joint (Hispanic or Latino/Not Hispanic or Latino", 
                    "purchasers": [
                        {
                            "name": "Fannie Mae", 
                            "count": 1452, 
                            "value": 276533
                        }, 
                        {
                            "name": "Ginnie Mae", 
                            "count": 1095, 
                            "value": 222253
                        }, 
                        {
                            "name": "Freddie Mac", 
                            "count": 728, 
                            "value": 144903
                        }, 
                        {
                            "name": "Farmer Mac", 
                            "count": 0, 
                            "value": 0
                        }, 
                        {
                            "name": "Private Securitization", 
                            "count": 10, 
                            "value": 4449
                        }, 
                        {
                            "name": "Commercial bank, savings bank or association", 
                            "count": 568, 
                            "value": 128742
                        }, 
                        {
                            "name": "Life insurance co., credit union, finance co.", 
                            "count": 354, 
                            "value": 77576
                        }, 
                        {
                            "name": "Affiliate institution", 
                            "count": 109, 
                            "value": 18064
                        }, 
                        {
                            "name": "Other", 
                            "count": 2771, 
                            "value": 567666
                        }
                    ]
                }, 
                {
                    "ethnicity": "Ethnicity Not Available", 
                    "purchasers": [
                        {
                            "name": "Fannie Mae", 
                            "count": 11417, 
                            "value": 2387533
                        }, 
                        {
                            "name": "Ginnie Mae", 
                            "count": 9332, 
                            "value": 6509930
                        }, 
                        {
                            "name": "Freddie Mac", 
                            "count": 7862, 
                            "value": 1698541
                        }, 
                        {
                            "name": "Farmer Mac", 
                            "count": 0, 
                            "value": 0
                        }, 
                        {
                            "name": "Private Securitization", 
                            "count": 237, 
                            "value": 74434
                        }, 
                        {
                            "name": "Commercial bank, savings bank or association", 
                            "count": 2157, 
                            "value": 479018
                        }, 
                        {
                            "name": "Life insurance co., credit union, finance co.", 
                            "count": 1069, 
                            "value": 250945
                        }, 
                        {
                            "name": "Affiliate institution", 
                            "count": 1076, 
                            "value": 263560
                        }, 
                        {
                            "name": "Other", 
                            "count": 21245, 
                            "value": 6086995
                        }
                    ]
                }
            ]
        }, 
        {
            "characteristic": "Minority Status", 
            "minoritystatuses": [
                {
                    "minoritystatus": "White Non-Hispanic", 
                    "purchasers": [
                        {
                            "name": "Fannie Mae", 
                            "count": 55884, 
                            "value": 10740735
                        }, 
                        {
                            "name": "Ginnie Mae", 
                            "count": 29808, 
                            "value": 10421618
                        }, 
                        {
                            "name": "Freddie Mac", 
                            "count": 31408, 
                            "value": 6176916
                        }, 
                        {
                            "name": "Farmer Mac", 
                            "count": 1, 
                            "value": 236
                        }, 
                        {
                            "name": "Private Securitization", 
                            "count": 1078, 
                            "value": 361838
                        }, 
                        {
                            "name": "Commercial bank, savings bank or association", 
                            "count": 19286, 
                            "value": 4095047
                        }, 
                        {
                            "name": "Life insurance co., credit union, finance co.", 
                            "count": 11034, 
                            "value": 2325788
                        }, 
                        {
                            "name": "Affiliate institution", 
                            "count": 3556, 
                            "value": 660073
                        }, 
                        {
                            "name": "Other", 
                            "count": 94568, 
                            "value": 22177533
                        }
                    ]
                }, 
                {
                    "minoritystatus": "Others, Including Hispanic", 
                    "purchasers": [
                        {
                            "name": "Fannie Mae", 
                            "count": 10149, 
                            "value": 1762847
                        }, 
                        {
                            "name": "Ginnie Mae", 
                            "count": 9228, 
                            "value": 1529745
                        }, 
                        {
                            "name": "Freddie Mac", 
                            "count": 4996, 
                            "value": 885744
                        }, 
                        {
                            "name": "Farmer Mac", 
                            "count": 0, 
                            "value": 0
                        }, 
                        {
                            "name": "Private Securitization", 
                            "count": 92, 
                            "value": 30076
                        }, 
                        {
                            "name": "Commercial bank, savings bank or association", 
                            "count": 4847, 
                            "value": 880362
                        }, 
                        {
                            "name": "Life insurance co., credit union, finance co.", 
                            "count": 2900, 
                            "value": 517564
                        }, 
                        {
                            "name": "Affiliate institution", 
                            "count": 583, 
                            "value": 86436
                        }, 
                        {
                            "name": "Other", 
                            "count": 24803, 
                            "value": 4202339
                        }
                    ]
                }
            ]
        }, 
        {
            "characteristic": "Applicant Income", 
            "applicantincomes": [
                {
                    "applicantincome": "Less than 50% of MSA/MD median", 
                    "purchasers": [
                        {
                            "name": "Fannie Mae", 
                            "count": 4701, 
                            "value": 502176
                        }, 
                        {
                            "name": "Ginnie Mae", 
                            "count": 2527, 
                            "value": 269656
                        }, 
                        {
                            "name": "Freddie Mac", 
                            "count": 2466, 
                            "value": 270265
                        }, 
                        {
                            "name": "Farmer Mac", 
                            "count": 0, 
                            "value": 0
                        }, 
                        {
                            "name": "Private Securitization", 
                            "count": 50, 
                            "value": 5004
                        }, 
                        {
                            "name": "Commercial bank, savings bank or association", 
                            "count": 1746, 
                            "value": 186534
                        }, 
                        {
                            "name": "Life insurance co., credit union, finance co.", 
                            "count": 1071, 
                            "value": 122221
                        }, 
                        {
                            "name": "Affiliate institution", 
                            "count": 344, 
                            "value": 34093
                        }, 
                        {
                            "name": "Other", 
                            "count": 11283, 
                            "value": 1174217
                        }
                    ]
                }, 
                {
                    "applicantincome": "50-79% of MSA/MD median", 
                    "purchasers": [
                        {
                            "name": "Fannie Mae", 
                            "count": 9362, 
                            "value": 1225047
                        }, 
                        {
                            "name": "Ginnie Mae", 
                            "count": 6221, 
                            "value": 890218
                        }, 
                        {
                            "name": "Freddie Mac", 
                            "count": 4722, 
                            "value": 626323
                        }, 
                        {
                            "name": "Farmer Mac", 
                            "count": 0, 
                            "value": 0
                        }, 
                        {
                            "name": "Private Securitization", 
                            "count": 102, 
                            "value": 14369
                        }, 
                        {
                            "name": "Commercial bank, savings bank or association", 
                            "count": 4605, 
                            "value": 658784
                        }, 
                        {
                            "name": "Life insurance co., credit union, finance co.", 
                            "count": 2535, 
                            "value": 357715
                        }, 
                        {
                            "name": "Affiliate institution", 
                            "count": 562, 
                            "value": 67425
                        }, 
                        {
                            "name": "Other", 
                            "count": 18584, 
                            "value": 2356696
                        }
                    ]
                }, 
                {
                    "applicantincome": "80-99% of MSA/MD median", 
                    "purchasers": [
                        {
                            "name": "Fannie Mae", 
                            "count": 7454, 
                            "value": 1137591
                        }, 
                        {
                            "name": "Ginnie Mae", 
                            "count": 4252, 
                            "value": 743853
                        }, 
                        {
                            "name": "Freddie Mac", 
                            "count": 3900, 
                            "value": 604953
                        }, 
                        {
                            "name": "Farmer Mac", 
                            "count": 0, 
                            "value": 0
                        }, 
                        {
                            "name": "Private Securitization", 
                            "count": 97, 
                            "value": 16434
                        }, 
                        {
                            "name": "Commercial bank, savings bank or association", 
                            "count": 3268, 
                            "value": 562613
                        }, 
                        {
                            "name": "Life insurance co., credit union, finance co.", 
                            "count": 1894, 
                            "value": 321049
                        }, 
                        {
                            "name": "Affiliate institution", 
                            "count": 491, 
                            "value": 68163
                        }, 
                        {
                            "name": "Other", 
                            "count": 12969, 
                            "value": 1956959
                        }
                    ]
                }, 
                {
                    "applicantincome": "100-119% of MSA/MD median", 
                    "purchasers": [
                        {
                            "name": "Fannie Mae", 
                            "count": 6228, 
                            "value": 1075641
                        }, 
                        {
                            "name": "Ginnie Mae", 
                            "count": 3024, 
                            "value": 597407
                        }, 
                        {
                            "name": "Freddie Mac", 
                            "count": 3389, 
                            "value": 587144
                        }, 
                        {
                            "name": "Farmer Mac", 
                            "count": 0, 
                            "value": 0
                        }, 
                        {
                            "name": "Private Securitization", 
                            "count": 64, 
                            "value": 12987
                        }, 
                        {
                            "name": "Commercial bank, savings bank or association", 
                            "count": 2668, 
                            "value": 514325
                        }, 
                        {
                            "name": "Life insurance co., credit union, finance co.", 
                            "count": 1458, 
                            "value": 280563
                        }, 
                        {
                            "name": "Affiliate institution", 
                            "count": 416, 
                            "value": 63372
                        }, 
                        {
                            "name": "Other", 
                            "count": 10060, 
                            "value": 1706299
                        }
                    ]
                }, 
                {
                    "applicantincome": "120% or more of MSA/MD median", 
                    "purchasers": [
                        {
                            "name": "Fannie Mae", 
                            "count": 34254, 
                            "value": 7487430
                        }, 
                        {
                            "name": "Ginnie Mae", 
                            "count": 8346, 
                            "value": 2090491
                        }, 
                        {
                            "name": "Freddie Mac", 
                            "count": 18652, 
                            "value": 4119740
                        }, 
                        {
                            "name": "Farmer Mac", 
                            "count": 1, 
                            "value": 236
                        }, 
                        {
                            "name": "Private Securitization", 
                            "count": 834, 
                            "value": 338177
                        }, 
                        {
                            "name": "Commercial bank, savings bank or association", 
                            "count": 11164, 
                            "value": 2900539
                        }, 
                        {
                            "name": "Life insurance co., credit union, finance co.", 
                            "count": 6286, 
                            "value": 1606153
                        }, 
                        {
                            "name": "Affiliate institution", 
                            "count": 2293, 
                            "value": 448228
                        }, 
                        {
                            "name": "Other", 
                            "count": 52921, 
                            "value": 14985087
                        }
                    ]
                }, 
                {
                    "applicantincome": "income not available", 
                    "purchasers": [
                        {
                            "name": "Fannie Mae", 
                            "count": 4034, 
                            "value": 1075697
                        }, 
                        {
                            "name": "Ginnie Mae", 
                            "count": 14666, 
                            "value": 7359738
                        }, 
                        {
                            "name": "Freddie Mac", 
                            "count": 3275, 
                            "value": 854235
                        }, 
                        {
                            "name": "Farmer Mac", 
                            "count": 0, 
                            "value": 0
                        }, 
                        {
                            "name": "Private Securitization", 
                            "count": 23, 
                            "value": 4943
                        }, 
                        {
                            "name": "Commercial bank, savings bank or association", 
                            "count": 682, 
                            "value": 152614
                        }, 
                        {
                            "name": "Life insurance co., credit union, finance co.", 
                            "count": 690, 
                            "value": 155651
                        }, 
                        {
                            "name": "Affiliate institution", 
                            "count": 33, 
                            "value": 65228
                        }, 
                        {
                            "name": "Other", 
                            "count": 13554, 
                            "value": 4200614
                        }
                    ]
                }
            ]
        }
    ], 
    "censuscharacteristics": [
        {
            "characteristic": "Racial/Ethnic Composition", 
            "tractpctminorities": [
                {
                    "tractpctminority": "Less than 10% minority", 
                    "purchasers": [
                        {
                            "name": "Fannie Mae", 
                            "count": 6265, 
                            "value": 1322513
                        }, 
                        {
                            "name": "Ginnie Mae", 
                            "count": 1373, 
                            "value": 1425859
                        }, 
                        {
                            "name": "Freddie Mac", 
                            "count": 3778, 
                            "value": 814476
                        }, 
                        {
                            "name": "Farmer Mac", 
                            "count": 0, 
                            "value": 0
                        }, 
                        {
                            "name": "Private Securitization", 
                            "count": 307, 
                            "value": 129519
                        }, 
                        {
                            "name": "Commercial bank, savings bank or association", 
                            "count": 2016, 
                            "value": 530451
                        }, 
                        {
                            "name": "Life insurance co., credit union, finance co.", 
                            "count": 995, 
                            "value": 266324
                        }, 
                        {
                            "name": "Affiliate institution", 
                            "count": 416, 
                            "value": 83799
                        }, 
                        {
                            "name": "Other", 
                            "count": 11032, 
                            "value": 4030036
                        }
                    ]
                }, 
                {
                    "tractpctminority": "10-19% minority", 
                    "purchasers": [
                        {
                            "name": "Fannie Mae", 
                            "count": 50867, 
                            "value": 9935531
                        }, 
                        {
                            "name": "Ginnie Mae", 
                            "count": 28440, 
                            "value": 8636914
                        }, 
                        {
                            "name": "Freddie Mac", 
                            "count": 28127, 
                            "value": 5590990
                        }, 
                        {
                            "name": "Farmer Mac", 
                            "count": 1, 
                            "value": 236
                        }, 
                        {
                            "name": "Private Securitization", 
                            "count": 810, 
                            "value": 255952
                        }, 
                        {
                            "name": "Commercial bank, savings bank or association", 
                            "count": 18113, 
                            "value": 3863446
                        }, 
                        {
                            "name": "Life insurance co., credit union, finance co.", 
                            "count": 10556, 
                            "value": 2228898
                        }, 
                        {
                            "name": "Affiliate institution", 
                            "count": 3151, 
                            "value": 568527
                        }, 
                        {
                            "name": "Other", 
                            "count": 85188, 
                            "value": 19024478
                        }
                    ]
                }, 
                {
                    "tractpctminority": "20-49% minority", 
                    "purchasers": [
                        {
                            "name": "Fannie Mae", 
                            "count": 6924, 
                            "value": 994022
                        }, 
                        {
                            "name": "Ginnie Mae", 
                            "count": 6563, 
                            "value": 1459560
                        }, 
                        {
                            "name": "Freddie Mac", 
                            "count": 3629, 
                            "value": 562552
                        }, 
                        {
                            "name": "Farmer Mac", 
                            "count": 0, 
                            "value": 0
                        }, 
                        {
                            "name": "Private Securitization", 
                            "count": 46, 
                            "value": 5590
                        }, 
                        {
                            "name": "Commercial bank, savings bank or association", 
                            "count": 3037, 
                            "value": 467657
                        }, 
                        {
                            "name": "Life insurance co., credit union, finance co.", 
                            "count": 1747, 
                            "value": 262835
                        }, 
                        {
                            "name": "Affiliate institution", 
                            "count": 458, 
                            "value": 82897
                        }, 
                        {
                            "name": "Other", 
                            "count": 16437, 
                            "value": 2496490
                        }
                    ]
                }, 
                {
                    "tractpctminority": "50-79% minority", 
                    "purchasers": [
                        {
                            "name": "Fannie Mae", 
                            "count": 1976, 
                            "value": 251187
                        }, 
                        {
                            "name": "Ginnie Mae", 
                            "count": 2659, 
                            "value": 428740
                        }, 
                        {
                            "name": "Freddie Mac", 
                            "count": 868, 
                            "value": 93876
                        }, 
                        {
                            "name": "Farmer Mac", 
                            "count": 0, 
                            "value": 0
                        }, 
                        {
                            "name": "Private Securitization", 
                            "count": 7, 
                            "value": 853
                        }, 
                        {
                            "name": "Commercial bank, savings bank or association", 
                            "count": 956, 
                            "value": 110930
                        }, 
                        {
                            "name": "Life insurance co., credit union, finance co.", 
                            "count": 636, 
                            "value": 85295
                        }, 
                        {
                            "name": "Affiliate institution", 
                            "count": 114, 
                            "value": 11286
                        }, 
                        {
                            "name": "Other", 
                            "count": 6697, 
                            "value": 824182
                        }
                    ]
                }, 
                {
                    "tractpctminority": "80-100% minority", 
                    "purchasers": [
                        {
                            "name": "Fannie Mae", 
                            "count": 0, 
                            "value": 0
                        }, 
                        {
                            "name": "Ginnie Mae", 
                            "count": 0, 
                            "value": 0
                        }, 
                        {
                            "name": "Freddie Mac", 
                            "count": 0, 
                            "value": 0
                        }, 
                        {
                            "name": "Farmer Mac", 
                            "count": 0, 
                            "value": 0
                        }, 
                        {
                            "name": "Private Securitization", 
                            "count": 0, 
                            "value": 0
                        }, 
                        {
                            "name": "Commercial bank, savings bank or association", 
                            "count": 0, 
                            "value": 0
                        }, 
                        {
                            "name": "Life insurance co., credit union, finance co.", 
                            "count": 0, 
                            "value": 0
                        }, 
                        {
                            "name": "Affiliate institution", 
                            "count": 0, 
                            "value": 0
                        }, 
                        {
                            "name": "Other", 
                            "count": 0, 
                            "value": 0
                        }
                    ]
                }
            ]
        }, 
        {
            "characteristic": "Income", 
            "incomelevels": [
                {
                    "incomelevel": "Low income", 
                    "purchasers": [
                        {
                            "name": "Fannie Mae", 
                            "count": 918, 
                            "value": 125358
                        }, 
                        {
                            "name": "Ginnie Mae", 
                            "count": 601, 
                            "value": 75483
                        }, 
                        {
                            "name": "Freddie Mac", 
                            "count": 436, 
                            "value": 54072
                        }, 
                        {
                            "name": "Farmer Mac", 
                            "count": 0, 
                            "value": 0
                        }, 
                        {
                            "name": "Private Securitization", 
                            "count": 7, 
                            "value": 690
                        }, 
                        {
                            "name": "Commercial bank, savings bank or association", 
                            "count": 301, 
                            "value": 40055
                        }, 
                        {
                            "name": "Life insurance co., credit union, finance co.", 
                            "count": 211, 
                            "value": 38270
                        }, 
                        {
                            "name": "Affiliate institution", 
                            "count": 52, 
                            "value": 5426
                        }, 
                        {
                            "name": "Other", 
                            "count": 2502, 
                            "value": 416095
                        }
                    ]
                }, 
                {
                    "incomelevel": "Moderate income", 
                    "purchasers": [
                        {
                            "name": "Fannie Mae", 
                            "count": 7093, 
                            "value": 934459
                        }, 
                        {
                            "name": "Ginnie Mae", 
                            "count": 5766, 
                            "value": 1703361
                        }, 
                        {
                            "name": "Freddie Mac", 
                            "count": 3514, 
                            "value": 533806
                        }, 
                        {
                            "name": "Farmer Mac", 
                            "count": 1, 
                            "value": 236
                        }, 
                        {
                            "name": "Private Securitization", 
                            "count": 46, 
                            "value": 5532
                        }, 
                        {
                            "name": "Commercial bank, savings bank or association", 
                            "count": 2729, 
                            "value": 353191
                        }, 
                        {
                            "name": "Life insurance co., credit union, finance co.", 
                            "count": 1635, 
                            "value": 214655
                        }, 
                        {
                            "name": "Affiliate institution", 
                            "count": 466, 
                            "value": 83595
                        }, 
                        {
                            "name": "Other", 
                            "count": 16736, 
                            "value": 2324787
                        }
                    ]
                }, 
                {
                    "incomelevel": "Middle income", 
                    "purchasers": [
                        {
                            "name": "Fannie Mae", 
                            "count": 24202, 
                            "value": 3735570
                        }, 
                        {
                            "name": "Ginnie Mae", 
                            "count": 18770, 
                            "value": 5535309
                        }, 
                        {
                            "name": "Freddie Mac", 
                            "count": 13222, 
                            "value": 2055854
                        }, 
                        {
                            "name": "Farmer Mac", 
                            "count": 0, 
                            "value": 0
                        }, 
                        {
                            "name": "Private Securitization", 
                            "count": 286, 
                            "value": 50024
                        }, 
                        {
                            "name": "Commercial bank, savings bank or association", 
                            "count": 9381, 
                            "value": 1538937
                        }, 
                        {
                            "name": "Life insurance co., credit union, finance co.", 
                            "count": 5365, 
                            "value": 862427
                        }, 
                        {
                            "name": "Affiliate institution", 
                            "count": 1572, 
                            "value": 240548
                        }, 
                        {
                            "name": "Other", 
                            "count": 45626, 
                            "value": 7397556
                        }
                    ]
                }, 
                {
                    "incomelevel": "Upper income", 
                    "purchasers": [
                        {
                            "name": "Fannie Mae", 
                            "count": 33788, 
                            "value": 7701250
                        }, 
                        {
                            "name": "Ginnie Mae", 
                            "count": 13895, 
                            "value": 4636536
                        }, 
                        {
                            "name": "Freddie Mac", 
                            "count": 19215, 
                            "value": 4414361
                        }, 
                        {
                            "name": "Farmer Mac", 
                            "count": 0, 
                            "value": 0
                        }, 
                        {
                            "name": "Private Securitization", 
                            "count": 831, 
                            "value": 335668
                        }, 
                        {
                            "name": "Commercial bank, savings bank or association", 
                            "count": 11704, 
                            "value": 3038883
                        }, 
                        {
                            "name": "Life insurance co., credit union, finance co.", 
                            "count": 6719, 
                            "value": 1727041
                        }, 
                        {
                            "name": "Affiliate institution", 
                            "count": 2048, 
                            "value": 416768
                        }, 
                        {
                            "name": "Other", 
                            "count": 54438, 
                            "value": 16221739
                        }
                    ]
                }
            ]
        }
    ], 
    "total": {
        "purchasers": [
            {
                "name": "Fannie Mae", 
                "count": 66033, 
                "value": 12503582
            }, 
            {
                "name": "Ginnie Mae", 
                "count": 39036, 
                "value": 11951363
            }, 
            {
                "name": "Freddie Mac", 
                "count": 36404, 
                "value": 7062660
            }, 
            {
                "name": "Farmer Mac", 
                "count": 1, 
                "value": 236
            }, 
            {
                "name": "Private Securitization", 
                "count": 1170, 
                "value": 391914
            }, 
            {
                "name": "Commercial bank, savings bank or association", 
                "count": 24133, 
                "value": 4975409
            }, 
            {
                "name": "Life insurance co., credit union, finance co.", 
                "count": 13934, 
                "value": 2843352
            }, 
            {
                "name": "Affiliate institution", 
                "count": 4139, 
                "value": 746509
            }, 
            {
                "name": "Other", 
                "count": 119371, 
                "value": 26379872
            }
        ]
    }
}