{
    "table": "3-1", 
    "type": "Aggregate", 
    "desc": "Loans sold, by characteristics of borrower and census tract in which property is located and by type of purchaser (includes originations and purchased loans)", 
    "year": "2013", 
    "msa": {
        "id": "20020", 
        "name": "Dothan", 
        "state": "AL", 
        "state_name": "Alabama"
    }, 
    "borrowercharacteristics": [
        {
            "characteristic": "Race", 
            "races": [
                {
                    "race": "American Indian/Alaska Native", 
                    "purchasers": [
                        {
                            "name": "Fannie Mae", 
                            "count": 2, 
                            "value": 247.0
                        }, 
                        {
                            "name": "Ginnie Mae", 
                            "count": 4, 
                            "value": 427.0
                        }, 
                        {
                            "name": "Freddie Mac", 
                            "count": 1, 
                            "value": 84.0
                        }, 
                        {
                            "name": "Farmer Mac", 
                            "count": 0, 
                            "value": 0
                        }, 
                        {
                            "name": "Private Securitization", 
                            "count": 0, 
                            "value": 0
                        }, 
                        {
                            "name": "Commercial bank, savings bank or association", 
                            "count": 0, 
                            "value": 0
                        }, 
                        {
                            "name": "Life insurance co., credit union, finance co.", 
                            "count": 1, 
                            "value": 117.0
                        }, 
                        {
                            "name": "Affiliate institution", 
                            "count": 0, 
                            "value": 0
                        }, 
                        {
                            "name": "Other", 
                            "count": 5, 
                            "value": 725.0
                        }
                    ]
                }, 
                {
                    "race": "Asian", 
                    "purchasers": [
                        {
                            "name": "Fannie Mae", 
                            "count": 0, 
                            "value": 0
                        }, 
                        {
                            "name": "Ginnie Mae", 
                            "count": 2, 
                            "value": 555.0
                        }, 
                        {
                            "name": "Freddie Mac", 
                            "count": 0, 
                            "value": 0
                        }, 
                        {
                            "name": "Farmer Mac", 
                            "count": 0, 
                            "value": 0
                        }, 
                        {
                            "name": "Private Securitization", 
                            "count": 0, 
                            "value": 0
                        }, 
                        {
                            "name": "Commercial bank, savings bank or association", 
                            "count": 0, 
                            "value": 0
                        }, 
                        {
                            "name": "Life insurance co., credit union, finance co.", 
                            "count": 0, 
                            "value": 0
                        }, 
                        {
                            "name": "Affiliate institution", 
                            "count": 0, 
                            "value": 0
                        }, 
                        {
                            "name": "Other", 
                            "count": 10, 
                            "value": 811.0
                        }
                    ]
                }, 
                {
                    "race": "Black or African American", 
                    "purchasers": [
                        {
                            "name": "Fannie Mae", 
                            "count": 3, 
                            "value": 272.0
                        }, 
                        {
                            "name": "Ginnie Mae", 
                            "count": 1, 
                            "value": 249.0
                        }, 
                        {
                            "name": "Freddie Mac", 
                            "count": 2, 
                            "value": 187.0
                        }, 
                        {
                            "name": "Farmer Mac", 
                            "count": 0, 
                            "value": 0
                        }, 
                        {
                            "name": "Private Securitization", 
                            "count": 0, 
                            "value": 0
                        }, 
                        {
                            "name": "Commercial bank, savings bank or association", 
                            "count": 2, 
                            "value": 276.0
                        }, 
                        {
                            "name": "Life insurance co., credit union, finance co.", 
                            "count": 4, 
                            "value": 373.0
                        }, 
                        {
                            "name": "Affiliate institution", 
                            "count": 0, 
                            "value": 0
                        }, 
                        {
                            "name": "Other", 
                            "count": 24, 
                            "value": 4545.0
                        }
                    ]
                }, 
                {
                    "race": "Native Hawaiian or Other Pacific Islander", 
                    "purchasers": [
                        {
                            "name": "Fannie Mae", 
                            "count": 26, 
                            "value": 3048.0
                        }, 
                        {
                            "name": "Ginnie Mae", 
                            "count": 104, 
                            "value": 14157.0
                        }, 
                        {
                            "name": "Freddie Mac", 
                            "count": 20, 
                            "value": 2396.0
                        }, 
                        {
                            "name": "Farmer Mac", 
                            "count": 0, 
                            "value": 0
                        }, 
                        {
                            "name": "Private Securitization", 
                            "count": 1, 
                            "value": 69.0
                        }, 
                        {
                            "name": "Commercial bank, savings bank or association", 
                            "count": 22, 
                            "value": 3181.0
                        }, 
                        {
                            "name": "Life insurance co., credit union, finance co.", 
                            "count": 23, 
                            "value": 2605.0
                        }, 
                        {
                            "name": "Affiliate institution", 
                            "count": 4, 
                            "value": 385.0
                        }, 
                        {
                            "name": "Other", 
                            "count": 473, 
                            "value": 40401.0
                        }
                    ]
                }, 
                {
                    "race": "White", 
                    "purchasers": [
                        {
                            "name": "Fannie Mae", 
                            "count": 1, 
                            "value": 91.0
                        }, 
                        {
                            "name": "Ginnie Mae", 
                            "count": 2, 
                            "value": 266.0
                        }, 
                        {
                            "name": "Freddie Mac", 
                            "count": 0, 
                            "value": 0
                        }, 
                        {
                            "name": "Farmer Mac", 
                            "count": 0, 
                            "value": 0
                        }, 
                        {
                            "name": "Private Securitization", 
                            "count": 0, 
                            "value": 0
                        }, 
                        {
                            "name": "Commercial bank, savings bank or association", 
                            "count": 0, 
                            "value": 0
                        }, 
                        {
                            "name": "Life insurance co., credit union, finance co.", 
                            "count": 0, 
                            "value": 0
                        }, 
                        {
                            "name": "Affiliate institution", 
                            "count": 0, 
                            "value": 0
                        }, 
                        {
                            "name": "Other", 
                            "count": 8, 
                            "value": 643.0
                        }
                    ]
                }, 
                {
                    "race": "2 or more minority races", 
                    "purchasers": [
                        {
                            "name": "Fannie Mae", 
                            "count": 530, 
                            "value": 73978.0
                        }, 
                        {
                            "name": "Ginnie Mae", 
                            "count": 642, 
                            "value": 93767.0
                        }, 
                        {
                            "name": "Freddie Mac", 
                            "count": 335, 
                            "value": 49659.0
                        }, 
                        {
                            "name": "Farmer Mac", 
                            "count": 0, 
                            "value": 0
                        }, 
                        {
                            "name": "Private Securitization", 
                            "count": 28, 
                            "value": 4708.0
                        }, 
                        {
                            "name": "Commercial bank, savings bank or association", 
                            "count": 230, 
                            "value": 37558.0
                        }, 
                        {
                            "name": "Life insurance co., credit union, finance co.", 
                            "count": 269, 
                            "value": 42668.0
                        }, 
                        {
                            "name": "Affiliate institution", 
                            "count": 33, 
                            "value": 4067.0
                        }, 
                        {
                            "name": "Other", 
                            "count": 3237, 
                            "value": 372567.0
                        }
                    ]
                }, 
                {
                    "race": "Joint (White/Minority Race", 
                    "purchasers": [
                        {
                            "name": "Fannie Mae", 
                            "count": 3, 
                            "value": 358.0
                        }, 
                        {
                            "name": "Ginnie Mae", 
                            "count": 8, 
                            "value": 1468.0
                        }, 
                        {
                            "name": "Freddie Mac", 
                            "count": 1, 
                            "value": 180.0
                        }, 
                        {
                            "name": "Farmer Mac", 
                            "count": 0, 
                            "value": 0
                        }, 
                        {
                            "name": "Private Securitization", 
                            "count": 0, 
                            "value": 0
                        }, 
                        {
                            "name": "Commercial bank, savings bank or association", 
                            "count": 0, 
                            "value": 0
                        }, 
                        {
                            "name": "Life insurance co., credit union, finance co.", 
                            "count": 6, 
                            "value": 1530.0
                        }, 
                        {
                            "name": "Affiliate institution", 
                            "count": 1, 
                            "value": 184.0
                        }, 
                        {
                            "name": "Other", 
                            "count": 42, 
                            "value": 5166.0
                        }
                    ]
                }, 
                {
                    "race": "Not Available", 
                    "purchasers": [
                        {
                            "name": "Fannie Mae", 
                            "count": 134, 
                            "value": 29249.0
                        }, 
                        {
                            "name": "Ginnie Mae", 
                            "count": 188, 
                            "value": 388725.0
                        }, 
                        {
                            "name": "Freddie Mac", 
                            "count": 108, 
                            "value": 17623.0
                        }, 
                        {
                            "name": "Farmer Mac", 
                            "count": 0, 
                            "value": 0
                        }, 
                        {
                            "name": "Private Securitization", 
                            "count": 3, 
                            "value": 547.0
                        }, 
                        {
                            "name": "Commercial bank, savings bank or association", 
                            "count": 8, 
                            "value": 1381.0
                        }, 
                        {
                            "name": "Life insurance co., credit union, finance co.", 
                            "count": 7, 
                            "value": 1044.0
                        }, 
                        {
                            "name": "Affiliate institution", 
                            "count": 10, 
                            "value": 1126.0
                        }, 
                        {
                            "name": "Other", 
                            "count": 542, 
                            "value": 63507.0
                        }
                    ]
                }
            ]
        }, 
        {
            "characteristic": "Ethnicity", 
            "ethnicities": [
                {
                    "ethnicity": "Hispanic or Latino", 
                    "purchasers": [
                        {
                            "name": "Fannie Mae", 
                            "count": 9, 
                            "value": 1104
                        }, 
                        {
                            "name": "Ginnie Mae", 
                            "count": 14, 
                            "value": 2270
                        }, 
                        {
                            "name": "Freddie Mac", 
                            "count": 7, 
                            "value": 1082
                        }, 
                        {
                            "name": "Farmer Mac", 
                            "count": 0, 
                            "value": 0
                        }, 
                        {
                            "name": "Private Securitization", 
                            "count": 1, 
                            "value": 227
                        }, 
                        {
                            "name": "Commercial bank, savings bank or association", 
                            "count": 3, 
                            "value": 818
                        }, 
                        {
                            "name": "Life insurance co., credit union, finance co.", 
                            "count": 1, 
                            "value": 123
                        }, 
                        {
                            "name": "Affiliate institution", 
                            "count": 0, 
                            "value": 0
                        }, 
                        {
                            "name": "Other", 
                            "count": 54, 
                            "value": 5365
                        }
                    ]
                }, 
                {
                    "ethnicity": "Not Hispanic or Latino", 
                    "purchasers": [
                        {
                            "name": "Fannie Mae", 
                            "count": 550, 
                            "value": 75980
                        }, 
                        {
                            "name": "Ginnie Mae", 
                            "count": 743, 
                            "value": 107129
                        }, 
                        {
                            "name": "Freddie Mac", 
                            "count": 349, 
                            "value": 50820
                        }, 
                        {
                            "name": "Farmer Mac", 
                            "count": 0, 
                            "value": 0
                        }, 
                        {
                            "name": "Private Securitization", 
                            "count": 28, 
                            "value": 4550
                        }, 
                        {
                            "name": "Commercial bank, savings bank or association", 
                            "count": 250, 
                            "value": 40013
                        }, 
                        {
                            "name": "Life insurance co., credit union, finance co.", 
                            "count": 301, 
                            "value": 47038
                        }, 
                        {
                            "name": "Affiliate institution", 
                            "count": 37, 
                            "value": 4575
                        }, 
                        {
                            "name": "Other", 
                            "count": 3691, 
                            "value": 415193
                        }
                    ]
                }, 
                {
                    "ethnicity": "Joint (Hispanic or Latino/Not Hispanic or Latino", 
                    "purchasers": [
                        {
                            "name": "Fannie Mae", 
                            "count": 4, 
                            "value": 726
                        }, 
                        {
                            "name": "Ginnie Mae", 
                            "count": 6, 
                            "value": 1387
                        }, 
                        {
                            "name": "Freddie Mac", 
                            "count": 3, 
                            "value": 729
                        }, 
                        {
                            "name": "Farmer Mac", 
                            "count": 0, 
                            "value": 0
                        }, 
                        {
                            "name": "Private Securitization", 
                            "count": 0, 
                            "value": 0
                        }, 
                        {
                            "name": "Commercial bank, savings bank or association", 
                            "count": 1, 
                            "value": 184
                        }, 
                        {
                            "name": "Life insurance co., credit union, finance co.", 
                            "count": 0, 
                            "value": 0
                        }, 
                        {
                            "name": "Affiliate institution", 
                            "count": 0, 
                            "value": 0
                        }, 
                        {
                            "name": "Other", 
                            "count": 29, 
                            "value": 3865
                        }
                    ]
                }, 
                {
                    "ethnicity": "Ethnicity Not Available", 
                    "purchasers": [
                        {
                            "name": "Fannie Mae", 
                            "count": 136, 
                            "value": 29433
                        }, 
                        {
                            "name": "Ginnie Mae", 
                            "count": 188, 
                            "value": 388828
                        }, 
                        {
                            "name": "Freddie Mac", 
                            "count": 108, 
                            "value": 17498
                        }, 
                        {
                            "name": "Farmer Mac", 
                            "count": 0, 
                            "value": 0
                        }, 
                        {
                            "name": "Private Securitization", 
                            "count": 3, 
                            "value": 547
                        }, 
                        {
                            "name": "Commercial bank, savings bank or association", 
                            "count": 8, 
                            "value": 1381
                        }, 
                        {
                            "name": "Life insurance co., credit union, finance co.", 
                            "count": 8, 
                            "value": 1176
                        }, 
                        {
                            "name": "Affiliate institution", 
                            "count": 11, 
                            "value": 1187
                        }, 
                        {
                            "name": "Other", 
                            "count": 567, 
                            "value": 63942
                        }
                    ]
                }
            ]
        }, 
        {
            "characteristic": "Minority Status", 
            "minoritystatuses": [
                {
                    "minoritystatus": "White Non-Hispanic", 
                    "purchasers": [
                        {
                            "name": "Fannie Mae", 
                            "count": 652, 
                            "value": 101478
                        }, 
                        {
                            "name": "Ginnie Mae", 
                            "count": 813, 
                            "value": 479393
                        }, 
                        {
                            "name": "Freddie Mac", 
                            "count": 435, 
                            "value": 65632
                        }, 
                        {
                            "name": "Farmer Mac", 
                            "count": 0, 
                            "value": 0
                        }, 
                        {
                            "name": "Private Securitization", 
                            "count": 30, 
                            "value": 5028
                        }, 
                        {
                            "name": "Commercial bank, savings bank or association", 
                            "count": 234, 
                            "value": 37937
                        }, 
                        {
                            "name": "Life insurance co., credit union, finance co.", 
                            "count": 275, 
                            "value": 43589
                        }, 
                        {
                            "name": "Affiliate institution", 
                            "count": 43, 
                            "value": 5193
                        }, 
                        {
                            "name": "Other", 
                            "count": 3705, 
                            "value": 427706
                        }
                    ]
                }, 
                {
                    "minoritystatus": "Others, Including Hispanic", 
                    "purchasers": [
                        {
                            "name": "Fannie Mae", 
                            "count": 47, 
                            "value": 5765
                        }, 
                        {
                            "name": "Ginnie Mae", 
                            "count": 138, 
                            "value": 20221
                        }, 
                        {
                            "name": "Freddie Mac", 
                            "count": 32, 
                            "value": 4497
                        }, 
                        {
                            "name": "Farmer Mac", 
                            "count": 0, 
                            "value": 0
                        }, 
                        {
                            "name": "Private Securitization", 
                            "count": 2, 
                            "value": 296
                        }, 
                        {
                            "name": "Commercial bank, savings bank or association", 
                            "count": 28, 
                            "value": 4459
                        }, 
                        {
                            "name": "Life insurance co., credit union, finance co.", 
                            "count": 35, 
                            "value": 4748
                        }, 
                        {
                            "name": "Affiliate institution", 
                            "count": 5, 
                            "value": 569
                        }, 
                        {
                            "name": "Other", 
                            "count": 636, 
                            "value": 60659
                        }
                    ]
                }
            ]
        }, 
        {
            "characteristic": "Applicant Income", 
            "applicantincomes": [
                {
                    "applicantincome": "Less than 50% of MSA/MD median", 
                    "purchasers": [
                        {
                            "name": "Fannie Mae", 
                            "count": 40, 
                            "value": 2844
                        }, 
                        {
                            "name": "Ginnie Mae", 
                            "count": 27, 
                            "value": 1978
                        }, 
                        {
                            "name": "Freddie Mac", 
                            "count": 19, 
                            "value": 1368
                        }, 
                        {
                            "name": "Farmer Mac", 
                            "count": 0, 
                            "value": 0
                        }, 
                        {
                            "name": "Private Securitization", 
                            "count": 0, 
                            "value": 0
                        }, 
                        {
                            "name": "Commercial bank, savings bank or association", 
                            "count": 16, 
                            "value": 1201
                        }, 
                        {
                            "name": "Life insurance co., credit union, finance co.", 
                            "count": 13, 
                            "value": 902
                        }, 
                        {
                            "name": "Affiliate institution", 
                            "count": 4, 
                            "value": 166
                        }, 
                        {
                            "name": "Other", 
                            "count": 445, 
                            "value": 22540
                        }
                    ]
                }, 
                {
                    "applicantincome": "50-79% of MSA/MD median", 
                    "purchasers": [
                        {
                            "name": "Fannie Mae", 
                            "count": 72, 
                            "value": 7215
                        }, 
                        {
                            "name": "Ginnie Mae", 
                            "count": 116, 
                            "value": 12019
                        }, 
                        {
                            "name": "Freddie Mac", 
                            "count": 64, 
                            "value": 5871
                        }, 
                        {
                            "name": "Farmer Mac", 
                            "count": 0, 
                            "value": 0
                        }, 
                        {
                            "name": "Private Securitization", 
                            "count": 6, 
                            "value": 771
                        }, 
                        {
                            "name": "Commercial bank, savings bank or association", 
                            "count": 49, 
                            "value": 5128
                        }, 
                        {
                            "name": "Life insurance co., credit union, finance co.", 
                            "count": 69, 
                            "value": 7433
                        }, 
                        {
                            "name": "Affiliate institution", 
                            "count": 5, 
                            "value": 379
                        }, 
                        {
                            "name": "Other", 
                            "count": 798, 
                            "value": 57589
                        }
                    ]
                }, 
                {
                    "applicantincome": "80-99% of MSA/MD median", 
                    "purchasers": [
                        {
                            "name": "Fannie Mae", 
                            "count": 83, 
                            "value": 9603
                        }, 
                        {
                            "name": "Ginnie Mae", 
                            "count": 91, 
                            "value": 11281
                        }, 
                        {
                            "name": "Freddie Mac", 
                            "count": 37, 
                            "value": 4210
                        }, 
                        {
                            "name": "Farmer Mac", 
                            "count": 0, 
                            "value": 0
                        }, 
                        {
                            "name": "Private Securitization", 
                            "count": 5, 
                            "value": 579
                        }, 
                        {
                            "name": "Commercial bank, savings bank or association", 
                            "count": 27, 
                            "value": 3481
                        }, 
                        {
                            "name": "Life insurance co., credit union, finance co.", 
                            "count": 41, 
                            "value": 5223
                        }, 
                        {
                            "name": "Affiliate institution", 
                            "count": 4, 
                            "value": 380
                        }, 
                        {
                            "name": "Other", 
                            "count": 406, 
                            "value": 36412
                        }
                    ]
                }, 
                {
                    "applicantincome": "100-119% of MSA/MD median", 
                    "purchasers": [
                        {
                            "name": "Fannie Mae", 
                            "count": 60, 
                            "value": 5755
                        }, 
                        {
                            "name": "Ginnie Mae", 
                            "count": 65, 
                            "value": 9760
                        }, 
                        {
                            "name": "Freddie Mac", 
                            "count": 33, 
                            "value": 4670
                        }, 
                        {
                            "name": "Farmer Mac", 
                            "count": 0, 
                            "value": 0
                        }, 
                        {
                            "name": "Private Securitization", 
                            "count": 1, 
                            "value": 158
                        }, 
                        {
                            "name": "Commercial bank, savings bank or association", 
                            "count": 22, 
                            "value": 3070
                        }, 
                        {
                            "name": "Life insurance co., credit union, finance co.", 
                            "count": 40, 
                            "value": 5440
                        }, 
                        {
                            "name": "Affiliate institution", 
                            "count": 4, 
                            "value": 535
                        }, 
                        {
                            "name": "Other", 
                            "count": 401, 
                            "value": 40343
                        }
                    ]
                }, 
                {
                    "applicantincome": "120% or more of MSA/MD median", 
                    "purchasers": [
                        {
                            "name": "Fannie Mae", 
                            "count": 373, 
                            "value": 60268
                        }, 
                        {
                            "name": "Ginnie Mae", 
                            "count": 238, 
                            "value": 44460
                        }, 
                        {
                            "name": "Freddie Mac", 
                            "count": 235, 
                            "value": 39741
                        }, 
                        {
                            "name": "Farmer Mac", 
                            "count": 0, 
                            "value": 0
                        }, 
                        {
                            "name": "Private Securitization", 
                            "count": 20, 
                            "value": 3816
                        }, 
                        {
                            "name": "Commercial bank, savings bank or association", 
                            "count": 131, 
                            "value": 26006
                        }, 
                        {
                            "name": "Life insurance co., credit union, finance co.", 
                            "count": 132, 
                            "value": 26568
                        }, 
                        {
                            "name": "Affiliate institution", 
                            "count": 30, 
                            "value": 4185
                        }, 
                        {
                            "name": "Other", 
                            "count": 1730, 
                            "value": 258428
                        }
                    ]
                }, 
                {
                    "applicantincome": "income not available", 
                    "purchasers": [
                        {
                            "name": "Fannie Mae", 
                            "count": 71, 
                            "value": 21558
                        }, 
                        {
                            "name": "Ginnie Mae", 
                            "count": 414, 
                            "value": 420116
                        }, 
                        {
                            "name": "Freddie Mac", 
                            "count": 79, 
                            "value": 14269
                        }, 
                        {
                            "name": "Farmer Mac", 
                            "count": 0, 
                            "value": 0
                        }, 
                        {
                            "name": "Private Securitization", 
                            "count": 0, 
                            "value": 0
                        }, 
                        {
                            "name": "Commercial bank, savings bank or association", 
                            "count": 17, 
                            "value": 3510
                        }, 
                        {
                            "name": "Life insurance co., credit union, finance co.", 
                            "count": 15, 
                            "value": 2771
                        }, 
                        {
                            "name": "Affiliate institution", 
                            "count": 1, 
                            "value": 117
                        }, 
                        {
                            "name": "Other", 
                            "count": 553, 
                            "value": 72570
                        }
                    ]
                }
            ]
        }
    ], 
    "censuscharacteristics": [
        {
            "characteristic": "Racial/Ethnic Composition", 
            "tractpctminorities": [
                {
                    "tractpctminority": "Less than 10% minority", 
                    "purchasers": [
                        {
                            "name": "Fannie Mae", 
                            "count": 14, 
                            "value": 1961
                        }, 
                        {
                            "name": "Ginnie Mae", 
                            "count": 17, 
                            "value": 85398
                        }, 
                        {
                            "name": "Freddie Mac", 
                            "count": 10, 
                            "value": 1480
                        }, 
                        {
                            "name": "Farmer Mac", 
                            "count": 0, 
                            "value": 0
                        }, 
                        {
                            "name": "Private Securitization", 
                            "count": 0, 
                            "value": 0
                        }, 
                        {
                            "name": "Commercial bank, savings bank or association", 
                            "count": 13, 
                            "value": 1611
                        }, 
                        {
                            "name": "Life insurance co., credit union, finance co.", 
                            "count": 5, 
                            "value": 631
                        }, 
                        {
                            "name": "Affiliate institution", 
                            "count": 2, 
                            "value": 330
                        }, 
                        {
                            "name": "Other", 
                            "count": 116, 
                            "value": 11313
                        }
                    ]
                }, 
                {
                    "tractpctminority": "10-19% minority", 
                    "purchasers": [
                        {
                            "name": "Fannie Mae", 
                            "count": 625, 
                            "value": 100362
                        }, 
                        {
                            "name": "Ginnie Mae", 
                            "count": 865, 
                            "value": 369845
                        }, 
                        {
                            "name": "Freddie Mac", 
                            "count": 418, 
                            "value": 64862
                        }, 
                        {
                            "name": "Farmer Mac", 
                            "count": 0, 
                            "value": 0
                        }, 
                        {
                            "name": "Private Securitization", 
                            "count": 32, 
                            "value": 5324
                        }, 
                        {
                            "name": "Commercial bank, savings bank or association", 
                            "count": 234, 
                            "value": 38916
                        }, 
                        {
                            "name": "Life insurance co., credit union, finance co.", 
                            "count": 288, 
                            "value": 45983
                        }, 
                        {
                            "name": "Affiliate institution", 
                            "count": 43, 
                            "value": 5310
                        }, 
                        {
                            "name": "Other", 
                            "count": 3735, 
                            "value": 438659
                        }
                    ]
                }, 
                {
                    "tractpctminority": "20-49% minority", 
                    "purchasers": [
                        {
                            "name": "Fannie Mae", 
                            "count": 55, 
                            "value": 4162
                        }, 
                        {
                            "name": "Ginnie Mae", 
                            "count": 55, 
                            "value": 42826
                        }, 
                        {
                            "name": "Freddie Mac", 
                            "count": 31, 
                            "value": 2550
                        }, 
                        {
                            "name": "Farmer Mac", 
                            "count": 0, 
                            "value": 0
                        }, 
                        {
                            "name": "Private Securitization", 
                            "count": 0, 
                            "value": 0
                        }, 
                        {
                            "name": "Commercial bank, savings bank or association", 
                            "count": 13, 
                            "value": 1553
                        }, 
                        {
                            "name": "Life insurance co., credit union, finance co.", 
                            "count": 14, 
                            "value": 1164
                        }, 
                        {
                            "name": "Affiliate institution", 
                            "count": 3, 
                            "value": 122
                        }, 
                        {
                            "name": "Other", 
                            "count": 397, 
                            "value": 30579
                        }
                    ]
                }, 
                {
                    "tractpctminority": "50-79% minority", 
                    "purchasers": [
                        {
                            "name": "Fannie Mae", 
                            "count": 5, 
                            "value": 758
                        }, 
                        {
                            "name": "Ginnie Mae", 
                            "count": 14, 
                            "value": 1545
                        }, 
                        {
                            "name": "Freddie Mac", 
                            "count": 8, 
                            "value": 1237
                        }, 
                        {
                            "name": "Farmer Mac", 
                            "count": 0, 
                            "value": 0
                        }, 
                        {
                            "name": "Private Securitization", 
                            "count": 0, 
                            "value": 0
                        }, 
                        {
                            "name": "Commercial bank, savings bank or association", 
                            "count": 2, 
                            "value": 316
                        }, 
                        {
                            "name": "Life insurance co., credit union, finance co.", 
                            "count": 3, 
                            "value": 559
                        }, 
                        {
                            "name": "Affiliate institution", 
                            "count": 0, 
                            "value": 0
                        }, 
                        {
                            "name": "Other", 
                            "count": 85, 
                            "value": 7331
                        }
                    ]
                }, 
                {
                    "tractpctminority": "80-100% minority", 
                    "purchasers": [
                        {
                            "name": "Fannie Mae", 
                            "count": 0, 
                            "value": 0
                        }, 
                        {
                            "name": "Ginnie Mae", 
                            "count": 0, 
                            "value": 0
                        }, 
                        {
                            "name": "Freddie Mac", 
                            "count": 0, 
                            "value": 0
                        }, 
                        {
                            "name": "Farmer Mac", 
                            "count": 0, 
                            "value": 0
                        }, 
                        {
                            "name": "Private Securitization", 
                            "count": 0, 
                            "value": 0
                        }, 
                        {
                            "name": "Commercial bank, savings bank or association", 
                            "count": 0, 
                            "value": 0
                        }, 
                        {
                            "name": "Life insurance co., credit union, finance co.", 
                            "count": 0, 
                            "value": 0
                        }, 
                        {
                            "name": "Affiliate institution", 
                            "count": 0, 
                            "value": 0
                        }, 
                        {
                            "name": "Other", 
                            "count": 0, 
                            "value": 0
                        }
                    ]
                }
            ]
        }, 
        {
            "characteristic": "Income", 
            "incomelevels": [
                {
                    "incomelevel": "Low income", 
                    "purchasers": [
                        {
                            "name": "Fannie Mae", 
                            "count": 1, 
                            "value": 186
                        }, 
                        {
                            "name": "Ginnie Mae", 
                            "count": 0, 
                            "value": 0
                        }, 
                        {
                            "name": "Freddie Mac", 
                            "count": 1, 
                            "value": 68
                        }, 
                        {
                            "name": "Farmer Mac", 
                            "count": 0, 
                            "value": 0
                        }, 
                        {
                            "name": "Private Securitization", 
                            "count": 0, 
                            "value": 0
                        }, 
                        {
                            "name": "Commercial bank, savings bank or association", 
                            "count": 0, 
                            "value": 0
                        }, 
                        {
                            "name": "Life insurance co., credit union, finance co.", 
                            "count": 0, 
                            "value": 0
                        }, 
                        {
                            "name": "Affiliate institution", 
                            "count": 0, 
                            "value": 0
                        }, 
                        {
                            "name": "Other", 
                            "count": 22, 
                            "value": 1374
                        }
                    ]
                }, 
                {
                    "incomelevel": "Moderate income", 
                    "purchasers": [
                        {
                            "name": "Fannie Mae", 
                            "count": 66, 
                            "value": 5155
                        }, 
                        {
                            "name": "Ginnie Mae", 
                            "count": 85, 
                            "value": 108674
                        }, 
                        {
                            "name": "Freddie Mac", 
                            "count": 36, 
                            "value": 4265
                        }, 
                        {
                            "name": "Farmer Mac", 
                            "count": 0, 
                            "value": 0
                        }, 
                        {
                            "name": "Private Securitization", 
                            "count": 1, 
                            "value": 56
                        }, 
                        {
                            "name": "Commercial bank, savings bank or association", 
                            "count": 20, 
                            "value": 2721
                        }, 
                        {
                            "name": "Life insurance co., credit union, finance co.", 
                            "count": 19, 
                            "value": 2195
                        }, 
                        {
                            "name": "Affiliate institution", 
                            "count": 4, 
                            "value": 250
                        }, 
                        {
                            "name": "Other", 
                            "count": 511, 
                            "value": 42389
                        }
                    ]
                }, 
                {
                    "incomelevel": "Middle income", 
                    "purchasers": [
                        {
                            "name": "Fannie Mae", 
                            "count": 352, 
                            "value": 45502
                        }, 
                        {
                            "name": "Ginnie Mae", 
                            "count": 497, 
                            "value": 327503
                        }, 
                        {
                            "name": "Freddie Mac", 
                            "count": 231, 
                            "value": 31369
                        }, 
                        {
                            "name": "Farmer Mac", 
                            "count": 0, 
                            "value": 0
                        }, 
                        {
                            "name": "Private Securitization", 
                            "count": 13, 
                            "value": 1757
                        }, 
                        {
                            "name": "Commercial bank, savings bank or association", 
                            "count": 144, 
                            "value": 20507
                        }, 
                        {
                            "name": "Life insurance co., credit union, finance co.", 
                            "count": 159, 
                            "value": 21219
                        }, 
                        {
                            "name": "Affiliate institution", 
                            "count": 27, 
                            "value": 2830
                        }, 
                        {
                            "name": "Other", 
                            "count": 2595, 
                            "value": 255722
                        }
                    ]
                }, 
                {
                    "incomelevel": "Upper income", 
                    "purchasers": [
                        {
                            "name": "Fannie Mae", 
                            "count": 280, 
                            "value": 56400
                        }, 
                        {
                            "name": "Ginnie Mae", 
                            "count": 369, 
                            "value": 63437
                        }, 
                        {
                            "name": "Freddie Mac", 
                            "count": 199, 
                            "value": 34427
                        }, 
                        {
                            "name": "Farmer Mac", 
                            "count": 0, 
                            "value": 0
                        }, 
                        {
                            "name": "Private Securitization", 
                            "count": 18, 
                            "value": 3511
                        }, 
                        {
                            "name": "Commercial bank, savings bank or association", 
                            "count": 98, 
                            "value": 19168
                        }, 
                        {
                            "name": "Life insurance co., credit union, finance co.", 
                            "count": 132, 
                            "value": 24923
                        }, 
                        {
                            "name": "Affiliate institution", 
                            "count": 17, 
                            "value": 2682
                        }, 
                        {
                            "name": "Other", 
                            "count": 1205, 
                            "value": 188397
                        }
                    ]
                }
            ]
        }
    ], 
    "total": {
        "purchasers": [
            {
                "name": "Fannie Mae", 
                "count": 699, 
                "value": 107243
            }, 
            {
                "name": "Ginnie Mae", 
                "count": 951, 
                "value": 499614
            }, 
            {
                "name": "Freddie Mac", 
                "count": 467, 
                "value": 70129
            }, 
            {
                "name": "Farmer Mac", 
                "count": 0, 
                "value": 0
            }, 
            {
                "name": "Private Securitization", 
                "count": 32, 
                "value": 5324
            }, 
            {
                "name": "Commercial bank, savings bank or association", 
                "count": 262, 
                "value": 42396
            }, 
            {
                "name": "Life insurance co., credit union, finance co.", 
                "count": 310, 
                "value": 48337
            }, 
            {
                "name": "Affiliate institution", 
                "count": 48, 
                "value": 5762
            }, 
            {
                "name": "Other", 
                "count": 4341, 
                "value": 488365
            }
        ]
    }
}