{
    "table": "3-2", 
    "type": "Aggregate", 
    "desc": "Pricing Information for First and Junior Lien Loans Sold by Type of Purchaser (includes originations only)", 
    "year": "2013", 
    "msa": {
        "id": "13820", 
        "name": "Birmingham-Hoover", 
        "state": "AL", 
        "state_name": "Alabama"
    }, 
    "pricinginformation": [
        {
            "pricing": "No-reported-pricing-data", 
            "purchasers": [
                {
                    "name": "Fannie Mae", 
                    "firstliencount": 6490, 
                    "firstlienvalue": 1152886, 
                    "juniorliencount": 2, 
                    "juniorlienvalue": 661
                }, 
                {
                    "name": "Ginnie Mae", 
                    "firstliencount": 3298, 
                    "firstlienvalue": 527352, 
                    "juniorliencount": 0, 
                    "juniorlienvalue": 0
                }, 
                {
                    "name": "Freddie Mac", 
                    "firstliencount": 3054, 
                    "firstlienvalue": 626445, 
                    "juniorliencount": 0, 
                    "juniorlienvalue": 0
                }, 
                {
                    "name": "Farmer Mac", 
                    "firstliencount": 1, 
                    "firstlienvalue": 102, 
                    "juniorliencount": 0, 
                    "juniorlienvalue": 0
                }, 
                {
                    "name": "Private Securitization", 
                    "firstliencount": 518, 
                    "firstlienvalue": 105766, 
                    "juniorliencount": 0, 
                    "juniorlienvalue": 0
                }, 
                {
                    "name": "Commercial bank, savings bank or association", 
                    "firstliencount": 2462, 
                    "firstlienvalue": 482688, 
                    "juniorliencount": 0, 
                    "juniorlienvalue": 0
                }, 
                {
                    "name": "Life insurance co., credit union, finance co.", 
                    "firstliencount": 2145, 
                    "firstlienvalue": 390485, 
                    "juniorliencount": 13, 
                    "juniorlienvalue": 531
                }, 
                {
                    "name": "Affiliate institution", 
                    "firstliencount": 979, 
                    "firstlienvalue": 147879, 
                    "juniorliencount": 3, 
                    "juniorlienvalue": 178
                }, 
                {
                    "name": "Other", 
                    "firstliencount": 31385, 
                    "firstlienvalue": 5033470, 
                    "juniorliencount": 991, 
                    "juniorlienvalue": 42172
                }
            ]
        }, 
        {
            "pricing": "reported-pricing-data", 
            "purchasers": [
                {
                    "name": "Fannie Mae", 
                    "firstliencount": 170, 
                    "firstlienvalue": 19732, 
                    "juniorliencount": 0, 
                    "juniorlienvalue": 0
                }, 
                {
                    "name": "Ginnie Mae", 
                    "firstliencount": 203, 
                    "firstlienvalue": 23565, 
                    "juniorliencount": 0, 
                    "juniorlienvalue": 0
                }, 
                {
                    "name": "Freddie Mac", 
                    "firstliencount": 79, 
                    "firstlienvalue": 8988, 
                    "juniorliencount": 0, 
                    "juniorlienvalue": 0
                }, 
                {
                    "name": "Farmer Mac", 
                    "firstliencount": 0, 
                    "firstlienvalue": 0, 
                    "juniorliencount": 0, 
                    "juniorlienvalue": 0
                }, 
                {
                    "name": "Private Securitization", 
                    "firstliencount": 13, 
                    "firstlienvalue": 1339, 
                    "juniorliencount": 0, 
                    "juniorlienvalue": 0
                }, 
                {
                    "name": "Commercial bank, savings bank or association", 
                    "firstliencount": 121, 
                    "firstlienvalue": 17057, 
                    "juniorliencount": 0, 
                    "juniorlienvalue": 0
                }, 
                {
                    "name": "Life insurance co., credit union, finance co.", 
                    "firstliencount": 148, 
                    "firstlienvalue": 20174, 
                    "juniorliencount": 0, 
                    "juniorlienvalue": 0
                }, 
                {
                    "name": "Affiliate institution", 
                    "firstliencount": 19, 
                    "firstlienvalue": 2100, 
                    "juniorliencount": 0, 
                    "juniorlienvalue": 0
                }, 
                {
                    "name": "Other", 
                    "firstliencount": 1117, 
                    "firstlienvalue": 100798, 
                    "juniorliencount": 42, 
                    "juniorlienvalue": 1774
                }
            ]
        }
    ], 
    "points": [
        {
            "point": "1.50 - 1.99", 
            "purchasers": [
                {
                    "name": "Fannie Mae", 
                    "firstliencount": 132, 
                    "firstlienvalue": 15656, 
                    "juniorliencount": 0, 
                    "juniorlienvalue": 0
                }, 
                {
                    "name": "Ginnie Mae", 
                    "firstliencount": 129, 
                    "firstlienvalue": 16376, 
                    "juniorliencount": 0, 
                    "juniorlienvalue": 0
                }, 
                {
                    "name": "Freddie Mac", 
                    "firstliencount": 64, 
                    "firstlienvalue": 7125, 
                    "juniorliencount": 0, 
                    "juniorlienvalue": 0
                }, 
                {
                    "name": "Farmer Mac", 
                    "firstliencount": 0, 
                    "firstlienvalue": 0, 
                    "juniorliencount": 0, 
                    "juniorlienvalue": 0
                }, 
                {
                    "name": "Private Securitization", 
                    "firstliencount": 12, 
                    "firstlienvalue": 1241, 
                    "juniorliencount": 0, 
                    "juniorlienvalue": 0
                }, 
                {
                    "name": "Commercial bank, savings bank or association", 
                    "firstliencount": 99, 
                    "firstlienvalue": 14121, 
                    "juniorliencount": 0, 
                    "juniorlienvalue": 0
                }, 
                {
                    "name": "Life insurance co., credit union, finance co.", 
                    "firstliencount": 104, 
                    "firstlienvalue": 14684, 
                    "juniorliencount": 0, 
                    "juniorlienvalue": 0
                }, 
                {
                    "name": "Affiliate institution", 
                    "firstliencount": 16, 
                    "firstlienvalue": 1857, 
                    "juniorliencount": 0, 
                    "juniorlienvalue": 0
                }, 
                {
                    "name": "Other", 
                    "firstliencount": 274, 
                    "firstlienvalue": 36835, 
                    "juniorliencount": 0, 
                    "juniorlienvalue": 0
                }
            ]
        }, 
        {
            "point": "2.00 - 2.49", 
            "purchasers": [
                {
                    "name": "Fannie Mae", 
                    "firstliencount": 28, 
                    "firstlienvalue": 3385, 
                    "juniorliencount": 0, 
                    "juniorlienvalue": 0
                }, 
                {
                    "name": "Ginnie Mae", 
                    "firstliencount": 28, 
                    "firstlienvalue": 2979, 
                    "juniorliencount": 0, 
                    "juniorlienvalue": 0
                }, 
                {
                    "name": "Freddie Mac", 
                    "firstliencount": 13, 
                    "firstlienvalue": 1681, 
                    "juniorliencount": 0, 
                    "juniorlienvalue": 0
                }, 
                {
                    "name": "Farmer Mac", 
                    "firstliencount": 0, 
                    "firstlienvalue": 0, 
                    "juniorliencount": 0, 
                    "juniorlienvalue": 0
                }, 
                {
                    "name": "Private Securitization", 
                    "firstliencount": 1, 
                    "firstlienvalue": 98, 
                    "juniorliencount": 0, 
                    "juniorlienvalue": 0
                }, 
                {
                    "name": "Commercial bank, savings bank or association", 
                    "firstliencount": 19, 
                    "firstlienvalue": 2610, 
                    "juniorliencount": 0, 
                    "juniorlienvalue": 0
                }, 
                {
                    "name": "Life insurance co., credit union, finance co.", 
                    "firstliencount": 30, 
                    "firstlienvalue": 3814, 
                    "juniorliencount": 0, 
                    "juniorlienvalue": 0
                }, 
                {
                    "name": "Affiliate institution", 
                    "firstliencount": 3, 
                    "firstlienvalue": 243, 
                    "juniorliencount": 0, 
                    "juniorlienvalue": 0
                }, 
                {
                    "name": "Other", 
                    "firstliencount": 96, 
                    "firstlienvalue": 11943, 
                    "juniorliencount": 0, 
                    "juniorlienvalue": 0
                }
            ]
        }, 
        {
            "point": "2.50 - 2.99", 
            "purchasers": [
                {
                    "name": "Fannie Mae", 
                    "firstliencount": 6, 
                    "firstlienvalue": 461, 
                    "juniorliencount": 0, 
                    "juniorlienvalue": 0
                }, 
                {
                    "name": "Ginnie Mae", 
                    "firstliencount": 10, 
                    "firstlienvalue": 1042, 
                    "juniorliencount": 0, 
                    "juniorlienvalue": 0
                }, 
                {
                    "name": "Freddie Mac", 
                    "firstliencount": 2, 
                    "firstlienvalue": 182, 
                    "juniorliencount": 0, 
                    "juniorlienvalue": 0
                }, 
                {
                    "name": "Farmer Mac", 
                    "firstliencount": 0, 
                    "firstlienvalue": 0, 
                    "juniorliencount": 0, 
                    "juniorlienvalue": 0
                }, 
                {
                    "name": "Private Securitization", 
                    "firstliencount": 0, 
                    "firstlienvalue": 0, 
                    "juniorliencount": 0, 
                    "juniorlienvalue": 0
                }, 
                {
                    "name": "Commercial bank, savings bank or association", 
                    "firstliencount": 2, 
                    "firstlienvalue": 166, 
                    "juniorliencount": 0, 
                    "juniorlienvalue": 0
                }, 
                {
                    "name": "Life insurance co., credit union, finance co.", 
                    "firstliencount": 3, 
                    "firstlienvalue": 673, 
                    "juniorliencount": 0, 
                    "juniorlienvalue": 0
                }, 
                {
                    "name": "Affiliate institution", 
                    "firstliencount": 0, 
                    "firstlienvalue": 0, 
                    "juniorliencount": 0, 
                    "juniorlienvalue": 0
                }, 
                {
                    "name": "Other", 
                    "firstliencount": 84, 
                    "firstlienvalue": 10967, 
                    "juniorliencount": 0, 
                    "juniorlienvalue": 0
                }
            ]
        }, 
        {
            "point": "3.00 - 3.49", 
            "purchasers": [
                {
                    "name": "Fannie Mae", 
                    "firstliencount": 2, 
                    "firstlienvalue": 90, 
                    "juniorliencount": 0, 
                    "juniorlienvalue": 0
                }, 
                {
                    "name": "Ginnie Mae", 
                    "firstliencount": 11, 
                    "firstlienvalue": 928, 
                    "juniorliencount": 0, 
                    "juniorlienvalue": 0
                }, 
                {
                    "name": "Freddie Mac", 
                    "firstliencount": 0, 
                    "firstlienvalue": 0, 
                    "juniorliencount": 0, 
                    "juniorlienvalue": 0
                }, 
                {
                    "name": "Farmer Mac", 
                    "firstliencount": 0, 
                    "firstlienvalue": 0, 
                    "juniorliencount": 0, 
                    "juniorlienvalue": 0
                }, 
                {
                    "name": "Private Securitization", 
                    "firstliencount": 0, 
                    "firstlienvalue": 0, 
                    "juniorliencount": 0, 
                    "juniorlienvalue": 0
                }, 
                {
                    "name": "Commercial bank, savings bank or association", 
                    "firstliencount": 0, 
                    "firstlienvalue": 0, 
                    "juniorliencount": 0, 
                    "juniorlienvalue": 0
                }, 
                {
                    "name": "Life insurance co., credit union, finance co.", 
                    "firstliencount": 6, 
                    "firstlienvalue": 449, 
                    "juniorliencount": 0, 
                    "juniorlienvalue": 0
                }, 
                {
                    "name": "Affiliate institution", 
                    "firstliencount": 0, 
                    "firstlienvalue": 0, 
                    "juniorliencount": 0, 
                    "juniorlienvalue": 0
                }, 
                {
                    "name": "Other", 
                    "firstliencount": 86, 
                    "firstlienvalue": 7244, 
                    "juniorliencount": 0, 
                    "juniorlienvalue": 0
                }
            ]
        }, 
        {
            "point": "3.50 - 4.49", 
            "purchasers": [
                {
                    "name": "Fannie Mae", 
                    "firstliencount": 2, 
                    "firstlienvalue": 140, 
                    "juniorliencount": 0, 
                    "juniorlienvalue": 0
                }, 
                {
                    "name": "Ginnie Mae", 
                    "firstliencount": 22, 
                    "firstlienvalue": 1977, 
                    "juniorliencount": 0, 
                    "juniorlienvalue": 0
                }, 
                {
                    "name": "Freddie Mac", 
                    "firstliencount": 0, 
                    "firstlienvalue": 0, 
                    "juniorliencount": 0, 
                    "juniorlienvalue": 0
                }, 
                {
                    "name": "Farmer Mac", 
                    "firstliencount": 0, 
                    "firstlienvalue": 0, 
                    "juniorliencount": 0, 
                    "juniorlienvalue": 0
                }, 
                {
                    "name": "Private Securitization", 
                    "firstliencount": 0, 
                    "firstlienvalue": 0, 
                    "juniorliencount": 0, 
                    "juniorlienvalue": 0
                }, 
                {
                    "name": "Commercial bank, savings bank or association", 
                    "firstliencount": 0, 
                    "firstlienvalue": 0, 
                    "juniorliencount": 0, 
                    "juniorlienvalue": 0
                }, 
                {
                    "name": "Life insurance co., credit union, finance co.", 
                    "firstliencount": 4, 
                    "firstlienvalue": 499, 
                    "juniorliencount": 0, 
                    "juniorlienvalue": 0
                }, 
                {
                    "name": "Affiliate institution", 
                    "firstliencount": 0, 
                    "firstlienvalue": 0, 
                    "juniorliencount": 0, 
                    "juniorlienvalue": 0
                }, 
                {
                    "name": "Other", 
                    "firstliencount": 169, 
                    "firstlienvalue": 13682, 
                    "juniorliencount": 20, 
                    "juniorlienvalue": 1197
                }
            ]
        }, 
        {
            "point": "4.50 - 5.49", 
            "purchasers": [
                {
                    "name": "Fannie Mae", 
                    "firstliencount": 0, 
                    "firstlienvalue": 0, 
                    "juniorliencount": 0, 
                    "juniorlienvalue": 0
                }, 
                {
                    "name": "Ginnie Mae", 
                    "firstliencount": 2, 
                    "firstlienvalue": 178, 
                    "juniorliencount": 0, 
                    "juniorlienvalue": 0
                }, 
                {
                    "name": "Freddie Mac", 
                    "firstliencount": 0, 
                    "firstlienvalue": 0, 
                    "juniorliencount": 0, 
                    "juniorlienvalue": 0
                }, 
                {
                    "name": "Farmer Mac", 
                    "firstliencount": 0, 
                    "firstlienvalue": 0, 
                    "juniorliencount": 0, 
                    "juniorlienvalue": 0
                }, 
                {
                    "name": "Private Securitization", 
                    "firstliencount": 0, 
                    "firstlienvalue": 0, 
                    "juniorliencount": 0, 
                    "juniorlienvalue": 0
                }, 
                {
                    "name": "Commercial bank, savings bank or association", 
                    "firstliencount": 0, 
                    "firstlienvalue": 0, 
                    "juniorliencount": 0, 
                    "juniorlienvalue": 0
                }, 
                {
                    "name": "Life insurance co., credit union, finance co.", 
                    "firstliencount": 0, 
                    "firstlienvalue": 0, 
                    "juniorliencount": 0, 
                    "juniorlienvalue": 0
                }, 
                {
                    "name": "Affiliate institution", 
                    "firstliencount": 0, 
                    "firstlienvalue": 0, 
                    "juniorliencount": 0, 
                    "juniorlienvalue": 0
                }, 
                {
                    "name": "Other", 
                    "firstliencount": 113, 
                    "firstlienvalue": 7873, 
                    "juniorliencount": 12, 
                    "juniorlienvalue": 389
                }
            ]
        }, 
        {
            "point": "5.50 - 6.49", 
            "purchasers": [
                {
                    "name": "Fannie Mae", 
                    "firstliencount": 0, 
                    "firstlienvalue": 0, 
                    "juniorliencount": 0, 
                    "juniorlienvalue": 0
                }, 
                {
                    "name": "Ginnie Mae", 
                    "firstliencount": 1, 
                    "firstlienvalue": 85, 
                    "juniorliencount": 0, 
                    "juniorlienvalue": 0
                }, 
                {
                    "name": "Freddie Mac", 
                    "firstliencount": 0, 
                    "firstlienvalue": 0, 
                    "juniorliencount": 0, 
                    "juniorlienvalue": 0
                }, 
                {
                    "name": "Farmer Mac", 
                    "firstliencount": 0, 
                    "firstlienvalue": 0, 
                    "juniorliencount": 0, 
                    "juniorlienvalue": 0
                }, 
                {
                    "name": "Private Securitization", 
                    "firstliencount": 0, 
                    "firstlienvalue": 0, 
                    "juniorliencount": 0, 
                    "juniorlienvalue": 0
                }, 
                {
                    "name": "Commercial bank, savings bank or association", 
                    "firstliencount": 1, 
                    "firstlienvalue": 160, 
                    "juniorliencount": 0, 
                    "juniorlienvalue": 0
                }, 
                {
                    "name": "Life insurance co., credit union, finance co.", 
                    "firstliencount": 1, 
                    "firstlienvalue": 55, 
                    "juniorliencount": 0, 
                    "juniorlienvalue": 0
                }, 
                {
                    "name": "Affiliate institution", 
                    "firstliencount": 0, 
                    "firstlienvalue": 0, 
                    "juniorliencount": 0, 
                    "juniorlienvalue": 0
                }, 
                {
                    "name": "Other", 
                    "firstliencount": 91, 
                    "firstlienvalue": 4285, 
                    "juniorliencount": 4, 
                    "juniorlienvalue": 111
                }
            ]
        }, 
        {
            "point": "6.5 or more", 
            "purchasers": [
                {
                    "name": "Fannie Mae", 
                    "firstliencount": 0, 
                    "firstlienvalue": 0, 
                    "juniorliencount": 0, 
                    "juniorlienvalue": 0
                }, 
                {
                    "name": "Ginnie Mae", 
                    "firstliencount": 0, 
                    "firstlienvalue": 0, 
                    "juniorliencount": 0, 
                    "juniorlienvalue": 0
                }, 
                {
                    "name": "Freddie Mac", 
                    "firstliencount": 0, 
                    "firstlienvalue": 0, 
                    "juniorliencount": 0, 
                    "juniorlienvalue": 0
                }, 
                {
                    "name": "Farmer Mac", 
                    "firstliencount": 0, 
                    "firstlienvalue": 0, 
                    "juniorliencount": 0, 
                    "juniorlienvalue": 0
                }, 
                {
                    "name": "Private Securitization", 
                    "firstliencount": 0, 
                    "firstlienvalue": 0, 
                    "juniorliencount": 0, 
                    "juniorlienvalue": 0
                }, 
                {
                    "name": "Commercial bank, savings bank or association", 
                    "firstliencount": 0, 
                    "firstlienvalue": 0, 
                    "juniorliencount": 0, 
                    "juniorlienvalue": 0
                }, 
                {
                    "name": "Life insurance co., credit union, finance co.", 
                    "firstliencount": 0, 
                    "firstlienvalue": 0, 
                    "juniorliencount": 0, 
                    "juniorlienvalue": 0
                }, 
                {
                    "name": "Affiliate institution", 
                    "firstliencount": 0, 
                    "firstlienvalue": 0, 
                    "juniorliencount": 0, 
                    "juniorlienvalue": 0
                }, 
                {
                    "name": "Other", 
                    "firstliencount": 204, 
                    "firstlienvalue": 7969, 
                    "juniorliencount": 6, 
                    "juniorlienvalue": 77
                }
            ]
        }, 
        {
            "point": "mean", 
            "purchasers": [
                {
                    "name": "Fannie Mae", 
                    "firstlien": 0, 
                    "juniorlien": 0
                }, 
                {
                    "name": "Ginnie Mae", 
                    "firstlien": 0, 
                    "juniorlien": 0
                }, 
                {
                    "name": "Freddie Mac", 
                    "firstlien": 0, 
                    "juniorlien": 0
                }, 
                {
                    "name": "Farmer Mac", 
                    "firstlien": 0, 
                    "juniorlien": 0
                }, 
                {
                    "name": "Private Securitization", 
                    "firstlien": 0, 
                    "juniorlien": 0
                }, 
                {
                    "name": "Commercial bank, savings bank or association", 
                    "firstlien": 0, 
                    "juniorlien": 0
                }, 
                {
                    "name": "Life insurance co., credit union, finance co.", 
                    "firstlien": 0, 
                    "juniorlien": 0
                }, 
                {
                    "name": "Affiliate institution", 
                    "firstlien": 0, 
                    "juniorlien": 0
                }, 
                {
                    "name": "Other", 
                    "firstlien": 0, 
                    "juniorlien": 0
                }
            ]
        }, 
        {
            "point": "median", 
            "purchasers": [
                {
                    "name": "Fannie Mae", 
                    "firstlien": 0, 
                    "juniorlien": 0
                }, 
                {
                    "name": "Ginnie Mae", 
                    "firstlien": 0, 
                    "juniorlien": 0
                }, 
                {
                    "name": "Freddie Mac", 
                    "firstlien": 0, 
                    "juniorlien": 0
                }, 
                {
                    "name": "Farmer Mac", 
                    "firstlien": 0, 
                    "juniorlien": 0
                }, 
                {
                    "name": "Private Securitization", 
                    "firstlien": 0, 
                    "juniorlien": 0
                }, 
                {
                    "name": "Commercial bank, savings bank or association", 
                    "firstlien": 0, 
                    "juniorlien": 0
                }, 
                {
                    "name": "Life insurance co., credit union, finance co.", 
                    "firstlien": 0, 
                    "juniorlien": 0
                }, 
                {
                    "name": "Affiliate institution", 
                    "firstlien": 0, 
                    "juniorlien": 0
                }, 
                {
                    "name": "Other", 
                    "firstlien": 0, 
                    "juniorlien": 0
                }
            ]
        }
    ], 
    "hoepa": {
        "pricing": "hoepa loans", 
        "purchasers": [
            {
                "name": "Fannie Mae", 
                "firstliencount": 0, 
                "firstlienvalue": 0, 
                "juniorliencount": 0, 
                "juniorlienvalue": 0
            }, 
            {
                "name": "Ginnie Mae", 
                "firstliencount": 0, 
                "firstlienvalue": 0, 
                "juniorliencount": 0, 
                "juniorlienvalue": 0
            }, 
            {
                "name": "Freddie Mac", 
                "firstliencount": 0, 
                "firstlienvalue": 0, 
                "juniorliencount": 0, 
                "juniorlienvalue": 0
            }, 
            {
                "name": "Farmer Mac", 
                "firstliencount": 0, 
                "firstlienvalue": 0, 
                "juniorliencount": 0, 
                "juniorlienvalue": 0
            }, 
            {
                "name": "Private Securitization", 
                "firstliencount": 0, 
                "firstlienvalue": 0, 
                "juniorliencount": 0, 
                "juniorlienvalue": 0
            }, 
            {
                "name": "Commercial bank, savings bank or association", 
                "firstliencount": 0, 
                "firstlienvalue": 0, 
                "juniorliencount": 0, 
                "juniorlienvalue": 0
            }, 
            {
                "name": "Life insurance co., credit union, finance co.", 
                "firstliencount": 0, 
                "firstlienvalue": 0, 
                "juniorliencount": 0, 
                "juniorlienvalue": 0
            }, 
            {
                "name": "Affiliate institution", 
                "firstliencount": 0, 
                "firstlienvalue": 0, 
                "juniorliencount": 0, 
                "juniorlienvalue": 0
            }, 
            {
                "name": "Other", 
                "firstliencount": 10, 
                "firstlienvalue": 311, 
                "juniorliencount": 1, 
                "juniorlienvalue": 12
            }
        ]
    }
}