{
    "table": "4-6", 
    "type": "Aggregate", 
    "desc": "Disposition of applications from nonoccupants for home-purchase, home improvement, or refinancing loans, 1- to 4- family and manufactured home dwellings, by race, ethnicity, gender and income of applicant", 
    "year": "2012", 
    "report-date": "05/03/2015", 
    "msa": {
        "id": "46060", 
        "name": "Tucson", 
        "state": "AZ", 
        "state_name": "Arizona"
    }, 
    "races": [
        {
            "race": "American Indian/Alaska Native", 
            "dispositions": [
                {
                    "disposition": "Applications Received", 
                    "count": 17, 
                    "value": 2110
                }, 
                {
                    "disposition": "Loans Originated", 
                    "count": 9, 
                    "value": 1341
                }, 
                {
                    "disposition": "Apps. Approved But Not Accepted", 
                    "count": 0, 
                    "value": 0
                }, 
                {
                    "disposition": "Aplications Denied", 
                    "count": 6, 
                    "value": 557
                }, 
                {
                    "disposition": "Applications Withdrawn", 
                    "count": 0, 
                    "value": 0
                }, 
                {
                    "disposition": "Files Closed For Incompleteness", 
                    "count": 2, 
                    "value": 212
                }
            ], 
            "genders": [
                {
                    "gender": "Male", 
                    "dispositions": [
                        {
                            "disposition": "Applications Received", 
                            "count": 7, 
                            "value": 882
                        }, 
                        {
                            "disposition": "Loans Originated", 
                            "count": 4, 
                            "value": 509
                        }, 
                        {
                            "disposition": "Apps. Approved But Not Accepted", 
                            "count": 0, 
                            "value": 0
                        }, 
                        {
                            "disposition": "Aplications Denied", 
                            "count": 2, 
                            "value": 216
                        }, 
                        {
                            "disposition": "Applications Withdrawn", 
                            "count": 0, 
                            "value": 0
                        }, 
                        {
                            "disposition": "Files Closed For Incompleteness", 
                            "count": 1, 
                            "value": 157
                        }
                    ]
                }, 
                {
                    "gender": "Female", 
                    "dispositions": [
                        {
                            "disposition": "Applications Received", 
                            "count": 4, 
                            "value": 479
                        }, 
                        {
                            "disposition": "Loans Originated", 
                            "count": 2, 
                            "value": 327
                        }, 
                        {
                            "disposition": "Apps. Approved But Not Accepted", 
                            "count": 0, 
                            "value": 0
                        }, 
                        {
                            "disposition": "Aplications Denied", 
                            "count": 1, 
                            "value": 97
                        }, 
                        {
                            "disposition": "Applications Withdrawn", 
                            "count": 0, 
                            "value": 0
                        }, 
                        {
                            "disposition": "Files Closed For Incompleteness", 
                            "count": 1, 
                            "value": 55
                        }
                    ]
                }, 
                {
                    "gender": "Joint (Male/Female)", 
                    "dispositions": [
                        {
                            "disposition": "Applications Received", 
                            "count": 6, 
                            "value": 749
                        }, 
                        {
                            "disposition": "Loans Originated", 
                            "count": 3, 
                            "value": 505
                        }, 
                        {
                            "disposition": "Apps. Approved But Not Accepted", 
                            "count": 0, 
                            "value": 0
                        }, 
                        {
                            "disposition": "Aplications Denied", 
                            "count": 3, 
                            "value": 244
                        }, 
                        {
                            "disposition": "Applications Withdrawn", 
                            "count": 0, 
                            "value": 0
                        }, 
                        {
                            "disposition": "Files Closed For Incompleteness", 
                            "count": 0, 
                            "value": 0
                        }
                    ]
                }
            ]
        }, 
        {
            "race": "Asian", 
            "dispositions": [
                {
                    "disposition": "Applications Received", 
                    "count": 25, 
                    "value": 3098
                }, 
                {
                    "disposition": "Loans Originated", 
                    "count": 16, 
                    "value": 1947
                }, 
                {
                    "disposition": "Apps. Approved But Not Accepted", 
                    "count": 1, 
                    "value": 152
                }, 
                {
                    "disposition": "Aplications Denied", 
                    "count": 5, 
                    "value": 549
                }, 
                {
                    "disposition": "Applications Withdrawn", 
                    "count": 1, 
                    "value": 245
                }, 
                {
                    "disposition": "Files Closed For Incompleteness", 
                    "count": 2, 
                    "value": 205
                }
            ], 
            "genders": [
                {
                    "gender": "Male", 
                    "dispositions": [
                        {
                            "disposition": "Applications Received", 
                            "count": 6, 
                            "value": 686
                        }, 
                        {
                            "disposition": "Loans Originated", 
                            "count": 6, 
                            "value": 686
                        }, 
                        {
                            "disposition": "Apps. Approved But Not Accepted", 
                            "count": 0, 
                            "value": 0
                        }, 
                        {
                            "disposition": "Aplications Denied", 
                            "count": 0, 
                            "value": 0
                        }, 
                        {
                            "disposition": "Applications Withdrawn", 
                            "count": 0, 
                            "value": 0
                        }, 
                        {
                            "disposition": "Files Closed For Incompleteness", 
                            "count": 0, 
                            "value": 0
                        }
                    ]
                }, 
                {
                    "gender": "Female", 
                    "dispositions": [
                        {
                            "disposition": "Applications Received", 
                            "count": 12, 
                            "value": 1521
                        }, 
                        {
                            "disposition": "Loans Originated", 
                            "count": 4, 
                            "value": 470
                        }, 
                        {
                            "disposition": "Apps. Approved But Not Accepted", 
                            "count": 1, 
                            "value": 152
                        }, 
                        {
                            "disposition": "Aplications Denied", 
                            "count": 5, 
                            "value": 549
                        }, 
                        {
                            "disposition": "Applications Withdrawn", 
                            "count": 1, 
                            "value": 245
                        }, 
                        {
                            "disposition": "Files Closed For Incompleteness", 
                            "count": 1, 
                            "value": 105
                        }
                    ]
                }, 
                {
                    "gender": "Joint (Male/Female)", 
                    "dispositions": [
                        {
                            "disposition": "Applications Received", 
                            "count": 7, 
                            "value": 891
                        }, 
                        {
                            "disposition": "Loans Originated", 
                            "count": 6, 
                            "value": 791
                        }, 
                        {
                            "disposition": "Apps. Approved But Not Accepted", 
                            "count": 0, 
                            "value": 0
                        }, 
                        {
                            "disposition": "Aplications Denied", 
                            "count": 0, 
                            "value": 0
                        }, 
                        {
                            "disposition": "Applications Withdrawn", 
                            "count": 0, 
                            "value": 0
                        }, 
                        {
                            "disposition": "Files Closed For Incompleteness", 
                            "count": 1, 
                            "value": 100
                        }
                    ]
                }
            ]
        }, 
        {
            "race": "Black or African American", 
            "dispositions": [
                {
                    "disposition": "Applications Received", 
                    "count": 328, 
                    "value": 47492
                }, 
                {
                    "disposition": "Loans Originated", 
                    "count": 192, 
                    "value": 29027
                }, 
                {
                    "disposition": "Apps. Approved But Not Accepted", 
                    "count": 10, 
                    "value": 1257
                }, 
                {
                    "disposition": "Aplications Denied", 
                    "count": 65, 
                    "value": 8209
                }, 
                {
                    "disposition": "Applications Withdrawn", 
                    "count": 43, 
                    "value": 6230
                }, 
                {
                    "disposition": "Files Closed For Incompleteness", 
                    "count": 18, 
                    "value": 2769
                }
            ], 
            "genders": [
                {
                    "gender": "Male", 
                    "dispositions": [
                        {
                            "disposition": "Applications Received", 
                            "count": 109, 
                            "value": 15732
                        }, 
                        {
                            "disposition": "Loans Originated", 
                            "count": 72, 
                            "value": 10473
                        }, 
                        {
                            "disposition": "Apps. Approved But Not Accepted", 
                            "count": 4, 
                            "value": 498
                        }, 
                        {
                            "disposition": "Aplications Denied", 
                            "count": 18, 
                            "value": 2754
                        }, 
                        {
                            "disposition": "Applications Withdrawn", 
                            "count": 9, 
                            "value": 1102
                        }, 
                        {
                            "disposition": "Files Closed For Incompleteness", 
                            "count": 6, 
                            "value": 905
                        }
                    ]
                }, 
                {
                    "gender": "Female", 
                    "dispositions": [
                        {
                            "disposition": "Applications Received", 
                            "count": 73, 
                            "value": 9730
                        }, 
                        {
                            "disposition": "Loans Originated", 
                            "count": 40, 
                            "value": 5885
                        }, 
                        {
                            "disposition": "Apps. Approved But Not Accepted", 
                            "count": 0, 
                            "value": 0
                        }, 
                        {
                            "disposition": "Aplications Denied", 
                            "count": 23, 
                            "value": 2302
                        }, 
                        {
                            "disposition": "Applications Withdrawn", 
                            "count": 7, 
                            "value": 1040
                        }, 
                        {
                            "disposition": "Files Closed For Incompleteness", 
                            "count": 3, 
                            "value": 503
                        }
                    ]
                }, 
                {
                    "gender": "Joint (Male/Female)", 
                    "dispositions": [
                        {
                            "disposition": "Applications Received", 
                            "count": 144, 
                            "value": 21830
                        }, 
                        {
                            "disposition": "Loans Originated", 
                            "count": 79, 
                            "value": 12568
                        }, 
                        {
                            "disposition": "Apps. Approved But Not Accepted", 
                            "count": 6, 
                            "value": 759
                        }, 
                        {
                            "disposition": "Aplications Denied", 
                            "count": 24, 
                            "value": 3153
                        }, 
                        {
                            "disposition": "Applications Withdrawn", 
                            "count": 27, 
                            "value": 4088
                        }, 
                        {
                            "disposition": "Files Closed For Incompleteness", 
                            "count": 8, 
                            "value": 1262
                        }
                    ]
                }
            ]
        }, 
        {
            "race": "Native Hawaiian or Other Pacific Islander", 
            "dispositions": [
                {
                    "disposition": "Applications Received", 
                    "count": 96, 
                    "value": 15438
                }, 
                {
                    "disposition": "Loans Originated", 
                    "count": 55, 
                    "value": 8498
                }, 
                {
                    "disposition": "Apps. Approved But Not Accepted", 
                    "count": 7, 
                    "value": 1328
                }, 
                {
                    "disposition": "Aplications Denied", 
                    "count": 19, 
                    "value": 2903
                }, 
                {
                    "disposition": "Applications Withdrawn", 
                    "count": 10, 
                    "value": 2067
                }, 
                {
                    "disposition": "Files Closed For Incompleteness", 
                    "count": 5, 
                    "value": 642
                }
            ], 
            "genders": [
                {
                    "gender": "Male", 
                    "dispositions": [
                        {
                            "disposition": "Applications Received", 
                            "count": 33, 
                            "value": 5787
                        }, 
                        {
                            "disposition": "Loans Originated", 
                            "count": 17, 
                            "value": 2518
                        }, 
                        {
                            "disposition": "Apps. Approved But Not Accepted", 
                            "count": 1, 
                            "value": 414
                        }, 
                        {
                            "disposition": "Aplications Denied", 
                            "count": 6, 
                            "value": 914
                        }, 
                        {
                            "disposition": "Applications Withdrawn", 
                            "count": 9, 
                            "value": 1941
                        }, 
                        {
                            "disposition": "Files Closed For Incompleteness", 
                            "count": 0, 
                            "value": 0
                        }
                    ]
                }, 
                {
                    "gender": "Female", 
                    "dispositions": [
                        {
                            "disposition": "Applications Received", 
                            "count": 21, 
                            "value": 3182
                        }, 
                        {
                            "disposition": "Loans Originated", 
                            "count": 11, 
                            "value": 1865
                        }, 
                        {
                            "disposition": "Apps. Approved But Not Accepted", 
                            "count": 2, 
                            "value": 232
                        }, 
                        {
                            "disposition": "Aplications Denied", 
                            "count": 6, 
                            "value": 835
                        }, 
                        {
                            "disposition": "Applications Withdrawn", 
                            "count": 0, 
                            "value": 0
                        }, 
                        {
                            "disposition": "Files Closed For Incompleteness", 
                            "count": 2, 
                            "value": 250
                        }
                    ]
                }, 
                {
                    "gender": "Joint (Male/Female)", 
                    "dispositions": [
                        {
                            "disposition": "Applications Received", 
                            "count": 42, 
                            "value": 6469
                        }, 
                        {
                            "disposition": "Loans Originated", 
                            "count": 27, 
                            "value": 4115
                        }, 
                        {
                            "disposition": "Apps. Approved But Not Accepted", 
                            "count": 4, 
                            "value": 682
                        }, 
                        {
                            "disposition": "Aplications Denied", 
                            "count": 7, 
                            "value": 1154
                        }, 
                        {
                            "disposition": "Applications Withdrawn", 
                            "count": 1, 
                            "value": 126
                        }, 
                        {
                            "disposition": "Files Closed For Incompleteness", 
                            "count": 3, 
                            "value": 392
                        }
                    ]
                }
            ]
        }, 
        {
            "race": "White", 
            "dispositions": [
                {
                    "disposition": "Applications Received", 
                    "count": 21, 
                    "value": 3119
                }, 
                {
                    "disposition": "Loans Originated", 
                    "count": 17, 
                    "value": 2458
                }, 
                {
                    "disposition": "Apps. Approved But Not Accepted", 
                    "count": 0, 
                    "value": 0
                }, 
                {
                    "disposition": "Aplications Denied", 
                    "count": 2, 
                    "value": 370
                }, 
                {
                    "disposition": "Applications Withdrawn", 
                    "count": 0, 
                    "value": 0
                }, 
                {
                    "disposition": "Files Closed For Incompleteness", 
                    "count": 2, 
                    "value": 291
                }
            ], 
            "genders": [
                {
                    "gender": "Male", 
                    "dispositions": [
                        {
                            "disposition": "Applications Received", 
                            "count": 6, 
                            "value": 793
                        }, 
                        {
                            "disposition": "Loans Originated", 
                            "count": 6, 
                            "value": 793
                        }, 
                        {
                            "disposition": "Apps. Approved But Not Accepted", 
                            "count": 0, 
                            "value": 0
                        }, 
                        {
                            "disposition": "Aplications Denied", 
                            "count": 0, 
                            "value": 0
                        }, 
                        {
                            "disposition": "Applications Withdrawn", 
                            "count": 0, 
                            "value": 0
                        }, 
                        {
                            "disposition": "Files Closed For Incompleteness", 
                            "count": 0, 
                            "value": 0
                        }
                    ]
                }, 
                {
                    "gender": "Female", 
                    "dispositions": [
                        {
                            "disposition": "Applications Received", 
                            "count": 7, 
                            "value": 1122
                        }, 
                        {
                            "disposition": "Loans Originated", 
                            "count": 5, 
                            "value": 791
                        }, 
                        {
                            "disposition": "Apps. Approved But Not Accepted", 
                            "count": 0, 
                            "value": 0
                        }, 
                        {
                            "disposition": "Aplications Denied", 
                            "count": 1, 
                            "value": 163
                        }, 
                        {
                            "disposition": "Applications Withdrawn", 
                            "count": 0, 
                            "value": 0
                        }, 
                        {
                            "disposition": "Files Closed For Incompleteness", 
                            "count": 1, 
                            "value": 168
                        }
                    ]
                }, 
                {
                    "gender": "Joint (Male/Female)", 
                    "dispositions": [
                        {
                            "disposition": "Applications Received", 
                            "count": 8, 
                            "value": 1204
                        }, 
                        {
                            "disposition": "Loans Originated", 
                            "count": 6, 
                            "value": 874
                        }, 
                        {
                            "disposition": "Apps. Approved But Not Accepted", 
                            "count": 0, 
                            "value": 0
                        }, 
                        {
                            "disposition": "Aplications Denied", 
                            "count": 1, 
                            "value": 207
                        }, 
                        {
                            "disposition": "Applications Withdrawn", 
                            "count": 0, 
                            "value": 0
                        }, 
                        {
                            "disposition": "Files Closed For Incompleteness", 
                            "count": 1, 
                            "value": 123
                        }
                    ]
                }
            ]
        }, 
        {
            "race": "2 or more minority races", 
            "dispositions": [
                {
                    "disposition": "Applications Received", 
                    "count": 7385, 
                    "value": 1101771
                }, 
                {
                    "disposition": "Loans Originated", 
                    "count": 4877, 
                    "value": 737362
                }, 
                {
                    "disposition": "Apps. Approved But Not Accepted", 
                    "count": 278, 
                    "value": 41643
                }, 
                {
                    "disposition": "Aplications Denied", 
                    "count": 1078, 
                    "value": 153973
                }, 
                {
                    "disposition": "Applications Withdrawn", 
                    "count": 802, 
                    "value": 116643
                }, 
                {
                    "disposition": "Files Closed For Incompleteness", 
                    "count": 350, 
                    "value": 52150
                }
            ], 
            "genders": [
                {
                    "gender": "Male", 
                    "dispositions": [
                        {
                            "disposition": "Applications Received", 
                            "count": 2017, 
                            "value": 297198
                        }, 
                        {
                            "disposition": "Loans Originated", 
                            "count": 1241, 
                            "value": 185110
                        }, 
                        {
                            "disposition": "Apps. Approved But Not Accepted", 
                            "count": 88, 
                            "value": 13891
                        }, 
                        {
                            "disposition": "Aplications Denied", 
                            "count": 335, 
                            "value": 47141
                        }, 
                        {
                            "disposition": "Applications Withdrawn", 
                            "count": 244, 
                            "value": 34814
                        }, 
                        {
                            "disposition": "Files Closed For Incompleteness", 
                            "count": 109, 
                            "value": 16242
                        }
                    ]
                }, 
                {
                    "gender": "Female", 
                    "dispositions": [
                        {
                            "disposition": "Applications Received", 
                            "count": 1300, 
                            "value": 169164
                        }, 
                        {
                            "disposition": "Loans Originated", 
                            "count": 807, 
                            "value": 107182
                        }, 
                        {
                            "disposition": "Apps. Approved But Not Accepted", 
                            "count": 57, 
                            "value": 7599
                        }, 
                        {
                            "disposition": "Aplications Denied", 
                            "count": 236, 
                            "value": 27859
                        }, 
                        {
                            "disposition": "Applications Withdrawn", 
                            "count": 145, 
                            "value": 19300
                        }, 
                        {
                            "disposition": "Files Closed For Incompleteness", 
                            "count": 55, 
                            "value": 7224
                        }
                    ]
                }, 
                {
                    "gender": "Joint (Male/Female)", 
                    "dispositions": [
                        {
                            "disposition": "Applications Received", 
                            "count": 4060, 
                            "value": 634572
                        }, 
                        {
                            "disposition": "Loans Originated", 
                            "count": 2822, 
                            "value": 444311
                        }, 
                        {
                            "disposition": "Apps. Approved But Not Accepted", 
                            "count": 132, 
                            "value": 20075
                        }, 
                        {
                            "disposition": "Aplications Denied", 
                            "count": 507, 
                            "value": 78973
                        }, 
                        {
                            "disposition": "Applications Withdrawn", 
                            "count": 413, 
                            "value": 62529
                        }, 
                        {
                            "disposition": "Files Closed For Incompleteness", 
                            "count": 186, 
                            "value": 28684
                        }
                    ]
                }
            ]
        }, 
        {
            "race": "Joint (White/Minority Race", 
            "dispositions": [
                {
                    "disposition": "Applications Received", 
                    "count": 155, 
                    "value": 22742
                }, 
                {
                    "disposition": "Loans Originated", 
                    "count": 102, 
                    "value": 14912
                }, 
                {
                    "disposition": "Apps. Approved But Not Accepted", 
                    "count": 9, 
                    "value": 1177
                }, 
                {
                    "disposition": "Aplications Denied", 
                    "count": 19, 
                    "value": 3035
                }, 
                {
                    "disposition": "Applications Withdrawn", 
                    "count": 17, 
                    "value": 2424
                }, 
                {
                    "disposition": "Files Closed For Incompleteness", 
                    "count": 8, 
                    "value": 1194
                }
            ], 
            "genders": [
                {
                    "gender": "Male", 
                    "dispositions": [
                        {
                            "disposition": "Applications Received", 
                            "count": 3, 
                            "value": 334
                        }, 
                        {
                            "disposition": "Loans Originated", 
                            "count": 2, 
                            "value": 206
                        }, 
                        {
                            "disposition": "Apps. Approved But Not Accepted", 
                            "count": 0, 
                            "value": 0
                        }, 
                        {
                            "disposition": "Aplications Denied", 
                            "count": 0, 
                            "value": 0
                        }, 
                        {
                            "disposition": "Applications Withdrawn", 
                            "count": 0, 
                            "value": 0
                        }, 
                        {
                            "disposition": "Files Closed For Incompleteness", 
                            "count": 1, 
                            "value": 128
                        }
                    ]
                }, 
                {
                    "gender": "Female", 
                    "dispositions": [
                        {
                            "disposition": "Applications Received", 
                            "count": 1, 
                            "value": 217
                        }, 
                        {
                            "disposition": "Loans Originated", 
                            "count": 0, 
                            "value": 0
                        }, 
                        {
                            "disposition": "Apps. Approved But Not Accepted", 
                            "count": 0, 
                            "value": 0
                        }, 
                        {
                            "disposition": "Aplications Denied", 
                            "count": 1, 
                            "value": 217
                        }, 
                        {
                            "disposition": "Applications Withdrawn", 
                            "count": 0, 
                            "value": 0
                        }, 
                        {
                            "disposition": "Files Closed For Incompleteness", 
                            "count": 0, 
                            "value": 0
                        }
                    ]
                }, 
                {
                    "gender": "Joint (Male/Female)", 
                    "dispositions": [
                        {
                            "disposition": "Applications Received", 
                            "count": 151, 
                            "value": 22191
                        }, 
                        {
                            "disposition": "Loans Originated", 
                            "count": 100, 
                            "value": 14706
                        }, 
                        {
                            "disposition": "Apps. Approved But Not Accepted", 
                            "count": 9, 
                            "value": 1177
                        }, 
                        {
                            "disposition": "Aplications Denied", 
                            "count": 18, 
                            "value": 2818
                        }, 
                        {
                            "disposition": "Applications Withdrawn", 
                            "count": 17, 
                            "value": 2424
                        }, 
                        {
                            "disposition": "Files Closed For Incompleteness", 
                            "count": 7, 
                            "value": 1066
                        }
                    ]
                }
            ]
        }, 
        {
            "race": "Not Available", 
            "dispositions": [
                {
                    "disposition": "Applications Received", 
                    "count": 1061, 
                    "value": 171796
                }, 
                {
                    "disposition": "Loans Originated", 
                    "count": 648, 
                    "value": 109202
                }, 
                {
                    "disposition": "Apps. Approved But Not Accepted", 
                    "count": 49, 
                    "value": 7908
                }, 
                {
                    "disposition": "Aplications Denied", 
                    "count": 200, 
                    "value": 31085
                }, 
                {
                    "disposition": "Applications Withdrawn", 
                    "count": 122, 
                    "value": 17614
                }, 
                {
                    "disposition": "Files Closed For Incompleteness", 
                    "count": 42, 
                    "value": 5987
                }
            ], 
            "genders": [
                {
                    "gender": "Male", 
                    "dispositions": [
                        {
                            "disposition": "Applications Received", 
                            "count": 138, 
                            "value": 20310
                        }, 
                        {
                            "disposition": "Loans Originated", 
                            "count": 84, 
                            "value": 12675
                        }, 
                        {
                            "disposition": "Apps. Approved But Not Accepted", 
                            "count": 8, 
                            "value": 1578
                        }, 
                        {
                            "disposition": "Aplications Denied", 
                            "count": 26, 
                            "value": 3370
                        }, 
                        {
                            "disposition": "Applications Withdrawn", 
                            "count": 15, 
                            "value": 2104
                        }, 
                        {
                            "disposition": "Files Closed For Incompleteness", 
                            "count": 5, 
                            "value": 583
                        }
                    ]
                }, 
                {
                    "gender": "Female", 
                    "dispositions": [
                        {
                            "disposition": "Applications Received", 
                            "count": 84, 
                            "value": 10345
                        }, 
                        {
                            "disposition": "Loans Originated", 
                            "count": 51, 
                            "value": 6456
                        }, 
                        {
                            "disposition": "Apps. Approved But Not Accepted", 
                            "count": 5, 
                            "value": 441
                        }, 
                        {
                            "disposition": "Aplications Denied", 
                            "count": 19, 
                            "value": 2208
                        }, 
                        {
                            "disposition": "Applications Withdrawn", 
                            "count": 7, 
                            "value": 1000
                        }, 
                        {
                            "disposition": "Files Closed For Incompleteness", 
                            "count": 2, 
                            "value": 240
                        }
                    ]
                }, 
                {
                    "gender": "Joint (Male/Female)", 
                    "dispositions": [
                        {
                            "disposition": "Applications Received", 
                            "count": 241, 
                            "value": 36833
                        }, 
                        {
                            "disposition": "Loans Originated", 
                            "count": 164, 
                            "value": 24992
                        }, 
                        {
                            "disposition": "Apps. Approved But Not Accepted", 
                            "count": 11, 
                            "value": 1401
                        }, 
                        {
                            "disposition": "Aplications Denied", 
                            "count": 34, 
                            "value": 5594
                        }, 
                        {
                            "disposition": "Applications Withdrawn", 
                            "count": 23, 
                            "value": 3549
                        }, 
                        {
                            "disposition": "Files Closed For Incompleteness", 
                            "count": 9, 
                            "value": 1297
                        }
                    ]
                }
            ]
        }
    ], 
    "ethnicities": [
        {
            "ethnicity": "Hispanic or Latino", 
            "dispositions": [
                {
                    "disposition": "Applications Received", 
                    "count": 901, 
                    "value": 106765
                }, 
                {
                    "disposition": "Loans Originated", 
                    "count": 563, 
                    "value": 69713
                }, 
                {
                    "disposition": "Apps. Approved But Not Accepted", 
                    "count": 27, 
                    "value": 3749
                }, 
                {
                    "disposition": "Aplications Denied", 
                    "count": 166, 
                    "value": 17463
                }, 
                {
                    "disposition": "Applications Withdrawn", 
                    "count": 101, 
                    "value": 10210
                }, 
                {
                    "disposition": "Files Closed For Incompleteness", 
                    "count": 44, 
                    "value": 5630
                }
            ], 
            "genders": [
                {
                    "gender": "Male", 
                    "dispositions": [
                        {
                            "disposition": "Applications Received", 
                            "count": 332, 
                            "value": 332
                        }, 
                        {
                            "disposition": "Loans Originated", 
                            "count": 215, 
                            "value": 27760
                        }, 
                        {
                            "disposition": "Apps. Approved But Not Accepted", 
                            "count": 8, 
                            "value": 746
                        }, 
                        {
                            "disposition": "Aplications Denied", 
                            "count": 60, 
                            "value": 6760
                        }, 
                        {
                            "disposition": "Applications Withdrawn", 
                            "count": 36, 
                            "value": 3842
                        }, 
                        {
                            "disposition": "Files Closed For Incompleteness", 
                            "count": 13, 
                            "value": 1718
                        }
                    ]
                }, 
                {
                    "gender": "Female", 
                    "dispositions": [
                        {
                            "disposition": "Applications Received", 
                            "count": 206, 
                            "value": 206
                        }, 
                        {
                            "disposition": "Loans Originated", 
                            "count": 124, 
                            "value": 14445
                        }, 
                        {
                            "disposition": "Apps. Approved But Not Accepted", 
                            "count": 9, 
                            "value": 1425
                        }, 
                        {
                            "disposition": "Aplications Denied", 
                            "count": 45, 
                            "value": 4690
                        }, 
                        {
                            "disposition": "Applications Withdrawn", 
                            "count": 22, 
                            "value": 2103
                        }, 
                        {
                            "disposition": "Files Closed For Incompleteness", 
                            "count": 6, 
                            "value": 607
                        }
                    ]
                }, 
                {
                    "gender": "Joint (Male/Female)", 
                    "dispositions": [
                        {
                            "disposition": "Applications Received", 
                            "count": 357, 
                            "value": 357
                        }, 
                        {
                            "disposition": "Loans Originated", 
                            "count": 219, 
                            "value": 26956
                        }, 
                        {
                            "disposition": "Apps. Approved But Not Accepted", 
                            "count": 10, 
                            "value": 1578
                        }, 
                        {
                            "disposition": "Aplications Denied", 
                            "count": 60, 
                            "value": 5936
                        }, 
                        {
                            "disposition": "Applications Withdrawn", 
                            "count": 43, 
                            "value": 4265
                        }, 
                        {
                            "disposition": "Files Closed For Incompleteness", 
                            "count": 25, 
                            "value": 3305
                        }
                    ]
                }
            ]
        }, 
        {
            "ethnicity": "Not Hispanic or Latino", 
            "dispositions": [
                {
                    "disposition": "Applications Received", 
                    "count": 6961, 
                    "value": 1066693
                }, 
                {
                    "disposition": "Loans Originated", 
                    "count": 4590, 
                    "value": 709468
                }, 
                {
                    "disposition": "Apps. Approved But Not Accepted", 
                    "count": 280, 
                    "value": 42658
                }, 
                {
                    "disposition": "Aplications Denied", 
                    "count": 1012, 
                    "value": 150354
                }, 
                {
                    "disposition": "Applications Withdrawn", 
                    "count": 750, 
                    "value": 113999
                }, 
                {
                    "disposition": "Files Closed For Incompleteness", 
                    "count": 329, 
                    "value": 50214
                }
            ], 
            "genders": [
                {
                    "gender": "Male", 
                    "dispositions": [
                        {
                            "disposition": "Applications Received", 
                            "count": 1879, 
                            "value": 1879
                        }, 
                        {
                            "disposition": "Loans Originated", 
                            "count": 1157, 
                            "value": 175814
                        }, 
                        {
                            "disposition": "Apps. Approved But Not Accepted", 
                            "count": 91, 
                            "value": 15188
                        }, 
                        {
                            "disposition": "Aplications Denied", 
                            "count": 305, 
                            "value": 44722
                        }, 
                        {
                            "disposition": "Applications Withdrawn", 
                            "count": 224, 
                            "value": 33641
                        }, 
                        {
                            "disposition": "Files Closed For Incompleteness", 
                            "count": 102, 
                            "value": 15550
                        }
                    ]
                }, 
                {
                    "gender": "Female", 
                    "dispositions": [
                        {
                            "disposition": "Applications Received", 
                            "count": 1229, 
                            "value": 1229
                        }, 
                        {
                            "disposition": "Loans Originated", 
                            "count": 759, 
                            "value": 103810
                        }, 
                        {
                            "disposition": "Apps. Approved But Not Accepted", 
                            "count": 53, 
                            "value": 6886
                        }, 
                        {
                            "disposition": "Aplications Denied", 
                            "count": 230, 
                            "value": 27601
                        }, 
                        {
                            "disposition": "Applications Withdrawn", 
                            "count": 130, 
                            "value": 18407
                        }, 
                        {
                            "disposition": "Files Closed For Incompleteness", 
                            "count": 57, 
                            "value": 7698
                        }
                    ]
                }, 
                {
                    "gender": "Joint (Male/Female)", 
                    "dispositions": [
                        {
                            "disposition": "Applications Received", 
                            "count": 3836, 
                            "value": 3836
                        }, 
                        {
                            "disposition": "Loans Originated", 
                            "count": 2665, 
                            "value": 428333
                        }, 
                        {
                            "disposition": "Apps. Approved But Not Accepted", 
                            "count": 135, 
                            "value": 20506
                        }, 
                        {
                            "disposition": "Aplications Denied", 
                            "count": 476, 
                            "value": 77841
                        }, 
                        {
                            "disposition": "Applications Withdrawn", 
                            "count": 390, 
                            "value": 61176
                        }, 
                        {
                            "disposition": "Files Closed For Incompleteness", 
                            "count": 170, 
                            "value": 26966
                        }
                    ]
                }
            ]
        }, 
        {
            "ethnicity": "Joint (Hispanic or Latino/Not Hispanic or Latino", 
            "dispositions": [
                {
                    "disposition": "Applications Received", 
                    "count": 295, 
                    "value": 41728
                }, 
                {
                    "disposition": "Loans Originated", 
                    "count": 208, 
                    "value": 29748
                }, 
                {
                    "disposition": "Apps. Approved But Not Accepted", 
                    "count": 10, 
                    "value": 1372
                }, 
                {
                    "disposition": "Aplications Denied", 
                    "count": 37, 
                    "value": 4866
                }, 
                {
                    "disposition": "Applications Withdrawn", 
                    "count": 27, 
                    "value": 4148
                }, 
                {
                    "disposition": "Files Closed For Incompleteness", 
                    "count": 13, 
                    "value": 1594
                }
            ], 
            "genders": [
                {
                    "gender": "Male", 
                    "dispositions": [
                        {
                            "disposition": "Applications Received", 
                            "count": 8, 
                            "value": 8
                        }, 
                        {
                            "disposition": "Loans Originated", 
                            "count": 3, 
                            "value": 746
                        }, 
                        {
                            "disposition": "Apps. Approved But Not Accepted", 
                            "count": 0, 
                            "value": 0
                        }, 
                        {
                            "disposition": "Aplications Denied", 
                            "count": 3, 
                            "value": 239
                        }, 
                        {
                            "disposition": "Applications Withdrawn", 
                            "count": 1, 
                            "value": 182
                        }, 
                        {
                            "disposition": "Files Closed For Incompleteness", 
                            "count": 1, 
                            "value": 66
                        }
                    ]
                }, 
                {
                    "gender": "Female", 
                    "dispositions": [
                        {
                            "disposition": "Applications Received", 
                            "count": 2, 
                            "value": 2
                        }, 
                        {
                            "disposition": "Loans Originated", 
                            "count": 0, 
                            "value": 0
                        }, 
                        {
                            "disposition": "Apps. Approved But Not Accepted", 
                            "count": 0, 
                            "value": 0
                        }, 
                        {
                            "disposition": "Aplications Denied", 
                            "count": 2, 
                            "value": 331
                        }, 
                        {
                            "disposition": "Applications Withdrawn", 
                            "count": 0, 
                            "value": 0
                        }, 
                        {
                            "disposition": "Files Closed For Incompleteness", 
                            "count": 0, 
                            "value": 0
                        }
                    ]
                }, 
                {
                    "gender": "Joint (Male/Female)", 
                    "dispositions": [
                        {
                            "disposition": "Applications Received", 
                            "count": 285, 
                            "value": 285
                        }, 
                        {
                            "disposition": "Loans Originated", 
                            "count": 205, 
                            "value": 29002
                        }, 
                        {
                            "disposition": "Apps. Approved But Not Accepted", 
                            "count": 10, 
                            "value": 1372
                        }, 
                        {
                            "disposition": "Aplications Denied", 
                            "count": 32, 
                            "value": 4296
                        }, 
                        {
                            "disposition": "Applications Withdrawn", 
                            "count": 26, 
                            "value": 3966
                        }, 
                        {
                            "disposition": "Files Closed For Incompleteness", 
                            "count": 12, 
                            "value": 1528
                        }
                    ]
                }
            ]
        }, 
        {
            "ethnicity": "Ethnicity Not Available", 
            "dispositions": [
                {
                    "disposition": "Applications Received", 
                    "count": 931, 
                    "value": 152380
                }, 
                {
                    "disposition": "Loans Originated", 
                    "count": 555, 
                    "value": 95818
                }, 
                {
                    "disposition": "Apps. Approved But Not Accepted", 
                    "count": 37, 
                    "value": 5686
                }, 
                {
                    "disposition": "Aplications Denied", 
                    "count": 179, 
                    "value": 27998
                }, 
                {
                    "disposition": "Applications Withdrawn", 
                    "count": 117, 
                    "value": 16866
                }, 
                {
                    "disposition": "Files Closed For Incompleteness", 
                    "count": 43, 
                    "value": 6012
                }
            ], 
            "genders": [
                {
                    "gender": "Male", 
                    "dispositions": [
                        {
                            "disposition": "Applications Received", 
                            "count": 100, 
                            "value": 100
                        }, 
                        {
                            "disposition": "Loans Originated", 
                            "count": 57, 
                            "value": 8650
                        }, 
                        {
                            "disposition": "Apps. Approved But Not Accepted", 
                            "count": 2, 
                            "value": 447
                        }, 
                        {
                            "disposition": "Aplications Denied", 
                            "count": 19, 
                            "value": 2674
                        }, 
                        {
                            "disposition": "Applications Withdrawn", 
                            "count": 16, 
                            "value": 2296
                        }, 
                        {
                            "disposition": "Files Closed For Incompleteness", 
                            "count": 6, 
                            "value": 681
                        }
                    ]
                }, 
                {
                    "gender": "Female", 
                    "dispositions": [
                        {
                            "disposition": "Applications Received", 
                            "count": 65, 
                            "value": 65
                        }, 
                        {
                            "disposition": "Loans Originated", 
                            "count": 37, 
                            "value": 4721
                        }, 
                        {
                            "disposition": "Apps. Approved But Not Accepted", 
                            "count": 3, 
                            "value": 113
                        }, 
                        {
                            "disposition": "Aplications Denied", 
                            "count": 15, 
                            "value": 1608
                        }, 
                        {
                            "disposition": "Applications Withdrawn", 
                            "count": 8, 
                            "value": 1075
                        }, 
                        {
                            "disposition": "Files Closed For Incompleteness", 
                            "count": 2, 
                            "value": 240
                        }
                    ]
                }, 
                {
                    "gender": "Joint (Male/Female)", 
                    "dispositions": [
                        {
                            "disposition": "Applications Received", 
                            "count": 181, 
                            "value": 181
                        }, 
                        {
                            "disposition": "Loans Originated", 
                            "count": 118, 
                            "value": 18571
                        }, 
                        {
                            "disposition": "Apps. Approved But Not Accepted", 
                            "count": 7, 
                            "value": 638
                        }, 
                        {
                            "disposition": "Aplications Denied", 
                            "count": 26, 
                            "value": 4070
                        }, 
                        {
                            "disposition": "Applications Withdrawn", 
                            "count": 22, 
                            "value": 3309
                        }, 
                        {
                            "disposition": "Files Closed For Incompleteness", 
                            "count": 8, 
                            "value": 1125
                        }
                    ]
                }
            ]
        }
    ], 
    "minoritystatuses": [
        {
            "minoritystatus": "White Non-Hispanic", 
            "dispositions": [
                {
                    "disposition": "Applications Received", 
                    "count": 7303, 
                    "value": 1131364
                }, 
                {
                    "disposition": "Loans Originated", 
                    "count": 4778, 
                    "value": 749789
                }, 
                {
                    "disposition": "Apps. Approved But Not Accepted", 
                    "count": 297, 
                    "value": 45362
                }, 
                {
                    "disposition": "Aplications Denied", 
                    "count": 1088, 
                    "value": 164280
                }, 
                {
                    "disposition": "Applications Withdrawn", 
                    "count": 801, 
                    "value": 120513
                }, 
                {
                    "disposition": "Files Closed For Incompleteness", 
                    "count": 339, 
                    "value": 51420
                }
            ], 
            "genders": [
                {
                    "gender": "Male", 
                    "dispositions": [
                        {
                            "disposition": "Applications Received", 
                            "count": 277716, 
                            "value": 0
                        }, 
                        {
                            "disposition": "Loans Originated", 
                            "count": 1110, 
                            "value": 169510
                        }, 
                        {
                            "disposition": "Apps. Approved But Not Accepted", 
                            "count": 88, 
                            "value": 14723
                        }, 
                        {
                            "disposition": "Aplications Denied", 
                            "count": 300, 
                            "value": 43728
                        }, 
                        {
                            "disposition": "Applications Withdrawn", 
                            "count": 222, 
                            "value": 32894
                        }, 
                        {
                            "disposition": "Files Closed For Incompleteness", 
                            "count": 100, 
                            "value": 15041
                        }
                    ]
                }, 
                {
                    "gender": "Female", 
                    "dispositions": [
                        {
                            "disposition": "Applications Received", 
                            "count": 157929, 
                            "value": 0
                        }, 
                        {
                            "disposition": "Loans Originated", 
                            "count": 736, 
                            "value": 99520
                        }, 
                        {
                            "disposition": "Apps. Approved But Not Accepted", 
                            "count": 54, 
                            "value": 6767
                        }, 
                        {
                            "disposition": "Aplications Denied", 
                            "count": 211, 
                            "value": 25406
                        }, 
                        {
                            "disposition": "Applications Withdrawn", 
                            "count": 130, 
                            "value": 18197
                        }, 
                        {
                            "disposition": "Files Closed For Incompleteness", 
                            "count": 51, 
                            "value": 6857
                        }
                    ]
                }, 
                {
                    "gender": "Joint (Male/Female)", 
                    "dispositions": [
                        {
                            "disposition": "Applications Received", 
                            "count": 597906, 
                            "value": 0
                        }, 
                        {
                            "disposition": "Loans Originated", 
                            "count": 2581, 
                            "value": 415473
                        }, 
                        {
                            "disposition": "Apps. Approved But Not Accepted", 
                            "count": 129, 
                            "value": 19306
                        }, 
                        {
                            "disposition": "Aplications Denied", 
                            "count": 457, 
                            "value": 75310
                        }, 
                        {
                            "disposition": "Applications Withdrawn", 
                            "count": 372, 
                            "value": 58461
                        }, 
                        {
                            "disposition": "Files Closed For Incompleteness", 
                            "count": 162, 
                            "value": 25655
                        }
                    ]
                }
            ]
        }, 
        {
            "minoritystatus": "Others, Including Hispanic", 
            "dispositions": [
                {
                    "disposition": "Applications Received", 
                    "count": 1785, 
                    "value": 236202
                }, 
                {
                    "disposition": "Loans Originated", 
                    "count": 1138, 
                    "value": 154958
                }, 
                {
                    "disposition": "Apps. Approved But Not Accepted", 
                    "count": 57, 
                    "value": 8103
                }, 
                {
                    "disposition": "Aplications Denied", 
                    "count": 306, 
                    "value": 36401
                }, 
                {
                    "disposition": "Applications Withdrawn", 
                    "count": 194, 
                    "value": 24710
                }, 
                {
                    "disposition": "Files Closed For Incompleteness", 
                    "count": 90, 
                    "value": 12030
                }
            ], 
            "genders": [
                {
                    "gender": "Male", 
                    "dispositions": [
                        {
                            "disposition": "Applications Received", 
                            "count": 66325, 
                            "value": 0
                        }, 
                        {
                            "disposition": "Loans Originated", 
                            "count": 322, 
                            "value": 43460
                        }, 
                        {
                            "disposition": "Apps. Approved But Not Accepted", 
                            "count": 13, 
                            "value": 1658
                        }, 
                        {
                            "disposition": "Aplications Denied", 
                            "count": 87, 
                            "value": 10667
                        }, 
                        {
                            "disposition": "Applications Withdrawn", 
                            "count": 55, 
                            "value": 7067
                        }, 
                        {
                            "disposition": "Files Closed For Incompleteness", 
                            "count": 22, 
                            "value": 2974
                        }
                    ]
                }, 
                {
                    "gender": "Female", 
                    "dispositions": [
                        {
                            "disposition": "Applications Received", 
                            "count": 39333, 
                            "value": 0
                        }, 
                        {
                            "disposition": "Loans Originated", 
                            "count": 184, 
                            "value": 23456
                        }, 
                        {
                            "disposition": "Apps. Approved But Not Accepted", 
                            "count": 11, 
                            "value": 1657
                        }, 
                        {
                            "disposition": "Aplications Denied", 
                            "count": 81, 
                            "value": 8824
                        }, 
                        {
                            "disposition": "Applications Withdrawn", 
                            "count": 30, 
                            "value": 3388
                        }, 
                        {
                            "disposition": "Files Closed For Incompleteness", 
                            "count": 14, 
                            "value": 1688
                        }
                    ]
                }, 
                {
                    "gender": "Joint (Male/Female)", 
                    "dispositions": [
                        {
                            "disposition": "Applications Received", 
                            "count": 131492, 
                            "value": 0
                        }, 
                        {
                            "disposition": "Loans Originated", 
                            "count": 626, 
                            "value": 87389
                        }, 
                        {
                            "disposition": "Apps. Approved But Not Accepted", 
                            "count": 33, 
                            "value": 4788
                        }, 
                        {
                            "disposition": "Aplications Denied", 
                            "count": 137, 
                            "value": 16833
                        }, 
                        {
                            "disposition": "Applications Withdrawn", 
                            "count": 109, 
                            "value": 14255
                        }, 
                        {
                            "disposition": "Files Closed For Incompleteness", 
                            "count": 53, 
                            "value": 7269
                        }
                    ]
                }
            ]
        }
    ], 
    "incomes": [
        {
            "income": "Less than 50% of MSA/MD median", 
            "dispositions": [
                {
                    "disposition": "Applications Received", 
                    "count": 464, 
                    "value": 52580
                }, 
                {
                    "disposition": "Loans Originated", 
                    "count": 279, 
                    "value": 33304
                }, 
                {
                    "disposition": "Apps. Approved But Not Accepted", 
                    "count": 15, 
                    "value": 1726
                }, 
                {
                    "disposition": "Aplications Denied", 
                    "count": 100, 
                    "value": 9761
                }, 
                {
                    "disposition": "Applications Withdrawn", 
                    "count": 44, 
                    "value": 5004
                }, 
                {
                    "disposition": "Files Closed For Incompleteness", 
                    "count": 26, 
                    "value": 2785
                }
            ]
        }, 
        {
            "income": "50-79% of MSA/MD median", 
            "dispositions": [
                {
                    "disposition": "Applications Received", 
                    "count": 768, 
                    "value": 81011
                }, 
                {
                    "disposition": "Loans Originated", 
                    "count": 457, 
                    "value": 48260
                }, 
                {
                    "disposition": "Apps. Approved But Not Accepted", 
                    "count": 21, 
                    "value": 2171
                }, 
                {
                    "disposition": "Aplications Denied", 
                    "count": 146, 
                    "value": 14609
                }, 
                {
                    "disposition": "Applications Withdrawn", 
                    "count": 91, 
                    "value": 10137
                }, 
                {
                    "disposition": "Files Closed For Incompleteness", 
                    "count": 53, 
                    "value": 5834
                }
            ]
        }, 
        {
            "income": "80-99% of MSA/MD median", 
            "dispositions": [
                {
                    "disposition": "Applications Received", 
                    "count": 706, 
                    "value": 84165
                }, 
                {
                    "disposition": "Loans Originated", 
                    "count": 444, 
                    "value": 52916
                }, 
                {
                    "disposition": "Apps. Approved But Not Accepted", 
                    "count": 18, 
                    "value": 2103
                }, 
                {
                    "disposition": "Aplications Denied", 
                    "count": 120, 
                    "value": 14266
                }, 
                {
                    "disposition": "Applications Withdrawn", 
                    "count": 88, 
                    "value": 10036
                }, 
                {
                    "disposition": "Files Closed For Incompleteness", 
                    "count": 36, 
                    "value": 4844
                }
            ]
        }, 
        {
            "income": "100-119% of MSA/MD median", 
            "dispositions": [
                {
                    "disposition": "Applications Received", 
                    "count": 690, 
                    "value": 85921
                }, 
                {
                    "disposition": "Loans Originated", 
                    "count": 447, 
                    "value": 55502
                }, 
                {
                    "disposition": "Apps. Approved But Not Accepted", 
                    "count": 35, 
                    "value": 4294
                }, 
                {
                    "disposition": "Aplications Denied", 
                    "count": 104, 
                    "value": 13252
                }, 
                {
                    "disposition": "Applications Withdrawn", 
                    "count": 72, 
                    "value": 8388
                }, 
                {
                    "disposition": "Files Closed For Incompleteness", 
                    "count": 32, 
                    "value": 4485
                }
            ]
        }, 
        {
            "income": "120% or more of MSA/MD median", 
            "dispositions": [
                {
                    "disposition": "Applications Received", 
                    "count": 6025, 
                    "value": 980818
                }, 
                {
                    "disposition": "Loans Originated", 
                    "count": 3988, 
                    "value": 652617
                }, 
                {
                    "disposition": "Apps. Approved But Not Accepted", 
                    "count": 248, 
                    "value": 40302
                }, 
                {
                    "disposition": "Aplications Denied", 
                    "count": 854, 
                    "value": 137152
                }, 
                {
                    "disposition": "Applications Withdrawn", 
                    "count": 670, 
                    "value": 107256
                }, 
                {
                    "disposition": "Files Closed For Incompleteness", 
                    "count": 265, 
                    "value": 43491
                }
            ]
        }, 
        {
            "income": "Income not available", 
            "dispositions": [
                {
                    "disposition": "Applications Received", 
                    "count": 435, 
                    "value": 83071
                }, 
                {
                    "disposition": "Loans Originated", 
                    "count": 301, 
                    "value": 62148
                }, 
                {
                    "disposition": "Apps. Approved But Not Accepted", 
                    "count": 17, 
                    "value": 2869
                }, 
                {
                    "disposition": "Aplications Denied", 
                    "count": 70, 
                    "value": 11641
                }, 
                {
                    "disposition": "Applications Withdrawn", 
                    "count": 30, 
                    "value": 4402
                }, 
                {
                    "disposition": "Files Closed For Incompleteness", 
                    "count": 17, 
                    "value": 2011
                }
            ]
        }
    ], 
    "total": [
        {
            "disposition": "Applications Received", 
            "count": 0, 
            "value": 0
        }, 
        {
            "disposition": "Loans Originated", 
            "count": 5916, 
            "value": 904747
        }, 
        {
            "disposition": "Apps. Approved But Not Accepted", 
            "count": 354, 
            "value": 53465
        }, 
        {
            "disposition": "Aplications Denied", 
            "count": 1394, 
            "value": 200681
        }, 
        {
            "disposition": "Applications Withdrawn", 
            "count": 995, 
            "value": 145223
        }, 
        {
            "disposition": "Files Closed For Incompleteness", 
            "count": 429, 
            "value": 63450
        }
    ]
}