{
    "table": "4-3", 
    "type": "Aggregate", 
    "desc": "Disposition of applications to refinnace loans on 1- to 4- family and manufactured home dwellings, by race, ethnicity, gender and income of applicant", 
    "year": "2012", 
    "report-date": "04/03/2015", 
    "msa": {
        "id": "19460", 
        "name": "Decatur", 
        "state": "AL", 
        "state_name": "Alabama"
    }, 
    "races": [
        {
            "race": "American Indian/Alaska Native", 
            "dispositions": [
                {
                    "disposition": "Applications Received", 
                    "count": 13, 
                    "value": 1635
                }, 
                {
                    "disposition": "Loans Originated", 
                    "count": 5, 
                    "value": 660
                }, 
                {
                    "disposition": "Apps. Approved But Not Accepted", 
                    "count": 0, 
                    "value": 0
                }, 
                {
                    "disposition": "Aplications Denied", 
                    "count": 3, 
                    "value": 175
                }, 
                {
                    "disposition": "Applications Withdrawn", 
                    "count": 3, 
                    "value": 592
                }, 
                {
                    "disposition": "Files Closed For Incompleteness", 
                    "count": 2, 
                    "value": 208
                }
            ], 
            "genders": [
                {
                    "gender": "Male", 
                    "dispositions": [
                        {
                            "disposition": "Applications Received", 
                            "count": 8, 
                            "value": 1088
                        }, 
                        {
                            "disposition": "Loans Originated", 
                            "count": 3, 
                            "value": 360
                        }, 
                        {
                            "disposition": "Apps. Approved But Not Accepted", 
                            "count": 0, 
                            "value": 0
                        }, 
                        {
                            "disposition": "Aplications Denied", 
                            "count": 2, 
                            "value": 107
                        }, 
                        {
                            "disposition": "Applications Withdrawn", 
                            "count": 2, 
                            "value": 489
                        }, 
                        {
                            "disposition": "Files Closed For Incompleteness", 
                            "count": 1, 
                            "value": 132
                        }
                    ]
                }, 
                {
                    "gender": "Female", 
                    "dispositions": [
                        {
                            "disposition": "Applications Received", 
                            "count": 2, 
                            "value": 171
                        }, 
                        {
                            "disposition": "Loans Originated", 
                            "count": 0, 
                            "value": 0
                        }, 
                        {
                            "disposition": "Apps. Approved But Not Accepted", 
                            "count": 0, 
                            "value": 0
                        }, 
                        {
                            "disposition": "Aplications Denied", 
                            "count": 1, 
                            "value": 68
                        }, 
                        {
                            "disposition": "Applications Withdrawn", 
                            "count": 1, 
                            "value": 103
                        }, 
                        {
                            "disposition": "Files Closed For Incompleteness", 
                            "count": 0, 
                            "value": 0
                        }
                    ]
                }, 
                {
                    "gender": "Joint (Male/Female)", 
                    "dispositions": [
                        {
                            "disposition": "Applications Received", 
                            "count": 3, 
                            "value": 376
                        }, 
                        {
                            "disposition": "Loans Originated", 
                            "count": 2, 
                            "value": 300
                        }, 
                        {
                            "disposition": "Apps. Approved But Not Accepted", 
                            "count": 0, 
                            "value": 0
                        }, 
                        {
                            "disposition": "Aplications Denied", 
                            "count": 0, 
                            "value": 0
                        }, 
                        {
                            "disposition": "Applications Withdrawn", 
                            "count": 0, 
                            "value": 0
                        }, 
                        {
                            "disposition": "Files Closed For Incompleteness", 
                            "count": 1, 
                            "value": 76
                        }
                    ]
                }
            ]
        }, 
        {
            "race": "Asian", 
            "dispositions": [
                {
                    "disposition": "Applications Received", 
                    "count": 20, 
                    "value": 1795
                }, 
                {
                    "disposition": "Loans Originated", 
                    "count": 11, 
                    "value": 699
                }, 
                {
                    "disposition": "Apps. Approved But Not Accepted", 
                    "count": 2, 
                    "value": 169
                }, 
                {
                    "disposition": "Aplications Denied", 
                    "count": 5, 
                    "value": 649
                }, 
                {
                    "disposition": "Applications Withdrawn", 
                    "count": 1, 
                    "value": 98
                }, 
                {
                    "disposition": "Files Closed For Incompleteness", 
                    "count": 1, 
                    "value": 180
                }
            ], 
            "genders": [
                {
                    "gender": "Male", 
                    "dispositions": [
                        {
                            "disposition": "Applications Received", 
                            "count": 9, 
                            "value": 819
                        }, 
                        {
                            "disposition": "Loans Originated", 
                            "count": 4, 
                            "value": 280
                        }, 
                        {
                            "disposition": "Apps. Approved But Not Accepted", 
                            "count": 2, 
                            "value": 169
                        }, 
                        {
                            "disposition": "Aplications Denied", 
                            "count": 3, 
                            "value": 370
                        }, 
                        {
                            "disposition": "Applications Withdrawn", 
                            "count": 0, 
                            "value": 0
                        }, 
                        {
                            "disposition": "Files Closed For Incompleteness", 
                            "count": 0, 
                            "value": 0
                        }
                    ]
                }, 
                {
                    "gender": "Female", 
                    "dispositions": [
                        {
                            "disposition": "Applications Received", 
                            "count": 7, 
                            "value": 554
                        }, 
                        {
                            "disposition": "Loans Originated", 
                            "count": 5, 
                            "value": 302
                        }, 
                        {
                            "disposition": "Apps. Approved But Not Accepted", 
                            "count": 0, 
                            "value": 0
                        }, 
                        {
                            "disposition": "Aplications Denied", 
                            "count": 1, 
                            "value": 154
                        }, 
                        {
                            "disposition": "Applications Withdrawn", 
                            "count": 1, 
                            "value": 98
                        }, 
                        {
                            "disposition": "Files Closed For Incompleteness", 
                            "count": 0, 
                            "value": 0
                        }
                    ]
                }, 
                {
                    "gender": "Joint (Male/Female)", 
                    "dispositions": [
                        {
                            "disposition": "Applications Received", 
                            "count": 4, 
                            "value": 422
                        }, 
                        {
                            "disposition": "Loans Originated", 
                            "count": 2, 
                            "value": 117
                        }, 
                        {
                            "disposition": "Apps. Approved But Not Accepted", 
                            "count": 0, 
                            "value": 0
                        }, 
                        {
                            "disposition": "Aplications Denied", 
                            "count": 1, 
                            "value": 125
                        }, 
                        {
                            "disposition": "Applications Withdrawn", 
                            "count": 0, 
                            "value": 0
                        }, 
                        {
                            "disposition": "Files Closed For Incompleteness", 
                            "count": 1, 
                            "value": 180
                        }
                    ]
                }
            ]
        }, 
        {
            "race": "Black or African American", 
            "dispositions": [
                {
                    "disposition": "Applications Received", 
                    "count": 22, 
                    "value": 3110
                }, 
                {
                    "disposition": "Loans Originated", 
                    "count": 10, 
                    "value": 1183
                }, 
                {
                    "disposition": "Apps. Approved But Not Accepted", 
                    "count": 1, 
                    "value": 144
                }, 
                {
                    "disposition": "Aplications Denied", 
                    "count": 3, 
                    "value": 300
                }, 
                {
                    "disposition": "Applications Withdrawn", 
                    "count": 1, 
                    "value": 316
                }, 
                {
                    "disposition": "Files Closed For Incompleteness", 
                    "count": 7, 
                    "value": 1167
                }
            ], 
            "genders": [
                {
                    "gender": "Male", 
                    "dispositions": [
                        {
                            "disposition": "Applications Received", 
                            "count": 8, 
                            "value": 1479
                        }, 
                        {
                            "disposition": "Loans Originated", 
                            "count": 3, 
                            "value": 366
                        }, 
                        {
                            "disposition": "Apps. Approved But Not Accepted", 
                            "count": 0, 
                            "value": 0
                        }, 
                        {
                            "disposition": "Aplications Denied", 
                            "count": 2, 
                            "value": 231
                        }, 
                        {
                            "disposition": "Applications Withdrawn", 
                            "count": 1, 
                            "value": 316
                        }, 
                        {
                            "disposition": "Files Closed For Incompleteness", 
                            "count": 2, 
                            "value": 566
                        }
                    ]
                }, 
                {
                    "gender": "Female", 
                    "dispositions": [
                        {
                            "disposition": "Applications Received", 
                            "count": 12, 
                            "value": 1388
                        }, 
                        {
                            "disposition": "Loans Originated", 
                            "count": 6, 
                            "value": 760
                        }, 
                        {
                            "disposition": "Apps. Approved But Not Accepted", 
                            "count": 1, 
                            "value": 144
                        }, 
                        {
                            "disposition": "Aplications Denied", 
                            "count": 1, 
                            "value": 69
                        }, 
                        {
                            "disposition": "Applications Withdrawn", 
                            "count": 0, 
                            "value": 0
                        }, 
                        {
                            "disposition": "Files Closed For Incompleteness", 
                            "count": 4, 
                            "value": 415
                        }
                    ]
                }, 
                {
                    "gender": "Joint (Male/Female)", 
                    "dispositions": [
                        {
                            "disposition": "Applications Received", 
                            "count": 2, 
                            "value": 243
                        }, 
                        {
                            "disposition": "Loans Originated", 
                            "count": 1, 
                            "value": 57
                        }, 
                        {
                            "disposition": "Apps. Approved But Not Accepted", 
                            "count": 0, 
                            "value": 0
                        }, 
                        {
                            "disposition": "Aplications Denied", 
                            "count": 0, 
                            "value": 0
                        }, 
                        {
                            "disposition": "Applications Withdrawn", 
                            "count": 0, 
                            "value": 0
                        }, 
                        {
                            "disposition": "Files Closed For Incompleteness", 
                            "count": 1, 
                            "value": 186
                        }
                    ]
                }
            ]
        }, 
        {
            "race": "Native Hawaiian or Other Pacific Islander", 
            "dispositions": [
                {
                    "disposition": "Applications Received", 
                    "count": 247, 
                    "value": 26048
                }, 
                {
                    "disposition": "Loans Originated", 
                    "count": 103, 
                    "value": 10821
                }, 
                {
                    "disposition": "Apps. Approved But Not Accepted", 
                    "count": 21, 
                    "value": 1979
                }, 
                {
                    "disposition": "Aplications Denied", 
                    "count": 71, 
                    "value": 7116
                }, 
                {
                    "disposition": "Applications Withdrawn", 
                    "count": 36, 
                    "value": 3729
                }, 
                {
                    "disposition": "Files Closed For Incompleteness", 
                    "count": 16, 
                    "value": 2403
                }
            ], 
            "genders": [
                {
                    "gender": "Male", 
                    "dispositions": [
                        {
                            "disposition": "Applications Received", 
                            "count": 96, 
                            "value": 10418
                        }, 
                        {
                            "disposition": "Loans Originated", 
                            "count": 46, 
                            "value": 4991
                        }, 
                        {
                            "disposition": "Apps. Approved But Not Accepted", 
                            "count": 8, 
                            "value": 781
                        }, 
                        {
                            "disposition": "Aplications Denied", 
                            "count": 23, 
                            "value": 2340
                        }, 
                        {
                            "disposition": "Applications Withdrawn", 
                            "count": 15, 
                            "value": 1464
                        }, 
                        {
                            "disposition": "Files Closed For Incompleteness", 
                            "count": 4, 
                            "value": 842
                        }
                    ]
                }, 
                {
                    "gender": "Female", 
                    "dispositions": [
                        {
                            "disposition": "Applications Received", 
                            "count": 81, 
                            "value": 7361
                        }, 
                        {
                            "disposition": "Loans Originated", 
                            "count": 26, 
                            "value": 2180
                        }, 
                        {
                            "disposition": "Apps. Approved But Not Accepted", 
                            "count": 6, 
                            "value": 472
                        }, 
                        {
                            "disposition": "Aplications Denied", 
                            "count": 29, 
                            "value": 2439
                        }, 
                        {
                            "disposition": "Applications Withdrawn", 
                            "count": 10, 
                            "value": 1031
                        }, 
                        {
                            "disposition": "Files Closed For Incompleteness", 
                            "count": 10, 
                            "value": 1239
                        }
                    ]
                }, 
                {
                    "gender": "Joint (Male/Female)", 
                    "dispositions": [
                        {
                            "disposition": "Applications Received", 
                            "count": 70, 
                            "value": 8269
                        }, 
                        {
                            "disposition": "Loans Originated", 
                            "count": 31, 
                            "value": 3650
                        }, 
                        {
                            "disposition": "Apps. Approved But Not Accepted", 
                            "count": 7, 
                            "value": 726
                        }, 
                        {
                            "disposition": "Aplications Denied", 
                            "count": 19, 
                            "value": 2337
                        }, 
                        {
                            "disposition": "Applications Withdrawn", 
                            "count": 11, 
                            "value": 1234
                        }, 
                        {
                            "disposition": "Files Closed For Incompleteness", 
                            "count": 2, 
                            "value": 322
                        }
                    ]
                }
            ]
        }, 
        {
            "race": "White", 
            "dispositions": [
                {
                    "disposition": "Applications Received", 
                    "count": 3, 
                    "value": 207
                }, 
                {
                    "disposition": "Loans Originated", 
                    "count": 1, 
                    "value": 46
                }, 
                {
                    "disposition": "Apps. Approved But Not Accepted", 
                    "count": 0, 
                    "value": 0
                }, 
                {
                    "disposition": "Aplications Denied", 
                    "count": 1, 
                    "value": 76
                }, 
                {
                    "disposition": "Applications Withdrawn", 
                    "count": 0, 
                    "value": 0
                }, 
                {
                    "disposition": "Files Closed For Incompleteness", 
                    "count": 1, 
                    "value": 85
                }
            ], 
            "genders": [
                {
                    "gender": "Male", 
                    "dispositions": [
                        {
                            "disposition": "Applications Received", 
                            "count": 3, 
                            "value": 207
                        }, 
                        {
                            "disposition": "Loans Originated", 
                            "count": 1, 
                            "value": 46
                        }, 
                        {
                            "disposition": "Apps. Approved But Not Accepted", 
                            "count": 0, 
                            "value": 0
                        }, 
                        {
                            "disposition": "Aplications Denied", 
                            "count": 1, 
                            "value": 76
                        }, 
                        {
                            "disposition": "Applications Withdrawn", 
                            "count": 0, 
                            "value": 0
                        }, 
                        {
                            "disposition": "Files Closed For Incompleteness", 
                            "count": 1, 
                            "value": 85
                        }
                    ]
                }, 
                {
                    "gender": "Female", 
                    "dispositions": [
                        {
                            "disposition": "Applications Received", 
                            "count": 0, 
                            "value": 0
                        }, 
                        {
                            "disposition": "Loans Originated", 
                            "count": 0, 
                            "value": 0
                        }, 
                        {
                            "disposition": "Apps. Approved But Not Accepted", 
                            "count": 0, 
                            "value": 0
                        }, 
                        {
                            "disposition": "Aplications Denied", 
                            "count": 0, 
                            "value": 0
                        }, 
                        {
                            "disposition": "Applications Withdrawn", 
                            "count": 0, 
                            "value": 0
                        }, 
                        {
                            "disposition": "Files Closed For Incompleteness", 
                            "count": 0, 
                            "value": 0
                        }
                    ]
                }, 
                {
                    "gender": "Joint (Male/Female)", 
                    "dispositions": [
                        {
                            "disposition": "Applications Received", 
                            "count": 0, 
                            "value": 0
                        }, 
                        {
                            "disposition": "Loans Originated", 
                            "count": 0, 
                            "value": 0
                        }, 
                        {
                            "disposition": "Apps. Approved But Not Accepted", 
                            "count": 0, 
                            "value": 0
                        }, 
                        {
                            "disposition": "Aplications Denied", 
                            "count": 0, 
                            "value": 0
                        }, 
                        {
                            "disposition": "Applications Withdrawn", 
                            "count": 0, 
                            "value": 0
                        }, 
                        {
                            "disposition": "Files Closed For Incompleteness", 
                            "count": 0, 
                            "value": 0
                        }
                    ]
                }
            ]
        }, 
        {
            "race": "2 or more minority races", 
            "dispositions": [
                {
                    "disposition": "Applications Received", 
                    "count": 3842, 
                    "value": 508096
                }, 
                {
                    "disposition": "Loans Originated", 
                    "count": 2128, 
                    "value": 287504
                }, 
                {
                    "disposition": "Apps. Approved But Not Accepted", 
                    "count": 178, 
                    "value": 23125
                }, 
                {
                    "disposition": "Aplications Denied", 
                    "count": 817, 
                    "value": 97331
                }, 
                {
                    "disposition": "Applications Withdrawn", 
                    "count": 552, 
                    "value": 77407
                }, 
                {
                    "disposition": "Files Closed For Incompleteness", 
                    "count": 167, 
                    "value": 22729
                }
            ], 
            "genders": [
                {
                    "gender": "Male", 
                    "dispositions": [
                        {
                            "disposition": "Applications Received", 
                            "count": 1207, 
                            "value": 155797
                        }, 
                        {
                            "disposition": "Loans Originated", 
                            "count": 613, 
                            "value": 79142
                        }, 
                        {
                            "disposition": "Apps. Approved But Not Accepted", 
                            "count": 69, 
                            "value": 9124
                        }, 
                        {
                            "disposition": "Aplications Denied", 
                            "count": 250, 
                            "value": 29227
                        }, 
                        {
                            "disposition": "Applications Withdrawn", 
                            "count": 208, 
                            "value": 29115
                        }, 
                        {
                            "disposition": "Files Closed For Incompleteness", 
                            "count": 67, 
                            "value": 9189
                        }
                    ]
                }, 
                {
                    "gender": "Female", 
                    "dispositions": [
                        {
                            "disposition": "Applications Received", 
                            "count": 664, 
                            "value": 66322
                        }, 
                        {
                            "disposition": "Loans Originated", 
                            "count": 366, 
                            "value": 36699
                        }, 
                        {
                            "disposition": "Apps. Approved But Not Accepted", 
                            "count": 27, 
                            "value": 2667
                        }, 
                        {
                            "disposition": "Aplications Denied", 
                            "count": 169, 
                            "value": 16362
                        }, 
                        {
                            "disposition": "Applications Withdrawn", 
                            "count": 78, 
                            "value": 8290
                        }, 
                        {
                            "disposition": "Files Closed For Incompleteness", 
                            "count": 24, 
                            "value": 2304
                        }
                    ]
                }, 
                {
                    "gender": "Joint (Male/Female)", 
                    "dispositions": [
                        {
                            "disposition": "Applications Received", 
                            "count": 1966, 
                            "value": 285061
                        }, 
                        {
                            "disposition": "Loans Originated", 
                            "count": 1148, 
                            "value": 171287
                        }, 
                        {
                            "disposition": "Apps. Approved But Not Accepted", 
                            "count": 82, 
                            "value": 11334
                        }, 
                        {
                            "disposition": "Aplications Denied", 
                            "count": 397, 
                            "value": 51690
                        }, 
                        {
                            "disposition": "Applications Withdrawn", 
                            "count": 265, 
                            "value": 39872
                        }, 
                        {
                            "disposition": "Files Closed For Incompleteness", 
                            "count": 74, 
                            "value": 10878
                        }
                    ]
                }
            ]
        }, 
        {
            "race": "Joint (White/Minority Race", 
            "dispositions": [
                {
                    "disposition": "Applications Received", 
                    "count": 53, 
                    "value": 7376
                }, 
                {
                    "disposition": "Loans Originated", 
                    "count": 25, 
                    "value": 3518
                }, 
                {
                    "disposition": "Apps. Approved But Not Accepted", 
                    "count": 7, 
                    "value": 1256
                }, 
                {
                    "disposition": "Aplications Denied", 
                    "count": 8, 
                    "value": 1264
                }, 
                {
                    "disposition": "Applications Withdrawn", 
                    "count": 10, 
                    "value": 1107
                }, 
                {
                    "disposition": "Files Closed For Incompleteness", 
                    "count": 3, 
                    "value": 231
                }
            ], 
            "genders": [
                {
                    "gender": "Male", 
                    "dispositions": [
                        {
                            "disposition": "Applications Received", 
                            "count": 0, 
                            "value": 0
                        }, 
                        {
                            "disposition": "Loans Originated", 
                            "count": 0, 
                            "value": 0
                        }, 
                        {
                            "disposition": "Apps. Approved But Not Accepted", 
                            "count": 0, 
                            "value": 0
                        }, 
                        {
                            "disposition": "Aplications Denied", 
                            "count": 0, 
                            "value": 0
                        }, 
                        {
                            "disposition": "Applications Withdrawn", 
                            "count": 0, 
                            "value": 0
                        }, 
                        {
                            "disposition": "Files Closed For Incompleteness", 
                            "count": 0, 
                            "value": 0
                        }
                    ]
                }, 
                {
                    "gender": "Female", 
                    "dispositions": [
                        {
                            "disposition": "Applications Received", 
                            "count": 0, 
                            "value": 0
                        }, 
                        {
                            "disposition": "Loans Originated", 
                            "count": 0, 
                            "value": 0
                        }, 
                        {
                            "disposition": "Apps. Approved But Not Accepted", 
                            "count": 0, 
                            "value": 0
                        }, 
                        {
                            "disposition": "Aplications Denied", 
                            "count": 0, 
                            "value": 0
                        }, 
                        {
                            "disposition": "Applications Withdrawn", 
                            "count": 0, 
                            "value": 0
                        }, 
                        {
                            "disposition": "Files Closed For Incompleteness", 
                            "count": 0, 
                            "value": 0
                        }
                    ]
                }, 
                {
                    "gender": "Joint (Male/Female)", 
                    "dispositions": [
                        {
                            "disposition": "Applications Received", 
                            "count": 53, 
                            "value": 7376
                        }, 
                        {
                            "disposition": "Loans Originated", 
                            "count": 25, 
                            "value": 3518
                        }, 
                        {
                            "disposition": "Apps. Approved But Not Accepted", 
                            "count": 7, 
                            "value": 1256
                        }, 
                        {
                            "disposition": "Aplications Denied", 
                            "count": 8, 
                            "value": 1264
                        }, 
                        {
                            "disposition": "Applications Withdrawn", 
                            "count": 10, 
                            "value": 1107
                        }, 
                        {
                            "disposition": "Files Closed For Incompleteness", 
                            "count": 3, 
                            "value": 231
                        }
                    ]
                }
            ]
        }, 
        {
            "race": "Not Available", 
            "dispositions": [
                {
                    "disposition": "Applications Received", 
                    "count": 400, 
                    "value": 54460
                }, 
                {
                    "disposition": "Loans Originated", 
                    "count": 144, 
                    "value": 20492
                }, 
                {
                    "disposition": "Apps. Approved But Not Accepted", 
                    "count": 18, 
                    "value": 3487
                }, 
                {
                    "disposition": "Aplications Denied", 
                    "count": 104, 
                    "value": 12519
                }, 
                {
                    "disposition": "Applications Withdrawn", 
                    "count": 105, 
                    "value": 14364
                }, 
                {
                    "disposition": "Files Closed For Incompleteness", 
                    "count": 29, 
                    "value": 3598
                }
            ], 
            "genders": [
                {
                    "gender": "Male", 
                    "dispositions": [
                        {
                            "disposition": "Applications Received", 
                            "count": 80, 
                            "value": 11198
                        }, 
                        {
                            "disposition": "Loans Originated", 
                            "count": 16, 
                            "value": 3150
                        }, 
                        {
                            "disposition": "Apps. Approved But Not Accepted", 
                            "count": 2, 
                            "value": 120
                        }, 
                        {
                            "disposition": "Aplications Denied", 
                            "count": 22, 
                            "value": 2352
                        }, 
                        {
                            "disposition": "Applications Withdrawn", 
                            "count": 37, 
                            "value": 5236
                        }, 
                        {
                            "disposition": "Files Closed For Incompleteness", 
                            "count": 3, 
                            "value": 340
                        }
                    ]
                }, 
                {
                    "gender": "Female", 
                    "dispositions": [
                        {
                            "disposition": "Applications Received", 
                            "count": 48, 
                            "value": 4937
                        }, 
                        {
                            "disposition": "Loans Originated", 
                            "count": 8, 
                            "value": 861
                        }, 
                        {
                            "disposition": "Apps. Approved But Not Accepted", 
                            "count": 0, 
                            "value": 0
                        }, 
                        {
                            "disposition": "Aplications Denied", 
                            "count": 15, 
                            "value": 1369
                        }, 
                        {
                            "disposition": "Applications Withdrawn", 
                            "count": 17, 
                            "value": 1855
                        }, 
                        {
                            "disposition": "Files Closed For Incompleteness", 
                            "count": 8, 
                            "value": 852
                        }
                    ]
                }, 
                {
                    "gender": "Joint (Male/Female)", 
                    "dispositions": [
                        {
                            "disposition": "Applications Received", 
                            "count": 72, 
                            "value": 9961
                        }, 
                        {
                            "disposition": "Loans Originated", 
                            "count": 22, 
                            "value": 3543
                        }, 
                        {
                            "disposition": "Apps. Approved But Not Accepted", 
                            "count": 4, 
                            "value": 608
                        }, 
                        {
                            "disposition": "Aplications Denied", 
                            "count": 25, 
                            "value": 3042
                        }, 
                        {
                            "disposition": "Applications Withdrawn", 
                            "count": 18, 
                            "value": 2381
                        }, 
                        {
                            "disposition": "Files Closed For Incompleteness", 
                            "count": 3, 
                            "value": 387
                        }
                    ]
                }
            ]
        }
    ], 
    "ethnicities": [
        {
            "ethnicity": "Hispanic or Latino", 
            "dispositions": [
                {
                    "disposition": "Applications Received", 
                    "count": 49, 
                    "value": 4690
                }, 
                {
                    "disposition": "Loans Originated", 
                    "count": 21, 
                    "value": 1998
                }, 
                {
                    "disposition": "Apps. Approved But Not Accepted", 
                    "count": 4, 
                    "value": 331
                }, 
                {
                    "disposition": "Aplications Denied", 
                    "count": 13, 
                    "value": 1184
                }, 
                {
                    "disposition": "Applications Withdrawn", 
                    "count": 6, 
                    "value": 810
                }, 
                {
                    "disposition": "Files Closed For Incompleteness", 
                    "count": 5, 
                    "value": 367
                }
            ], 
            "genders": [
                {
                    "gender": "Male", 
                    "dispositions": [
                        {
                            "disposition": "Applications Received", 
                            "count": 21, 
                            "value": 21
                        }, 
                        {
                            "disposition": "Loans Originated", 
                            "count": 9, 
                            "value": 855
                        }, 
                        {
                            "disposition": "Apps. Approved But Not Accepted", 
                            "count": 2, 
                            "value": 145
                        }, 
                        {
                            "disposition": "Aplications Denied", 
                            "count": 6, 
                            "value": 480
                        }, 
                        {
                            "disposition": "Applications Withdrawn", 
                            "count": 2, 
                            "value": 369
                        }, 
                        {
                            "disposition": "Files Closed For Incompleteness", 
                            "count": 2, 
                            "value": 116
                        }
                    ]
                }, 
                {
                    "gender": "Female", 
                    "dispositions": [
                        {
                            "disposition": "Applications Received", 
                            "count": 10, 
                            "value": 10
                        }, 
                        {
                            "disposition": "Loans Originated", 
                            "count": 4, 
                            "value": 375
                        }, 
                        {
                            "disposition": "Apps. Approved But Not Accepted", 
                            "count": 0, 
                            "value": 0
                        }, 
                        {
                            "disposition": "Aplications Denied", 
                            "count": 3, 
                            "value": 314
                        }, 
                        {
                            "disposition": "Applications Withdrawn", 
                            "count": 1, 
                            "value": 78
                        }, 
                        {
                            "disposition": "Files Closed For Incompleteness", 
                            "count": 2, 
                            "value": 151
                        }
                    ]
                }, 
                {
                    "gender": "Joint (Male/Female)", 
                    "dispositions": [
                        {
                            "disposition": "Applications Received", 
                            "count": 18, 
                            "value": 18
                        }, 
                        {
                            "disposition": "Loans Originated", 
                            "count": 8, 
                            "value": 768
                        }, 
                        {
                            "disposition": "Apps. Approved But Not Accepted", 
                            "count": 2, 
                            "value": 186
                        }, 
                        {
                            "disposition": "Aplications Denied", 
                            "count": 4, 
                            "value": 390
                        }, 
                        {
                            "disposition": "Applications Withdrawn", 
                            "count": 3, 
                            "value": 363
                        }, 
                        {
                            "disposition": "Files Closed For Incompleteness", 
                            "count": 1, 
                            "value": 100
                        }
                    ]
                }
            ]
        }, 
        {
            "ethnicity": "Not Hispanic or Latino", 
            "dispositions": [
                {
                    "disposition": "Applications Received", 
                    "count": 4165, 
                    "value": 545790
                }, 
                {
                    "disposition": "Loans Originated", 
                    "count": 2263, 
                    "value": 302582
                }, 
                {
                    "disposition": "Apps. Approved But Not Accepted", 
                    "count": 206, 
                    "value": 26407
                }, 
                {
                    "disposition": "Aplications Denied", 
                    "count": 897, 
                    "value": 106373
                }, 
                {
                    "disposition": "Applications Withdrawn", 
                    "count": 609, 
                    "value": 84198
                }, 
                {
                    "disposition": "Files Closed For Incompleteness", 
                    "count": 190, 
                    "value": 26230
                }
            ], 
            "genders": [
                {
                    "gender": "Male", 
                    "dispositions": [
                        {
                            "disposition": "Applications Received", 
                            "count": 1330, 
                            "value": 1330
                        }, 
                        {
                            "disposition": "Loans Originated", 
                            "count": 665, 
                            "value": 85298
                        }, 
                        {
                            "disposition": "Apps. Approved But Not Accepted", 
                            "count": 78, 
                            "value": 10007
                        }, 
                        {
                            "disposition": "Aplications Denied", 
                            "count": 280, 
                            "value": 32807
                        }, 
                        {
                            "disposition": "Applications Withdrawn", 
                            "count": 233, 
                            "value": 32364
                        }, 
                        {
                            "disposition": "Files Closed For Incompleteness", 
                            "count": 74, 
                            "value": 10782
                        }
                    ]
                }, 
                {
                    "gender": "Female", 
                    "dispositions": [
                        {
                            "disposition": "Applications Received", 
                            "count": 763, 
                            "value": 763
                        }, 
                        {
                            "disposition": "Loans Originated", 
                            "count": 401, 
                            "value": 39736
                        }, 
                        {
                            "disposition": "Apps. Approved But Not Accepted", 
                            "count": 33, 
                            "value": 3216
                        }, 
                        {
                            "disposition": "Aplications Denied", 
                            "count": 198, 
                            "value": 18891
                        }, 
                        {
                            "disposition": "Applications Withdrawn", 
                            "count": 93, 
                            "value": 9821
                        }, 
                        {
                            "disposition": "Files Closed For Incompleteness", 
                            "count": 38, 
                            "value": 4079
                        }
                    ]
                }, 
                {
                    "gender": "Joint (Male/Female)", 
                    "dispositions": [
                        {
                            "disposition": "Applications Received", 
                            "count": 2069, 
                            "value": 2069
                        }, 
                        {
                            "disposition": "Loans Originated", 
                            "count": 1196, 
                            "value": 177172
                        }, 
                        {
                            "disposition": "Apps. Approved But Not Accepted", 
                            "count": 95, 
                            "value": 13184
                        }, 
                        {
                            "disposition": "Aplications Denied", 
                            "count": 419, 
                            "value": 54675
                        }, 
                        {
                            "disposition": "Applications Withdrawn", 
                            "count": 282, 
                            "value": 41883
                        }, 
                        {
                            "disposition": "Files Closed For Incompleteness", 
                            "count": 77, 
                            "value": 11291
                        }
                    ]
                }
            ]
        }, 
        {
            "ethnicity": "Joint (Hispanic or Latino/Not Hispanic or Latino", 
            "dispositions": [
                {
                    "disposition": "Applications Received", 
                    "count": 15, 
                    "value": 2376
                }, 
                {
                    "disposition": "Loans Originated", 
                    "count": 7, 
                    "value": 1181
                }, 
                {
                    "disposition": "Apps. Approved But Not Accepted", 
                    "count": 2, 
                    "value": 340
                }, 
                {
                    "disposition": "Aplications Denied", 
                    "count": 2, 
                    "value": 195
                }, 
                {
                    "disposition": "Applications Withdrawn", 
                    "count": 3, 
                    "value": 515
                }, 
                {
                    "disposition": "Files Closed For Incompleteness", 
                    "count": 1, 
                    "value": 145
                }
            ], 
            "genders": [
                {
                    "gender": "Male", 
                    "dispositions": [
                        {
                            "disposition": "Applications Received", 
                            "count": 0, 
                            "value": 0
                        }, 
                        {
                            "disposition": "Loans Originated", 
                            "count": 0, 
                            "value": 0
                        }, 
                        {
                            "disposition": "Apps. Approved But Not Accepted", 
                            "count": 0, 
                            "value": 0
                        }, 
                        {
                            "disposition": "Aplications Denied", 
                            "count": 0, 
                            "value": 0
                        }, 
                        {
                            "disposition": "Applications Withdrawn", 
                            "count": 0, 
                            "value": 0
                        }, 
                        {
                            "disposition": "Files Closed For Incompleteness", 
                            "count": 0, 
                            "value": 0
                        }
                    ]
                }, 
                {
                    "gender": "Female", 
                    "dispositions": [
                        {
                            "disposition": "Applications Received", 
                            "count": 0, 
                            "value": 0
                        }, 
                        {
                            "disposition": "Loans Originated", 
                            "count": 0, 
                            "value": 0
                        }, 
                        {
                            "disposition": "Apps. Approved But Not Accepted", 
                            "count": 0, 
                            "value": 0
                        }, 
                        {
                            "disposition": "Aplications Denied", 
                            "count": 0, 
                            "value": 0
                        }, 
                        {
                            "disposition": "Applications Withdrawn", 
                            "count": 0, 
                            "value": 0
                        }, 
                        {
                            "disposition": "Files Closed For Incompleteness", 
                            "count": 0, 
                            "value": 0
                        }
                    ]
                }, 
                {
                    "gender": "Joint (Male/Female)", 
                    "dispositions": [
                        {
                            "disposition": "Applications Received", 
                            "count": 15, 
                            "value": 15
                        }, 
                        {
                            "disposition": "Loans Originated", 
                            "count": 7, 
                            "value": 1181
                        }, 
                        {
                            "disposition": "Apps. Approved But Not Accepted", 
                            "count": 2, 
                            "value": 340
                        }, 
                        {
                            "disposition": "Aplications Denied", 
                            "count": 2, 
                            "value": 195
                        }, 
                        {
                            "disposition": "Applications Withdrawn", 
                            "count": 3, 
                            "value": 515
                        }, 
                        {
                            "disposition": "Files Closed For Incompleteness", 
                            "count": 1, 
                            "value": 145
                        }
                    ]
                }
            ]
        }, 
        {
            "ethnicity": "Ethnicity Not Available", 
            "dispositions": [
                {
                    "disposition": "Applications Received", 
                    "count": 371, 
                    "value": 49871
                }, 
                {
                    "disposition": "Loans Originated", 
                    "count": 136, 
                    "value": 19162
                }, 
                {
                    "disposition": "Apps. Approved But Not Accepted", 
                    "count": 15, 
                    "value": 3082
                }, 
                {
                    "disposition": "Aplications Denied", 
                    "count": 100, 
                    "value": 11678
                }, 
                {
                    "disposition": "Applications Withdrawn", 
                    "count": 90, 
                    "value": 12090
                }, 
                {
                    "disposition": "Files Closed For Incompleteness", 
                    "count": 30, 
                    "value": 3859
                }
            ], 
            "genders": [
                {
                    "gender": "Male", 
                    "dispositions": [
                        {
                            "disposition": "Applications Received", 
                            "count": 60, 
                            "value": 60
                        }, 
                        {
                            "disposition": "Loans Originated", 
                            "count": 12, 
                            "value": 2182
                        }, 
                        {
                            "disposition": "Apps. Approved But Not Accepted", 
                            "count": 1, 
                            "value": 42
                        }, 
                        {
                            "disposition": "Aplications Denied", 
                            "count": 17, 
                            "value": 1416
                        }, 
                        {
                            "disposition": "Applications Withdrawn", 
                            "count": 28, 
                            "value": 3887
                        }, 
                        {
                            "disposition": "Files Closed For Incompleteness", 
                            "count": 2, 
                            "value": 256
                        }
                    ]
                }, 
                {
                    "gender": "Female", 
                    "dispositions": [
                        {
                            "disposition": "Applications Received", 
                            "count": 41, 
                            "value": 41
                        }, 
                        {
                            "disposition": "Loans Originated", 
                            "count": 6, 
                            "value": 691
                        }, 
                        {
                            "disposition": "Apps. Approved But Not Accepted", 
                            "count": 1, 
                            "value": 67
                        }, 
                        {
                            "disposition": "Aplications Denied", 
                            "count": 15, 
                            "value": 1256
                        }, 
                        {
                            "disposition": "Applications Withdrawn", 
                            "count": 13, 
                            "value": 1478
                        }, 
                        {
                            "disposition": "Files Closed For Incompleteness", 
                            "count": 6, 
                            "value": 580
                        }
                    ]
                }, 
                {
                    "gender": "Joint (Male/Female)", 
                    "dispositions": [
                        {
                            "disposition": "Applications Received", 
                            "count": 68, 
                            "value": 68
                        }, 
                        {
                            "disposition": "Loans Originated", 
                            "count": 20, 
                            "value": 3351
                        }, 
                        {
                            "disposition": "Apps. Approved But Not Accepted", 
                            "count": 1, 
                            "value": 214
                        }, 
                        {
                            "disposition": "Aplications Denied", 
                            "count": 25, 
                            "value": 3198
                        }, 
                        {
                            "disposition": "Applications Withdrawn", 
                            "count": 16, 
                            "value": 1833
                        }, 
                        {
                            "disposition": "Files Closed For Incompleteness", 
                            "count": 6, 
                            "value": 724
                        }
                    ]
                }
            ]
        }
    ], 
    "minoritystatuses": [
        {
            "minoritystatus": "White Non-Hispanic", 
            "dispositions": [
                {
                    "disposition": "Applications Received", 
                    "count": 4186, 
                    "value": 556314
                }, 
                {
                    "disposition": "Loans Originated", 
                    "count": 2247, 
                    "value": 305260
                }, 
                {
                    "disposition": "Apps. Approved But Not Accepted", 
                    "count": 190, 
                    "value": 25941
                }, 
                {
                    "disposition": "Aplications Denied", 
                    "count": 907, 
                    "value": 108489
                }, 
                {
                    "disposition": "Applications Withdrawn", 
                    "count": 649, 
                    "value": 90516
                }, 
                {
                    "disposition": "Files Closed For Incompleteness", 
                    "count": 193, 
                    "value": 26108
                }
            ], 
            "genders": [
                {
                    "gender": "Male", 
                    "dispositions": [
                        {
                            "disposition": "Applications Received", 
                            "count": 166690, 
                            "value": 0
                        }, 
                        {
                            "disposition": "Loans Originated", 
                            "count": 621, 
                            "value": 81513
                        }, 
                        {
                            "disposition": "Apps. Approved But Not Accepted", 
                            "count": 69, 
                            "value": 9099
                        }, 
                        {
                            "disposition": "Aplications Denied", 
                            "count": 268, 
                            "value": 31195
                        }, 
                        {
                            "disposition": "Applications Withdrawn", 
                            "count": 243, 
                            "value": 33982
                        }, 
                        {
                            "disposition": "Files Closed For Incompleteness", 
                            "count": 70, 
                            "value": 9630
                        }
                    ]
                }, 
                {
                    "gender": "Female", 
                    "dispositions": [
                        {
                            "disposition": "Applications Received", 
                            "count": 70928, 
                            "value": 0
                        }, 
                        {
                            "disposition": "Loans Originated", 
                            "count": 369, 
                            "value": 37150
                        }, 
                        {
                            "disposition": "Apps. Approved But Not Accepted", 
                            "count": 27, 
                            "value": 2667
                        }, 
                        {
                            "disposition": "Aplications Denied", 
                            "count": 180, 
                            "value": 17339
                        }, 
                        {
                            "disposition": "Applications Withdrawn", 
                            "count": 94, 
                            "value": 10067
                        }, 
                        {
                            "disposition": "Files Closed For Incompleteness", 
                            "count": 30, 
                            "value": 3005
                        }
                    ]
                }, 
                {
                    "gender": "Joint (Male/Female)", 
                    "dispositions": [
                        {
                            "disposition": "Applications Received", 
                            "count": 293397, 
                            "value": 0
                        }, 
                        {
                            "disposition": "Loans Originated", 
                            "count": 1158, 
                            "value": 173283
                        }, 
                        {
                            "disposition": "Apps. Approved But Not Accepted", 
                            "count": 82, 
                            "value": 11416
                        }, 
                        {
                            "disposition": "Aplications Denied", 
                            "count": 416, 
                            "value": 54147
                        }, 
                        {
                            "disposition": "Applications Withdrawn", 
                            "count": 278, 
                            "value": 41445
                        }, 
                        {
                            "disposition": "Files Closed For Incompleteness", 
                            "count": 76, 
                            "value": 11096
                        }
                    ]
                }
            ]
        }, 
        {
            "minoritystatus": "Others, Including Hispanic", 
            "dispositions": [
                {
                    "disposition": "Applications Received", 
                    "count": 414, 
                    "value": 46413
                }, 
                {
                    "disposition": "Loans Originated", 
                    "count": 180, 
                    "value": 19663
                }, 
                {
                    "disposition": "Apps. Approved But Not Accepted", 
                    "count": 37, 
                    "value": 4219
                }, 
                {
                    "disposition": "Aplications Denied", 
                    "count": 105, 
                    "value": 10941
                }, 
                {
                    "disposition": "Applications Withdrawn", 
                    "count": 59, 
                    "value": 7097
                }, 
                {
                    "disposition": "Files Closed For Incompleteness", 
                    "count": 33, 
                    "value": 4493
                }
            ], 
            "genders": [
                {
                    "gender": "Male", 
                    "dispositions": [
                        {
                            "disposition": "Applications Received", 
                            "count": 15727, 
                            "value": 0
                        }, 
                        {
                            "disposition": "Loans Originated", 
                            "count": 65, 
                            "value": 6822
                        }, 
                        {
                            "disposition": "Apps. Approved But Not Accepted", 
                            "count": 12, 
                            "value": 1095
                        }, 
                        {
                            "disposition": "Aplications Denied", 
                            "count": 35, 
                            "value": 3508
                        }, 
                        {
                            "disposition": "Applications Withdrawn", 
                            "count": 20, 
                            "value": 2638
                        }, 
                        {
                            "disposition": "Files Closed For Incompleteness", 
                            "count": 8, 
                            "value": 1524
                        }
                    ]
                }, 
                {
                    "gender": "Female", 
                    "dispositions": [
                        {
                            "disposition": "Applications Received", 
                            "count": 10619, 
                            "value": 0
                        }, 
                        {
                            "disposition": "Loans Originated", 
                            "count": 42, 
                            "value": 3652
                        }, 
                        {
                            "disposition": "Apps. Approved But Not Accepted", 
                            "count": 7, 
                            "value": 616
                        }, 
                        {
                            "disposition": "Aplications Denied", 
                            "count": 36, 
                            "value": 3122
                        }, 
                        {
                            "disposition": "Applications Withdrawn", 
                            "count": 13, 
                            "value": 1310
                        }, 
                        {
                            "disposition": "Files Closed For Incompleteness", 
                            "count": 16, 
                            "value": 1805
                        }
                    ]
                }, 
                {
                    "gender": "Joint (Male/Female)", 
                    "dispositions": [
                        {
                            "disposition": "Applications Received", 
                            "count": 20481, 
                            "value": 0
                        }, 
                        {
                            "disposition": "Loans Originated", 
                            "count": 73, 
                            "value": 9189
                        }, 
                        {
                            "disposition": "Apps. Approved But Not Accepted", 
                            "count": 18, 
                            "value": 2508
                        }, 
                        {
                            "disposition": "Aplications Denied", 
                            "count": 34, 
                            "value": 4311
                        }, 
                        {
                            "disposition": "Applications Withdrawn", 
                            "count": 26, 
                            "value": 3149
                        }, 
                        {
                            "disposition": "Files Closed For Incompleteness", 
                            "count": 9, 
                            "value": 1164
                        }
                    ]
                }
            ]
        }
    ], 
    "incomes": [
        {
            "income": "Less than 50% of MSA/MD median", 
            "dispositions": [
                {
                    "disposition": "Applications Received", 
                    "count": 373, 
                    "value": 27785
                }, 
                {
                    "disposition": "Loans Originated", 
                    "count": 140, 
                    "value": 8891
                }, 
                {
                    "disposition": "Apps. Approved But Not Accepted", 
                    "count": 17, 
                    "value": 1200
                }, 
                {
                    "disposition": "Aplications Denied", 
                    "count": 143, 
                    "value": 11240
                }, 
                {
                    "disposition": "Applications Withdrawn", 
                    "count": 51, 
                    "value": 4941
                }, 
                {
                    "disposition": "Files Closed For Incompleteness", 
                    "count": 22, 
                    "value": 1513
                }
            ]
        }, 
        {
            "income": "50-79% of MSA/MD median", 
            "dispositions": [
                {
                    "disposition": "Applications Received", 
                    "count": 800, 
                    "value": 74876
                }, 
                {
                    "disposition": "Loans Originated", 
                    "count": 399, 
                    "value": 36851
                }, 
                {
                    "disposition": "Apps. Approved But Not Accepted", 
                    "count": 35, 
                    "value": 2869
                }, 
                {
                    "disposition": "Aplications Denied", 
                    "count": 188, 
                    "value": 17253
                }, 
                {
                    "disposition": "Applications Withdrawn", 
                    "count": 132, 
                    "value": 13163
                }, 
                {
                    "disposition": "Files Closed For Incompleteness", 
                    "count": 46, 
                    "value": 4740
                }
            ]
        }, 
        {
            "income": "80-99% of MSA/MD median", 
            "dispositions": [
                {
                    "disposition": "Applications Received", 
                    "count": 564, 
                    "value": 60009
                }, 
                {
                    "disposition": "Loans Originated", 
                    "count": 302, 
                    "value": 31494
                }, 
                {
                    "disposition": "Apps. Approved But Not Accepted", 
                    "count": 23, 
                    "value": 2039
                }, 
                {
                    "disposition": "Aplications Denied", 
                    "count": 121, 
                    "value": 12928
                }, 
                {
                    "disposition": "Applications Withdrawn", 
                    "count": 95, 
                    "value": 11027
                }, 
                {
                    "disposition": "Files Closed For Incompleteness", 
                    "count": 23, 
                    "value": 2521
                }
            ]
        }, 
        {
            "income": "100-119% of MSA/MD median", 
            "dispositions": [
                {
                    "disposition": "Applications Received", 
                    "count": 531, 
                    "value": 65238
                }, 
                {
                    "disposition": "Loans Originated", 
                    "count": 288, 
                    "value": 34623
                }, 
                {
                    "disposition": "Apps. Approved But Not Accepted", 
                    "count": 26, 
                    "value": 2980
                }, 
                {
                    "disposition": "Aplications Denied", 
                    "count": 110, 
                    "value": 12729
                }, 
                {
                    "disposition": "Applications Withdrawn", 
                    "count": 79, 
                    "value": 11733
                }, 
                {
                    "disposition": "Files Closed For Incompleteness", 
                    "count": 28, 
                    "value": 3173
                }
            ]
        }, 
        {
            "income": "120% or more of MSA/MD median", 
            "dispositions": [
                {
                    "disposition": "Applications Received", 
                    "count": 1919, 
                    "value": 316917
                }, 
                {
                    "disposition": "Loans Originated", 
                    "count": 1059, 
                    "value": 178519
                }, 
                {
                    "disposition": "Apps. Approved But Not Accepted", 
                    "count": 106, 
                    "value": 18272
                }, 
                {
                    "disposition": "Aplications Denied", 
                    "count": 369, 
                    "value": 55112
                }, 
                {
                    "disposition": "Applications Withdrawn", 
                    "count": 301, 
                    "value": 49672
                }, 
                {
                    "disposition": "Files Closed For Incompleteness", 
                    "count": 84, 
                    "value": 15342
                }
            ]
        }, 
        {
            "income": "Income not available", 
            "dispositions": [
                {
                    "disposition": "Applications Received", 
                    "count": 413, 
                    "value": 57902
                }, 
                {
                    "disposition": "Loans Originated", 
                    "count": 239, 
                    "value": 34545
                }, 
                {
                    "disposition": "Apps. Approved But Not Accepted", 
                    "count": 20, 
                    "value": 2800
                }, 
                {
                    "disposition": "Aplications Denied", 
                    "count": 81, 
                    "value": 10168
                }, 
                {
                    "disposition": "Applications Withdrawn", 
                    "count": 50, 
                    "value": 7077
                }, 
                {
                    "disposition": "Files Closed For Incompleteness", 
                    "count": 23, 
                    "value": 3312
                }
            ]
        }
    ], 
    "total": [
        {
            "disposition": "Applications Received", 
            "count": 0, 
            "value": 0
        }, 
        {
            "disposition": "Loans Originated", 
            "count": 2427, 
            "value": 324923
        }, 
        {
            "disposition": "Apps. Approved But Not Accepted", 
            "count": 227, 
            "value": 30160
        }, 
        {
            "disposition": "Aplications Denied", 
            "count": 1012, 
            "value": 119430
        }, 
        {
            "disposition": "Applications Withdrawn", 
            "count": 708, 
            "value": 97613
        }, 
        {
            "disposition": "Files Closed For Incompleteness", 
            "count": 226, 
            "value": 30601
        }
    ]
}