{
    "table": "4-3", 
    "type": "Aggregate", 
    "desc": "Disposition of applications to refinnace loans on 1- to 4- family and manufactured home dwellings, by race, ethnicity, gender and income of applicant", 
    "year": "2012", 
    "report-date": "04/03/2015", 
    "msa": {
        "id": "30780", 
        "name": "Little-Rock-North-Little-Rock-Conway", 
        "state": "AR", 
        "state_name": "Arkansas"
    }, 
    "races": [
        {
            "race": "American Indian/Alaska Native", 
            "dispositions": [
                {
                    "disposition": "Applications Received", 
                    "count": 58, 
                    "value": 6777
                }, 
                {
                    "disposition": "Loans Originated", 
                    "count": 29, 
                    "value": 3477
                }, 
                {
                    "disposition": "Apps. Approved But Not Accepted", 
                    "count": 3, 
                    "value": 299
                }, 
                {
                    "disposition": "Aplications Denied", 
                    "count": 15, 
                    "value": 1625
                }, 
                {
                    "disposition": "Applications Withdrawn", 
                    "count": 8, 
                    "value": 1148
                }, 
                {
                    "disposition": "Files Closed For Incompleteness", 
                    "count": 3, 
                    "value": 228
                }
            ], 
            "genders": [
                {
                    "gender": "Male", 
                    "dispositions": [
                        {
                            "disposition": "Applications Received", 
                            "count": 22, 
                            "value": 2717
                        }, 
                        {
                            "disposition": "Loans Originated", 
                            "count": 12, 
                            "value": 1657
                        }, 
                        {
                            "disposition": "Apps. Approved But Not Accepted", 
                            "count": 1, 
                            "value": 62
                        }, 
                        {
                            "disposition": "Aplications Denied", 
                            "count": 5, 
                            "value": 623
                        }, 
                        {
                            "disposition": "Applications Withdrawn", 
                            "count": 4, 
                            "value": 375
                        }, 
                        {
                            "disposition": "Files Closed For Incompleteness", 
                            "count": 0, 
                            "value": 0
                        }
                    ]
                }, 
                {
                    "gender": "Female", 
                    "dispositions": [
                        {
                            "disposition": "Applications Received", 
                            "count": 22, 
                            "value": 2312
                        }, 
                        {
                            "disposition": "Loans Originated", 
                            "count": 9, 
                            "value": 1039
                        }, 
                        {
                            "disposition": "Apps. Approved But Not Accepted", 
                            "count": 1, 
                            "value": 129
                        }, 
                        {
                            "disposition": "Aplications Denied", 
                            "count": 8, 
                            "value": 795
                        }, 
                        {
                            "disposition": "Applications Withdrawn", 
                            "count": 1, 
                            "value": 121
                        }, 
                        {
                            "disposition": "Files Closed For Incompleteness", 
                            "count": 3, 
                            "value": 228
                        }
                    ]
                }, 
                {
                    "gender": "Joint (Male/Female)", 
                    "dispositions": [
                        {
                            "disposition": "Applications Received", 
                            "count": 14, 
                            "value": 1748
                        }, 
                        {
                            "disposition": "Loans Originated", 
                            "count": 8, 
                            "value": 781
                        }, 
                        {
                            "disposition": "Apps. Approved But Not Accepted", 
                            "count": 1, 
                            "value": 108
                        }, 
                        {
                            "disposition": "Aplications Denied", 
                            "count": 2, 
                            "value": 207
                        }, 
                        {
                            "disposition": "Applications Withdrawn", 
                            "count": 3, 
                            "value": 652
                        }, 
                        {
                            "disposition": "Files Closed For Incompleteness", 
                            "count": 0, 
                            "value": 0
                        }
                    ]
                }
            ]
        }, 
        {
            "race": "Asian", 
            "dispositions": [
                {
                    "disposition": "Applications Received", 
                    "count": 36, 
                    "value": 5902
                }, 
                {
                    "disposition": "Loans Originated", 
                    "count": 17, 
                    "value": 2589
                }, 
                {
                    "disposition": "Apps. Approved But Not Accepted", 
                    "count": 1, 
                    "value": 46
                }, 
                {
                    "disposition": "Aplications Denied", 
                    "count": 7, 
                    "value": 1337
                }, 
                {
                    "disposition": "Applications Withdrawn", 
                    "count": 8, 
                    "value": 1354
                }, 
                {
                    "disposition": "Files Closed For Incompleteness", 
                    "count": 3, 
                    "value": 576
                }
            ], 
            "genders": [
                {
                    "gender": "Male", 
                    "dispositions": [
                        {
                            "disposition": "Applications Received", 
                            "count": 22, 
                            "value": 3297
                        }, 
                        {
                            "disposition": "Loans Originated", 
                            "count": 7, 
                            "value": 818
                        }, 
                        {
                            "disposition": "Apps. Approved But Not Accepted", 
                            "count": 1, 
                            "value": 46
                        }, 
                        {
                            "disposition": "Aplications Denied", 
                            "count": 6, 
                            "value": 1269
                        }, 
                        {
                            "disposition": "Applications Withdrawn", 
                            "count": 5, 
                            "value": 588
                        }, 
                        {
                            "disposition": "Files Closed For Incompleteness", 
                            "count": 3, 
                            "value": 576
                        }
                    ]
                }, 
                {
                    "gender": "Female", 
                    "dispositions": [
                        {
                            "disposition": "Applications Received", 
                            "count": 10, 
                            "value": 1306
                        }, 
                        {
                            "disposition": "Loans Originated", 
                            "count": 7, 
                            "value": 792
                        }, 
                        {
                            "disposition": "Apps. Approved But Not Accepted", 
                            "count": 0, 
                            "value": 0
                        }, 
                        {
                            "disposition": "Aplications Denied", 
                            "count": 1, 
                            "value": 68
                        }, 
                        {
                            "disposition": "Applications Withdrawn", 
                            "count": 2, 
                            "value": 446
                        }, 
                        {
                            "disposition": "Files Closed For Incompleteness", 
                            "count": 0, 
                            "value": 0
                        }
                    ]
                }, 
                {
                    "gender": "Joint (Male/Female)", 
                    "dispositions": [
                        {
                            "disposition": "Applications Received", 
                            "count": 4, 
                            "value": 1299
                        }, 
                        {
                            "disposition": "Loans Originated", 
                            "count": 3, 
                            "value": 979
                        }, 
                        {
                            "disposition": "Apps. Approved But Not Accepted", 
                            "count": 0, 
                            "value": 0
                        }, 
                        {
                            "disposition": "Aplications Denied", 
                            "count": 0, 
                            "value": 0
                        }, 
                        {
                            "disposition": "Applications Withdrawn", 
                            "count": 1, 
                            "value": 320
                        }, 
                        {
                            "disposition": "Files Closed For Incompleteness", 
                            "count": 0, 
                            "value": 0
                        }
                    ]
                }
            ]
        }, 
        {
            "race": "Black or African American", 
            "dispositions": [
                {
                    "disposition": "Applications Received", 
                    "count": 285, 
                    "value": 56946
                }, 
                {
                    "disposition": "Loans Originated", 
                    "count": 181, 
                    "value": 37312
                }, 
                {
                    "disposition": "Apps. Approved But Not Accepted", 
                    "count": 15, 
                    "value": 3132
                }, 
                {
                    "disposition": "Aplications Denied", 
                    "count": 44, 
                    "value": 7870
                }, 
                {
                    "disposition": "Applications Withdrawn", 
                    "count": 21, 
                    "value": 4074
                }, 
                {
                    "disposition": "Files Closed For Incompleteness", 
                    "count": 24, 
                    "value": 4558
                }
            ], 
            "genders": [
                {
                    "gender": "Male", 
                    "dispositions": [
                        {
                            "disposition": "Applications Received", 
                            "count": 90, 
                            "value": 17993
                        }, 
                        {
                            "disposition": "Loans Originated", 
                            "count": 55, 
                            "value": 10269
                        }, 
                        {
                            "disposition": "Apps. Approved But Not Accepted", 
                            "count": 7, 
                            "value": 1573
                        }, 
                        {
                            "disposition": "Aplications Denied", 
                            "count": 16, 
                            "value": 3514
                        }, 
                        {
                            "disposition": "Applications Withdrawn", 
                            "count": 5, 
                            "value": 905
                        }, 
                        {
                            "disposition": "Files Closed For Incompleteness", 
                            "count": 7, 
                            "value": 1732
                        }
                    ]
                }, 
                {
                    "gender": "Female", 
                    "dispositions": [
                        {
                            "disposition": "Applications Received", 
                            "count": 54, 
                            "value": 7149
                        }, 
                        {
                            "disposition": "Loans Originated", 
                            "count": 33, 
                            "value": 4336
                        }, 
                        {
                            "disposition": "Apps. Approved But Not Accepted", 
                            "count": 1, 
                            "value": 397
                        }, 
                        {
                            "disposition": "Aplications Denied", 
                            "count": 10, 
                            "value": 1119
                        }, 
                        {
                            "disposition": "Applications Withdrawn", 
                            "count": 6, 
                            "value": 813
                        }, 
                        {
                            "disposition": "Files Closed For Incompleteness", 
                            "count": 4, 
                            "value": 484
                        }
                    ]
                }, 
                {
                    "gender": "Joint (Male/Female)", 
                    "dispositions": [
                        {
                            "disposition": "Applications Received", 
                            "count": 141, 
                            "value": 31804
                        }, 
                        {
                            "disposition": "Loans Originated", 
                            "count": 93, 
                            "value": 22707
                        }, 
                        {
                            "disposition": "Apps. Approved But Not Accepted", 
                            "count": 7, 
                            "value": 1162
                        }, 
                        {
                            "disposition": "Aplications Denied", 
                            "count": 18, 
                            "value": 3237
                        }, 
                        {
                            "disposition": "Applications Withdrawn", 
                            "count": 10, 
                            "value": 2356
                        }, 
                        {
                            "disposition": "Files Closed For Incompleteness", 
                            "count": 13, 
                            "value": 2342
                        }
                    ]
                }
            ]
        }, 
        {
            "race": "Native Hawaiian or Other Pacific Islander", 
            "dispositions": [
                {
                    "disposition": "Applications Received", 
                    "count": 2056, 
                    "value": 271337
                }, 
                {
                    "disposition": "Loans Originated", 
                    "count": 916, 
                    "value": 120630
                }, 
                {
                    "disposition": "Apps. Approved But Not Accepted", 
                    "count": 107, 
                    "value": 16565
                }, 
                {
                    "disposition": "Aplications Denied", 
                    "count": 593, 
                    "value": 73037
                }, 
                {
                    "disposition": "Applications Withdrawn", 
                    "count": 304, 
                    "value": 42320
                }, 
                {
                    "disposition": "Files Closed For Incompleteness", 
                    "count": 136, 
                    "value": 18785
                }
            ], 
            "genders": [
                {
                    "gender": "Male", 
                    "dispositions": [
                        {
                            "disposition": "Applications Received", 
                            "count": 620, 
                            "value": 80551
                        }, 
                        {
                            "disposition": "Loans Originated", 
                            "count": 244, 
                            "value": 32438
                        }, 
                        {
                            "disposition": "Apps. Approved But Not Accepted", 
                            "count": 37, 
                            "value": 5460
                        }, 
                        {
                            "disposition": "Aplications Denied", 
                            "count": 200, 
                            "value": 24970
                        }, 
                        {
                            "disposition": "Applications Withdrawn", 
                            "count": 95, 
                            "value": 12344
                        }, 
                        {
                            "disposition": "Files Closed For Incompleteness", 
                            "count": 44, 
                            "value": 5339
                        }
                    ]
                }, 
                {
                    "gender": "Female", 
                    "dispositions": [
                        {
                            "disposition": "Applications Received", 
                            "count": 763, 
                            "value": 85616
                        }, 
                        {
                            "disposition": "Loans Originated", 
                            "count": 326, 
                            "value": 36286
                        }, 
                        {
                            "disposition": "Apps. Approved But Not Accepted", 
                            "count": 34, 
                            "value": 4099
                        }, 
                        {
                            "disposition": "Aplications Denied", 
                            "count": 249, 
                            "value": 26112
                        }, 
                        {
                            "disposition": "Applications Withdrawn", 
                            "count": 108, 
                            "value": 14258
                        }, 
                        {
                            "disposition": "Files Closed For Incompleteness", 
                            "count": 46, 
                            "value": 4861
                        }
                    ]
                }, 
                {
                    "gender": "Joint (Male/Female)", 
                    "dispositions": [
                        {
                            "disposition": "Applications Received", 
                            "count": 669, 
                            "value": 104793
                        }, 
                        {
                            "disposition": "Loans Originated", 
                            "count": 343, 
                            "value": 51679
                        }, 
                        {
                            "disposition": "Apps. Approved But Not Accepted", 
                            "count": 36, 
                            "value": 7006
                        }, 
                        {
                            "disposition": "Aplications Denied", 
                            "count": 144, 
                            "value": 21955
                        }, 
                        {
                            "disposition": "Applications Withdrawn", 
                            "count": 100, 
                            "value": 15568
                        }, 
                        {
                            "disposition": "Files Closed For Incompleteness", 
                            "count": 46, 
                            "value": 8585
                        }
                    ]
                }
            ]
        }, 
        {
            "race": "White", 
            "dispositions": [
                {
                    "disposition": "Applications Received", 
                    "count": 10, 
                    "value": 1197
                }, 
                {
                    "disposition": "Loans Originated", 
                    "count": 5, 
                    "value": 808
                }, 
                {
                    "disposition": "Apps. Approved But Not Accepted", 
                    "count": 1, 
                    "value": 108
                }, 
                {
                    "disposition": "Aplications Denied", 
                    "count": 2, 
                    "value": 120
                }, 
                {
                    "disposition": "Applications Withdrawn", 
                    "count": 1, 
                    "value": 66
                }, 
                {
                    "disposition": "Files Closed For Incompleteness", 
                    "count": 1, 
                    "value": 95
                }
            ], 
            "genders": [
                {
                    "gender": "Male", 
                    "dispositions": [
                        {
                            "disposition": "Applications Received", 
                            "count": 4, 
                            "value": 676
                        }, 
                        {
                            "disposition": "Loans Originated", 
                            "count": 3, 
                            "value": 591
                        }, 
                        {
                            "disposition": "Apps. Approved But Not Accepted", 
                            "count": 0, 
                            "value": 0
                        }, 
                        {
                            "disposition": "Aplications Denied", 
                            "count": 1, 
                            "value": 85
                        }, 
                        {
                            "disposition": "Applications Withdrawn", 
                            "count": 0, 
                            "value": 0
                        }, 
                        {
                            "disposition": "Files Closed For Incompleteness", 
                            "count": 0, 
                            "value": 0
                        }
                    ]
                }, 
                {
                    "gender": "Female", 
                    "dispositions": [
                        {
                            "disposition": "Applications Received", 
                            "count": 3, 
                            "value": 225
                        }, 
                        {
                            "disposition": "Loans Originated", 
                            "count": 1, 
                            "value": 82
                        }, 
                        {
                            "disposition": "Apps. Approved But Not Accepted", 
                            "count": 1, 
                            "value": 108
                        }, 
                        {
                            "disposition": "Aplications Denied", 
                            "count": 1, 
                            "value": 35
                        }, 
                        {
                            "disposition": "Applications Withdrawn", 
                            "count": 0, 
                            "value": 0
                        }, 
                        {
                            "disposition": "Files Closed For Incompleteness", 
                            "count": 0, 
                            "value": 0
                        }
                    ]
                }, 
                {
                    "gender": "Joint (Male/Female)", 
                    "dispositions": [
                        {
                            "disposition": "Applications Received", 
                            "count": 3, 
                            "value": 296
                        }, 
                        {
                            "disposition": "Loans Originated", 
                            "count": 1, 
                            "value": 135
                        }, 
                        {
                            "disposition": "Apps. Approved But Not Accepted", 
                            "count": 0, 
                            "value": 0
                        }, 
                        {
                            "disposition": "Aplications Denied", 
                            "count": 0, 
                            "value": 0
                        }, 
                        {
                            "disposition": "Applications Withdrawn", 
                            "count": 1, 
                            "value": 66
                        }, 
                        {
                            "disposition": "Files Closed For Incompleteness", 
                            "count": 1, 
                            "value": 95
                        }
                    ]
                }
            ]
        }, 
        {
            "race": "2 or more minority races", 
            "dispositions": [
                {
                    "disposition": "Applications Received", 
                    "count": 17259, 
                    "value": 2696775
                }, 
                {
                    "disposition": "Loans Originated", 
                    "count": 11473, 
                    "value": 1797151
                }, 
                {
                    "disposition": "Apps. Approved But Not Accepted", 
                    "count": 721, 
                    "value": 114696
                }, 
                {
                    "disposition": "Aplications Denied", 
                    "count": 2472, 
                    "value": 370641
                }, 
                {
                    "disposition": "Applications Withdrawn", 
                    "count": 1920, 
                    "value": 311320
                }, 
                {
                    "disposition": "Files Closed For Incompleteness", 
                    "count": 673, 
                    "value": 102967
                }
            ], 
            "genders": [
                {
                    "gender": "Male", 
                    "dispositions": [
                        {
                            "disposition": "Applications Received", 
                            "count": 4351, 
                            "value": 673573
                        }, 
                        {
                            "disposition": "Loans Originated", 
                            "count": 2593, 
                            "value": 397230
                        }, 
                        {
                            "disposition": "Apps. Approved But Not Accepted", 
                            "count": 206, 
                            "value": 31796
                        }, 
                        {
                            "disposition": "Aplications Denied", 
                            "count": 740, 
                            "value": 113903
                        }, 
                        {
                            "disposition": "Applications Withdrawn", 
                            "count": 610, 
                            "value": 100808
                        }, 
                        {
                            "disposition": "Files Closed For Incompleteness", 
                            "count": 202, 
                            "value": 29836
                        }
                    ]
                }, 
                {
                    "gender": "Female", 
                    "dispositions": [
                        {
                            "disposition": "Applications Received", 
                            "count": 3225, 
                            "value": 392790
                        }, 
                        {
                            "disposition": "Loans Originated", 
                            "count": 2021, 
                            "value": 245770
                        }, 
                        {
                            "disposition": "Apps. Approved But Not Accepted", 
                            "count": 138, 
                            "value": 18457
                        }, 
                        {
                            "disposition": "Aplications Denied", 
                            "count": 555, 
                            "value": 62904
                        }, 
                        {
                            "disposition": "Applications Withdrawn", 
                            "count": 381, 
                            "value": 49103
                        }, 
                        {
                            "disposition": "Files Closed For Incompleteness", 
                            "count": 130, 
                            "value": 16556
                        }
                    ]
                }, 
                {
                    "gender": "Joint (Male/Female)", 
                    "dispositions": [
                        {
                            "disposition": "Applications Received", 
                            "count": 9655, 
                            "value": 1625827
                        }, 
                        {
                            "disposition": "Loans Originated", 
                            "count": 6840, 
                            "value": 1151248
                        }, 
                        {
                            "disposition": "Apps. Approved But Not Accepted", 
                            "count": 376, 
                            "value": 64309
                        }, 
                        {
                            "disposition": "Aplications Denied", 
                            "count": 1171, 
                            "value": 192711
                        }, 
                        {
                            "disposition": "Applications Withdrawn", 
                            "count": 928, 
                            "value": 161129
                        }, 
                        {
                            "disposition": "Files Closed For Incompleteness", 
                            "count": 340, 
                            "value": 56430
                        }
                    ]
                }
            ]
        }, 
        {
            "race": "Joint (White/Minority Race", 
            "dispositions": [
                {
                    "disposition": "Applications Received", 
                    "count": 226, 
                    "value": 36374
                }, 
                {
                    "disposition": "Loans Originated", 
                    "count": 131, 
                    "value": 20963
                }, 
                {
                    "disposition": "Apps. Approved But Not Accepted", 
                    "count": 10, 
                    "value": 1678
                }, 
                {
                    "disposition": "Aplications Denied", 
                    "count": 52, 
                    "value": 8162
                }, 
                {
                    "disposition": "Applications Withdrawn", 
                    "count": 19, 
                    "value": 3434
                }, 
                {
                    "disposition": "Files Closed For Incompleteness", 
                    "count": 14, 
                    "value": 2137
                }
            ], 
            "genders": [
                {
                    "gender": "Male", 
                    "dispositions": [
                        {
                            "disposition": "Applications Received", 
                            "count": 2, 
                            "value": 281
                        }, 
                        {
                            "disposition": "Loans Originated", 
                            "count": 0, 
                            "value": 0
                        }, 
                        {
                            "disposition": "Apps. Approved But Not Accepted", 
                            "count": 0, 
                            "value": 0
                        }, 
                        {
                            "disposition": "Aplications Denied", 
                            "count": 0, 
                            "value": 0
                        }, 
                        {
                            "disposition": "Applications Withdrawn", 
                            "count": 1, 
                            "value": 197
                        }, 
                        {
                            "disposition": "Files Closed For Incompleteness", 
                            "count": 1, 
                            "value": 84
                        }
                    ]
                }, 
                {
                    "gender": "Female", 
                    "dispositions": [
                        {
                            "disposition": "Applications Received", 
                            "count": 4, 
                            "value": 459
                        }, 
                        {
                            "disposition": "Loans Originated", 
                            "count": 1, 
                            "value": 129
                        }, 
                        {
                            "disposition": "Apps. Approved But Not Accepted", 
                            "count": 0, 
                            "value": 0
                        }, 
                        {
                            "disposition": "Aplications Denied", 
                            "count": 3, 
                            "value": 330
                        }, 
                        {
                            "disposition": "Applications Withdrawn", 
                            "count": 0, 
                            "value": 0
                        }, 
                        {
                            "disposition": "Files Closed For Incompleteness", 
                            "count": 0, 
                            "value": 0
                        }
                    ]
                }, 
                {
                    "gender": "Joint (Male/Female)", 
                    "dispositions": [
                        {
                            "disposition": "Applications Received", 
                            "count": 220, 
                            "value": 35634
                        }, 
                        {
                            "disposition": "Loans Originated", 
                            "count": 130, 
                            "value": 20834
                        }, 
                        {
                            "disposition": "Apps. Approved But Not Accepted", 
                            "count": 10, 
                            "value": 1678
                        }, 
                        {
                            "disposition": "Aplications Denied", 
                            "count": 49, 
                            "value": 7832
                        }, 
                        {
                            "disposition": "Applications Withdrawn", 
                            "count": 18, 
                            "value": 3237
                        }, 
                        {
                            "disposition": "Files Closed For Incompleteness", 
                            "count": 13, 
                            "value": 2053
                        }
                    ]
                }
            ]
        }, 
        {
            "race": "Not Available", 
            "dispositions": [
                {
                    "disposition": "Applications Received", 
                    "count": 2543, 
                    "value": 390330
                }, 
                {
                    "disposition": "Loans Originated", 
                    "count": 1148, 
                    "value": 187313
                }, 
                {
                    "disposition": "Apps. Approved But Not Accepted", 
                    "count": 116, 
                    "value": 20965
                }, 
                {
                    "disposition": "Aplications Denied", 
                    "count": 633, 
                    "value": 83500
                }, 
                {
                    "disposition": "Applications Withdrawn", 
                    "count": 441, 
                    "value": 69199
                }, 
                {
                    "disposition": "Files Closed For Incompleteness", 
                    "count": 205, 
                    "value": 29353
                }
            ], 
            "genders": [
                {
                    "gender": "Male", 
                    "dispositions": [
                        {
                            "disposition": "Applications Received", 
                            "count": 318, 
                            "value": 54612
                        }, 
                        {
                            "disposition": "Loans Originated", 
                            "count": 152, 
                            "value": 29827
                        }, 
                        {
                            "disposition": "Apps. Approved But Not Accepted", 
                            "count": 5, 
                            "value": 1326
                        }, 
                        {
                            "disposition": "Aplications Denied", 
                            "count": 59, 
                            "value": 8897
                        }, 
                        {
                            "disposition": "Applications Withdrawn", 
                            "count": 74, 
                            "value": 10795
                        }, 
                        {
                            "disposition": "Files Closed For Incompleteness", 
                            "count": 28, 
                            "value": 3767
                        }
                    ]
                }, 
                {
                    "gender": "Female", 
                    "dispositions": [
                        {
                            "disposition": "Applications Received", 
                            "count": 209, 
                            "value": 25648
                        }, 
                        {
                            "disposition": "Loans Originated", 
                            "count": 67, 
                            "value": 9787
                        }, 
                        {
                            "disposition": "Apps. Approved But Not Accepted", 
                            "count": 6, 
                            "value": 820
                        }, 
                        {
                            "disposition": "Aplications Denied", 
                            "count": 58, 
                            "value": 5994
                        }, 
                        {
                            "disposition": "Applications Withdrawn", 
                            "count": 64, 
                            "value": 7422
                        }, 
                        {
                            "disposition": "Files Closed For Incompleteness", 
                            "count": 14, 
                            "value": 1625
                        }
                    ]
                }, 
                {
                    "gender": "Joint (Male/Female)", 
                    "dispositions": [
                        {
                            "disposition": "Applications Received", 
                            "count": 360, 
                            "value": 61816
                        }, 
                        {
                            "disposition": "Loans Originated", 
                            "count": 163, 
                            "value": 28535
                        }, 
                        {
                            "disposition": "Apps. Approved But Not Accepted", 
                            "count": 9, 
                            "value": 1600
                        }, 
                        {
                            "disposition": "Aplications Denied", 
                            "count": 68, 
                            "value": 11808
                        }, 
                        {
                            "disposition": "Applications Withdrawn", 
                            "count": 89, 
                            "value": 14660
                        }, 
                        {
                            "disposition": "Files Closed For Incompleteness", 
                            "count": 31, 
                            "value": 5213
                        }
                    ]
                }
            ]
        }
    ], 
    "ethnicities": [
        {
            "ethnicity": "Hispanic or Latino", 
            "dispositions": [
                {
                    "disposition": "Applications Received", 
                    "count": 236, 
                    "value": 29651
                }, 
                {
                    "disposition": "Loans Originated", 
                    "count": 118, 
                    "value": 15283
                }, 
                {
                    "disposition": "Apps. Approved But Not Accepted", 
                    "count": 9, 
                    "value": 816
                }, 
                {
                    "disposition": "Aplications Denied", 
                    "count": 58, 
                    "value": 6702
                }, 
                {
                    "disposition": "Applications Withdrawn", 
                    "count": 30, 
                    "value": 3770
                }, 
                {
                    "disposition": "Files Closed For Incompleteness", 
                    "count": 21, 
                    "value": 3080
                }
            ], 
            "genders": [
                {
                    "gender": "Male", 
                    "dispositions": [
                        {
                            "disposition": "Applications Received", 
                            "count": 119, 
                            "value": 119
                        }, 
                        {
                            "disposition": "Loans Originated", 
                            "count": 56, 
                            "value": 7181
                        }, 
                        {
                            "disposition": "Apps. Approved But Not Accepted", 
                            "count": 5, 
                            "value": 413
                        }, 
                        {
                            "disposition": "Aplications Denied", 
                            "count": 30, 
                            "value": 3484
                        }, 
                        {
                            "disposition": "Applications Withdrawn", 
                            "count": 14, 
                            "value": 2067
                        }, 
                        {
                            "disposition": "Files Closed For Incompleteness", 
                            "count": 14, 
                            "value": 2007
                        }
                    ]
                }, 
                {
                    "gender": "Female", 
                    "dispositions": [
                        {
                            "disposition": "Applications Received", 
                            "count": 52, 
                            "value": 52
                        }, 
                        {
                            "disposition": "Loans Originated", 
                            "count": 25, 
                            "value": 3173
                        }, 
                        {
                            "disposition": "Apps. Approved But Not Accepted", 
                            "count": 2, 
                            "value": 207
                        }, 
                        {
                            "disposition": "Aplications Denied", 
                            "count": 18, 
                            "value": 1992
                        }, 
                        {
                            "disposition": "Applications Withdrawn", 
                            "count": 4, 
                            "value": 583
                        }, 
                        {
                            "disposition": "Files Closed For Incompleteness", 
                            "count": 3, 
                            "value": 316
                        }
                    ]
                }, 
                {
                    "gender": "Joint (Male/Female)", 
                    "dispositions": [
                        {
                            "disposition": "Applications Received", 
                            "count": 64, 
                            "value": 64
                        }, 
                        {
                            "disposition": "Loans Originated", 
                            "count": 36, 
                            "value": 4758
                        }, 
                        {
                            "disposition": "Apps. Approved But Not Accepted", 
                            "count": 2, 
                            "value": 196
                        }, 
                        {
                            "disposition": "Aplications Denied", 
                            "count": 10, 
                            "value": 1226
                        }, 
                        {
                            "disposition": "Applications Withdrawn", 
                            "count": 12, 
                            "value": 1120
                        }, 
                        {
                            "disposition": "Files Closed For Incompleteness", 
                            "count": 4, 
                            "value": 757
                        }
                    ]
                }
            ]
        }, 
        {
            "ethnicity": "Not Hispanic or Latino", 
            "dispositions": [
                {
                    "disposition": "Applications Received", 
                    "count": 19679, 
                    "value": 3049201
                }, 
                {
                    "disposition": "Loans Originated", 
                    "count": 12616, 
                    "value": 1972666
                }, 
                {
                    "disposition": "Apps. Approved But Not Accepted", 
                    "count": 838, 
                    "value": 134768
                }, 
                {
                    "disposition": "Aplications Denied", 
                    "count": 3113, 
                    "value": 453531
                }, 
                {
                    "disposition": "Applications Withdrawn", 
                    "count": 2274, 
                    "value": 360553
                }, 
                {
                    "disposition": "Files Closed For Incompleteness", 
                    "count": 838, 
                    "value": 127683
                }
            ], 
            "genders": [
                {
                    "gender": "Male", 
                    "dispositions": [
                        {
                            "disposition": "Applications Received", 
                            "count": 5118, 
                            "value": 5118
                        }, 
                        {
                            "disposition": "Loans Originated", 
                            "count": 2939, 
                            "value": 454665
                        }, 
                        {
                            "disposition": "Apps. Approved But Not Accepted", 
                            "count": 244, 
                            "value": 38221
                        }, 
                        {
                            "disposition": "Aplications Denied", 
                            "count": 960, 
                            "value": 145104
                        }, 
                        {
                            "disposition": "Applications Withdrawn", 
                            "count": 722, 
                            "value": 115176
                        }, 
                        {
                            "disposition": "Files Closed For Incompleteness", 
                            "count": 253, 
                            "value": 37236
                        }
                    ]
                }, 
                {
                    "gender": "Female", 
                    "dispositions": [
                        {
                            "disposition": "Applications Received", 
                            "count": 4061, 
                            "value": 4061
                        }, 
                        {
                            "disposition": "Loans Originated", 
                            "count": 2384, 
                            "value": 287928
                        }, 
                        {
                            "disposition": "Apps. Approved But Not Accepted", 
                            "count": 173, 
                            "value": 23047
                        }, 
                        {
                            "disposition": "Aplications Denied", 
                            "count": 811, 
                            "value": 89931
                        }, 
                        {
                            "disposition": "Applications Withdrawn", 
                            "count": 516, 
                            "value": 66702
                        }, 
                        {
                            "disposition": "Files Closed For Incompleteness", 
                            "count": 177, 
                            "value": 21430
                        }
                    ]
                }, 
                {
                    "gender": "Joint (Male/Female)", 
                    "dispositions": [
                        {
                            "disposition": "Applications Received", 
                            "count": 10464, 
                            "value": 10464
                        }, 
                        {
                            "disposition": "Loans Originated", 
                            "count": 7268, 
                            "value": 1226783
                        }, 
                        {
                            "disposition": "Apps. Approved But Not Accepted", 
                            "count": 420, 
                            "value": 73366
                        }, 
                        {
                            "disposition": "Aplications Denied", 
                            "count": 1336, 
                            "value": 217339
                        }, 
                        {
                            "disposition": "Applications Withdrawn", 
                            "count": 1032, 
                            "value": 177789
                        }, 
                        {
                            "disposition": "Files Closed For Incompleteness", 
                            "count": 408, 
                            "value": 69017
                        }
                    ]
                }
            ]
        }, 
        {
            "ethnicity": "Joint (Hispanic or Latino/Not Hispanic or Latino", 
            "dispositions": [
                {
                    "disposition": "Applications Received", 
                    "count": 218, 
                    "value": 38287
                }, 
                {
                    "disposition": "Loans Originated", 
                    "count": 135, 
                    "value": 21763
                }, 
                {
                    "disposition": "Apps. Approved But Not Accepted", 
                    "count": 12, 
                    "value": 1859
                }, 
                {
                    "disposition": "Aplications Denied", 
                    "count": 38, 
                    "value": 8060
                }, 
                {
                    "disposition": "Applications Withdrawn", 
                    "count": 25, 
                    "value": 5439
                }, 
                {
                    "disposition": "Files Closed For Incompleteness", 
                    "count": 8, 
                    "value": 1166
                }
            ], 
            "genders": [
                {
                    "gender": "Male", 
                    "dispositions": [
                        {
                            "disposition": "Applications Received", 
                            "count": 1, 
                            "value": 1
                        }, 
                        {
                            "disposition": "Loans Originated", 
                            "count": 1, 
                            "value": 188
                        }, 
                        {
                            "disposition": "Apps. Approved But Not Accepted", 
                            "count": 0, 
                            "value": 0
                        }, 
                        {
                            "disposition": "Aplications Denied", 
                            "count": 0, 
                            "value": 0
                        }, 
                        {
                            "disposition": "Applications Withdrawn", 
                            "count": 0, 
                            "value": 0
                        }, 
                        {
                            "disposition": "Files Closed For Incompleteness", 
                            "count": 0, 
                            "value": 0
                        }
                    ]
                }, 
                {
                    "gender": "Female", 
                    "dispositions": [
                        {
                            "disposition": "Applications Received", 
                            "count": 0, 
                            "value": 0
                        }, 
                        {
                            "disposition": "Loans Originated", 
                            "count": 0, 
                            "value": 0
                        }, 
                        {
                            "disposition": "Apps. Approved But Not Accepted", 
                            "count": 0, 
                            "value": 0
                        }, 
                        {
                            "disposition": "Aplications Denied", 
                            "count": 0, 
                            "value": 0
                        }, 
                        {
                            "disposition": "Applications Withdrawn", 
                            "count": 0, 
                            "value": 0
                        }, 
                        {
                            "disposition": "Files Closed For Incompleteness", 
                            "count": 0, 
                            "value": 0
                        }
                    ]
                }, 
                {
                    "gender": "Joint (Male/Female)", 
                    "dispositions": [
                        {
                            "disposition": "Applications Received", 
                            "count": 217, 
                            "value": 217
                        }, 
                        {
                            "disposition": "Loans Originated", 
                            "count": 134, 
                            "value": 21575
                        }, 
                        {
                            "disposition": "Apps. Approved But Not Accepted", 
                            "count": 12, 
                            "value": 1859
                        }, 
                        {
                            "disposition": "Aplications Denied", 
                            "count": 38, 
                            "value": 8060
                        }, 
                        {
                            "disposition": "Applications Withdrawn", 
                            "count": 25, 
                            "value": 5439
                        }, 
                        {
                            "disposition": "Files Closed For Incompleteness", 
                            "count": 8, 
                            "value": 1166
                        }
                    ]
                }
            ]
        }, 
        {
            "ethnicity": "Ethnicity Not Available", 
            "dispositions": [
                {
                    "disposition": "Applications Received", 
                    "count": 2340, 
                    "value": 348499
                }, 
                {
                    "disposition": "Loans Originated", 
                    "count": 1031, 
                    "value": 160531
                }, 
                {
                    "disposition": "Apps. Approved But Not Accepted", 
                    "count": 115, 
                    "value": 20046
                }, 
                {
                    "disposition": "Aplications Denied", 
                    "count": 609, 
                    "value": 77999
                }, 
                {
                    "disposition": "Applications Withdrawn", 
                    "count": 393, 
                    "value": 63153
                }, 
                {
                    "disposition": "Files Closed For Incompleteness", 
                    "count": 192, 
                    "value": 26770
                }
            ], 
            "genders": [
                {
                    "gender": "Male", 
                    "dispositions": [
                        {
                            "disposition": "Applications Received", 
                            "count": 191, 
                            "value": 191
                        }, 
                        {
                            "disposition": "Loans Originated", 
                            "count": 70, 
                            "value": 10796
                        }, 
                        {
                            "disposition": "Apps. Approved But Not Accepted", 
                            "count": 8, 
                            "value": 1629
                        }, 
                        {
                            "disposition": "Aplications Denied", 
                            "count": 37, 
                            "value": 4673
                        }, 
                        {
                            "disposition": "Applications Withdrawn", 
                            "count": 58, 
                            "value": 8769
                        }, 
                        {
                            "disposition": "Files Closed For Incompleteness", 
                            "count": 18, 
                            "value": 2091
                        }
                    ]
                }, 
                {
                    "gender": "Female", 
                    "dispositions": [
                        {
                            "disposition": "Applications Received", 
                            "count": 177, 
                            "value": 177
                        }, 
                        {
                            "disposition": "Loans Originated", 
                            "count": 56, 
                            "value": 7120
                        }, 
                        {
                            "disposition": "Apps. Approved But Not Accepted", 
                            "count": 6, 
                            "value": 756
                        }, 
                        {
                            "disposition": "Aplications Denied", 
                            "count": 56, 
                            "value": 5434
                        }, 
                        {
                            "disposition": "Applications Withdrawn", 
                            "count": 42, 
                            "value": 4878
                        }, 
                        {
                            "disposition": "Files Closed For Incompleteness", 
                            "count": 17, 
                            "value": 2008
                        }
                    ]
                }, 
                {
                    "gender": "Joint (Male/Female)", 
                    "dispositions": [
                        {
                            "disposition": "Applications Received", 
                            "count": 321, 
                            "value": 321
                        }, 
                        {
                            "disposition": "Loans Originated", 
                            "count": 143, 
                            "value": 23782
                        }, 
                        {
                            "disposition": "Apps. Approved But Not Accepted", 
                            "count": 5, 
                            "value": 442
                        }, 
                        {
                            "disposition": "Aplications Denied", 
                            "count": 68, 
                            "value": 11125
                        }, 
                        {
                            "disposition": "Applications Withdrawn", 
                            "count": 81, 
                            "value": 13640
                        }, 
                        {
                            "disposition": "Files Closed For Incompleteness", 
                            "count": 24, 
                            "value": 3778
                        }
                    ]
                }
            ]
        }
    ], 
    "minoritystatuses": [
        {
            "minoritystatus": "White Non-Hispanic", 
            "dispositions": [
                {
                    "disposition": "Applications Received", 
                    "count": 19384, 
                    "value": 3022687
                }, 
                {
                    "disposition": "Loans Originated", 
                    "count": 12385, 
                    "value": 1948640
                }, 
                {
                    "disposition": "Apps. Approved But Not Accepted", 
                    "count": 821, 
                    "value": 133486
                }, 
                {
                    "disposition": "Aplications Denied", 
                    "count": 3018, 
                    "value": 440378
                }, 
                {
                    "disposition": "Applications Withdrawn", 
                    "count": 2309, 
                    "value": 371731
                }, 
                {
                    "disposition": "Files Closed For Incompleteness", 
                    "count": 851, 
                    "value": 128452
                }
            ], 
            "genders": [
                {
                    "gender": "Male", 
                    "dispositions": [
                        {
                            "disposition": "Applications Received", 
                            "count": 716275, 
                            "value": 0
                        }, 
                        {
                            "disposition": "Loans Originated", 
                            "count": 2691, 
                            "value": 419078
                        }, 
                        {
                            "disposition": "Apps. Approved But Not Accepted", 
                            "count": 208, 
                            "value": 32816
                        }, 
                        {
                            "disposition": "Aplications Denied", 
                            "count": 769, 
                            "value": 119271
                        }, 
                        {
                            "disposition": "Applications Withdrawn", 
                            "count": 668, 
                            "value": 109031
                        }, 
                        {
                            "disposition": "Files Closed For Incompleteness", 
                            "count": 215, 
                            "value": 31528
                        }
                    ]
                }, 
                {
                    "gender": "Female", 
                    "dispositions": [
                        {
                            "disposition": "Applications Received", 
                            "count": 416372, 
                            "value": 0
                        }, 
                        {
                            "disposition": "Loans Originated", 
                            "count": 2065, 
                            "value": 252651
                        }, 
                        {
                            "disposition": "Apps. Approved But Not Accepted", 
                            "count": 142, 
                            "value": 19070
                        }, 
                        {
                            "disposition": "Aplications Denied", 
                            "count": 599, 
                            "value": 67267
                        }, 
                        {
                            "disposition": "Applications Withdrawn", 
                            "count": 441, 
                            "value": 56036
                        }, 
                        {
                            "disposition": "Files Closed For Incompleteness", 
                            "count": 142, 
                            "value": 17959
                        }
                    ]
                }, 
                {
                    "gender": "Joint (Male/Female)", 
                    "dispositions": [
                        {
                            "disposition": "Applications Received", 
                            "count": 1655073, 
                            "value": 0
                        }, 
                        {
                            "disposition": "Loans Originated", 
                            "count": 6845, 
                            "value": 1155015
                        }, 
                        {
                            "disposition": "Apps. Approved But Not Accepted", 
                            "count": 374, 
                            "value": 64247
                        }, 
                        {
                            "disposition": "Aplications Denied", 
                            "count": 1196, 
                            "value": 195916
                        }, 
                        {
                            "disposition": "Applications Withdrawn", 
                            "count": 985, 
                            "value": 170062
                        }, 
                        {
                            "disposition": "Files Closed For Incompleteness", 
                            "count": 361, 
                            "value": 60072
                        }
                    ]
                }
            ]
        }, 
        {
            "minoritystatus": "Others, Including Hispanic", 
            "dispositions": [
                {
                    "disposition": "Applications Received", 
                    "count": 3089, 
                    "value": 442951
                }, 
                {
                    "disposition": "Loans Originated", 
                    "count": 1515, 
                    "value": 221603
                }, 
                {
                    "disposition": "Apps. Approved But Not Accepted", 
                    "count": 153, 
                    "value": 24003
                }, 
                {
                    "disposition": "Aplications Denied", 
                    "count": 800, 
                    "value": 105914
                }, 
                {
                    "disposition": "Applications Withdrawn", 
                    "count": 413, 
                    "value": 61184
                }, 
                {
                    "disposition": "Files Closed For Incompleteness", 
                    "count": 208, 
                    "value": 30247
                }
            ], 
            "genders": [
                {
                    "gender": "Male", 
                    "dispositions": [
                        {
                            "disposition": "Applications Received", 
                            "count": 122854, 
                            "value": 0
                        }, 
                        {
                            "disposition": "Loans Originated", 
                            "count": 375, 
                            "value": 53752
                        }, 
                        {
                            "disposition": "Apps. Approved But Not Accepted", 
                            "count": 49, 
                            "value": 7447
                        }, 
                        {
                            "disposition": "Aplications Denied", 
                            "count": 258, 
                            "value": 33990
                        }, 
                        {
                            "disposition": "Applications Withdrawn", 
                            "count": 126, 
                            "value": 16981
                        }, 
                        {
                            "disposition": "Files Closed For Incompleteness", 
                            "count": 70, 
                            "value": 9806
                        }
                    ]
                }, 
                {
                    "gender": "Female", 
                    "dispositions": [
                        {
                            "disposition": "Applications Received", 
                            "count": 103423, 
                            "value": 0
                        }, 
                        {
                            "disposition": "Loans Originated", 
                            "count": 400, 
                            "value": 45570
                        }, 
                        {
                            "disposition": "Apps. Approved But Not Accepted", 
                            "count": 39, 
                            "value": 4940
                        }, 
                        {
                            "disposition": "Aplications Denied", 
                            "count": 286, 
                            "value": 30090
                        }, 
                        {
                            "disposition": "Applications Withdrawn", 
                            "count": 121, 
                            "value": 16127
                        }, 
                        {
                            "disposition": "Files Closed For Incompleteness", 
                            "count": 55, 
                            "value": 5795
                        }
                    ]
                }, 
                {
                    "gender": "Joint (Male/Female)", 
                    "dispositions": [
                        {
                            "disposition": "Applications Received", 
                            "count": 219210, 
                            "value": 0
                        }, 
                        {
                            "disposition": "Loans Originated", 
                            "count": 736, 
                            "value": 121883
                        }, 
                        {
                            "disposition": "Apps. Approved But Not Accepted", 
                            "count": 65, 
                            "value": 11616
                        }, 
                        {
                            "disposition": "Aplications Denied", 
                            "count": 256, 
                            "value": 41834
                        }, 
                        {
                            "disposition": "Applications Withdrawn", 
                            "count": 165, 
                            "value": 27926
                        }, 
                        {
                            "disposition": "Files Closed For Incompleteness", 
                            "count": 83, 
                            "value": 14646
                        }
                    ]
                }
            ]
        }
    ], 
    "incomes": [
        {
            "income": "Less than 50% of MSA/MD median", 
            "dispositions": [
                {
                    "disposition": "Applications Received", 
                    "count": 1775, 
                    "value": 159390
                }, 
                {
                    "disposition": "Loans Originated", 
                    "count": 771, 
                    "value": 63310
                }, 
                {
                    "disposition": "Apps. Approved But Not Accepted", 
                    "count": 48, 
                    "value": 4092
                }, 
                {
                    "disposition": "Aplications Denied", 
                    "count": 570, 
                    "value": 49631
                }, 
                {
                    "disposition": "Applications Withdrawn", 
                    "count": 302, 
                    "value": 34875
                }, 
                {
                    "disposition": "Files Closed For Incompleteness", 
                    "count": 84, 
                    "value": 7482
                }
            ]
        }, 
        {
            "income": "50-79% of MSA/MD median", 
            "dispositions": [
                {
                    "disposition": "Applications Received", 
                    "count": 3223, 
                    "value": 331736
                }, 
                {
                    "disposition": "Loans Originated", 
                    "count": 1800, 
                    "value": 181741
                }, 
                {
                    "disposition": "Apps. Approved But Not Accepted", 
                    "count": 122, 
                    "value": 12847
                }, 
                {
                    "disposition": "Aplications Denied", 
                    "count": 738, 
                    "value": 75198
                }, 
                {
                    "disposition": "Applications Withdrawn", 
                    "count": 405, 
                    "value": 45563
                }, 
                {
                    "disposition": "Files Closed For Incompleteness", 
                    "count": 158, 
                    "value": 16387
                }
            ]
        }, 
        {
            "income": "80-99% of MSA/MD median", 
            "dispositions": [
                {
                    "disposition": "Applications Received", 
                    "count": 2695, 
                    "value": 331054
                }, 
                {
                    "disposition": "Loans Originated", 
                    "count": 1572, 
                    "value": 185864
                }, 
                {
                    "disposition": "Apps. Approved But Not Accepted", 
                    "count": 105, 
                    "value": 13352
                }, 
                {
                    "disposition": "Aplications Denied", 
                    "count": 521, 
                    "value": 64352
                }, 
                {
                    "disposition": "Applications Withdrawn", 
                    "count": 363, 
                    "value": 49979
                }, 
                {
                    "disposition": "Files Closed For Incompleteness", 
                    "count": 134, 
                    "value": 17507
                }
            ]
        }, 
        {
            "income": "100-119% of MSA/MD median", 
            "dispositions": [
                {
                    "disposition": "Applications Received", 
                    "count": 2080, 
                    "value": 281863
                }, 
                {
                    "disposition": "Loans Originated", 
                    "count": 1295, 
                    "value": 171544
                }, 
                {
                    "disposition": "Apps. Approved But Not Accepted", 
                    "count": 82, 
                    "value": 11688
                }, 
                {
                    "disposition": "Aplications Denied", 
                    "count": 367, 
                    "value": 50480
                }, 
                {
                    "disposition": "Applications Withdrawn", 
                    "count": 250, 
                    "value": 36419
                }, 
                {
                    "disposition": "Files Closed For Incompleteness", 
                    "count": 86, 
                    "value": 11732
                }
            ]
        }, 
        {
            "income": "120% or more of MSA/MD median", 
            "dispositions": [
                {
                    "disposition": "Applications Received", 
                    "count": 9593, 
                    "value": 1862949
                }, 
                {
                    "disposition": "Loans Originated", 
                    "count": 6443, 
                    "value": 1233188
                }, 
                {
                    "disposition": "Apps. Approved But Not Accepted", 
                    "count": 434, 
                    "value": 86097
                }, 
                {
                    "disposition": "Aplications Denied", 
                    "count": 1224, 
                    "value": 249200
                }, 
                {
                    "disposition": "Applications Withdrawn", 
                    "count": 1056, 
                    "value": 211861
                }, 
                {
                    "disposition": "Files Closed For Incompleteness", 
                    "count": 436, 
                    "value": 82603
                }
            ]
        }, 
        {
            "income": "Income not available", 
            "dispositions": [
                {
                    "disposition": "Applications Received", 
                    "count": 3106, 
                    "value": 498600
                }, 
                {
                    "disposition": "Loans Originated", 
                    "count": 2019, 
                    "value": 334596
                }, 
                {
                    "disposition": "Apps. Approved But Not Accepted", 
                    "count": 183, 
                    "value": 29413
                }, 
                {
                    "disposition": "Aplications Denied", 
                    "count": 397, 
                    "value": 57385
                }, 
                {
                    "disposition": "Applications Withdrawn", 
                    "count": 346, 
                    "value": 54218
                }, 
                {
                    "disposition": "Files Closed For Incompleteness", 
                    "count": 161, 
                    "value": 22988
                }
            ]
        }
    ], 
    "total": [
        {
            "disposition": "Applications Received", 
            "count": 0, 
            "value": 0
        }, 
        {
            "disposition": "Loans Originated", 
            "count": 13900, 
            "value": 2170243
        }, 
        {
            "disposition": "Apps. Approved But Not Accepted", 
            "count": 974, 
            "value": 157489
        }, 
        {
            "disposition": "Aplications Denied", 
            "count": 3818, 
            "value": 546292
        }, 
        {
            "disposition": "Applications Withdrawn", 
            "count": 2722, 
            "value": 432915
        }, 
        {
            "disposition": "Files Closed For Incompleteness", 
            "count": 1059, 
            "value": 158699
        }
    ]
}