{
    "table": "3-1", 
    "type": "Aggregate", 
    "desc": "Loans sold, by characteristics of borrower and census tract in which property is located and by type of purchaser (includes originations and purchased loans)", 
    "year": "2013", 
    "msa": {
        "id": "23420", 
        "name": "Fresno", 
        "state": "CA", 
        "state_name": "California"
    }, 
    "borrowercharacteristics": [
        {
            "characteristic": "Race", 
            "races": [
                {
                    "race": "American Indian/Alaska Native", 
                    "purchasers": [
                        {
                            "name": "Fannie Mae", 
                            "count": 20, 
                            "value": 3410.0
                        }, 
                        {
                            "name": "Ginnie Mae", 
                            "count": 21, 
                            "value": 4110.0
                        }, 
                        {
                            "name": "Freddie Mac", 
                            "count": 17, 
                            "value": 2711.0
                        }, 
                        {
                            "name": "Farmer Mac", 
                            "count": 0, 
                            "value": 0
                        }, 
                        {
                            "name": "Private Securitization", 
                            "count": 1, 
                            "value": 161.0
                        }, 
                        {
                            "name": "Commercial bank, savings bank or association", 
                            "count": 8, 
                            "value": 1854.0
                        }, 
                        {
                            "name": "Life insurance co., credit union, finance co.", 
                            "count": 0, 
                            "value": 0
                        }, 
                        {
                            "name": "Affiliate institution", 
                            "count": 1, 
                            "value": 117.0
                        }, 
                        {
                            "name": "Other", 
                            "count": 71, 
                            "value": 13474.0
                        }
                    ]
                }, 
                {
                    "race": "Asian", 
                    "purchasers": [
                        {
                            "name": "Fannie Mae", 
                            "count": 44, 
                            "value": 6494.0
                        }, 
                        {
                            "name": "Ginnie Mae", 
                            "count": 30, 
                            "value": 5363.0
                        }, 
                        {
                            "name": "Freddie Mac", 
                            "count": 21, 
                            "value": 3354.0
                        }, 
                        {
                            "name": "Farmer Mac", 
                            "count": 0, 
                            "value": 0
                        }, 
                        {
                            "name": "Private Securitization", 
                            "count": 0, 
                            "value": 0
                        }, 
                        {
                            "name": "Commercial bank, savings bank or association", 
                            "count": 7, 
                            "value": 1361.0
                        }, 
                        {
                            "name": "Life insurance co., credit union, finance co.", 
                            "count": 2, 
                            "value": 384.0
                        }, 
                        {
                            "name": "Affiliate institution", 
                            "count": 2, 
                            "value": 343.0
                        }, 
                        {
                            "name": "Other", 
                            "count": 187, 
                            "value": 22038.0
                        }
                    ]
                }, 
                {
                    "race": "Black or African American", 
                    "purchasers": [
                        {
                            "name": "Fannie Mae", 
                            "count": 875, 
                            "value": 165580.0
                        }, 
                        {
                            "name": "Ginnie Mae", 
                            "count": 411, 
                            "value": 81439.0
                        }, 
                        {
                            "name": "Freddie Mac", 
                            "count": 331, 
                            "value": 63853.0
                        }, 
                        {
                            "name": "Farmer Mac", 
                            "count": 0, 
                            "value": 0
                        }, 
                        {
                            "name": "Private Securitization", 
                            "count": 4, 
                            "value": 835.0
                        }, 
                        {
                            "name": "Commercial bank, savings bank or association", 
                            "count": 160, 
                            "value": 31205.0
                        }, 
                        {
                            "name": "Life insurance co., credit union, finance co.", 
                            "count": 90, 
                            "value": 18450.0
                        }, 
                        {
                            "name": "Affiliate institution", 
                            "count": 41, 
                            "value": 6924.0
                        }, 
                        {
                            "name": "Other", 
                            "count": 1642, 
                            "value": 333988.0
                        }
                    ]
                }, 
                {
                    "race": "Native Hawaiian or Other Pacific Islander", 
                    "purchasers": [
                        {
                            "name": "Fannie Mae", 
                            "count": 128, 
                            "value": 21729.0
                        }, 
                        {
                            "name": "Ginnie Mae", 
                            "count": 138, 
                            "value": 27601.0
                        }, 
                        {
                            "name": "Freddie Mac", 
                            "count": 61, 
                            "value": 11519.0
                        }, 
                        {
                            "name": "Farmer Mac", 
                            "count": 0, 
                            "value": 0
                        }, 
                        {
                            "name": "Private Securitization", 
                            "count": 2, 
                            "value": 133.0
                        }, 
                        {
                            "name": "Commercial bank, savings bank or association", 
                            "count": 24, 
                            "value": 5177.0
                        }, 
                        {
                            "name": "Life insurance co., credit union, finance co.", 
                            "count": 12, 
                            "value": 2349.0
                        }, 
                        {
                            "name": "Affiliate institution", 
                            "count": 9, 
                            "value": 1126.0
                        }, 
                        {
                            "name": "Other", 
                            "count": 421, 
                            "value": 74330.0
                        }
                    ]
                }, 
                {
                    "race": "White", 
                    "purchasers": [
                        {
                            "name": "Fannie Mae", 
                            "count": 38, 
                            "value": 6072.0
                        }, 
                        {
                            "name": "Ginnie Mae", 
                            "count": 18, 
                            "value": 3731.0
                        }, 
                        {
                            "name": "Freddie Mac", 
                            "count": 14, 
                            "value": 2189.0
                        }, 
                        {
                            "name": "Farmer Mac", 
                            "count": 0, 
                            "value": 0
                        }, 
                        {
                            "name": "Private Securitization", 
                            "count": 0, 
                            "value": 0
                        }, 
                        {
                            "name": "Commercial bank, savings bank or association", 
                            "count": 7, 
                            "value": 1125.0
                        }, 
                        {
                            "name": "Life insurance co., credit union, finance co.", 
                            "count": 4, 
                            "value": 1122.0
                        }, 
                        {
                            "name": "Affiliate institution", 
                            "count": 5, 
                            "value": 988.0
                        }, 
                        {
                            "name": "Other", 
                            "count": 85, 
                            "value": 12984.0
                        }
                    ]
                }, 
                {
                    "race": "2 or more minority races", 
                    "purchasers": [
                        {
                            "name": "Fannie Mae", 
                            "count": 5815, 
                            "value": 1084675.0
                        }, 
                        {
                            "name": "Ginnie Mae", 
                            "count": 3597, 
                            "value": 685884.0
                        }, 
                        {
                            "name": "Freddie Mac", 
                            "count": 2773, 
                            "value": 503773.0
                        }, 
                        {
                            "name": "Farmer Mac", 
                            "count": 0, 
                            "value": 0
                        }, 
                        {
                            "name": "Private Securitization", 
                            "count": 61, 
                            "value": 15571.0
                        }, 
                        {
                            "name": "Commercial bank, savings bank or association", 
                            "count": 1653, 
                            "value": 333927.0
                        }, 
                        {
                            "name": "Life insurance co., credit union, finance co.", 
                            "count": 585, 
                            "value": 122733.0
                        }, 
                        {
                            "name": "Affiliate institution", 
                            "count": 485, 
                            "value": 72681.0
                        }, 
                        {
                            "name": "Other", 
                            "count": 10378, 
                            "value": 1881005.0
                        }
                    ]
                }, 
                {
                    "race": "Joint (White/Minority Race", 
                    "purchasers": [
                        {
                            "name": "Fannie Mae", 
                            "count": 162, 
                            "value": 35718.0
                        }, 
                        {
                            "name": "Ginnie Mae", 
                            "count": 90, 
                            "value": 19390.0
                        }, 
                        {
                            "name": "Freddie Mac", 
                            "count": 68, 
                            "value": 14794.0
                        }, 
                        {
                            "name": "Farmer Mac", 
                            "count": 0, 
                            "value": 0
                        }, 
                        {
                            "name": "Private Securitization", 
                            "count": 4, 
                            "value": 1217.0
                        }, 
                        {
                            "name": "Commercial bank, savings bank or association", 
                            "count": 32, 
                            "value": 7037.0
                        }, 
                        {
                            "name": "Life insurance co., credit union, finance co.", 
                            "count": 15, 
                            "value": 3378.0
                        }, 
                        {
                            "name": "Affiliate institution", 
                            "count": 25, 
                            "value": 3887.0
                        }, 
                        {
                            "name": "Other", 
                            "count": 251, 
                            "value": 52743.0
                        }
                    ]
                }, 
                {
                    "race": "Not Available", 
                    "purchasers": [
                        {
                            "name": "Fannie Mae", 
                            "count": 1947, 
                            "value": 368391.0
                        }, 
                        {
                            "name": "Ginnie Mae", 
                            "count": 1500, 
                            "value": 855235.0
                        }, 
                        {
                            "name": "Freddie Mac", 
                            "count": 973, 
                            "value": 181399.0
                        }, 
                        {
                            "name": "Farmer Mac", 
                            "count": 0, 
                            "value": 0
                        }, 
                        {
                            "name": "Private Securitization", 
                            "count": 12, 
                            "value": 2715.0
                        }, 
                        {
                            "name": "Commercial bank, savings bank or association", 
                            "count": 223, 
                            "value": 94141.0
                        }, 
                        {
                            "name": "Life insurance co., credit union, finance co.", 
                            "count": 171, 
                            "value": 35975.0
                        }, 
                        {
                            "name": "Affiliate institution", 
                            "count": 248, 
                            "value": 34090.0
                        }, 
                        {
                            "name": "Other", 
                            "count": 3996, 
                            "value": 955394.0
                        }
                    ]
                }
            ]
        }, 
        {
            "characteristic": "Ethnicity", 
            "ethnicities": [
                {
                    "ethnicity": "Hispanic or Latino", 
                    "purchasers": [
                        {
                            "name": "Fannie Mae", 
                            "count": 1423, 
                            "value": 216414
                        }, 
                        {
                            "name": "Ginnie Mae", 
                            "count": 1811, 
                            "value": 299301
                        }, 
                        {
                            "name": "Freddie Mac", 
                            "count": 673, 
                            "value": 105203
                        }, 
                        {
                            "name": "Farmer Mac", 
                            "count": 0, 
                            "value": 0
                        }, 
                        {
                            "name": "Private Securitization", 
                            "count": 3, 
                            "value": 591
                        }, 
                        {
                            "name": "Commercial bank, savings bank or association", 
                            "count": 464, 
                            "value": 77984
                        }, 
                        {
                            "name": "Life insurance co., credit union, finance co.", 
                            "count": 174, 
                            "value": 32061
                        }, 
                        {
                            "name": "Affiliate institution", 
                            "count": 178, 
                            "value": 21459
                        }, 
                        {
                            "name": "Other", 
                            "count": 4014, 
                            "value": 560097
                        }
                    ]
                }, 
                {
                    "ethnicity": "Not Hispanic or Latino", 
                    "purchasers": [
                        {
                            "name": "Fannie Mae", 
                            "count": 5590, 
                            "value": 1084004
                        }, 
                        {
                            "name": "Ginnie Mae", 
                            "count": 2346, 
                            "value": 494123
                        }, 
                        {
                            "name": "Freddie Mac", 
                            "count": 2555, 
                            "value": 485510
                        }, 
                        {
                            "name": "Farmer Mac", 
                            "count": 0, 
                            "value": 0
                        }, 
                        {
                            "name": "Private Securitization", 
                            "count": 68, 
                            "value": 17071
                        }, 
                        {
                            "name": "Commercial bank, savings bank or association", 
                            "count": 1366, 
                            "value": 291226
                        }, 
                        {
                            "name": "Life insurance co., credit union, finance co.", 
                            "count": 510, 
                            "value": 111001
                        }, 
                        {
                            "name": "Affiliate institution", 
                            "count": 423, 
                            "value": 65625
                        }, 
                        {
                            "name": "Other", 
                            "count": 9149, 
                            "value": 1829588
                        }
                    ]
                }, 
                {
                    "ethnicity": "Joint (Hispanic or Latino/Not Hispanic or Latino", 
                    "purchasers": [
                        {
                            "name": "Fannie Mae", 
                            "count": 298, 
                            "value": 60957
                        }, 
                        {
                            "name": "Ginnie Mae", 
                            "count": 195, 
                            "value": 41724
                        }, 
                        {
                            "name": "Freddie Mac", 
                            "count": 152, 
                            "value": 27662
                        }, 
                        {
                            "name": "Farmer Mac", 
                            "count": 0, 
                            "value": 0
                        }, 
                        {
                            "name": "Private Securitization", 
                            "count": 1, 
                            "value": 255
                        }, 
                        {
                            "name": "Commercial bank, savings bank or association", 
                            "count": 70, 
                            "value": 14829
                        }, 
                        {
                            "name": "Life insurance co., credit union, finance co.", 
                            "count": 29, 
                            "value": 7003
                        }, 
                        {
                            "name": "Affiliate institution", 
                            "count": 54, 
                            "value": 8946
                        }, 
                        {
                            "name": "Other", 
                            "count": 519, 
                            "value": 96797
                        }
                    ]
                }, 
                {
                    "ethnicity": "Ethnicity Not Available", 
                    "purchasers": [
                        {
                            "name": "Fannie Mae", 
                            "count": 1718, 
                            "value": 330694
                        }, 
                        {
                            "name": "Ginnie Mae", 
                            "count": 1453, 
                            "value": 847605
                        }, 
                        {
                            "name": "Freddie Mac", 
                            "count": 878, 
                            "value": 165217
                        }, 
                        {
                            "name": "Farmer Mac", 
                            "count": 0, 
                            "value": 0
                        }, 
                        {
                            "name": "Private Securitization", 
                            "count": 12, 
                            "value": 2715
                        }, 
                        {
                            "name": "Commercial bank, savings bank or association", 
                            "count": 214, 
                            "value": 91788
                        }, 
                        {
                            "name": "Life insurance co., credit union, finance co.", 
                            "count": 166, 
                            "value": 34326
                        }, 
                        {
                            "name": "Affiliate institution", 
                            "count": 161, 
                            "value": 24126
                        }, 
                        {
                            "name": "Other", 
                            "count": 3349, 
                            "value": 859474
                        }
                    ]
                }
            ]
        }, 
        {
            "characteristic": "Minority Status", 
            "minoritystatuses": [
                {
                    "minoritystatus": "White Non-Hispanic", 
                    "purchasers": [
                        {
                            "name": "Fannie Mae", 
                            "count": 6144, 
                            "value": 1194217
                        }, 
                        {
                            "name": "Ginnie Mae", 
                            "count": 3174, 
                            "value": 1215157
                        }, 
                        {
                            "name": "Freddie Mac", 
                            "count": 2965, 
                            "value": 559466
                        }, 
                        {
                            "name": "Farmer Mac", 
                            "count": 0, 
                            "value": 0
                        }, 
                        {
                            "name": "Private Securitization", 
                            "count": 69, 
                            "value": 17440
                        }, 
                        {
                            "name": "Commercial bank, savings bank or association", 
                            "count": 1354, 
                            "value": 337815
                        }, 
                        {
                            "name": "Life insurance co., credit union, finance co.", 
                            "count": 558, 
                            "value": 120498
                        }, 
                        {
                            "name": "Affiliate institution", 
                            "count": 512, 
                            "value": 78050
                        }, 
                        {
                            "name": "Other", 
                            "count": 10118, 
                            "value": 2217821
                        }
                    ]
                }, 
                {
                    "minoritystatus": "Others, Including Hispanic", 
                    "purchasers": [
                        {
                            "name": "Fannie Mae", 
                            "count": 2885, 
                            "value": 497852
                        }, 
                        {
                            "name": "Ginnie Mae", 
                            "count": 2631, 
                            "value": 467596
                        }, 
                        {
                            "name": "Freddie Mac", 
                            "count": 1293, 
                            "value": 224126
                        }, 
                        {
                            "name": "Farmer Mac", 
                            "count": 0, 
                            "value": 0
                        }, 
                        {
                            "name": "Private Securitization", 
                            "count": 15, 
                            "value": 3192
                        }, 
                        {
                            "name": "Commercial bank, savings bank or association", 
                            "count": 760, 
                            "value": 138012
                        }, 
                        {
                            "name": "Life insurance co., credit union, finance co.", 
                            "count": 321, 
                            "value": 63893
                        }, 
                        {
                            "name": "Affiliate institution", 
                            "count": 304, 
                            "value": 42106
                        }, 
                        {
                            "name": "Other", 
                            "count": 6913, 
                            "value": 1128135
                        }
                    ]
                }
            ]
        }, 
        {
            "characteristic": "Applicant Income", 
            "applicantincomes": [
                {
                    "applicantincome": "Less than 50% of MSA/MD median", 
                    "purchasers": [
                        {
                            "name": "Fannie Mae", 
                            "count": 519, 
                            "value": 58698
                        }, 
                        {
                            "name": "Ginnie Mae", 
                            "count": 298, 
                            "value": 30431
                        }, 
                        {
                            "name": "Freddie Mac", 
                            "count": 236, 
                            "value": 26893
                        }, 
                        {
                            "name": "Farmer Mac", 
                            "count": 0, 
                            "value": 0
                        }, 
                        {
                            "name": "Private Securitization", 
                            "count": 0, 
                            "value": 0
                        }, 
                        {
                            "name": "Commercial bank, savings bank or association", 
                            "count": 85, 
                            "value": 9041
                        }, 
                        {
                            "name": "Life insurance co., credit union, finance co.", 
                            "count": 35, 
                            "value": 3745
                        }, 
                        {
                            "name": "Affiliate institution", 
                            "count": 71, 
                            "value": 6373
                        }, 
                        {
                            "name": "Other", 
                            "count": 1425, 
                            "value": 140715
                        }
                    ]
                }, 
                {
                    "applicantincome": "50-79% of MSA/MD median", 
                    "purchasers": [
                        {
                            "name": "Fannie Mae", 
                            "count": 1002, 
                            "value": 132725
                        }, 
                        {
                            "name": "Ginnie Mae", 
                            "count": 880, 
                            "value": 125168
                        }, 
                        {
                            "name": "Freddie Mac", 
                            "count": 453, 
                            "value": 58450
                        }, 
                        {
                            "name": "Farmer Mac", 
                            "count": 0, 
                            "value": 0
                        }, 
                        {
                            "name": "Private Securitization", 
                            "count": 7, 
                            "value": 1082
                        }, 
                        {
                            "name": "Commercial bank, savings bank or association", 
                            "count": 334, 
                            "value": 46843
                        }, 
                        {
                            "name": "Life insurance co., credit union, finance co.", 
                            "count": 117, 
                            "value": 15805
                        }, 
                        {
                            "name": "Affiliate institution", 
                            "count": 103, 
                            "value": 11481
                        }, 
                        {
                            "name": "Other", 
                            "count": 2533, 
                            "value": 312550
                        }
                    ]
                }, 
                {
                    "applicantincome": "80-99% of MSA/MD median", 
                    "purchasers": [
                        {
                            "name": "Fannie Mae", 
                            "count": 816, 
                            "value": 124645
                        }, 
                        {
                            "name": "Ginnie Mae", 
                            "count": 585, 
                            "value": 101398
                        }, 
                        {
                            "name": "Freddie Mac", 
                            "count": 426, 
                            "value": 64054
                        }, 
                        {
                            "name": "Farmer Mac", 
                            "count": 0, 
                            "value": 0
                        }, 
                        {
                            "name": "Private Securitization", 
                            "count": 6, 
                            "value": 910
                        }, 
                        {
                            "name": "Commercial bank, savings bank or association", 
                            "count": 247, 
                            "value": 41739
                        }, 
                        {
                            "name": "Life insurance co., credit union, finance co.", 
                            "count": 86, 
                            "value": 15352
                        }, 
                        {
                            "name": "Affiliate institution", 
                            "count": 83, 
                            "value": 9866
                        }, 
                        {
                            "name": "Other", 
                            "count": 1718, 
                            "value": 247269
                        }
                    ]
                }, 
                {
                    "applicantincome": "100-119% of MSA/MD median", 
                    "purchasers": [
                        {
                            "name": "Fannie Mae", 
                            "count": 893, 
                            "value": 147716
                        }, 
                        {
                            "name": "Ginnie Mae", 
                            "count": 448, 
                            "value": 89467
                        }, 
                        {
                            "name": "Freddie Mac", 
                            "count": 378, 
                            "value": 59943
                        }, 
                        {
                            "name": "Farmer Mac", 
                            "count": 0, 
                            "value": 0
                        }, 
                        {
                            "name": "Private Securitization", 
                            "count": 7, 
                            "value": 1458
                        }, 
                        {
                            "name": "Commercial bank, savings bank or association", 
                            "count": 230, 
                            "value": 43120
                        }, 
                        {
                            "name": "Life insurance co., credit union, finance co.", 
                            "count": 112, 
                            "value": 22937
                        }, 
                        {
                            "name": "Affiliate institution", 
                            "count": 79, 
                            "value": 11506
                        }, 
                        {
                            "name": "Other", 
                            "count": 1536, 
                            "value": 249321
                        }
                    ]
                }, 
                {
                    "applicantincome": "120% or more of MSA/MD median", 
                    "purchasers": [
                        {
                            "name": "Fannie Mae", 
                            "count": 5269, 
                            "value": 1085841
                        }, 
                        {
                            "name": "Ginnie Mae", 
                            "count": 1350, 
                            "value": 340520
                        }, 
                        {
                            "name": "Freddie Mac", 
                            "count": 2473, 
                            "value": 510380
                        }, 
                        {
                            "name": "Farmer Mac", 
                            "count": 0, 
                            "value": 0
                        }, 
                        {
                            "name": "Private Securitization", 
                            "count": 60, 
                            "value": 16228
                        }, 
                        {
                            "name": "Commercial bank, savings bank or association", 
                            "count": 1159, 
                            "value": 277693
                        }, 
                        {
                            "name": "Life insurance co., credit union, finance co.", 
                            "count": 428, 
                            "value": 104111
                        }, 
                        {
                            "name": "Affiliate institution", 
                            "count": 474, 
                            "value": 79937
                        }, 
                        {
                            "name": "Other", 
                            "count": 7667, 
                            "value": 1740486
                        }
                    ]
                }, 
                {
                    "applicantincome": "income not available", 
                    "purchasers": [
                        {
                            "name": "Fannie Mae", 
                            "count": 530, 
                            "value": 142444
                        }, 
                        {
                            "name": "Ginnie Mae", 
                            "count": 2244, 
                            "value": 995769
                        }, 
                        {
                            "name": "Freddie Mac", 
                            "count": 292, 
                            "value": 63872
                        }, 
                        {
                            "name": "Farmer Mac", 
                            "count": 0, 
                            "value": 0
                        }, 
                        {
                            "name": "Private Securitization", 
                            "count": 4, 
                            "value": 954
                        }, 
                        {
                            "name": "Commercial bank, savings bank or association", 
                            "count": 59, 
                            "value": 57391
                        }, 
                        {
                            "name": "Life insurance co., credit union, finance co.", 
                            "count": 101, 
                            "value": 22441
                        }, 
                        {
                            "name": "Affiliate institution", 
                            "count": 6, 
                            "value": 993
                        }, 
                        {
                            "name": "Other", 
                            "count": 2152, 
                            "value": 655615
                        }
                    ]
                }
            ]
        }
    ], 
    "censuscharacteristics": [
        {
            "characteristic": "Racial/Ethnic Composition", 
            "tractpctminorities": [
                {
                    "tractpctminority": "Less than 10% minority", 
                    "purchasers": [
                        {
                            "name": "Fannie Mae", 
                            "count": 0, 
                            "value": 0
                        }, 
                        {
                            "name": "Ginnie Mae", 
                            "count": 0, 
                            "value": 0
                        }, 
                        {
                            "name": "Freddie Mac", 
                            "count": 0, 
                            "value": 0
                        }, 
                        {
                            "name": "Farmer Mac", 
                            "count": 0, 
                            "value": 0
                        }, 
                        {
                            "name": "Private Securitization", 
                            "count": 0, 
                            "value": 0
                        }, 
                        {
                            "name": "Commercial bank, savings bank or association", 
                            "count": 0, 
                            "value": 0
                        }, 
                        {
                            "name": "Life insurance co., credit union, finance co.", 
                            "count": 0, 
                            "value": 0
                        }, 
                        {
                            "name": "Affiliate institution", 
                            "count": 0, 
                            "value": 0
                        }, 
                        {
                            "name": "Other", 
                            "count": 0, 
                            "value": 0
                        }
                    ]
                }, 
                {
                    "tractpctminority": "10-19% minority", 
                    "purchasers": [
                        {
                            "name": "Fannie Mae", 
                            "count": 4577, 
                            "value": 992074
                        }, 
                        {
                            "name": "Ginnie Mae", 
                            "count": 1789, 
                            "value": 625879
                        }, 
                        {
                            "name": "Freddie Mac", 
                            "count": 2138, 
                            "value": 454222
                        }, 
                        {
                            "name": "Farmer Mac", 
                            "count": 0, 
                            "value": 0
                        }, 
                        {
                            "name": "Private Securitization", 
                            "count": 66, 
                            "value": 17121
                        }, 
                        {
                            "name": "Commercial bank, savings bank or association", 
                            "count": 1013, 
                            "value": 270518
                        }, 
                        {
                            "name": "Life insurance co., credit union, finance co.", 
                            "count": 364, 
                            "value": 89986
                        }, 
                        {
                            "name": "Affiliate institution", 
                            "count": 360, 
                            "value": 63115
                        }, 
                        {
                            "name": "Other", 
                            "count": 6793, 
                            "value": 1646188
                        }
                    ]
                }, 
                {
                    "tractpctminority": "20-49% minority", 
                    "purchasers": [
                        {
                            "name": "Fannie Mae", 
                            "count": 3432, 
                            "value": 562032
                        }, 
                        {
                            "name": "Ginnie Mae", 
                            "count": 3073, 
                            "value": 756217
                        }, 
                        {
                            "name": "Freddie Mac", 
                            "count": 1654, 
                            "value": 271072
                        }, 
                        {
                            "name": "Farmer Mac", 
                            "count": 0, 
                            "value": 0
                        }, 
                        {
                            "name": "Private Securitization", 
                            "count": 12, 
                            "value": 2708
                        }, 
                        {
                            "name": "Commercial bank, savings bank or association", 
                            "count": 886, 
                            "value": 176794
                        }, 
                        {
                            "name": "Life insurance co., credit union, finance co.", 
                            "count": 434, 
                            "value": 83252
                        }, 
                        {
                            "name": "Affiliate institution", 
                            "count": 327, 
                            "value": 45105
                        }, 
                        {
                            "name": "Other", 
                            "count": 7343, 
                            "value": 1266213
                        }
                    ]
                }, 
                {
                    "tractpctminority": "50-79% minority", 
                    "purchasers": [
                        {
                            "name": "Fannie Mae", 
                            "count": 1020, 
                            "value": 137963
                        }, 
                        {
                            "name": "Ginnie Mae", 
                            "count": 943, 
                            "value": 300657
                        }, 
                        {
                            "name": "Freddie Mac", 
                            "count": 466, 
                            "value": 58298
                        }, 
                        {
                            "name": "Farmer Mac", 
                            "count": 0, 
                            "value": 0
                        }, 
                        {
                            "name": "Private Securitization", 
                            "count": 6, 
                            "value": 803
                        }, 
                        {
                            "name": "Commercial bank, savings bank or association", 
                            "count": 215, 
                            "value": 28515
                        }, 
                        {
                            "name": "Life insurance co., credit union, finance co.", 
                            "count": 81, 
                            "value": 11153
                        }, 
                        {
                            "name": "Affiliate institution", 
                            "count": 129, 
                            "value": 11936
                        }, 
                        {
                            "name": "Other", 
                            "count": 2895, 
                            "value": 433555
                        }
                    ]
                }, 
                {
                    "tractpctminority": "80-100% minority", 
                    "purchasers": [
                        {
                            "name": "Fannie Mae", 
                            "count": 0, 
                            "value": 0
                        }, 
                        {
                            "name": "Ginnie Mae", 
                            "count": 0, 
                            "value": 0
                        }, 
                        {
                            "name": "Freddie Mac", 
                            "count": 0, 
                            "value": 0
                        }, 
                        {
                            "name": "Farmer Mac", 
                            "count": 0, 
                            "value": 0
                        }, 
                        {
                            "name": "Private Securitization", 
                            "count": 0, 
                            "value": 0
                        }, 
                        {
                            "name": "Commercial bank, savings bank or association", 
                            "count": 0, 
                            "value": 0
                        }, 
                        {
                            "name": "Life insurance co., credit union, finance co.", 
                            "count": 0, 
                            "value": 0
                        }, 
                        {
                            "name": "Affiliate institution", 
                            "count": 0, 
                            "value": 0
                        }, 
                        {
                            "name": "Other", 
                            "count": 0, 
                            "value": 0
                        }
                    ]
                }
            ]
        }, 
        {
            "characteristic": "Income", 
            "incomelevels": [
                {
                    "incomelevel": "Low income", 
                    "purchasers": [
                        {
                            "name": "Fannie Mae", 
                            "count": 224, 
                            "value": 24333
                        }, 
                        {
                            "name": "Ginnie Mae", 
                            "count": 168, 
                            "value": 19156
                        }, 
                        {
                            "name": "Freddie Mac", 
                            "count": 124, 
                            "value": 13434
                        }, 
                        {
                            "name": "Farmer Mac", 
                            "count": 0, 
                            "value": 0
                        }, 
                        {
                            "name": "Private Securitization", 
                            "count": 0, 
                            "value": 0
                        }, 
                        {
                            "name": "Commercial bank, savings bank or association", 
                            "count": 42, 
                            "value": 5198
                        }, 
                        {
                            "name": "Life insurance co., credit union, finance co.", 
                            "count": 19, 
                            "value": 2244
                        }, 
                        {
                            "name": "Affiliate institution", 
                            "count": 30, 
                            "value": 2604
                        }, 
                        {
                            "name": "Other", 
                            "count": 681, 
                            "value": 120103
                        }
                    ]
                }, 
                {
                    "incomelevel": "Moderate income", 
                    "purchasers": [
                        {
                            "name": "Fannie Mae", 
                            "count": 1246, 
                            "value": 172851
                        }, 
                        {
                            "name": "Ginnie Mae", 
                            "count": 1043, 
                            "value": 227556
                        }, 
                        {
                            "name": "Freddie Mac", 
                            "count": 550, 
                            "value": 73213
                        }, 
                        {
                            "name": "Farmer Mac", 
                            "count": 0, 
                            "value": 0
                        }, 
                        {
                            "name": "Private Securitization", 
                            "count": 8, 
                            "value": 1165
                        }, 
                        {
                            "name": "Commercial bank, savings bank or association", 
                            "count": 296, 
                            "value": 47122
                        }, 
                        {
                            "name": "Life insurance co., credit union, finance co.", 
                            "count": 114, 
                            "value": 16159
                        }, 
                        {
                            "name": "Affiliate institution", 
                            "count": 134, 
                            "value": 13039
                        }, 
                        {
                            "name": "Other", 
                            "count": 3141, 
                            "value": 485952
                        }
                    ]
                }, 
                {
                    "incomelevel": "Middle income", 
                    "purchasers": [
                        {
                            "name": "Fannie Mae", 
                            "count": 1949, 
                            "value": 287728
                        }, 
                        {
                            "name": "Ginnie Mae", 
                            "count": 1689, 
                            "value": 546735
                        }, 
                        {
                            "name": "Freddie Mac", 
                            "count": 982, 
                            "value": 152063
                        }, 
                        {
                            "name": "Farmer Mac", 
                            "count": 0, 
                            "value": 0
                        }, 
                        {
                            "name": "Private Securitization", 
                            "count": 5, 
                            "value": 790
                        }, 
                        {
                            "name": "Commercial bank, savings bank or association", 
                            "count": 434, 
                            "value": 81410
                        }, 
                        {
                            "name": "Life insurance co., credit union, finance co.", 
                            "count": 205, 
                            "value": 35640
                        }, 
                        {
                            "name": "Affiliate institution", 
                            "count": 183, 
                            "value": 22718
                        }, 
                        {
                            "name": "Other", 
                            "count": 4359, 
                            "value": 679519
                        }
                    ]
                }, 
                {
                    "incomelevel": "Upper income", 
                    "purchasers": [
                        {
                            "name": "Fannie Mae", 
                            "count": 5610, 
                            "value": 1207157
                        }, 
                        {
                            "name": "Ginnie Mae", 
                            "count": 2905, 
                            "value": 889306
                        }, 
                        {
                            "name": "Freddie Mac", 
                            "count": 2602, 
                            "value": 544882
                        }, 
                        {
                            "name": "Farmer Mac", 
                            "count": 0, 
                            "value": 0
                        }, 
                        {
                            "name": "Private Securitization", 
                            "count": 71, 
                            "value": 18677
                        }, 
                        {
                            "name": "Commercial bank, savings bank or association", 
                            "count": 1342, 
                            "value": 342097
                        }, 
                        {
                            "name": "Life insurance co., credit union, finance co.", 
                            "count": 541, 
                            "value": 130348
                        }, 
                        {
                            "name": "Affiliate institution", 
                            "count": 469, 
                            "value": 81795
                        }, 
                        {
                            "name": "Other", 
                            "count": 8849, 
                            "value": 2060157
                        }
                    ]
                }
            ]
        }
    ], 
    "total": {
        "purchasers": [
            {
                "name": "Fannie Mae", 
                "count": 9029, 
                "value": 1692069
            }, 
            {
                "name": "Ginnie Mae", 
                "count": 5805, 
                "value": 1682753
            }, 
            {
                "name": "Freddie Mac", 
                "count": 4258, 
                "value": 783592
            }, 
            {
                "name": "Farmer Mac", 
                "count": 0, 
                "value": 0
            }, 
            {
                "name": "Private Securitization", 
                "count": 84, 
                "value": 20632
            }, 
            {
                "name": "Commercial bank, savings bank or association", 
                "count": 2114, 
                "value": 475827
            }, 
            {
                "name": "Life insurance co., credit union, finance co.", 
                "count": 879, 
                "value": 184391
            }, 
            {
                "name": "Affiliate institution", 
                "count": 816, 
                "value": 120156
            }, 
            {
                "name": "Other", 
                "count": 17031, 
                "value": 3345956
            }
        ]
    }
}