{
    "table": "3-1", 
    "type": "Aggregate", 
    "desc": "Loans sold, by characteristics of borrower and census tract in which property is located and by type of purchaser (includes originations and purchased loans)", 
    "year": "2012", 
    "msa": {
        "id": "38060", 
        "name": "Phoenix-Mesa-Glendale", 
        "state": "AZ", 
        "state_name": "Arizona"
    }, 
    "borrowercharacteristics": [
        {
            "characteristic": "Race", 
            "races": [
                {
                    "race": "American Indian/Alaska Native", 
                    "purchasers": [
                        {
                            "name": "Fannie Mae", 
                            "count": 107, 
                            "value": 17991.0
                        }, 
                        {
                            "name": "Ginnie Mae", 
                            "count": 98, 
                            "value": 16274.0
                        }, 
                        {
                            "name": "Freddie Mac", 
                            "count": 81, 
                            "value": 14909.0
                        }, 
                        {
                            "name": "Farmer Mac", 
                            "count": 0, 
                            "value": 0
                        }, 
                        {
                            "name": "Private Securitization", 
                            "count": 4, 
                            "value": 914.0
                        }, 
                        {
                            "name": "Commercial bank, savings bank or association", 
                            "count": 47, 
                            "value": 8083.0
                        }, 
                        {
                            "name": "Life insurance co., credit union, finance co.", 
                            "count": 23, 
                            "value": 5155.0
                        }, 
                        {
                            "name": "Affiliate institution", 
                            "count": 22, 
                            "value": 3239.0
                        }, 
                        {
                            "name": "Other", 
                            "count": 319, 
                            "value": 53854.0
                        }
                    ]
                }, 
                {
                    "race": "Asian", 
                    "purchasers": [
                        {
                            "name": "Fannie Mae", 
                            "count": 140, 
                            "value": 22208.0
                        }, 
                        {
                            "name": "Ginnie Mae", 
                            "count": 210, 
                            "value": 33459.0
                        }, 
                        {
                            "name": "Freddie Mac", 
                            "count": 72, 
                            "value": 10855.0
                        }, 
                        {
                            "name": "Farmer Mac", 
                            "count": 0, 
                            "value": 0
                        }, 
                        {
                            "name": "Private Securitization", 
                            "count": 0, 
                            "value": 0
                        }, 
                        {
                            "name": "Commercial bank, savings bank or association", 
                            "count": 84, 
                            "value": 13414.0
                        }, 
                        {
                            "name": "Life insurance co., credit union, finance co.", 
                            "count": 28, 
                            "value": 3551.0
                        }, 
                        {
                            "name": "Affiliate institution", 
                            "count": 16, 
                            "value": 2426.0
                        }, 
                        {
                            "name": "Other", 
                            "count": 537, 
                            "value": 68274.0
                        }
                    ]
                }, 
                {
                    "race": "Black or African American", 
                    "purchasers": [
                        {
                            "name": "Fannie Mae", 
                            "count": 3072, 
                            "value": 609487.0
                        }, 
                        {
                            "name": "Ginnie Mae", 
                            "count": 661, 
                            "value": 121560.0
                        }, 
                        {
                            "name": "Freddie Mac", 
                            "count": 1570, 
                            "value": 335594.0
                        }, 
                        {
                            "name": "Farmer Mac", 
                            "count": 1, 
                            "value": 389.0
                        }, 
                        {
                            "name": "Private Securitization", 
                            "count": 30, 
                            "value": 6187.0
                        }, 
                        {
                            "name": "Commercial bank, savings bank or association", 
                            "count": 904, 
                            "value": 177217.0
                        }, 
                        {
                            "name": "Life insurance co., credit union, finance co.", 
                            "count": 387, 
                            "value": 80883.0
                        }, 
                        {
                            "name": "Affiliate institution", 
                            "count": 190, 
                            "value": 33661.0
                        }, 
                        {
                            "name": "Other", 
                            "count": 4323, 
                            "value": 929253.0
                        }
                    ]
                }, 
                {
                    "race": "Native Hawaiian or Other Pacific Islander", 
                    "purchasers": [
                        {
                            "name": "Fannie Mae", 
                            "count": 757, 
                            "value": 132916.0
                        }, 
                        {
                            "name": "Ginnie Mae", 
                            "count": 1095, 
                            "value": 189318.0
                        }, 
                        {
                            "name": "Freddie Mac", 
                            "count": 400, 
                            "value": 73531.0
                        }, 
                        {
                            "name": "Farmer Mac", 
                            "count": 0, 
                            "value": 0
                        }, 
                        {
                            "name": "Private Securitization", 
                            "count": 14, 
                            "value": 2383.0
                        }, 
                        {
                            "name": "Commercial bank, savings bank or association", 
                            "count": 513, 
                            "value": 92624.0
                        }, 
                        {
                            "name": "Life insurance co., credit union, finance co.", 
                            "count": 183, 
                            "value": 33653.0
                        }, 
                        {
                            "name": "Affiliate institution", 
                            "count": 71, 
                            "value": 12043.0
                        }, 
                        {
                            "name": "Other", 
                            "count": 2300, 
                            "value": 400439.0
                        }
                    ]
                }, 
                {
                    "race": "White", 
                    "purchasers": [
                        {
                            "name": "Fannie Mae", 
                            "count": 100, 
                            "value": 18238.0
                        }, 
                        {
                            "name": "Ginnie Mae", 
                            "count": 108, 
                            "value": 18259.0
                        }, 
                        {
                            "name": "Freddie Mac", 
                            "count": 62, 
                            "value": 11641.0
                        }, 
                        {
                            "name": "Farmer Mac", 
                            "count": 0, 
                            "value": 0
                        }, 
                        {
                            "name": "Private Securitization", 
                            "count": 0, 
                            "value": 0
                        }, 
                        {
                            "name": "Commercial bank, savings bank or association", 
                            "count": 67, 
                            "value": 11392.0
                        }, 
                        {
                            "name": "Life insurance co., credit union, finance co.", 
                            "count": 38, 
                            "value": 6179.0
                        }, 
                        {
                            "name": "Affiliate institution", 
                            "count": 5, 
                            "value": 988.0
                        }, 
                        {
                            "name": "Other", 
                            "count": 318, 
                            "value": 54996.0
                        }
                    ]
                }, 
                {
                    "race": "2 or more minority races", 
                    "purchasers": [
                        {
                            "name": "Fannie Mae", 
                            "count": 53912, 
                            "value": 10122204.0
                        }, 
                        {
                            "name": "Ginnie Mae", 
                            "count": 28903, 
                            "value": 4952268.0
                        }, 
                        {
                            "name": "Freddie Mac", 
                            "count": 28560, 
                            "value": 5491674.0
                        }, 
                        {
                            "name": "Farmer Mac", 
                            "count": 2, 
                            "value": 663.0
                        }, 
                        {
                            "name": "Private Securitization", 
                            "count": 1133, 
                            "value": 226129.0
                        }, 
                        {
                            "name": "Commercial bank, savings bank or association", 
                            "count": 24295, 
                            "value": 4615018.0
                        }, 
                        {
                            "name": "Life insurance co., credit union, finance co.", 
                            "count": 9392, 
                            "value": 1805608.0
                        }, 
                        {
                            "name": "Affiliate institution", 
                            "count": 4188, 
                            "value": 756027.0
                        }, 
                        {
                            "name": "Other", 
                            "count": 90229, 
                            "value": 18423734.0
                        }
                    ]
                }, 
                {
                    "race": "Joint (White/Minority Race", 
                    "purchasers": [
                        {
                            "name": "Fannie Mae", 
                            "count": 1071, 
                            "value": 212304.0
                        }, 
                        {
                            "name": "Ginnie Mae", 
                            "count": 661, 
                            "value": 128499.0
                        }, 
                        {
                            "name": "Freddie Mac", 
                            "count": 562, 
                            "value": 120206.0
                        }, 
                        {
                            "name": "Farmer Mac", 
                            "count": 0, 
                            "value": 0
                        }, 
                        {
                            "name": "Private Securitization", 
                            "count": 20, 
                            "value": 4283.0
                        }, 
                        {
                            "name": "Commercial bank, savings bank or association", 
                            "count": 418, 
                            "value": 87544.0
                        }, 
                        {
                            "name": "Life insurance co., credit union, finance co.", 
                            "count": 190, 
                            "value": 40582.0
                        }, 
                        {
                            "name": "Affiliate institution", 
                            "count": 110, 
                            "value": 21246.0
                        }, 
                        {
                            "name": "Other", 
                            "count": 1773, 
                            "value": 383697.0
                        }
                    ]
                }, 
                {
                    "race": "Not Available", 
                    "purchasers": [
                        {
                            "name": "Fannie Mae", 
                            "count": 15918, 
                            "value": 3108377.0
                        }, 
                        {
                            "name": "Ginnie Mae", 
                            "count": 6188, 
                            "value": 1163779.0
                        }, 
                        {
                            "name": "Freddie Mac", 
                            "count": 8604, 
                            "value": 1800708.0
                        }, 
                        {
                            "name": "Farmer Mac", 
                            "count": 1, 
                            "value": 275.0
                        }, 
                        {
                            "name": "Private Securitization", 
                            "count": 211, 
                            "value": 44697.0
                        }, 
                        {
                            "name": "Commercial bank, savings bank or association", 
                            "count": 2736, 
                            "value": 589134.0
                        }, 
                        {
                            "name": "Life insurance co., credit union, finance co.", 
                            "count": 785, 
                            "value": 173273.0
                        }, 
                        {
                            "name": "Affiliate institution", 
                            "count": 1591, 
                            "value": 297483.0
                        }, 
                        {
                            "name": "Other", 
                            "count": 22648, 
                            "value": 5436457.0
                        }
                    ]
                }
            ]
        }, 
        {
            "characteristic": "Ethnicity", 
            "ethnicities": [
                {
                    "ethnicity": "Hispanic or Latino", 
                    "purchasers": [
                        {
                            "name": "Fannie Mae", 
                            "count": 3563, 
                            "value": 546669
                        }, 
                        {
                            "name": "Ginnie Mae", 
                            "count": 5060, 
                            "value": 687791
                        }, 
                        {
                            "name": "Freddie Mac", 
                            "count": 1926, 
                            "value": 299108
                        }, 
                        {
                            "name": "Farmer Mac", 
                            "count": 0, 
                            "value": 0
                        }, 
                        {
                            "name": "Private Securitization", 
                            "count": 64, 
                            "value": 10165
                        }, 
                        {
                            "name": "Commercial bank, savings bank or association", 
                            "count": 2690, 
                            "value": 376166
                        }, 
                        {
                            "name": "Life insurance co., credit union, finance co.", 
                            "count": 1031, 
                            "value": 148599
                        }, 
                        {
                            "name": "Affiliate institution", 
                            "count": 330, 
                            "value": 52757
                        }, 
                        {
                            "name": "Other", 
                            "count": 10738, 
                            "value": 1449000
                        }
                    ]
                }, 
                {
                    "ethnicity": "Not Hispanic or Latino", 
                    "purchasers": [
                        {
                            "name": "Fannie Mae", 
                            "count": 54456, 
                            "value": 10337281
                        }, 
                        {
                            "name": "Ginnie Mae", 
                            "count": 25981, 
                            "value": 4633186
                        }, 
                        {
                            "name": "Freddie Mac", 
                            "count": 28517, 
                            "value": 5581740
                        }, 
                        {
                            "name": "Farmer Mac", 
                            "count": 3, 
                            "value": 1052
                        }, 
                        {
                            "name": "Private Securitization", 
                            "count": 1088, 
                            "value": 219809
                        }, 
                        {
                            "name": "Commercial bank, savings bank or association", 
                            "count": 23135, 
                            "value": 4521075
                        }, 
                        {
                            "name": "Life insurance co., credit union, finance co.", 
                            "count": 9034, 
                            "value": 1793570
                        }, 
                        {
                            "name": "Affiliate institution", 
                            "count": 3962, 
                            "value": 721333
                        }, 
                        {
                            "name": "Other", 
                            "count": 87103, 
                            "value": 18408761
                        }
                    ]
                }, 
                {
                    "ethnicity": "Joint (Hispanic or Latino/Not Hispanic or Latino", 
                    "purchasers": [
                        {
                            "name": "Fannie Mae", 
                            "count": 1658, 
                            "value": 334330
                        }, 
                        {
                            "name": "Ginnie Mae", 
                            "count": 1014, 
                            "value": 193437
                        }, 
                        {
                            "name": "Freddie Mac", 
                            "count": 991, 
                            "value": 197237
                        }, 
                        {
                            "name": "Farmer Mac", 
                            "count": 0, 
                            "value": 0
                        }, 
                        {
                            "name": "Private Securitization", 
                            "count": 32, 
                            "value": 6123
                        }, 
                        {
                            "name": "Commercial bank, savings bank or association", 
                            "count": 618, 
                            "value": 130140
                        }, 
                        {
                            "name": "Life insurance co., credit union, finance co.", 
                            "count": 235, 
                            "value": 49124
                        }, 
                        {
                            "name": "Affiliate institution", 
                            "count": 195, 
                            "value": 36890
                        }, 
                        {
                            "name": "Other", 
                            "count": 2539, 
                            "value": 526870
                        }
                    ]
                }, 
                {
                    "ethnicity": "Ethnicity Not Available", 
                    "purchasers": [
                        {
                            "name": "Fannie Mae", 
                            "count": 15400, 
                            "value": 3025445
                        }, 
                        {
                            "name": "Ginnie Mae", 
                            "count": 5869, 
                            "value": 1109002
                        }, 
                        {
                            "name": "Freddie Mac", 
                            "count": 8477, 
                            "value": 1781033
                        }, 
                        {
                            "name": "Farmer Mac", 
                            "count": 1, 
                            "value": 275
                        }, 
                        {
                            "name": "Private Securitization", 
                            "count": 228, 
                            "value": 48496
                        }, 
                        {
                            "name": "Commercial bank, savings bank or association", 
                            "count": 2621, 
                            "value": 567045
                        }, 
                        {
                            "name": "Life insurance co., credit union, finance co.", 
                            "count": 726, 
                            "value": 157591
                        }, 
                        {
                            "name": "Affiliate institution", 
                            "count": 1706, 
                            "value": 316133
                        }, 
                        {
                            "name": "Other", 
                            "count": 22067, 
                            "value": 5366073
                        }
                    ]
                }
            ]
        }, 
        {
            "characteristic": "Minority Status", 
            "minoritystatuses": [
                {
                    "minoritystatus": "White Non-Hispanic", 
                    "purchasers": [
                        {
                            "name": "Fannie Mae", 
                            "count": 64851, 
                            "value": 12392631
                        }, 
                        {
                            "name": "Ginnie Mae", 
                            "count": 29279, 
                            "value": 5281315
                        }, 
                        {
                            "name": "Freddie Mac", 
                            "count": 34410, 
                            "value": 6826926
                        }, 
                        {
                            "name": "Farmer Mac", 
                            "count": 3, 
                            "value": 938
                        }, 
                        {
                            "name": "Private Securitization", 
                            "count": 1251, 
                            "value": 254969
                        }, 
                        {
                            "name": "Commercial bank, savings bank or association", 
                            "count": 23816, 
                            "value": 4716249
                        }, 
                        {
                            "name": "Life insurance co., credit union, finance co.", 
                            "count": 8958, 
                            "value": 1790274
                        }, 
                        {
                            "name": "Affiliate institution", 
                            "count": 5280, 
                            "value": 968341
                        }, 
                        {
                            "name": "Other", 
                            "count": 100249, 
                            "value": 21979528
                        }
                    ]
                }, 
                {
                    "minoritystatus": "Others, Including Hispanic", 
                    "purchasers": [
                        {
                            "name": "Fannie Mae", 
                            "count": 10226, 
                            "value": 1851094
                        }, 
                        {
                            "name": "Ginnie Mae", 
                            "count": 8645, 
                            "value": 1342101
                        }, 
                        {
                            "name": "Freddie Mac", 
                            "count": 5501, 
                            "value": 1032192
                        }, 
                        {
                            "name": "Farmer Mac", 
                            "count": 1, 
                            "value": 389
                        }, 
                        {
                            "name": "Private Securitization", 
                            "count": 161, 
                            "value": 29624
                        }, 
                        {
                            "name": "Commercial bank, savings bank or association", 
                            "count": 5248, 
                            "value": 878177
                        }, 
                        {
                            "name": "Life insurance co., credit union, finance co.", 
                            "count": 2068, 
                            "value": 358610
                        }, 
                        {
                            "name": "Affiliate institution", 
                            "count": 913, 
                            "value": 158772
                        }, 
                        {
                            "name": "Other", 
                            "count": 22198, 
                            "value": 3771176
                        }
                    ]
                }
            ]
        }, 
        {
            "characteristic": "Applicant Income", 
            "applicantincomes": [
                {
                    "applicantincome": "Less than 50% of MSA/MD median", 
                    "purchasers": [
                        {
                            "name": "Fannie Mae", 
                            "count": 5696, 
                            "value": 661021
                        }, 
                        {
                            "name": "Ginnie Mae", 
                            "count": 4055, 
                            "value": 403193
                        }, 
                        {
                            "name": "Freddie Mac", 
                            "count": 2689, 
                            "value": 317453
                        }, 
                        {
                            "name": "Farmer Mac", 
                            "count": 0, 
                            "value": 0
                        }, 
                        {
                            "name": "Private Securitization", 
                            "count": 113, 
                            "value": 12603
                        }, 
                        {
                            "name": "Commercial bank, savings bank or association", 
                            "count": 2969, 
                            "value": 307579
                        }, 
                        {
                            "name": "Life insurance co., credit union, finance co.", 
                            "count": 1253, 
                            "value": 155460
                        }, 
                        {
                            "name": "Affiliate institution", 
                            "count": 511, 
                            "value": 58193
                        }, 
                        {
                            "name": "Other", 
                            "count": 12493, 
                            "value": 1300892
                        }
                    ]
                }, 
                {
                    "applicantincome": "50-79% of MSA/MD median", 
                    "purchasers": [
                        {
                            "name": "Fannie Mae", 
                            "count": 10745, 
                            "value": 1499985
                        }, 
                        {
                            "name": "Ginnie Mae", 
                            "count": 6957, 
                            "value": 953653
                        }, 
                        {
                            "name": "Freddie Mac", 
                            "count": 5641, 
                            "value": 796337
                        }, 
                        {
                            "name": "Farmer Mac", 
                            "count": 0, 
                            "value": 0
                        }, 
                        {
                            "name": "Private Securitization", 
                            "count": 238, 
                            "value": 32634
                        }, 
                        {
                            "name": "Commercial bank, savings bank or association", 
                            "count": 5770, 
                            "value": 804770
                        }, 
                        {
                            "name": "Life insurance co., credit union, finance co.", 
                            "count": 1902, 
                            "value": 260411
                        }, 
                        {
                            "name": "Affiliate institution", 
                            "count": 922, 
                            "value": 123827
                        }, 
                        {
                            "name": "Other", 
                            "count": 19483, 
                            "value": 2546294
                        }
                    ]
                }, 
                {
                    "applicantincome": "80-99% of MSA/MD median", 
                    "purchasers": [
                        {
                            "name": "Fannie Mae", 
                            "count": 7799, 
                            "value": 1250008
                        }, 
                        {
                            "name": "Ginnie Mae", 
                            "count": 3472, 
                            "value": 580466
                        }, 
                        {
                            "name": "Freddie Mac", 
                            "count": 4095, 
                            "value": 667294
                        }, 
                        {
                            "name": "Farmer Mac", 
                            "count": 0, 
                            "value": 0
                        }, 
                        {
                            "name": "Private Securitization", 
                            "count": 156, 
                            "value": 25042
                        }, 
                        {
                            "name": "Commercial bank, savings bank or association", 
                            "count": 3318, 
                            "value": 558872
                        }, 
                        {
                            "name": "Life insurance co., credit union, finance co.", 
                            "count": 1157, 
                            "value": 190967
                        }, 
                        {
                            "name": "Affiliate institution", 
                            "count": 661, 
                            "value": 101670
                        }, 
                        {
                            "name": "Other", 
                            "count": 12082, 
                            "value": 1890614
                        }
                    ]
                }, 
                {
                    "applicantincome": "100-119% of MSA/MD median", 
                    "purchasers": [
                        {
                            "name": "Fannie Mae", 
                            "count": 7271, 
                            "value": 1285786
                        }, 
                        {
                            "name": "Ginnie Mae", 
                            "count": 2712, 
                            "value": 506498
                        }, 
                        {
                            "name": "Freddie Mac", 
                            "count": 3836, 
                            "value": 679991
                        }, 
                        {
                            "name": "Farmer Mac", 
                            "count": 0, 
                            "value": 0
                        }, 
                        {
                            "name": "Private Securitization", 
                            "count": 156, 
                            "value": 27690
                        }, 
                        {
                            "name": "Commercial bank, savings bank or association", 
                            "count": 2871, 
                            "value": 529860
                        }, 
                        {
                            "name": "Life insurance co., credit union, finance co.", 
                            "count": 1082, 
                            "value": 195801
                        }, 
                        {
                            "name": "Affiliate institution", 
                            "count": 618, 
                            "value": 102777
                        }, 
                        {
                            "name": "Other", 
                            "count": 10255, 
                            "value": 1792591
                        }
                    ]
                }, 
                {
                    "applicantincome": "120% or more of MSA/MD median", 
                    "purchasers": [
                        {
                            "name": "Fannie Mae", 
                            "count": 38122, 
                            "value": 8425172
                        }, 
                        {
                            "name": "Ginnie Mae", 
                            "count": 6658, 
                            "value": 1560714
                        }, 
                        {
                            "name": "Freddie Mac", 
                            "count": 20726, 
                            "value": 4684725
                        }, 
                        {
                            "name": "Farmer Mac", 
                            "count": 4, 
                            "value": 1327
                        }, 
                        {
                            "name": "Private Securitization", 
                            "count": 712, 
                            "value": 179343
                        }, 
                        {
                            "name": "Commercial bank, savings bank or association", 
                            "count": 11965, 
                            "value": 2915719
                        }, 
                        {
                            "name": "Life insurance co., credit union, finance co.", 
                            "count": 4755, 
                            "value": 1165757
                        }, 
                        {
                            "name": "Affiliate institution", 
                            "count": 3285, 
                            "value": 691249
                        }, 
                        {
                            "name": "Other", 
                            "count": 52310, 
                            "value": 14420738
                        }
                    ]
                }, 
                {
                    "applicantincome": "income not available", 
                    "purchasers": [
                        {
                            "name": "Fannie Mae", 
                            "count": 5444, 
                            "value": 1121753
                        }, 
                        {
                            "name": "Ginnie Mae", 
                            "count": 14070, 
                            "value": 2618892
                        }, 
                        {
                            "name": "Freddie Mac", 
                            "count": 2924, 
                            "value": 713318
                        }, 
                        {
                            "name": "Farmer Mac", 
                            "count": 0, 
                            "value": 0
                        }, 
                        {
                            "name": "Private Securitization", 
                            "count": 37, 
                            "value": 7281
                        }, 
                        {
                            "name": "Commercial bank, savings bank or association", 
                            "count": 2171, 
                            "value": 477626
                        }, 
                        {
                            "name": "Life insurance co., credit union, finance co.", 
                            "count": 877, 
                            "value": 180488
                        }, 
                        {
                            "name": "Affiliate institution", 
                            "count": 196, 
                            "value": 49397
                        }, 
                        {
                            "name": "Other", 
                            "count": 15824, 
                            "value": 3799575
                        }
                    ]
                }
            ]
        }
    ], 
    "censuscharacteristics": [
        {
            "characteristic": "Racial/Ethnic Composition", 
            "tractpctminorities": [
                {
                    "tractpctminority": "Less than 10% minority", 
                    "purchasers": [
                        {
                            "name": "Fannie Mae", 
                            "count": 7772, 
                            "value": 1673078
                        }, 
                        {
                            "name": "Ginnie Mae", 
                            "count": 1275, 
                            "value": 279570
                        }, 
                        {
                            "name": "Freddie Mac", 
                            "count": 4252, 
                            "value": 938871
                        }, 
                        {
                            "name": "Farmer Mac", 
                            "count": 0, 
                            "value": 0
                        }, 
                        {
                            "name": "Private Securitization", 
                            "count": 249, 
                            "value": 58937
                        }, 
                        {
                            "name": "Commercial bank, savings bank or association", 
                            "count": 2572, 
                            "value": 633996
                        }, 
                        {
                            "name": "Life insurance co., credit union, finance co.", 
                            "count": 864, 
                            "value": 232352
                        }, 
                        {
                            "name": "Affiliate institution", 
                            "count": 487, 
                            "value": 102739
                        }, 
                        {
                            "name": "Other", 
                            "count": 12347, 
                            "value": 4084756
                        }
                    ]
                }, 
                {
                    "tractpctminority": "10-19% minority", 
                    "purchasers": [
                        {
                            "name": "Fannie Mae", 
                            "count": 58622, 
                            "value": 11377977
                        }, 
                        {
                            "name": "Ginnie Mae", 
                            "count": 28675, 
                            "value": 5279898
                        }, 
                        {
                            "name": "Freddie Mac", 
                            "count": 31051, 
                            "value": 6210996
                        }, 
                        {
                            "name": "Farmer Mac", 
                            "count": 4, 
                            "value": 1327
                        }, 
                        {
                            "name": "Private Securitization", 
                            "count": 1051, 
                            "value": 210942
                        }, 
                        {
                            "name": "Commercial bank, savings bank or association", 
                            "count": 22400, 
                            "value": 4412489
                        }, 
                        {
                            "name": "Life insurance co., credit union, finance co.", 
                            "count": 8619, 
                            "value": 1718524
                        }, 
                        {
                            "name": "Affiliate institution", 
                            "count": 4878, 
                            "value": 909975
                        }, 
                        {
                            "name": "Other", 
                            "count": 89373, 
                            "value": 18846459
                        }
                    ]
                }, 
                {
                    "tractpctminority": "20-49% minority", 
                    "purchasers": [
                        {
                            "name": "Fannie Mae", 
                            "count": 7046, 
                            "value": 1010103
                        }, 
                        {
                            "name": "Ginnie Mae", 
                            "count": 5965, 
                            "value": 827174
                        }, 
                        {
                            "name": "Freddie Mac", 
                            "count": 3738, 
                            "value": 562789
                        }, 
                        {
                            "name": "Farmer Mac", 
                            "count": 0, 
                            "value": 0
                        }, 
                        {
                            "name": "Private Securitization", 
                            "count": 94, 
                            "value": 12803
                        }, 
                        {
                            "name": "Commercial bank, savings bank or association", 
                            "count": 3147, 
                            "value": 445635
                        }, 
                        {
                            "name": "Life insurance co., credit union, finance co.", 
                            "count": 1211, 
                            "value": 163328
                        }, 
                        {
                            "name": "Affiliate institution", 
                            "count": 684, 
                            "value": 98509
                        }, 
                        {
                            "name": "Other", 
                            "count": 15353, 
                            "value": 2225045
                        }
                    ]
                }, 
                {
                    "tractpctminority": "50-79% minority", 
                    "purchasers": [
                        {
                            "name": "Fannie Mae", 
                            "count": 1637, 
                            "value": 182567
                        }, 
                        {
                            "name": "Ginnie Mae", 
                            "count": 2009, 
                            "value": 236774
                        }, 
                        {
                            "name": "Freddie Mac", 
                            "count": 870, 
                            "value": 146462
                        }, 
                        {
                            "name": "Farmer Mac", 
                            "count": 0, 
                            "value": 0
                        }, 
                        {
                            "name": "Private Securitization", 
                            "count": 18, 
                            "value": 1911
                        }, 
                        {
                            "name": "Commercial bank, savings bank or association", 
                            "count": 945, 
                            "value": 102306
                        }, 
                        {
                            "name": "Life insurance co., credit union, finance co.", 
                            "count": 332, 
                            "value": 34680
                        }, 
                        {
                            "name": "Affiliate institution", 
                            "count": 144, 
                            "value": 15890
                        }, 
                        {
                            "name": "Other", 
                            "count": 5373, 
                            "value": 594363
                        }
                    ]
                }, 
                {
                    "tractpctminority": "80-100% minority", 
                    "purchasers": [
                        {
                            "name": "Fannie Mae", 
                            "count": 0, 
                            "value": 0
                        }, 
                        {
                            "name": "Ginnie Mae", 
                            "count": 0, 
                            "value": 0
                        }, 
                        {
                            "name": "Freddie Mac", 
                            "count": 0, 
                            "value": 0
                        }, 
                        {
                            "name": "Farmer Mac", 
                            "count": 0, 
                            "value": 0
                        }, 
                        {
                            "name": "Private Securitization", 
                            "count": 0, 
                            "value": 0
                        }, 
                        {
                            "name": "Commercial bank, savings bank or association", 
                            "count": 0, 
                            "value": 0
                        }, 
                        {
                            "name": "Life insurance co., credit union, finance co.", 
                            "count": 0, 
                            "value": 0
                        }, 
                        {
                            "name": "Affiliate institution", 
                            "count": 0, 
                            "value": 0
                        }, 
                        {
                            "name": "Other", 
                            "count": 0, 
                            "value": 0
                        }
                    ]
                }
            ]
        }, 
        {
            "characteristic": "Income", 
            "incomelevels": [
                {
                    "incomelevel": "Low income", 
                    "purchasers": [
                        {
                            "name": "Fannie Mae", 
                            "count": 762, 
                            "value": 110930
                        }, 
                        {
                            "name": "Ginnie Mae", 
                            "count": 430, 
                            "value": 48892
                        }, 
                        {
                            "name": "Freddie Mac", 
                            "count": 388, 
                            "value": 74640
                        }, 
                        {
                            "name": "Farmer Mac", 
                            "count": 0, 
                            "value": 0
                        }, 
                        {
                            "name": "Private Securitization", 
                            "count": 9, 
                            "value": 1213
                        }, 
                        {
                            "name": "Commercial bank, savings bank or association", 
                            "count": 270, 
                            "value": 58095
                        }, 
                        {
                            "name": "Life insurance co., credit union, finance co.", 
                            "count": 113, 
                            "value": 14068
                        }, 
                        {
                            "name": "Affiliate institution", 
                            "count": 68, 
                            "value": 7502
                        }, 
                        {
                            "name": "Other", 
                            "count": 2018, 
                            "value": 281689
                        }
                    ]
                }, 
                {
                    "incomelevel": "Moderate income", 
                    "purchasers": [
                        {
                            "name": "Fannie Mae", 
                            "count": 6713, 
                            "value": 821144
                        }, 
                        {
                            "name": "Ginnie Mae", 
                            "count": 4596, 
                            "value": 588061
                        }, 
                        {
                            "name": "Freddie Mac", 
                            "count": 3493, 
                            "value": 477202
                        }, 
                        {
                            "name": "Farmer Mac", 
                            "count": 0, 
                            "value": 0
                        }, 
                        {
                            "name": "Private Securitization", 
                            "count": 87, 
                            "value": 10464
                        }, 
                        {
                            "name": "Commercial bank, savings bank or association", 
                            "count": 2645, 
                            "value": 306672
                        }, 
                        {
                            "name": "Life insurance co., credit union, finance co.", 
                            "count": 1051, 
                            "value": 122932
                        }, 
                        {
                            "name": "Affiliate institution", 
                            "count": 600, 
                            "value": 73047
                        }, 
                        {
                            "name": "Other", 
                            "count": 14691, 
                            "value": 1818882
                        }
                    ]
                }, 
                {
                    "incomelevel": "Middle income", 
                    "purchasers": [
                        {
                            "name": "Fannie Mae", 
                            "count": 26862, 
                            "value": 4048681
                        }, 
                        {
                            "name": "Ginnie Mae", 
                            "count": 17529, 
                            "value": 2617702
                        }, 
                        {
                            "name": "Freddie Mac", 
                            "count": 14317, 
                            "value": 2314888
                        }, 
                        {
                            "name": "Farmer Mac", 
                            "count": 0, 
                            "value": 0
                        }, 
                        {
                            "name": "Private Securitization", 
                            "count": 445, 
                            "value": 65148
                        }, 
                        {
                            "name": "Commercial bank, savings bank or association", 
                            "count": 10944, 
                            "value": 1625518
                        }, 
                        {
                            "name": "Life insurance co., credit union, finance co.", 
                            "count": 4171, 
                            "value": 618758
                        }, 
                        {
                            "name": "Affiliate institution", 
                            "count": 2459, 
                            "value": 379774
                        }, 
                        {
                            "name": "Other", 
                            "count": 46201, 
                            "value": 7176288
                        }
                    ]
                }, 
                {
                    "incomelevel": "Upper income", 
                    "purchasers": [
                        {
                            "name": "Fannie Mae", 
                            "count": 40719, 
                            "value": 9206958
                        }, 
                        {
                            "name": "Ginnie Mae", 
                            "count": 15366, 
                            "value": 3368354
                        }, 
                        {
                            "name": "Freddie Mac", 
                            "count": 21702, 
                            "value": 4989870
                        }, 
                        {
                            "name": "Farmer Mac", 
                            "count": 4, 
                            "value": 1327
                        }, 
                        {
                            "name": "Private Securitization", 
                            "count": 871, 
                            "value": 207768
                        }, 
                        {
                            "name": "Commercial bank, savings bank or association", 
                            "count": 15198, 
                            "value": 3602392
                        }, 
                        {
                            "name": "Life insurance co., credit union, finance co.", 
                            "count": 5691, 
                            "value": 1393126
                        }, 
                        {
                            "name": "Affiliate institution", 
                            "count": 3063, 
                            "value": 666371
                        }, 
                        {
                            "name": "Other", 
                            "count": 59473, 
                            "value": 16458670
                        }
                    ]
                }
            ]
        }
    ], 
    "total": {
        "purchasers": [
            {
                "name": "Fannie Mae", 
                "count": 75077, 
                "value": 14243725
            }, 
            {
                "name": "Ginnie Mae", 
                "count": 37924, 
                "value": 6623416
            }, 
            {
                "name": "Freddie Mac", 
                "count": 39911, 
                "value": 7859118
            }, 
            {
                "name": "Farmer Mac", 
                "count": 4, 
                "value": 1327
            }, 
            {
                "name": "Private Securitization", 
                "count": 1412, 
                "value": 284593
            }, 
            {
                "name": "Commercial bank, savings bank or association", 
                "count": 29064, 
                "value": 5594426
            }, 
            {
                "name": "Life insurance co., credit union, finance co.", 
                "count": 11026, 
                "value": 2148884
            }, 
            {
                "name": "Affiliate institution", 
                "count": 6193, 
                "value": 1127113
            }, 
            {
                "name": "Other", 
                "count": 122447, 
                "value": 25750704
            }
        ]
    }
}