{
    "table": "3-1", 
    "type": "Aggregate", 
    "desc": "Loans sold, by characteristics of borrower and census tract in which property is located and by type of purchaser (includes originations and purchased loans)", 
    "year": "2013", 
    "msa": {
        "id": "22380", 
        "name": "Flagstaff", 
        "state": "AZ", 
        "state_name": "Arizona"
    }, 
    "borrowercharacteristics": [
        {
            "characteristic": "Race", 
            "races": [
                {
                    "race": "American Indian/Alaska Native", 
                    "purchasers": [
                        {
                            "name": "Fannie Mae", 
                            "count": 4, 
                            "value": 812.0
                        }, 
                        {
                            "name": "Ginnie Mae", 
                            "count": 0, 
                            "value": 0
                        }, 
                        {
                            "name": "Freddie Mac", 
                            "count": 2, 
                            "value": 328.0
                        }, 
                        {
                            "name": "Farmer Mac", 
                            "count": 0, 
                            "value": 0
                        }, 
                        {
                            "name": "Private Securitization", 
                            "count": 0, 
                            "value": 0
                        }, 
                        {
                            "name": "Commercial bank, savings bank or association", 
                            "count": 0, 
                            "value": 0
                        }, 
                        {
                            "name": "Life insurance co., credit union, finance co.", 
                            "count": 0, 
                            "value": 0
                        }, 
                        {
                            "name": "Affiliate institution", 
                            "count": 0, 
                            "value": 0
                        }, 
                        {
                            "name": "Other", 
                            "count": 5, 
                            "value": 998.0
                        }
                    ]
                }, 
                {
                    "race": "Asian", 
                    "purchasers": [
                        {
                            "name": "Fannie Mae", 
                            "count": 18, 
                            "value": 3141.0
                        }, 
                        {
                            "name": "Ginnie Mae", 
                            "count": 29, 
                            "value": 6005.0
                        }, 
                        {
                            "name": "Freddie Mac", 
                            "count": 5, 
                            "value": 889.0
                        }, 
                        {
                            "name": "Farmer Mac", 
                            "count": 0, 
                            "value": 0
                        }, 
                        {
                            "name": "Private Securitization", 
                            "count": 0, 
                            "value": 0
                        }, 
                        {
                            "name": "Commercial bank, savings bank or association", 
                            "count": 7, 
                            "value": 1416.0
                        }, 
                        {
                            "name": "Life insurance co., credit union, finance co.", 
                            "count": 1, 
                            "value": 319.0
                        }, 
                        {
                            "name": "Affiliate institution", 
                            "count": 3, 
                            "value": 444.0
                        }, 
                        {
                            "name": "Other", 
                            "count": 236, 
                            "value": 14494.0
                        }
                    ]
                }, 
                {
                    "race": "Black or African American", 
                    "purchasers": [
                        {
                            "name": "Fannie Mae", 
                            "count": 18, 
                            "value": 3975.0
                        }, 
                        {
                            "name": "Ginnie Mae", 
                            "count": 0, 
                            "value": 0
                        }, 
                        {
                            "name": "Freddie Mac", 
                            "count": 10, 
                            "value": 1755.0
                        }, 
                        {
                            "name": "Farmer Mac", 
                            "count": 0, 
                            "value": 0
                        }, 
                        {
                            "name": "Private Securitization", 
                            "count": 0, 
                            "value": 0
                        }, 
                        {
                            "name": "Commercial bank, savings bank or association", 
                            "count": 3, 
                            "value": 559.0
                        }, 
                        {
                            "name": "Life insurance co., credit union, finance co.", 
                            "count": 1, 
                            "value": 225.0
                        }, 
                        {
                            "name": "Affiliate institution", 
                            "count": 0, 
                            "value": 0
                        }, 
                        {
                            "name": "Other", 
                            "count": 27, 
                            "value": 8748.0
                        }
                    ]
                }, 
                {
                    "race": "Native Hawaiian or Other Pacific Islander", 
                    "purchasers": [
                        {
                            "name": "Fannie Mae", 
                            "count": 8, 
                            "value": 1559.0
                        }, 
                        {
                            "name": "Ginnie Mae", 
                            "count": 7, 
                            "value": 1553.0
                        }, 
                        {
                            "name": "Freddie Mac", 
                            "count": 2, 
                            "value": 234.0
                        }, 
                        {
                            "name": "Farmer Mac", 
                            "count": 0, 
                            "value": 0
                        }, 
                        {
                            "name": "Private Securitization", 
                            "count": 0, 
                            "value": 0
                        }, 
                        {
                            "name": "Commercial bank, savings bank or association", 
                            "count": 1, 
                            "value": 203.0
                        }, 
                        {
                            "name": "Life insurance co., credit union, finance co.", 
                            "count": 4, 
                            "value": 684.0
                        }, 
                        {
                            "name": "Affiliate institution", 
                            "count": 0, 
                            "value": 0
                        }, 
                        {
                            "name": "Other", 
                            "count": 18, 
                            "value": 2871.0
                        }
                    ]
                }, 
                {
                    "race": "White", 
                    "purchasers": [
                        {
                            "name": "Fannie Mae", 
                            "count": 1, 
                            "value": 71.0
                        }, 
                        {
                            "name": "Ginnie Mae", 
                            "count": 3, 
                            "value": 630.0
                        }, 
                        {
                            "name": "Freddie Mac", 
                            "count": 3, 
                            "value": 752.0
                        }, 
                        {
                            "name": "Farmer Mac", 
                            "count": 0, 
                            "value": 0
                        }, 
                        {
                            "name": "Private Securitization", 
                            "count": 0, 
                            "value": 0
                        }, 
                        {
                            "name": "Commercial bank, savings bank or association", 
                            "count": 0, 
                            "value": 0
                        }, 
                        {
                            "name": "Life insurance co., credit union, finance co.", 
                            "count": 0, 
                            "value": 0
                        }, 
                        {
                            "name": "Affiliate institution", 
                            "count": 0, 
                            "value": 0
                        }, 
                        {
                            "name": "Other", 
                            "count": 8, 
                            "value": 884.0
                        }
                    ]
                }, 
                {
                    "race": "2 or more minority races", 
                    "purchasers": [
                        {
                            "name": "Fannie Mae", 
                            "count": 1345, 
                            "value": 270354.0
                        }, 
                        {
                            "name": "Ginnie Mae", 
                            "count": 360, 
                            "value": 80053.0
                        }, 
                        {
                            "name": "Freddie Mac", 
                            "count": 766, 
                            "value": 159363.0
                        }, 
                        {
                            "name": "Farmer Mac", 
                            "count": 0, 
                            "value": 0
                        }, 
                        {
                            "name": "Private Securitization", 
                            "count": 15, 
                            "value": 4185.0
                        }, 
                        {
                            "name": "Commercial bank, savings bank or association", 
                            "count": 287, 
                            "value": 71121.0
                        }, 
                        {
                            "name": "Life insurance co., credit union, finance co.", 
                            "count": 148, 
                            "value": 33884.0
                        }, 
                        {
                            "name": "Affiliate institution", 
                            "count": 83, 
                            "value": 15046.0
                        }, 
                        {
                            "name": "Other", 
                            "count": 2359, 
                            "value": 537762.0
                        }
                    ]
                }, 
                {
                    "race": "Joint (White/Minority Race", 
                    "purchasers": [
                        {
                            "name": "Fannie Mae", 
                            "count": 32, 
                            "value": 6451.0
                        }, 
                        {
                            "name": "Ginnie Mae", 
                            "count": 18, 
                            "value": 4502.0
                        }, 
                        {
                            "name": "Freddie Mac", 
                            "count": 17, 
                            "value": 3741.0
                        }, 
                        {
                            "name": "Farmer Mac", 
                            "count": 0, 
                            "value": 0
                        }, 
                        {
                            "name": "Private Securitization", 
                            "count": 0, 
                            "value": 0
                        }, 
                        {
                            "name": "Commercial bank, savings bank or association", 
                            "count": 9, 
                            "value": 2769.0
                        }, 
                        {
                            "name": "Life insurance co., credit union, finance co.", 
                            "count": 2, 
                            "value": 464.0
                        }, 
                        {
                            "name": "Affiliate institution", 
                            "count": 1, 
                            "value": 207.0
                        }, 
                        {
                            "name": "Other", 
                            "count": 54, 
                            "value": 10333.0
                        }
                    ]
                }, 
                {
                    "race": "Not Available", 
                    "purchasers": [
                        {
                            "name": "Fannie Mae", 
                            "count": 339, 
                            "value": 81757.0
                        }, 
                        {
                            "name": "Ginnie Mae", 
                            "count": 171, 
                            "value": 99656.0
                        }, 
                        {
                            "name": "Freddie Mac", 
                            "count": 199, 
                            "value": 42176.0
                        }, 
                        {
                            "name": "Farmer Mac", 
                            "count": 0, 
                            "value": 0
                        }, 
                        {
                            "name": "Private Securitization", 
                            "count": 6, 
                            "value": 1200.0
                        }, 
                        {
                            "name": "Commercial bank, savings bank or association", 
                            "count": 28, 
                            "value": 6102.0
                        }, 
                        {
                            "name": "Life insurance co., credit union, finance co.", 
                            "count": 18, 
                            "value": 4292.0
                        }, 
                        {
                            "name": "Affiliate institution", 
                            "count": 26, 
                            "value": 5942.0
                        }, 
                        {
                            "name": "Other", 
                            "count": 634, 
                            "value": 134960.0
                        }
                    ]
                }
            ]
        }, 
        {
            "characteristic": "Ethnicity", 
            "ethnicities": [
                {
                    "ethnicity": "Hispanic or Latino", 
                    "purchasers": [
                        {
                            "name": "Fannie Mae", 
                            "count": 65, 
                            "value": 12119
                        }, 
                        {
                            "name": "Ginnie Mae", 
                            "count": 33, 
                            "value": 6890
                        }, 
                        {
                            "name": "Freddie Mac", 
                            "count": 23, 
                            "value": 3843
                        }, 
                        {
                            "name": "Farmer Mac", 
                            "count": 0, 
                            "value": 0
                        }, 
                        {
                            "name": "Private Securitization", 
                            "count": 0, 
                            "value": 0
                        }, 
                        {
                            "name": "Commercial bank, savings bank or association", 
                            "count": 16, 
                            "value": 2901
                        }, 
                        {
                            "name": "Life insurance co., credit union, finance co.", 
                            "count": 10, 
                            "value": 1813
                        }, 
                        {
                            "name": "Affiliate institution", 
                            "count": 3, 
                            "value": 495
                        }, 
                        {
                            "name": "Other", 
                            "count": 156, 
                            "value": 24873
                        }
                    ]
                }, 
                {
                    "ethnicity": "Not Hispanic or Latino", 
                    "purchasers": [
                        {
                            "name": "Fannie Mae", 
                            "count": 1318, 
                            "value": 265464
                        }, 
                        {
                            "name": "Ginnie Mae", 
                            "count": 365, 
                            "value": 81152
                        }, 
                        {
                            "name": "Freddie Mac", 
                            "count": 758, 
                            "value": 159079
                        }, 
                        {
                            "name": "Farmer Mac", 
                            "count": 0, 
                            "value": 0
                        }, 
                        {
                            "name": "Private Securitization", 
                            "count": 15, 
                            "value": 4185
                        }, 
                        {
                            "name": "Commercial bank, savings bank or association", 
                            "count": 284, 
                            "value": 70942
                        }, 
                        {
                            "name": "Life insurance co., credit union, finance co.", 
                            "count": 139, 
                            "value": 32095
                        }, 
                        {
                            "name": "Affiliate institution", 
                            "count": 74, 
                            "value": 13439
                        }, 
                        {
                            "name": "Other", 
                            "count": 2420, 
                            "value": 532221
                        }
                    ]
                }, 
                {
                    "ethnicity": "Joint (Hispanic or Latino/Not Hispanic or Latino", 
                    "purchasers": [
                        {
                            "name": "Fannie Mae", 
                            "count": 49, 
                            "value": 10021
                        }, 
                        {
                            "name": "Ginnie Mae", 
                            "count": 17, 
                            "value": 4406
                        }, 
                        {
                            "name": "Freddie Mac", 
                            "count": 27, 
                            "value": 5087
                        }, 
                        {
                            "name": "Farmer Mac", 
                            "count": 0, 
                            "value": 0
                        }, 
                        {
                            "name": "Private Securitization", 
                            "count": 0, 
                            "value": 0
                        }, 
                        {
                            "name": "Commercial bank, savings bank or association", 
                            "count": 9, 
                            "value": 2441
                        }, 
                        {
                            "name": "Life insurance co., credit union, finance co.", 
                            "count": 8, 
                            "value": 1749
                        }, 
                        {
                            "name": "Affiliate institution", 
                            "count": 11, 
                            "value": 1834
                        }, 
                        {
                            "name": "Other", 
                            "count": 85, 
                            "value": 17056
                        }
                    ]
                }, 
                {
                    "ethnicity": "Ethnicity Not Available", 
                    "purchasers": [
                        {
                            "name": "Fannie Mae", 
                            "count": 333, 
                            "value": 80516
                        }, 
                        {
                            "name": "Ginnie Mae", 
                            "count": 173, 
                            "value": 99951
                        }, 
                        {
                            "name": "Freddie Mac", 
                            "count": 196, 
                            "value": 41229
                        }, 
                        {
                            "name": "Farmer Mac", 
                            "count": 0, 
                            "value": 0
                        }, 
                        {
                            "name": "Private Securitization", 
                            "count": 6, 
                            "value": 1200
                        }, 
                        {
                            "name": "Commercial bank, savings bank or association", 
                            "count": 26, 
                            "value": 5886
                        }, 
                        {
                            "name": "Life insurance co., credit union, finance co.", 
                            "count": 17, 
                            "value": 4211
                        }, 
                        {
                            "name": "Affiliate institution", 
                            "count": 25, 
                            "value": 5871
                        }, 
                        {
                            "name": "Other", 
                            "count": 680, 
                            "value": 136900
                        }
                    ]
                }
            ]
        }, 
        {
            "characteristic": "Minority Status", 
            "minoritystatuses": [
                {
                    "minoritystatus": "White Non-Hispanic", 
                    "purchasers": [
                        {
                            "name": "Fannie Mae", 
                            "count": 1578, 
                            "value": 331761
                        }, 
                        {
                            "name": "Ginnie Mae", 
                            "count": 484, 
                            "value": 169314
                        }, 
                        {
                            "name": "Freddie Mac", 
                            "count": 920, 
                            "value": 193556
                        }, 
                        {
                            "name": "Farmer Mac", 
                            "count": 0, 
                            "value": 0
                        }, 
                        {
                            "name": "Private Securitization", 
                            "count": 21, 
                            "value": 5385
                        }, 
                        {
                            "name": "Commercial bank, savings bank or association", 
                            "count": 292, 
                            "value": 72301
                        }, 
                        {
                            "name": "Life insurance co., credit union, finance co.", 
                            "count": 149, 
                            "value": 34866
                        }, 
                        {
                            "name": "Affiliate institution", 
                            "count": 97, 
                            "value": 18950
                        }, 
                        {
                            "name": "Other", 
                            "count": 2766, 
                            "value": 632300
                        }
                    ]
                }, 
                {
                    "minoritystatus": "Others, Including Hispanic", 
                    "purchasers": [
                        {
                            "name": "Fannie Mae", 
                            "count": 187, 
                            "value": 36359
                        }, 
                        {
                            "name": "Ginnie Mae", 
                            "count": 104, 
                            "value": 23085
                        }, 
                        {
                            "name": "Freddie Mac", 
                            "count": 84, 
                            "value": 15682
                        }, 
                        {
                            "name": "Farmer Mac", 
                            "count": 0, 
                            "value": 0
                        }, 
                        {
                            "name": "Private Securitization", 
                            "count": 0, 
                            "value": 0
                        }, 
                        {
                            "name": "Commercial bank, savings bank or association", 
                            "count": 43, 
                            "value": 9869
                        }, 
                        {
                            "name": "Life insurance co., credit union, finance co.", 
                            "count": 25, 
                            "value": 5002
                        }, 
                        {
                            "name": "Affiliate institution", 
                            "count": 16, 
                            "value": 2689
                        }, 
                        {
                            "name": "Other", 
                            "count": 575, 
                            "value": 78750
                        }
                    ]
                }
            ]
        }, 
        {
            "characteristic": "Applicant Income", 
            "applicantincomes": [
                {
                    "applicantincome": "Less than 50% of MSA/MD median", 
                    "purchasers": [
                        {
                            "name": "Fannie Mae", 
                            "count": 52, 
                            "value": 7177
                        }, 
                        {
                            "name": "Ginnie Mae", 
                            "count": 3, 
                            "value": 357
                        }, 
                        {
                            "name": "Freddie Mac", 
                            "count": 31, 
                            "value": 4764
                        }, 
                        {
                            "name": "Farmer Mac", 
                            "count": 0, 
                            "value": 0
                        }, 
                        {
                            "name": "Private Securitization", 
                            "count": 1, 
                            "value": 137
                        }, 
                        {
                            "name": "Commercial bank, savings bank or association", 
                            "count": 5, 
                            "value": 814
                        }, 
                        {
                            "name": "Life insurance co., credit union, finance co.", 
                            "count": 3, 
                            "value": 475
                        }, 
                        {
                            "name": "Affiliate institution", 
                            "count": 5, 
                            "value": 866
                        }, 
                        {
                            "name": "Other", 
                            "count": 216, 
                            "value": 19834
                        }
                    ]
                }, 
                {
                    "applicantincome": "50-79% of MSA/MD median", 
                    "purchasers": [
                        {
                            "name": "Fannie Mae", 
                            "count": 194, 
                            "value": 28876
                        }, 
                        {
                            "name": "Ginnie Mae", 
                            "count": 46, 
                            "value": 6795
                        }, 
                        {
                            "name": "Freddie Mac", 
                            "count": 88, 
                            "value": 13086
                        }, 
                        {
                            "name": "Farmer Mac", 
                            "count": 0, 
                            "value": 0
                        }, 
                        {
                            "name": "Private Securitization", 
                            "count": 1, 
                            "value": 109
                        }, 
                        {
                            "name": "Commercial bank, savings bank or association", 
                            "count": 31, 
                            "value": 4683
                        }, 
                        {
                            "name": "Life insurance co., credit union, finance co.", 
                            "count": 13, 
                            "value": 1847
                        }, 
                        {
                            "name": "Affiliate institution", 
                            "count": 9, 
                            "value": 1204
                        }, 
                        {
                            "name": "Other", 
                            "count": 460, 
                            "value": 58926
                        }
                    ]
                }, 
                {
                    "applicantincome": "80-99% of MSA/MD median", 
                    "purchasers": [
                        {
                            "name": "Fannie Mae", 
                            "count": 142, 
                            "value": 23047
                        }, 
                        {
                            "name": "Ginnie Mae", 
                            "count": 54, 
                            "value": 10801
                        }, 
                        {
                            "name": "Freddie Mac", 
                            "count": 85, 
                            "value": 14320
                        }, 
                        {
                            "name": "Farmer Mac", 
                            "count": 0, 
                            "value": 0
                        }, 
                        {
                            "name": "Private Securitization", 
                            "count": 2, 
                            "value": 314
                        }, 
                        {
                            "name": "Commercial bank, savings bank or association", 
                            "count": 27, 
                            "value": 4951
                        }, 
                        {
                            "name": "Life insurance co., credit union, finance co.", 
                            "count": 12, 
                            "value": 2004
                        }, 
                        {
                            "name": "Affiliate institution", 
                            "count": 6, 
                            "value": 705
                        }, 
                        {
                            "name": "Other", 
                            "count": 311, 
                            "value": 49711
                        }
                    ]
                }, 
                {
                    "applicantincome": "100-119% of MSA/MD median", 
                    "purchasers": [
                        {
                            "name": "Fannie Mae", 
                            "count": 159, 
                            "value": 29439
                        }, 
                        {
                            "name": "Ginnie Mae", 
                            "count": 62, 
                            "value": 13254
                        }, 
                        {
                            "name": "Freddie Mac", 
                            "count": 81, 
                            "value": 15279
                        }, 
                        {
                            "name": "Farmer Mac", 
                            "count": 0, 
                            "value": 0
                        }, 
                        {
                            "name": "Private Securitization", 
                            "count": 2, 
                            "value": 585
                        }, 
                        {
                            "name": "Commercial bank, savings bank or association", 
                            "count": 41, 
                            "value": 8748
                        }, 
                        {
                            "name": "Life insurance co., credit union, finance co.", 
                            "count": 16, 
                            "value": 2952
                        }, 
                        {
                            "name": "Affiliate institution", 
                            "count": 11, 
                            "value": 1822
                        }, 
                        {
                            "name": "Other", 
                            "count": 315, 
                            "value": 54924
                        }
                    ]
                }, 
                {
                    "applicantincome": "120% or more of MSA/MD median", 
                    "purchasers": [
                        {
                            "name": "Fannie Mae", 
                            "count": 1133, 
                            "value": 247901
                        }, 
                        {
                            "name": "Ginnie Mae", 
                            "count": 152, 
                            "value": 40262
                        }, 
                        {
                            "name": "Freddie Mac", 
                            "count": 639, 
                            "value": 144917
                        }, 
                        {
                            "name": "Farmer Mac", 
                            "count": 0, 
                            "value": 0
                        }, 
                        {
                            "name": "Private Securitization", 
                            "count": 15, 
                            "value": 4240
                        }, 
                        {
                            "name": "Commercial bank, savings bank or association", 
                            "count": 210, 
                            "value": 57444
                        }, 
                        {
                            "name": "Life insurance co., credit union, finance co.", 
                            "count": 114, 
                            "value": 28697
                        }, 
                        {
                            "name": "Affiliate institution", 
                            "count": 80, 
                            "value": 16390
                        }, 
                        {
                            "name": "Other", 
                            "count": 1781, 
                            "value": 472874
                        }
                    ]
                }, 
                {
                    "applicantincome": "income not available", 
                    "purchasers": [
                        {
                            "name": "Fannie Mae", 
                            "count": 85, 
                            "value": 31680
                        }, 
                        {
                            "name": "Ginnie Mae", 
                            "count": 271, 
                            "value": 120930
                        }, 
                        {
                            "name": "Freddie Mac", 
                            "count": 80, 
                            "value": 16872
                        }, 
                        {
                            "name": "Farmer Mac", 
                            "count": 0, 
                            "value": 0
                        }, 
                        {
                            "name": "Private Securitization", 
                            "count": 0, 
                            "value": 0
                        }, 
                        {
                            "name": "Commercial bank, savings bank or association", 
                            "count": 21, 
                            "value": 5530
                        }, 
                        {
                            "name": "Life insurance co., credit union, finance co.", 
                            "count": 16, 
                            "value": 3893
                        }, 
                        {
                            "name": "Affiliate institution", 
                            "count": 2, 
                            "value": 652
                        }, 
                        {
                            "name": "Other", 
                            "count": 258, 
                            "value": 54781
                        }
                    ]
                }
            ]
        }
    ], 
    "censuscharacteristics": [
        {
            "characteristic": "Racial/Ethnic Composition", 
            "tractpctminorities": [
                {
                    "tractpctminority": "Less than 10% minority", 
                    "purchasers": [
                        {
                            "name": "Fannie Mae", 
                            "count": 0, 
                            "value": 0
                        }, 
                        {
                            "name": "Ginnie Mae", 
                            "count": 0, 
                            "value": 0
                        }, 
                        {
                            "name": "Freddie Mac", 
                            "count": 0, 
                            "value": 0
                        }, 
                        {
                            "name": "Farmer Mac", 
                            "count": 0, 
                            "value": 0
                        }, 
                        {
                            "name": "Private Securitization", 
                            "count": 0, 
                            "value": 0
                        }, 
                        {
                            "name": "Commercial bank, savings bank or association", 
                            "count": 0, 
                            "value": 0
                        }, 
                        {
                            "name": "Life insurance co., credit union, finance co.", 
                            "count": 0, 
                            "value": 0
                        }, 
                        {
                            "name": "Affiliate institution", 
                            "count": 0, 
                            "value": 0
                        }, 
                        {
                            "name": "Other", 
                            "count": 0, 
                            "value": 0
                        }
                    ]
                }, 
                {
                    "tractpctminority": "10-19% minority", 
                    "purchasers": [
                        {
                            "name": "Fannie Mae", 
                            "count": 1665, 
                            "value": 351588
                        }, 
                        {
                            "name": "Ginnie Mae", 
                            "count": 525, 
                            "value": 181755
                        }, 
                        {
                            "name": "Freddie Mac", 
                            "count": 947, 
                            "value": 198820
                        }, 
                        {
                            "name": "Farmer Mac", 
                            "count": 0, 
                            "value": 0
                        }, 
                        {
                            "name": "Private Securitization", 
                            "count": 21, 
                            "value": 5385
                        }, 
                        {
                            "name": "Commercial bank, savings bank or association", 
                            "count": 322, 
                            "value": 80060
                        }, 
                        {
                            "name": "Life insurance co., credit union, finance co.", 
                            "count": 167, 
                            "value": 38668
                        }, 
                        {
                            "name": "Affiliate institution", 
                            "count": 106, 
                            "value": 20870
                        }, 
                        {
                            "name": "Other", 
                            "count": 2955, 
                            "value": 672494
                        }
                    ]
                }, 
                {
                    "tractpctminority": "20-49% minority", 
                    "purchasers": [
                        {
                            "name": "Fannie Mae", 
                            "count": 100, 
                            "value": 16532
                        }, 
                        {
                            "name": "Ginnie Mae", 
                            "count": 61, 
                            "value": 10342
                        }, 
                        {
                            "name": "Freddie Mac", 
                            "count": 57, 
                            "value": 10418
                        }, 
                        {
                            "name": "Farmer Mac", 
                            "count": 0, 
                            "value": 0
                        }, 
                        {
                            "name": "Private Securitization", 
                            "count": 0, 
                            "value": 0
                        }, 
                        {
                            "name": "Commercial bank, savings bank or association", 
                            "count": 13, 
                            "value": 2110
                        }, 
                        {
                            "name": "Life insurance co., credit union, finance co.", 
                            "count": 6, 
                            "value": 1090
                        }, 
                        {
                            "name": "Affiliate institution", 
                            "count": 7, 
                            "value": 769
                        }, 
                        {
                            "name": "Other", 
                            "count": 217, 
                            "value": 31624
                        }
                    ]
                }, 
                {
                    "tractpctminority": "50-79% minority", 
                    "purchasers": [
                        {
                            "name": "Fannie Mae", 
                            "count": 0, 
                            "value": 0
                        }, 
                        {
                            "name": "Ginnie Mae", 
                            "count": 2, 
                            "value": 302
                        }, 
                        {
                            "name": "Freddie Mac", 
                            "count": 0, 
                            "value": 0
                        }, 
                        {
                            "name": "Farmer Mac", 
                            "count": 0, 
                            "value": 0
                        }, 
                        {
                            "name": "Private Securitization", 
                            "count": 0, 
                            "value": 0
                        }, 
                        {
                            "name": "Commercial bank, savings bank or association", 
                            "count": 0, 
                            "value": 0
                        }, 
                        {
                            "name": "Life insurance co., credit union, finance co.", 
                            "count": 1, 
                            "value": 110
                        }, 
                        {
                            "name": "Affiliate institution", 
                            "count": 0, 
                            "value": 0
                        }, 
                        {
                            "name": "Other", 
                            "count": 169, 
                            "value": 6932
                        }
                    ]
                }, 
                {
                    "tractpctminority": "80-100% minority", 
                    "purchasers": [
                        {
                            "name": "Fannie Mae", 
                            "count": 0, 
                            "value": 0
                        }, 
                        {
                            "name": "Ginnie Mae", 
                            "count": 0, 
                            "value": 0
                        }, 
                        {
                            "name": "Freddie Mac", 
                            "count": 0, 
                            "value": 0
                        }, 
                        {
                            "name": "Farmer Mac", 
                            "count": 0, 
                            "value": 0
                        }, 
                        {
                            "name": "Private Securitization", 
                            "count": 0, 
                            "value": 0
                        }, 
                        {
                            "name": "Commercial bank, savings bank or association", 
                            "count": 0, 
                            "value": 0
                        }, 
                        {
                            "name": "Life insurance co., credit union, finance co.", 
                            "count": 0, 
                            "value": 0
                        }, 
                        {
                            "name": "Affiliate institution", 
                            "count": 0, 
                            "value": 0
                        }, 
                        {
                            "name": "Other", 
                            "count": 0, 
                            "value": 0
                        }
                    ]
                }
            ]
        }, 
        {
            "characteristic": "Income", 
            "incomelevels": [
                {
                    "incomelevel": "Low income", 
                    "purchasers": [
                        {
                            "name": "Fannie Mae", 
                            "count": 0, 
                            "value": 0
                        }, 
                        {
                            "name": "Ginnie Mae", 
                            "count": 0, 
                            "value": 0
                        }, 
                        {
                            "name": "Freddie Mac", 
                            "count": 0, 
                            "value": 0
                        }, 
                        {
                            "name": "Farmer Mac", 
                            "count": 0, 
                            "value": 0
                        }, 
                        {
                            "name": "Private Securitization", 
                            "count": 0, 
                            "value": 0
                        }, 
                        {
                            "name": "Commercial bank, savings bank or association", 
                            "count": 0, 
                            "value": 0
                        }, 
                        {
                            "name": "Life insurance co., credit union, finance co.", 
                            "count": 0, 
                            "value": 0
                        }, 
                        {
                            "name": "Affiliate institution", 
                            "count": 0, 
                            "value": 0
                        }, 
                        {
                            "name": "Other", 
                            "count": 0, 
                            "value": 0
                        }
                    ]
                }, 
                {
                    "incomelevel": "Moderate income", 
                    "purchasers": [
                        {
                            "name": "Fannie Mae", 
                            "count": 109, 
                            "value": 19159
                        }, 
                        {
                            "name": "Ginnie Mae", 
                            "count": 26, 
                            "value": 5117
                        }, 
                        {
                            "name": "Freddie Mac", 
                            "count": 67, 
                            "value": 12125
                        }, 
                        {
                            "name": "Farmer Mac", 
                            "count": 0, 
                            "value": 0
                        }, 
                        {
                            "name": "Private Securitization", 
                            "count": 1, 
                            "value": 221
                        }, 
                        {
                            "name": "Commercial bank, savings bank or association", 
                            "count": 12, 
                            "value": 1951
                        }, 
                        {
                            "name": "Life insurance co., credit union, finance co.", 
                            "count": 8, 
                            "value": 1288
                        }, 
                        {
                            "name": "Affiliate institution", 
                            "count": 9, 
                            "value": 963
                        }, 
                        {
                            "name": "Other", 
                            "count": 315, 
                            "value": 33289
                        }
                    ]
                }, 
                {
                    "incomelevel": "Middle income", 
                    "purchasers": [
                        {
                            "name": "Fannie Mae", 
                            "count": 698, 
                            "value": 125154
                        }, 
                        {
                            "name": "Ginnie Mae", 
                            "count": 310, 
                            "value": 76733
                        }, 
                        {
                            "name": "Freddie Mac", 
                            "count": 361, 
                            "value": 64439
                        }, 
                        {
                            "name": "Farmer Mac", 
                            "count": 0, 
                            "value": 0
                        }, 
                        {
                            "name": "Private Securitization", 
                            "count": 3, 
                            "value": 584
                        }, 
                        {
                            "name": "Commercial bank, savings bank or association", 
                            "count": 134, 
                            "value": 27432
                        }, 
                        {
                            "name": "Life insurance co., credit union, finance co.", 
                            "count": 75, 
                            "value": 14880
                        }, 
                        {
                            "name": "Affiliate institution", 
                            "count": 48, 
                            "value": 8464
                        }, 
                        {
                            "name": "Other", 
                            "count": 1480, 
                            "value": 257458
                        }
                    ]
                }, 
                {
                    "incomelevel": "Upper income", 
                    "purchasers": [
                        {
                            "name": "Fannie Mae", 
                            "count": 958, 
                            "value": 223807
                        }, 
                        {
                            "name": "Ginnie Mae", 
                            "count": 252, 
                            "value": 110549
                        }, 
                        {
                            "name": "Freddie Mac", 
                            "count": 576, 
                            "value": 132674
                        }, 
                        {
                            "name": "Farmer Mac", 
                            "count": 0, 
                            "value": 0
                        }, 
                        {
                            "name": "Private Securitization", 
                            "count": 17, 
                            "value": 4580
                        }, 
                        {
                            "name": "Commercial bank, savings bank or association", 
                            "count": 189, 
                            "value": 52787
                        }, 
                        {
                            "name": "Life insurance co., credit union, finance co.", 
                            "count": 91, 
                            "value": 23700
                        }, 
                        {
                            "name": "Affiliate institution", 
                            "count": 56, 
                            "value": 12212
                        }, 
                        {
                            "name": "Other", 
                            "count": 1546, 
                            "value": 420303
                        }
                    ]
                }
            ]
        }
    ], 
    "total": {
        "purchasers": [
            {
                "name": "Fannie Mae", 
                "count": 1765, 
                "value": 368120
            }, 
            {
                "name": "Ginnie Mae", 
                "count": 588, 
                "value": 192399
            }, 
            {
                "name": "Freddie Mac", 
                "count": 1004, 
                "value": 209238
            }, 
            {
                "name": "Farmer Mac", 
                "count": 0, 
                "value": 0
            }, 
            {
                "name": "Private Securitization", 
                "count": 21, 
                "value": 5385
            }, 
            {
                "name": "Commercial bank, savings bank or association", 
                "count": 335, 
                "value": 82170
            }, 
            {
                "name": "Life insurance co., credit union, finance co.", 
                "count": 174, 
                "value": 39868
            }, 
            {
                "name": "Affiliate institution", 
                "count": 113, 
                "value": 21639
            }, 
            {
                "name": "Other", 
                "count": 3341, 
                "value": 711050
            }
        ]
    }
}