{
    "table": "3-1", 
    "type": "Aggregate", 
    "desc": "Loans sold, by characteristics of borrower and census tract in which property is located and by type of purchaser (includes originations and purchased loans),", 
    "year": "2012", 
    "msa": {
        "id": "49700", 
        "name": "Yuba-City", 
        "state": "CA", 
        "state_name": "California"
    }, 
    "borrowercharacteristics": [
        {
            "characteristic": "Race", 
            "races": [
                {
                    "race": "American Indian/Alaska Native", 
                    "purchasers": [
                        {
                            "name": "Fannie Mae", 
                            "count": 7, 
                            "value": 1084.0
                        }, 
                        {
                            "name": "Ginnie Mae", 
                            "count": 5, 
                            "value": 836.0
                        }, 
                        {
                            "name": "Freddie Mac", 
                            "count": 8, 
                            "value": 1428.0
                        }, 
                        {
                            "name": "Farmer Mac", 
                            "count": 0, 
                            "value": 0
                        }, 
                        {
                            "name": "Private Securitization", 
                            "count": 0, 
                            "value": 0
                        }, 
                        {
                            "name": "Commercial bank, savings bank or association", 
                            "count": 4, 
                            "value": 713.0
                        }, 
                        {
                            "name": "Life insurance co., credit union, finance co.", 
                            "count": 1, 
                            "value": 131.0
                        }, 
                        {
                            "name": "Affiliate institution", 
                            "count": 1, 
                            "value": 306.0
                        }, 
                        {
                            "name": "Other", 
                            "count": 20, 
                            "value": 2921.0
                        }
                    ]
                }, 
                {
                    "race": "Asian", 
                    "purchasers": [
                        {
                            "name": "Fannie Mae", 
                            "count": 8, 
                            "value": 1611.0
                        }, 
                        {
                            "name": "Ginnie Mae", 
                            "count": 9, 
                            "value": 1191.0
                        }, 
                        {
                            "name": "Freddie Mac", 
                            "count": 6, 
                            "value": 1003.0
                        }, 
                        {
                            "name": "Farmer Mac", 
                            "count": 0, 
                            "value": 0
                        }, 
                        {
                            "name": "Private Securitization", 
                            "count": 0, 
                            "value": 0
                        }, 
                        {
                            "name": "Commercial bank, savings bank or association", 
                            "count": 6, 
                            "value": 653.0
                        }, 
                        {
                            "name": "Life insurance co., credit union, finance co.", 
                            "count": 0, 
                            "value": 0
                        }, 
                        {
                            "name": "Affiliate institution", 
                            "count": 1, 
                            "value": 142.0
                        }, 
                        {
                            "name": "Other", 
                            "count": 26, 
                            "value": 4712.0
                        }
                    ]
                }, 
                {
                    "race": "Black or African American", 
                    "purchasers": [
                        {
                            "name": "Fannie Mae", 
                            "count": 220, 
                            "value": 35287.0
                        }, 
                        {
                            "name": "Ginnie Mae", 
                            "count": 73, 
                            "value": 12559.0
                        }, 
                        {
                            "name": "Freddie Mac", 
                            "count": 93, 
                            "value": 16994.0
                        }, 
                        {
                            "name": "Farmer Mac", 
                            "count": 0, 
                            "value": 0
                        }, 
                        {
                            "name": "Private Securitization", 
                            "count": 0, 
                            "value": 0
                        }, 
                        {
                            "name": "Commercial bank, savings bank or association", 
                            "count": 73, 
                            "value": 11520.0
                        }, 
                        {
                            "name": "Life insurance co., credit union, finance co.", 
                            "count": 20, 
                            "value": 3337.0
                        }, 
                        {
                            "name": "Affiliate institution", 
                            "count": 9, 
                            "value": 1375.0
                        }, 
                        {
                            "name": "Other", 
                            "count": 467, 
                            "value": 80358.0
                        }
                    ]
                }, 
                {
                    "race": "Native Hawaiian or Other Pacific Islander", 
                    "purchasers": [
                        {
                            "name": "Fannie Mae", 
                            "count": 13, 
                            "value": 2458.0
                        }, 
                        {
                            "name": "Ginnie Mae", 
                            "count": 34, 
                            "value": 6354.0
                        }, 
                        {
                            "name": "Freddie Mac", 
                            "count": 8, 
                            "value": 1843.0
                        }, 
                        {
                            "name": "Farmer Mac", 
                            "count": 0, 
                            "value": 0
                        }, 
                        {
                            "name": "Private Securitization", 
                            "count": 0, 
                            "value": 0
                        }, 
                        {
                            "name": "Commercial bank, savings bank or association", 
                            "count": 9, 
                            "value": 1607.0
                        }, 
                        {
                            "name": "Life insurance co., credit union, finance co.", 
                            "count": 4, 
                            "value": 690.0
                        }, 
                        {
                            "name": "Affiliate institution", 
                            "count": 0, 
                            "value": 0
                        }, 
                        {
                            "name": "Other", 
                            "count": 50, 
                            "value": 9269.0
                        }
                    ]
                }, 
                {
                    "race": "White", 
                    "purchasers": [
                        {
                            "name": "Fannie Mae", 
                            "count": 12, 
                            "value": 1455.0
                        }, 
                        {
                            "name": "Ginnie Mae", 
                            "count": 6, 
                            "value": 1116.0
                        }, 
                        {
                            "name": "Freddie Mac", 
                            "count": 6, 
                            "value": 1102.0
                        }, 
                        {
                            "name": "Farmer Mac", 
                            "count": 0, 
                            "value": 0
                        }, 
                        {
                            "name": "Private Securitization", 
                            "count": 0, 
                            "value": 0
                        }, 
                        {
                            "name": "Commercial bank, savings bank or association", 
                            "count": 1, 
                            "value": 279.0
                        }, 
                        {
                            "name": "Life insurance co., credit union, finance co.", 
                            "count": 4, 
                            "value": 698.0
                        }, 
                        {
                            "name": "Affiliate institution", 
                            "count": 0, 
                            "value": 0
                        }, 
                        {
                            "name": "Other", 
                            "count": 15, 
                            "value": 2626.0
                        }
                    ]
                }, 
                {
                    "race": "2 or more minority races", 
                    "purchasers": [
                        {
                            "name": "Fannie Mae", 
                            "count": 1034, 
                            "value": 175907.0
                        }, 
                        {
                            "name": "Ginnie Mae", 
                            "count": 1210, 
                            "value": 206969.0
                        }, 
                        {
                            "name": "Freddie Mac", 
                            "count": 615, 
                            "value": 104014.0
                        }, 
                        {
                            "name": "Farmer Mac", 
                            "count": 0, 
                            "value": 0
                        }, 
                        {
                            "name": "Private Securitization", 
                            "count": 31, 
                            "value": 3843.0
                        }, 
                        {
                            "name": "Commercial bank, savings bank or association", 
                            "count": 568, 
                            "value": 88434.0
                        }, 
                        {
                            "name": "Life insurance co., credit union, finance co.", 
                            "count": 239, 
                            "value": 39315.0
                        }, 
                        {
                            "name": "Affiliate institution", 
                            "count": 108, 
                            "value": 19414.0
                        }, 
                        {
                            "name": "Other", 
                            "count": 2584, 
                            "value": 436021.0
                        }
                    ]
                }, 
                {
                    "race": "Joint (White/Minority Race", 
                    "purchasers": [
                        {
                            "name": "Fannie Mae", 
                            "count": 41, 
                            "value": 6639.0
                        }, 
                        {
                            "name": "Ginnie Mae", 
                            "count": 44, 
                            "value": 8996.0
                        }, 
                        {
                            "name": "Freddie Mac", 
                            "count": 30, 
                            "value": 5203.0
                        }, 
                        {
                            "name": "Farmer Mac", 
                            "count": 0, 
                            "value": 0
                        }, 
                        {
                            "name": "Private Securitization", 
                            "count": 0, 
                            "value": 0
                        }, 
                        {
                            "name": "Commercial bank, savings bank or association", 
                            "count": 16, 
                            "value": 3347.0
                        }, 
                        {
                            "name": "Life insurance co., credit union, finance co.", 
                            "count": 10, 
                            "value": 2347.0
                        }, 
                        {
                            "name": "Affiliate institution", 
                            "count": 4, 
                            "value": 680.0
                        }, 
                        {
                            "name": "Other", 
                            "count": 101, 
                            "value": 19247.0
                        }
                    ]
                }, 
                {
                    "race": "Not Available", 
                    "purchasers": [
                        {
                            "name": "Fannie Mae", 
                            "count": 462, 
                            "value": 76717.0
                        }, 
                        {
                            "name": "Ginnie Mae", 
                            "count": 281, 
                            "value": 53387.0
                        }, 
                        {
                            "name": "Freddie Mac", 
                            "count": 175, 
                            "value": 32489.0
                        }, 
                        {
                            "name": "Farmer Mac", 
                            "count": 0, 
                            "value": 0
                        }, 
                        {
                            "name": "Private Securitization", 
                            "count": 2, 
                            "value": 365.0
                        }, 
                        {
                            "name": "Commercial bank, savings bank or association", 
                            "count": 84, 
                            "value": 15926.0
                        }, 
                        {
                            "name": "Life insurance co., credit union, finance co.", 
                            "count": 16, 
                            "value": 3248.0
                        }, 
                        {
                            "name": "Affiliate institution", 
                            "count": 55, 
                            "value": 8961.0
                        }, 
                        {
                            "name": "Other", 
                            "count": 875, 
                            "value": 166711.0
                        }
                    ]
                }
            ]
        }, 
        {
            "characteristic": "Ethnicity", 
            "ethnicities": [
                {
                    "ethnicity": "Hispanic or Latino", 
                    "purchasers": [
                        {
                            "name": "Fannie Mae", 
                            "count": 134, 
                            "value": 18525
                        }, 
                        {
                            "name": "Ginnie Mae", 
                            "count": 233, 
                            "value": 32927
                        }, 
                        {
                            "name": "Freddie Mac", 
                            "count": 66, 
                            "value": 9189
                        }, 
                        {
                            "name": "Farmer Mac", 
                            "count": 0, 
                            "value": 0
                        }, 
                        {
                            "name": "Private Securitization", 
                            "count": 16, 
                            "value": 1736
                        }, 
                        {
                            "name": "Commercial bank, savings bank or association", 
                            "count": 92, 
                            "value": 11013
                        }, 
                        {
                            "name": "Life insurance co., credit union, finance co.", 
                            "count": 47, 
                            "value": 6126
                        }, 
                        {
                            "name": "Affiliate institution", 
                            "count": 10, 
                            "value": 1587
                        }, 
                        {
                            "name": "Other", 
                            "count": 431, 
                            "value": 60945
                        }
                    ]
                }, 
                {
                    "ethnicity": "Not Hispanic or Latino", 
                    "purchasers": [
                        {
                            "name": "Fannie Mae", 
                            "count": 1187, 
                            "value": 203469
                        }, 
                        {
                            "name": "Ginnie Mae", 
                            "count": 1113, 
                            "value": 198092
                        }, 
                        {
                            "name": "Freddie Mac", 
                            "count": 683, 
                            "value": 118942
                        }, 
                        {
                            "name": "Farmer Mac", 
                            "count": 0, 
                            "value": 0
                        }, 
                        {
                            "name": "Private Securitization", 
                            "count": 12, 
                            "value": 1830
                        }, 
                        {
                            "name": "Commercial bank, savings bank or association", 
                            "count": 574, 
                            "value": 93538
                        }, 
                        {
                            "name": "Life insurance co., credit union, finance co.", 
                            "count": 225, 
                            "value": 39331
                        }, 
                        {
                            "name": "Affiliate institution", 
                            "count": 107, 
                            "value": 19144
                        }, 
                        {
                            "name": "Other", 
                            "count": 2826, 
                            "value": 490650
                        }
                    ]
                }, 
                {
                    "ethnicity": "Joint (Hispanic or Latino/Not Hispanic or Latino", 
                    "purchasers": [
                        {
                            "name": "Fannie Mae", 
                            "count": 44, 
                            "value": 8831
                        }, 
                        {
                            "name": "Ginnie Mae", 
                            "count": 50, 
                            "value": 9322
                        }, 
                        {
                            "name": "Freddie Mac", 
                            "count": 27, 
                            "value": 5486
                        }, 
                        {
                            "name": "Farmer Mac", 
                            "count": 0, 
                            "value": 0
                        }, 
                        {
                            "name": "Private Securitization", 
                            "count": 2, 
                            "value": 159
                        }, 
                        {
                            "name": "Commercial bank, savings bank or association", 
                            "count": 16, 
                            "value": 3128
                        }, 
                        {
                            "name": "Life insurance co., credit union, finance co.", 
                            "count": 11, 
                            "value": 2176
                        }, 
                        {
                            "name": "Affiliate institution", 
                            "count": 2, 
                            "value": 363
                        }, 
                        {
                            "name": "Other", 
                            "count": 103, 
                            "value": 22142
                        }
                    ]
                }, 
                {
                    "ethnicity": "Ethnicity Not Available", 
                    "purchasers": [
                        {
                            "name": "Fannie Mae", 
                            "count": 432, 
                            "value": 70333
                        }, 
                        {
                            "name": "Ginnie Mae", 
                            "count": 266, 
                            "value": 51067
                        }, 
                        {
                            "name": "Freddie Mac", 
                            "count": 165, 
                            "value": 30459
                        }, 
                        {
                            "name": "Farmer Mac", 
                            "count": 0, 
                            "value": 0
                        }, 
                        {
                            "name": "Private Securitization", 
                            "count": 3, 
                            "value": 483
                        }, 
                        {
                            "name": "Commercial bank, savings bank or association", 
                            "count": 79, 
                            "value": 14800
                        }, 
                        {
                            "name": "Life insurance co., credit union, finance co.", 
                            "count": 11, 
                            "value": 2133
                        }, 
                        {
                            "name": "Affiliate institution", 
                            "count": 59, 
                            "value": 9784
                        }, 
                        {
                            "name": "Other", 
                            "count": 778, 
                            "value": 148128
                        }
                    ]
                }
            ]
        }, 
        {
            "characteristic": "Minority Status", 
            "minoritystatuses": [
                {
                    "minoritystatus": "White Non-Hispanic", 
                    "purchasers": [
                        {
                            "name": "Fannie Mae", 
                            "count": 1338, 
                            "value": 228384
                        }, 
                        {
                            "name": "Ginnie Mae", 
                            "count": 1228, 
                            "value": 221946
                        }, 
                        {
                            "name": "Freddie Mac", 
                            "count": 717, 
                            "value": 125153
                        }, 
                        {
                            "name": "Farmer Mac", 
                            "count": 0, 
                            "value": 0
                        }, 
                        {
                            "name": "Private Securitization", 
                            "count": 15, 
                            "value": 2313
                        }, 
                        {
                            "name": "Commercial bank, savings bank or association", 
                            "count": 549, 
                            "value": 91119
                        }, 
                        {
                            "name": "Life insurance co., credit union, finance co.", 
                            "count": 202, 
                            "value": 35319
                        }, 
                        {
                            "name": "Affiliate institution", 
                            "count": 152, 
                            "value": 26553
                        }, 
                        {
                            "name": "Other", 
                            "count": 2960, 
                            "value": 525574
                        }
                    ]
                }, 
                {
                    "minoritystatus": "Others, Including Hispanic", 
                    "purchasers": [
                        {
                            "name": "Fannie Mae", 
                            "count": 459, 
                            "value": 72774
                        }, 
                        {
                            "name": "Ginnie Mae", 
                            "count": 434, 
                            "value": 69462
                        }, 
                        {
                            "name": "Freddie Mac", 
                            "count": 224, 
                            "value": 38923
                        }, 
                        {
                            "name": "Farmer Mac", 
                            "count": 0, 
                            "value": 0
                        }, 
                        {
                            "name": "Private Securitization", 
                            "count": 18, 
                            "value": 1895
                        }, 
                        {
                            "name": "Commercial bank, savings bank or association", 
                            "count": 212, 
                            "value": 31360
                        }, 
                        {
                            "name": "Life insurance co., credit union, finance co.", 
                            "count": 92, 
                            "value": 14447
                        }, 
                        {
                            "name": "Affiliate institution", 
                            "count": 26, 
                            "value": 4325
                        }, 
                        {
                            "name": "Other", 
                            "count": 1178, 
                            "value": 196291
                        }
                    ]
                }
            ]
        }, 
        {
            "characteristic": "Applicant Income", 
            "applicantincomes": [
                {
                    "applicantincome": "Less than 50% of MSA/MD median", 
                    "purchasers": [
                        {
                            "name": "Fannie Mae", 
                            "count": 138, 
                            "value": 15842
                        }, 
                        {
                            "name": "Ginnie Mae", 
                            "count": 123, 
                            "value": 11775
                        }, 
                        {
                            "name": "Freddie Mac", 
                            "count": 63, 
                            "value": 7267
                        }, 
                        {
                            "name": "Farmer Mac", 
                            "count": 0, 
                            "value": 0
                        }, 
                        {
                            "name": "Private Securitization", 
                            "count": 13, 
                            "value": 1213
                        }, 
                        {
                            "name": "Commercial bank, savings bank or association", 
                            "count": 92, 
                            "value": 9445
                        }, 
                        {
                            "name": "Life insurance co., credit union, finance co.", 
                            "count": 16, 
                            "value": 1634
                        }, 
                        {
                            "name": "Affiliate institution", 
                            "count": 14, 
                            "value": 1863
                        }, 
                        {
                            "name": "Other", 
                            "count": 370, 
                            "value": 39025
                        }
                    ]
                }, 
                {
                    "applicantincome": "50-79% of MSA/MD median", 
                    "purchasers": [
                        {
                            "name": "Fannie Mae", 
                            "count": 255, 
                            "value": 34230
                        }, 
                        {
                            "name": "Ginnie Mae", 
                            "count": 299, 
                            "value": 41630
                        }, 
                        {
                            "name": "Freddie Mac", 
                            "count": 133, 
                            "value": 18439
                        }, 
                        {
                            "name": "Farmer Mac", 
                            "count": 0, 
                            "value": 0
                        }, 
                        {
                            "name": "Private Securitization", 
                            "count": 8, 
                            "value": 1029
                        }, 
                        {
                            "name": "Commercial bank, savings bank or association", 
                            "count": 205, 
                            "value": 27337
                        }, 
                        {
                            "name": "Life insurance co., credit union, finance co.", 
                            "count": 66, 
                            "value": 8835
                        }, 
                        {
                            "name": "Affiliate institution", 
                            "count": 18, 
                            "value": 2546
                        }, 
                        {
                            "name": "Other", 
                            "count": 697, 
                            "value": 91441
                        }
                    ]
                }, 
                {
                    "applicantincome": "80-99% of MSA/MD median", 
                    "purchasers": [
                        {
                            "name": "Fannie Mae", 
                            "count": 177, 
                            "value": 27840
                        }, 
                        {
                            "name": "Ginnie Mae", 
                            "count": 183, 
                            "value": 29106
                        }, 
                        {
                            "name": "Freddie Mac", 
                            "count": 99, 
                            "value": 14413
                        }, 
                        {
                            "name": "Farmer Mac", 
                            "count": 0, 
                            "value": 0
                        }, 
                        {
                            "name": "Private Securitization", 
                            "count": 2, 
                            "value": 365
                        }, 
                        {
                            "name": "Commercial bank, savings bank or association", 
                            "count": 98, 
                            "value": 15180
                        }, 
                        {
                            "name": "Life insurance co., credit union, finance co.", 
                            "count": 45, 
                            "value": 6894
                        }, 
                        {
                            "name": "Affiliate institution", 
                            "count": 13, 
                            "value": 2098
                        }, 
                        {
                            "name": "Other", 
                            "count": 465, 
                            "value": 69627
                        }
                    ]
                }, 
                {
                    "applicantincome": "100-119% of MSA/MD median", 
                    "purchasers": [
                        {
                            "name": "Fannie Mae", 
                            "count": 188, 
                            "value": 31785
                        }, 
                        {
                            "name": "Ginnie Mae", 
                            "count": 143, 
                            "value": 25526
                        }, 
                        {
                            "name": "Freddie Mac", 
                            "count": 114, 
                            "value": 18184
                        }, 
                        {
                            "name": "Farmer Mac", 
                            "count": 0, 
                            "value": 0
                        }, 
                        {
                            "name": "Private Securitization", 
                            "count": 4, 
                            "value": 583
                        }, 
                        {
                            "name": "Commercial bank, savings bank or association", 
                            "count": 84, 
                            "value": 14622
                        }, 
                        {
                            "name": "Life insurance co., credit union, finance co.", 
                            "count": 43, 
                            "value": 6781
                        }, 
                        {
                            "name": "Affiliate institution", 
                            "count": 28, 
                            "value": 4454
                        }, 
                        {
                            "name": "Other", 
                            "count": 438, 
                            "value": 73241
                        }
                    ]
                }, 
                {
                    "applicantincome": "120% or more of MSA/MD median", 
                    "purchasers": [
                        {
                            "name": "Fannie Mae", 
                            "count": 864, 
                            "value": 165480
                        }, 
                        {
                            "name": "Ginnie Mae", 
                            "count": 276, 
                            "value": 58236
                        }, 
                        {
                            "name": "Freddie Mac", 
                            "count": 503, 
                            "value": 100651
                        }, 
                        {
                            "name": "Farmer Mac", 
                            "count": 0, 
                            "value": 0
                        }, 
                        {
                            "name": "Private Securitization", 
                            "count": 4, 
                            "value": 684
                        }, 
                        {
                            "name": "Commercial bank, savings bank or association", 
                            "count": 213, 
                            "value": 42019
                        }, 
                        {
                            "name": "Life insurance co., credit union, finance co.", 
                            "count": 98, 
                            "value": 19847
                        }, 
                        {
                            "name": "Affiliate institution", 
                            "count": 100, 
                            "value": 18854
                        }, 
                        {
                            "name": "Other", 
                            "count": 1640, 
                            "value": 336423
                        }
                    ]
                }, 
                {
                    "applicantincome": "income not available", 
                    "purchasers": [
                        {
                            "name": "Fannie Mae", 
                            "count": 175, 
                            "value": 25981
                        }, 
                        {
                            "name": "Ginnie Mae", 
                            "count": 638, 
                            "value": 125135
                        }, 
                        {
                            "name": "Freddie Mac", 
                            "count": 29, 
                            "value": 5122
                        }, 
                        {
                            "name": "Farmer Mac", 
                            "count": 0, 
                            "value": 0
                        }, 
                        {
                            "name": "Private Securitization", 
                            "count": 2, 
                            "value": 334
                        }, 
                        {
                            "name": "Commercial bank, savings bank or association", 
                            "count": 69, 
                            "value": 13876
                        }, 
                        {
                            "name": "Life insurance co., credit union, finance co.", 
                            "count": 26, 
                            "value": 5775
                        }, 
                        {
                            "name": "Affiliate institution", 
                            "count": 5, 
                            "value": 1063
                        }, 
                        {
                            "name": "Other", 
                            "count": 528, 
                            "value": 112108
                        }
                    ]
                }
            ]
        }
    ], 
    "censuscharacteristics": [
        {
            "characteristic": "Racial/Ethnic Composition", 
            "tractpctminorities": [
                {
                    "tractpctminority": "Less than 10% minority", 
                    "purchasers": [
                        {
                            "name": "Fannie Mae", 
                            "count": 0, 
                            "value": 0
                        }, 
                        {
                            "name": "Ginnie Mae", 
                            "count": 0, 
                            "value": 0
                        }, 
                        {
                            "name": "Freddie Mac", 
                            "count": 0, 
                            "value": 0
                        }, 
                        {
                            "name": "Farmer Mac", 
                            "count": 0, 
                            "value": 0
                        }, 
                        {
                            "name": "Private Securitization", 
                            "count": 0, 
                            "value": 0
                        }, 
                        {
                            "name": "Commercial bank, savings bank or association", 
                            "count": 0, 
                            "value": 0
                        }, 
                        {
                            "name": "Life insurance co., credit union, finance co.", 
                            "count": 0, 
                            "value": 0
                        }, 
                        {
                            "name": "Affiliate institution", 
                            "count": 0, 
                            "value": 0
                        }, 
                        {
                            "name": "Other", 
                            "count": 0, 
                            "value": 0
                        }
                    ]
                }, 
                {
                    "tractpctminority": "10-19% minority", 
                    "purchasers": [
                        {
                            "name": "Fannie Mae", 
                            "count": 1154, 
                            "value": 207928
                        }, 
                        {
                            "name": "Ginnie Mae", 
                            "count": 1077, 
                            "value": 199577
                        }, 
                        {
                            "name": "Freddie Mac", 
                            "count": 615, 
                            "value": 111510
                        }, 
                        {
                            "name": "Farmer Mac", 
                            "count": 0, 
                            "value": 0
                        }, 
                        {
                            "name": "Private Securitization", 
                            "count": 18, 
                            "value": 2634
                        }, 
                        {
                            "name": "Commercial bank, savings bank or association", 
                            "count": 494, 
                            "value": 86080
                        }, 
                        {
                            "name": "Life insurance co., credit union, finance co.", 
                            "count": 197, 
                            "value": 36072
                        }, 
                        {
                            "name": "Affiliate institution", 
                            "count": 122, 
                            "value": 22681
                        }, 
                        {
                            "name": "Other", 
                            "count": 2751, 
                            "value": 502203
                        }
                    ]
                }, 
                {
                    "tractpctminority": "20-49% minority", 
                    "purchasers": [
                        {
                            "name": "Fannie Mae", 
                            "count": 643, 
                            "value": 93230
                        }, 
                        {
                            "name": "Ginnie Mae", 
                            "count": 585, 
                            "value": 91831
                        }, 
                        {
                            "name": "Freddie Mac", 
                            "count": 326, 
                            "value": 52566
                        }, 
                        {
                            "name": "Farmer Mac", 
                            "count": 0, 
                            "value": 0
                        }, 
                        {
                            "name": "Private Securitization", 
                            "count": 15, 
                            "value": 1574
                        }, 
                        {
                            "name": "Commercial bank, savings bank or association", 
                            "count": 267, 
                            "value": 36399
                        }, 
                        {
                            "name": "Life insurance co., credit union, finance co.", 
                            "count": 97, 
                            "value": 13694
                        }, 
                        {
                            "name": "Affiliate institution", 
                            "count": 56, 
                            "value": 8197
                        }, 
                        {
                            "name": "Other", 
                            "count": 1387, 
                            "value": 219662
                        }
                    ]
                }, 
                {
                    "tractpctminority": "50-79% minority", 
                    "purchasers": [
                        {
                            "name": "Fannie Mae", 
                            "count": 0, 
                            "value": 0
                        }, 
                        {
                            "name": "Ginnie Mae", 
                            "count": 0, 
                            "value": 0
                        }, 
                        {
                            "name": "Freddie Mac", 
                            "count": 0, 
                            "value": 0
                        }, 
                        {
                            "name": "Farmer Mac", 
                            "count": 0, 
                            "value": 0
                        }, 
                        {
                            "name": "Private Securitization", 
                            "count": 0, 
                            "value": 0
                        }, 
                        {
                            "name": "Commercial bank, savings bank or association", 
                            "count": 0, 
                            "value": 0
                        }, 
                        {
                            "name": "Life insurance co., credit union, finance co.", 
                            "count": 0, 
                            "value": 0
                        }, 
                        {
                            "name": "Affiliate institution", 
                            "count": 0, 
                            "value": 0
                        }, 
                        {
                            "name": "Other", 
                            "count": 0, 
                            "value": 0
                        }
                    ]
                }, 
                {
                    "tractpctminority": "80-100% minority", 
                    "purchasers": [
                        {
                            "name": "Fannie Mae", 
                            "count": 0, 
                            "value": 0
                        }, 
                        {
                            "name": "Ginnie Mae", 
                            "count": 0, 
                            "value": 0
                        }, 
                        {
                            "name": "Freddie Mac", 
                            "count": 0, 
                            "value": 0
                        }, 
                        {
                            "name": "Farmer Mac", 
                            "count": 0, 
                            "value": 0
                        }, 
                        {
                            "name": "Private Securitization", 
                            "count": 0, 
                            "value": 0
                        }, 
                        {
                            "name": "Commercial bank, savings bank or association", 
                            "count": 0, 
                            "value": 0
                        }, 
                        {
                            "name": "Life insurance co., credit union, finance co.", 
                            "count": 0, 
                            "value": 0
                        }, 
                        {
                            "name": "Affiliate institution", 
                            "count": 0, 
                            "value": 0
                        }, 
                        {
                            "name": "Other", 
                            "count": 0, 
                            "value": 0
                        }
                    ]
                }
            ]
        }, 
        {
            "characteristic": "Income", 
            "incomelevels": [
                {
                    "incomelevel": "Low income", 
                    "purchasers": [
                        {
                            "name": "Fannie Mae", 
                            "count": 13, 
                            "value": 1711
                        }, 
                        {
                            "name": "Ginnie Mae", 
                            "count": 23, 
                            "value": 2928
                        }, 
                        {
                            "name": "Freddie Mac", 
                            "count": 9, 
                            "value": 1430
                        }, 
                        {
                            "name": "Farmer Mac", 
                            "count": 0, 
                            "value": 0
                        }, 
                        {
                            "name": "Private Securitization", 
                            "count": 0, 
                            "value": 0
                        }, 
                        {
                            "name": "Commercial bank, savings bank or association", 
                            "count": 9, 
                            "value": 939
                        }, 
                        {
                            "name": "Life insurance co., credit union, finance co.", 
                            "count": 5, 
                            "value": 626
                        }, 
                        {
                            "name": "Affiliate institution", 
                            "count": 0, 
                            "value": 0
                        }, 
                        {
                            "name": "Other", 
                            "count": 38, 
                            "value": 4352
                        }
                    ]
                }, 
                {
                    "incomelevel": "Moderate income", 
                    "purchasers": [
                        {
                            "name": "Fannie Mae", 
                            "count": 167, 
                            "value": 19587
                        }, 
                        {
                            "name": "Ginnie Mae", 
                            "count": 169, 
                            "value": 20850
                        }, 
                        {
                            "name": "Freddie Mac", 
                            "count": 93, 
                            "value": 11672
                        }, 
                        {
                            "name": "Farmer Mac", 
                            "count": 0, 
                            "value": 0
                        }, 
                        {
                            "name": "Private Securitization", 
                            "count": 10, 
                            "value": 902
                        }, 
                        {
                            "name": "Commercial bank, savings bank or association", 
                            "count": 96, 
                            "value": 9590
                        }, 
                        {
                            "name": "Life insurance co., credit union, finance co.", 
                            "count": 21, 
                            "value": 2543
                        }, 
                        {
                            "name": "Affiliate institution", 
                            "count": 18, 
                            "value": 2047
                        }, 
                        {
                            "name": "Other", 
                            "count": 469, 
                            "value": 58598
                        }
                    ]
                }, 
                {
                    "incomelevel": "Middle income", 
                    "purchasers": [
                        {
                            "name": "Fannie Mae", 
                            "count": 716, 
                            "value": 110393
                        }, 
                        {
                            "name": "Ginnie Mae", 
                            "count": 633, 
                            "value": 106192
                        }, 
                        {
                            "name": "Freddie Mac", 
                            "count": 381, 
                            "value": 65377
                        }, 
                        {
                            "name": "Farmer Mac", 
                            "count": 0, 
                            "value": 0
                        }, 
                        {
                            "name": "Private Securitization", 
                            "count": 9, 
                            "value": 1097
                        }, 
                        {
                            "name": "Commercial bank, savings bank or association", 
                            "count": 285, 
                            "value": 46338
                        }, 
                        {
                            "name": "Life insurance co., credit union, finance co.", 
                            "count": 112, 
                            "value": 17376
                        }, 
                        {
                            "name": "Affiliate institution", 
                            "count": 67, 
                            "value": 11224
                        }, 
                        {
                            "name": "Other", 
                            "count": 1616, 
                            "value": 267948
                        }
                    ]
                }, 
                {
                    "incomelevel": "Upper income", 
                    "purchasers": [
                        {
                            "name": "Fannie Mae", 
                            "count": 901, 
                            "value": 169467
                        }, 
                        {
                            "name": "Ginnie Mae", 
                            "count": 837, 
                            "value": 161438
                        }, 
                        {
                            "name": "Freddie Mac", 
                            "count": 458, 
                            "value": 85597
                        }, 
                        {
                            "name": "Farmer Mac", 
                            "count": 0, 
                            "value": 0
                        }, 
                        {
                            "name": "Private Securitization", 
                            "count": 14, 
                            "value": 2209
                        }, 
                        {
                            "name": "Commercial bank, savings bank or association", 
                            "count": 371, 
                            "value": 65612
                        }, 
                        {
                            "name": "Life insurance co., credit union, finance co.", 
                            "count": 156, 
                            "value": 29221
                        }, 
                        {
                            "name": "Affiliate institution", 
                            "count": 93, 
                            "value": 17607
                        }, 
                        {
                            "name": "Other", 
                            "count": 2015, 
                            "value": 390967
                        }
                    ]
                }
            ]
        }
    ], 
    "total": {
        "purchasers": [
            {
                "name": "Fannie Mae", 
                "count": 1797, 
                "value": 301158
            }, 
            {
                "name": "Ginnie Mae", 
                "count": 1662, 
                "value": 291408
            }, 
            {
                "name": "Freddie Mac", 
                "count": 941, 
                "value": 164076
            }, 
            {
                "name": "Farmer Mac", 
                "count": 0, 
                "value": 0
            }, 
            {
                "name": "Private Securitization", 
                "count": 33, 
                "value": 4208
            }, 
            {
                "name": "Commercial bank, savings bank or association", 
                "count": 761, 
                "value": 122479
            }, 
            {
                "name": "Life insurance co., credit union, finance co.", 
                "count": 294, 
                "value": 49766
            }, 
            {
                "name": "Affiliate institution", 
                "count": 178, 
                "value": 30878
            }, 
            {
                "name": "Other", 
                "count": 4138, 
                "value": 721865
            }
        ]
    }
}