{
    "table": "4-1", 
    "type": "Aggregate", 
    "desc": "Disposition of applications for FHA, FSA/RHS, and VA home-purchase loans, 1- to 4-family and manufactured home dwellings, by race, ethnicity, gender and income of applicant", 
    "year": "2012", 
    "msa": {
        "id": "19740", 
        "name": "Denver-Aurora-Broomfield", 
        "state": "CO", 
        "state_name": "Colorado"
    }, 
    "races": [
        {
            "race": "American Indian/Alaska Native", 
            "dispositions": [
                {
                    "disposition": "Applications Received", 
                    "count": 53, 
                    "value": 11231
                }, 
                {
                    "disposition": "Loans Originated", 
                    "count": 0, 
                    "value": 8525
                }, 
                {
                    "disposition": "Apps. Approved But Not Accepted", 
                    "count": 0, 
                    "value": 338
                }, 
                {
                    "disposition": "Aplications Denied", 
                    "count": 0, 
                    "value": 1971
                }, 
                {
                    "disposition": "Applications Withdrawn", 
                    "count": 0, 
                    "value": 450
                }, 
                {
                    "disposition": "Files Closed For Incompleteness", 
                    "count": 0, 
                    "value": 0
                }
            ], 
            "genders": [
                {
                    "gender": "Male", 
                    "dispositions": [
                        {
                            "disposition": "Applications Received", 
                            "count": 0, 
                            "value": 0
                        }, 
                        {
                            "disposition": "Loans Originated", 
                            "count": 17, 
                            "value": 3939
                        }, 
                        {
                            "disposition": "Apps. Approved But Not Accepted", 
                            "count": 2, 
                            "value": 336
                        }, 
                        {
                            "disposition": "Aplications Denied", 
                            "count": 6, 
                            "value": 912
                        }, 
                        {
                            "disposition": "Applications Withdrawn", 
                            "count": 2, 
                            "value": 321
                        }, 
                        {
                            "disposition": "Files Closed For Incompleteness", 
                            "count": 0, 
                            "value": 0
                        }
                    ]
                }, 
                {
                    "gender": "Female", 
                    "dispositions": [
                        {
                            "disposition": "Applications Received", 
                            "count": 0, 
                            "value": 0
                        }, 
                        {
                            "disposition": "Loans Originated", 
                            "count": 13, 
                            "value": 2653
                        }, 
                        {
                            "disposition": "Apps. Approved But Not Accepted", 
                            "count": 0, 
                            "value": 0
                        }, 
                        {
                            "disposition": "Aplications Denied", 
                            "count": 3, 
                            "value": 564
                        }, 
                        {
                            "disposition": "Applications Withdrawn", 
                            "count": 1, 
                            "value": 126
                        }, 
                        {
                            "disposition": "Files Closed For Incompleteness", 
                            "count": 0, 
                            "value": 0
                        }
                    ]
                }, 
                {
                    "gender": "Joint (Male/Female)", 
                    "dispositions": [
                        {
                            "disposition": "Applications Received", 
                            "count": 0, 
                            "value": 0
                        }, 
                        {
                            "disposition": "Loans Originated", 
                            "count": 7, 
                            "value": 1896
                        }, 
                        {
                            "disposition": "Apps. Approved But Not Accepted", 
                            "count": 0, 
                            "value": 0
                        }, 
                        {
                            "disposition": "Aplications Denied", 
                            "count": 2, 
                            "value": 484
                        }, 
                        {
                            "disposition": "Applications Withdrawn", 
                            "count": 0, 
                            "value": 0
                        }, 
                        {
                            "disposition": "Files Closed For Incompleteness", 
                            "count": 0, 
                            "value": 0
                        }
                    ]
                }
            ]
        }, 
        {
            "race": "Asian", 
            "dispositions": [
                {
                    "disposition": "Applications Received", 
                    "count": 85, 
                    "value": 15376
                }, 
                {
                    "disposition": "Loans Originated", 
                    "count": 0, 
                    "value": 9719
                }, 
                {
                    "disposition": "Apps. Approved But Not Accepted", 
                    "count": 0, 
                    "value": 300
                }, 
                {
                    "disposition": "Aplications Denied", 
                    "count": 0, 
                    "value": 2882
                }, 
                {
                    "disposition": "Applications Withdrawn", 
                    "count": 0, 
                    "value": 2560
                }, 
                {
                    "disposition": "Files Closed For Incompleteness", 
                    "count": 0, 
                    "value": 0
                }
            ], 
            "genders": [
                {
                    "gender": "Male", 
                    "dispositions": [
                        {
                            "disposition": "Applications Received", 
                            "count": 0, 
                            "value": 0
                        }, 
                        {
                            "disposition": "Loans Originated", 
                            "count": 27, 
                            "value": 4589
                        }, 
                        {
                            "disposition": "Apps. Approved But Not Accepted", 
                            "count": 1, 
                            "value": 143
                        }, 
                        {
                            "disposition": "Aplications Denied", 
                            "count": 9, 
                            "value": 1767
                        }, 
                        {
                            "disposition": "Applications Withdrawn", 
                            "count": 7, 
                            "value": 1642
                        }, 
                        {
                            "disposition": "Files Closed For Incompleteness", 
                            "count": 0, 
                            "value": 0
                        }
                    ]
                }, 
                {
                    "gender": "Female", 
                    "dispositions": [
                        {
                            "disposition": "Applications Received", 
                            "count": 0, 
                            "value": 0
                        }, 
                        {
                            "disposition": "Loans Originated", 
                            "count": 23, 
                            "value": 3695
                        }, 
                        {
                            "disposition": "Apps. Approved But Not Accepted", 
                            "count": 1, 
                            "value": 155
                        }, 
                        {
                            "disposition": "Aplications Denied", 
                            "count": 2, 
                            "value": 297
                        }, 
                        {
                            "disposition": "Applications Withdrawn", 
                            "count": 4, 
                            "value": 655
                        }, 
                        {
                            "disposition": "Files Closed For Incompleteness", 
                            "count": 0, 
                            "value": 0
                        }
                    ]
                }, 
                {
                    "gender": "Joint (Male/Female)", 
                    "dispositions": [
                        {
                            "disposition": "Applications Received", 
                            "count": 0, 
                            "value": 0
                        }, 
                        {
                            "disposition": "Loans Originated", 
                            "count": 6, 
                            "value": 1379
                        }, 
                        {
                            "disposition": "Apps. Approved But Not Accepted", 
                            "count": 0, 
                            "value": 0
                        }, 
                        {
                            "disposition": "Aplications Denied", 
                            "count": 4, 
                            "value": 803
                        }, 
                        {
                            "disposition": "Applications Withdrawn", 
                            "count": 1, 
                            "value": 251
                        }, 
                        {
                            "disposition": "Files Closed For Incompleteness", 
                            "count": 0, 
                            "value": 0
                        }
                    ]
                }
            ]
        }, 
        {
            "race": "Black or African American", 
            "dispositions": [
                {
                    "disposition": "Applications Received", 
                    "count": 423, 
                    "value": 87239
                }, 
                {
                    "disposition": "Loans Originated", 
                    "count": 0, 
                    "value": 61049
                }, 
                {
                    "disposition": "Apps. Approved But Not Accepted", 
                    "count": 0, 
                    "value": 3246
                }, 
                {
                    "disposition": "Aplications Denied", 
                    "count": 0, 
                    "value": 12008
                }, 
                {
                    "disposition": "Applications Withdrawn", 
                    "count": 0, 
                    "value": 9047
                }, 
                {
                    "disposition": "Files Closed For Incompleteness", 
                    "count": 0, 
                    "value": 2312
                }
            ], 
            "genders": [
                {
                    "gender": "Male", 
                    "dispositions": [
                        {
                            "disposition": "Applications Received", 
                            "count": 0, 
                            "value": 0
                        }, 
                        {
                            "disposition": "Loans Originated", 
                            "count": 123, 
                            "value": 26036
                        }, 
                        {
                            "disposition": "Apps. Approved But Not Accepted", 
                            "count": 4, 
                            "value": 845
                        }, 
                        {
                            "disposition": "Aplications Denied", 
                            "count": 27, 
                            "value": 5147
                        }, 
                        {
                            "disposition": "Applications Withdrawn", 
                            "count": 19, 
                            "value": 3610
                        }, 
                        {
                            "disposition": "Files Closed For Incompleteness", 
                            "count": 7, 
                            "value": 1062
                        }
                    ]
                }, 
                {
                    "gender": "Female", 
                    "dispositions": [
                        {
                            "disposition": "Applications Received", 
                            "count": 0, 
                            "value": 0
                        }, 
                        {
                            "disposition": "Loans Originated", 
                            "count": 96, 
                            "value": 18592
                        }, 
                        {
                            "disposition": "Apps. Approved But Not Accepted", 
                            "count": 5, 
                            "value": 956
                        }, 
                        {
                            "disposition": "Aplications Denied", 
                            "count": 17, 
                            "value": 3862
                        }, 
                        {
                            "disposition": "Applications Withdrawn", 
                            "count": 11, 
                            "value": 2146
                        }, 
                        {
                            "disposition": "Files Closed For Incompleteness", 
                            "count": 6, 
                            "value": 882
                        }
                    ]
                }, 
                {
                    "gender": "Joint (Male/Female)", 
                    "dispositions": [
                        {
                            "disposition": "Applications Received", 
                            "count": 0, 
                            "value": 0
                        }, 
                        {
                            "disposition": "Loans Originated", 
                            "count": 69, 
                            "value": 15783
                        }, 
                        {
                            "disposition": "Apps. Approved But Not Accepted", 
                            "count": 2, 
                            "value": 493
                        }, 
                        {
                            "disposition": "Aplications Denied", 
                            "count": 14, 
                            "value": 2658
                        }, 
                        {
                            "disposition": "Applications Withdrawn", 
                            "count": 13, 
                            "value": 2684
                        }, 
                        {
                            "disposition": "Files Closed For Incompleteness", 
                            "count": 2, 
                            "value": 353
                        }
                    ]
                }
            ]
        }, 
        {
            "race": "Native Hawaiian or Other Pacific Islander", 
            "dispositions": [
                {
                    "disposition": "Applications Received", 
                    "count": 685, 
                    "value": 129972
                }, 
                {
                    "disposition": "Loans Originated", 
                    "count": 0, 
                    "value": 90514
                }, 
                {
                    "disposition": "Apps. Approved But Not Accepted", 
                    "count": 0, 
                    "value": 3542
                }, 
                {
                    "disposition": "Aplications Denied", 
                    "count": 0, 
                    "value": 18975
                }, 
                {
                    "disposition": "Applications Withdrawn", 
                    "count": 0, 
                    "value": 13729
                }, 
                {
                    "disposition": "Files Closed For Incompleteness", 
                    "count": 0, 
                    "value": 3897
                }
            ], 
            "genders": [
                {
                    "gender": "Male", 
                    "dispositions": [
                        {
                            "disposition": "Applications Received", 
                            "count": 0, 
                            "value": 0
                        }, 
                        {
                            "disposition": "Loans Originated", 
                            "count": 202, 
                            "value": 37818
                        }, 
                        {
                            "disposition": "Apps. Approved But Not Accepted", 
                            "count": 8, 
                            "value": 1722
                        }, 
                        {
                            "disposition": "Aplications Denied", 
                            "count": 45, 
                            "value": 8279
                        }, 
                        {
                            "disposition": "Applications Withdrawn", 
                            "count": 29, 
                            "value": 5419
                        }, 
                        {
                            "disposition": "Files Closed For Incompleteness", 
                            "count": 10, 
                            "value": 2170
                        }
                    ]
                }, 
                {
                    "gender": "Female", 
                    "dispositions": [
                        {
                            "disposition": "Applications Received", 
                            "count": 0, 
                            "value": 0
                        }, 
                        {
                            "disposition": "Loans Originated", 
                            "count": 196, 
                            "value": 34410
                        }, 
                        {
                            "disposition": "Apps. Approved But Not Accepted", 
                            "count": 3, 
                            "value": 453
                        }, 
                        {
                            "disposition": "Aplications Denied", 
                            "count": 29, 
                            "value": 5202
                        }, 
                        {
                            "disposition": "Applications Withdrawn", 
                            "count": 25, 
                            "value": 4096
                        }, 
                        {
                            "disposition": "Files Closed For Incompleteness", 
                            "count": 10, 
                            "value": 1506
                        }
                    ]
                }, 
                {
                    "gender": "Joint (Male/Female)", 
                    "dispositions": [
                        {
                            "disposition": "Applications Received", 
                            "count": 0, 
                            "value": 0
                        }, 
                        {
                            "disposition": "Loans Originated", 
                            "count": 79, 
                            "value": 17809
                        }, 
                        {
                            "disposition": "Apps. Approved But Not Accepted", 
                            "count": 4, 
                            "value": 782
                        }, 
                        {
                            "disposition": "Aplications Denied", 
                            "count": 24, 
                            "value": 5396
                        }, 
                        {
                            "disposition": "Applications Withdrawn", 
                            "count": 14, 
                            "value": 2982
                        }, 
                        {
                            "disposition": "Files Closed For Incompleteness", 
                            "count": 1, 
                            "value": 200
                        }
                    ]
                }
            ]
        }, 
        {
            "race": "White", 
            "dispositions": [
                {
                    "disposition": "Applications Received", 
                    "count": 33, 
                    "value": 6380
                }, 
                {
                    "disposition": "Loans Originated", 
                    "count": 0, 
                    "value": 4874
                }, 
                {
                    "disposition": "Apps. Approved But Not Accepted", 
                    "count": 0, 
                    "value": 275
                }, 
                {
                    "disposition": "Aplications Denied", 
                    "count": 0, 
                    "value": 657
                }, 
                {
                    "disposition": "Applications Withdrawn", 
                    "count": 0, 
                    "value": 607
                }, 
                {
                    "disposition": "Files Closed For Incompleteness", 
                    "count": 0, 
                    "value": 0
                }
            ], 
            "genders": [
                {
                    "gender": "Male", 
                    "dispositions": [
                        {
                            "disposition": "Applications Received", 
                            "count": 0, 
                            "value": 0
                        }, 
                        {
                            "disposition": "Loans Originated", 
                            "count": 14, 
                            "value": 2991
                        }, 
                        {
                            "disposition": "Apps. Approved But Not Accepted", 
                            "count": 0, 
                            "value": 0
                        }, 
                        {
                            "disposition": "Aplications Denied", 
                            "count": 3, 
                            "value": 501
                        }, 
                        {
                            "disposition": "Applications Withdrawn", 
                            "count": 2, 
                            "value": 335
                        }, 
                        {
                            "disposition": "Files Closed For Incompleteness", 
                            "count": 0, 
                            "value": 0
                        }
                    ]
                }, 
                {
                    "gender": "Female", 
                    "dispositions": [
                        {
                            "disposition": "Applications Received", 
                            "count": 0, 
                            "value": 0
                        }, 
                        {
                            "disposition": "Loans Originated", 
                            "count": 7, 
                            "value": 1155
                        }, 
                        {
                            "disposition": "Apps. Approved But Not Accepted", 
                            "count": 0, 
                            "value": 0
                        }, 
                        {
                            "disposition": "Aplications Denied", 
                            "count": 1, 
                            "value": 152
                        }, 
                        {
                            "disposition": "Applications Withdrawn", 
                            "count": 0, 
                            "value": 0
                        }, 
                        {
                            "disposition": "Files Closed For Incompleteness", 
                            "count": 0, 
                            "value": 0
                        }
                    ]
                }, 
                {
                    "gender": "Joint (Male/Female)", 
                    "dispositions": [
                        {
                            "disposition": "Applications Received", 
                            "count": 0, 
                            "value": 0
                        }, 
                        {
                            "disposition": "Loans Originated", 
                            "count": 4, 
                            "value": 703
                        }, 
                        {
                            "disposition": "Apps. Approved But Not Accepted", 
                            "count": 0, 
                            "value": 0
                        }, 
                        {
                            "disposition": "Aplications Denied", 
                            "count": 0, 
                            "value": 0
                        }, 
                        {
                            "disposition": "Applications Withdrawn", 
                            "count": 1, 
                            "value": 269
                        }, 
                        {
                            "disposition": "Files Closed For Incompleteness", 
                            "count": 0, 
                            "value": 0
                        }
                    ]
                }
            ]
        }, 
        {
            "race": "2 or more minority races", 
            "dispositions": [
                {
                    "disposition": "Applications Received", 
                    "count": 16054, 
                    "value": 3365060
                }, 
                {
                    "disposition": "Loans Originated", 
                    "count": 0, 
                    "value": 2568842
                }, 
                {
                    "disposition": "Apps. Approved But Not Accepted", 
                    "count": 0, 
                    "value": 118935
                }, 
                {
                    "disposition": "Aplications Denied", 
                    "count": 0, 
                    "value": 310669
                }, 
                {
                    "disposition": "Applications Withdrawn", 
                    "count": 0, 
                    "value": 324334
                }, 
                {
                    "disposition": "Files Closed For Incompleteness", 
                    "count": 0, 
                    "value": 58334
                }
            ], 
            "genders": [
                {
                    "gender": "Male", 
                    "dispositions": [
                        {
                            "disposition": "Applications Received", 
                            "count": 0, 
                            "value": 0
                        }, 
                        {
                            "disposition": "Loans Originated", 
                            "count": 4717, 
                            "value": 962361
                        }, 
                        {
                            "disposition": "Apps. Approved But Not Accepted", 
                            "count": 236, 
                            "value": 46495
                        }, 
                        {
                            "disposition": "Aplications Denied", 
                            "count": 679, 
                            "value": 131460
                        }, 
                        {
                            "disposition": "Applications Withdrawn", 
                            "count": 674, 
                            "value": 127239
                        }, 
                        {
                            "disposition": "Files Closed For Incompleteness", 
                            "count": 128, 
                            "value": 23644
                        }
                    ]
                }, 
                {
                    "gender": "Female", 
                    "dispositions": [
                        {
                            "disposition": "Applications Received", 
                            "count": 0, 
                            "value": 0
                        }, 
                        {
                            "disposition": "Loans Originated", 
                            "count": 3490, 
                            "value": 655626
                        }, 
                        {
                            "disposition": "Apps. Approved But Not Accepted", 
                            "count": 136, 
                            "value": 22370
                        }, 
                        {
                            "disposition": "Aplications Denied", 
                            "count": 423, 
                            "value": 71604
                        }, 
                        {
                            "disposition": "Applications Withdrawn", 
                            "count": 533, 
                            "value": 95005
                        }, 
                        {
                            "disposition": "Files Closed For Incompleteness", 
                            "count": 92, 
                            "value": 15621
                        }
                    ]
                }, 
                {
                    "gender": "Joint (Male/Female)", 
                    "dispositions": [
                        {
                            "disposition": "Applications Received", 
                            "count": 0, 
                            "value": 0
                        }, 
                        {
                            "disposition": "Loans Originated", 
                            "count": 3788, 
                            "value": 933770
                        }, 
                        {
                            "disposition": "Apps. Approved But Not Accepted", 
                            "count": 155, 
                            "value": 37391
                        }, 
                        {
                            "disposition": "Aplications Denied", 
                            "count": 432, 
                            "value": 104369
                        }, 
                        {
                            "disposition": "Applications Withdrawn", 
                            "count": 410, 
                            "value": 96917
                        }, 
                        {
                            "disposition": "Files Closed For Incompleteness", 
                            "count": 82, 
                            "value": 18767
                        }
                    ]
                }
            ]
        }, 
        {
            "race": "Joint (White/Minority Race", 
            "dispositions": [
                {
                    "disposition": "Applications Received", 
                    "count": 290, 
                    "value": 71241
                }, 
                {
                    "disposition": "Loans Originated", 
                    "count": 0, 
                    "value": 55801
                }, 
                {
                    "disposition": "Apps. Approved But Not Accepted", 
                    "count": 0, 
                    "value": 3286
                }, 
                {
                    "disposition": "Aplications Denied", 
                    "count": 0, 
                    "value": 7050
                }, 
                {
                    "disposition": "Applications Withdrawn", 
                    "count": 0, 
                    "value": 5067
                }, 
                {
                    "disposition": "Files Closed For Incompleteness", 
                    "count": 0, 
                    "value": 327
                }
            ], 
            "genders": [
                {
                    "gender": "Male", 
                    "dispositions": [
                        {
                            "disposition": "Applications Received", 
                            "count": 0, 
                            "value": 0
                        }, 
                        {
                            "disposition": "Loans Originated", 
                            "count": 11, 
                            "value": 2443
                        }, 
                        {
                            "disposition": "Apps. Approved But Not Accepted", 
                            "count": 0, 
                            "value": 0
                        }, 
                        {
                            "disposition": "Aplications Denied", 
                            "count": 0, 
                            "value": 0
                        }, 
                        {
                            "disposition": "Applications Withdrawn", 
                            "count": 1, 
                            "value": 255
                        }, 
                        {
                            "disposition": "Files Closed For Incompleteness", 
                            "count": 0, 
                            "value": 0
                        }
                    ]
                }, 
                {
                    "gender": "Female", 
                    "dispositions": [
                        {
                            "disposition": "Applications Received", 
                            "count": 0, 
                            "value": 0
                        }, 
                        {
                            "disposition": "Loans Originated", 
                            "count": 17, 
                            "value": 4149
                        }, 
                        {
                            "disposition": "Apps. Approved But Not Accepted", 
                            "count": 0, 
                            "value": 0
                        }, 
                        {
                            "disposition": "Aplications Denied", 
                            "count": 0, 
                            "value": 0
                        }, 
                        {
                            "disposition": "Applications Withdrawn", 
                            "count": 4, 
                            "value": 542
                        }, 
                        {
                            "disposition": "Files Closed For Incompleteness", 
                            "count": 0, 
                            "value": 0
                        }
                    ]
                }, 
                {
                    "gender": "Joint (Male/Female)", 
                    "dispositions": [
                        {
                            "disposition": "Applications Received", 
                            "count": 0, 
                            "value": 0
                        }, 
                        {
                            "disposition": "Loans Originated", 
                            "count": 196, 
                            "value": 48985
                        }, 
                        {
                            "disposition": "Apps. Approved But Not Accepted", 
                            "count": 11, 
                            "value": 2889
                        }, 
                        {
                            "disposition": "Aplications Denied", 
                            "count": 30, 
                            "value": 7020
                        }, 
                        {
                            "disposition": "Applications Withdrawn", 
                            "count": 17, 
                            "value": 4248
                        }, 
                        {
                            "disposition": "Files Closed For Incompleteness", 
                            "count": 2, 
                            "value": 325
                        }
                    ]
                }
            ]
        }, 
        {
            "race": "Not Available", 
            "dispositions": [
                {
                    "disposition": "Applications Received", 
                    "count": 1816, 
                    "value": 383044
                }, 
                {
                    "disposition": "Loans Originated", 
                    "count": 0, 
                    "value": 270340
                }, 
                {
                    "disposition": "Apps. Approved But Not Accepted", 
                    "count": 0, 
                    "value": 13220
                }, 
                {
                    "disposition": "Aplications Denied", 
                    "count": 0, 
                    "value": 42526
                }, 
                {
                    "disposition": "Applications Withdrawn", 
                    "count": 0, 
                    "value": 53112
                }, 
                {
                    "disposition": "Files Closed For Incompleteness", 
                    "count": 0, 
                    "value": 5662
                }
            ], 
            "genders": [
                {
                    "gender": "Male", 
                    "dispositions": [
                        {
                            "disposition": "Applications Received", 
                            "count": 0, 
                            "value": 0
                        }, 
                        {
                            "disposition": "Loans Originated", 
                            "count": 217, 
                            "value": 46402
                        }, 
                        {
                            "disposition": "Apps. Approved But Not Accepted", 
                            "count": 9, 
                            "value": 1572
                        }, 
                        {
                            "disposition": "Aplications Denied", 
                            "count": 47, 
                            "value": 7982
                        }, 
                        {
                            "disposition": "Applications Withdrawn", 
                            "count": 52, 
                            "value": 9007
                        }, 
                        {
                            "disposition": "Files Closed For Incompleteness", 
                            "count": 8, 
                            "value": 1337
                        }
                    ]
                }, 
                {
                    "gender": "Female", 
                    "dispositions": [
                        {
                            "disposition": "Applications Received", 
                            "count": 0, 
                            "value": 0
                        }, 
                        {
                            "disposition": "Loans Originated", 
                            "count": 195, 
                            "value": 40213
                        }, 
                        {
                            "disposition": "Apps. Approved But Not Accepted", 
                            "count": 6, 
                            "value": 1144
                        }, 
                        {
                            "disposition": "Aplications Denied", 
                            "count": 30, 
                            "value": 5202
                        }, 
                        {
                            "disposition": "Applications Withdrawn", 
                            "count": 44, 
                            "value": 7423
                        }, 
                        {
                            "disposition": "Files Closed For Incompleteness", 
                            "count": 5, 
                            "value": 639
                        }
                    ]
                }, 
                {
                    "gender": "Joint (Male/Female)", 
                    "dispositions": [
                        {
                            "disposition": "Applications Received", 
                            "count": 0, 
                            "value": 0
                        }, 
                        {
                            "disposition": "Loans Originated", 
                            "count": 204, 
                            "value": 50158
                        }, 
                        {
                            "disposition": "Apps. Approved But Not Accepted", 
                            "count": 9, 
                            "value": 2041
                        }, 
                        {
                            "disposition": "Aplications Denied", 
                            "count": 23, 
                            "value": 5038
                        }, 
                        {
                            "disposition": "Applications Withdrawn", 
                            "count": 35, 
                            "value": 8430
                        }, 
                        {
                            "disposition": "Files Closed For Incompleteness", 
                            "count": 3, 
                            "value": 432
                        }
                    ]
                }
            ]
        }
    ], 
    "ethnicities": [
        {
            "ethnicity": "Hispanic or Latino", 
            "dispositions": [
                {
                    "disposition": "Applications Received", 
                    "count": 2964, 
                    "value": 485798
                }, 
                {
                    "disposition": "Loans Originated", 
                    "count": 0, 
                    "value": 338452
                }, 
                {
                    "disposition": "Apps. Approved But Not Accepted", 
                    "count": 0, 
                    "value": 18980
                }, 
                {
                    "disposition": "Aplications Denied", 
                    "count": 0, 
                    "value": 63568
                }, 
                {
                    "disposition": "Applications Withdrawn", 
                    "count": 0, 
                    "value": 55789
                }, 
                {
                    "disposition": "Files Closed For Incompleteness", 
                    "count": 0, 
                    "value": 11973
                }
            ], 
            "genders": [
                {
                    "gender": "Male", 
                    "dispositions": [
                        {
                            "disposition": "Applications Received", 
                            "count": 0, 
                            "value": 0
                        }, 
                        {
                            "disposition": "Loans Originated", 
                            "count": 979, 
                            "value": 162502
                        }, 
                        {
                            "disposition": "Apps. Approved But Not Accepted", 
                            "count": 66, 
                            "value": 10596
                        }, 
                        {
                            "disposition": "Aplications Denied", 
                            "count": 204, 
                            "value": 32863
                        }, 
                        {
                            "disposition": "Applications Withdrawn", 
                            "count": 177, 
                            "value": 27624
                        }, 
                        {
                            "disposition": "Files Closed For Incompleteness", 
                            "count": 42, 
                            "value": 6117
                        }
                    ]
                }, 
                {
                    "gender": "Female", 
                    "dispositions": [
                        {
                            "disposition": "Applications Received", 
                            "count": 0, 
                            "value": 0
                        }, 
                        {
                            "disposition": "Loans Originated", 
                            "count": 714, 
                            "value": 111051
                        }, 
                        {
                            "disposition": "Apps. Approved But Not Accepted", 
                            "count": 38, 
                            "value": 5790
                        }, 
                        {
                            "disposition": "Aplications Denied", 
                            "count": 133, 
                            "value": 19332
                        }, 
                        {
                            "disposition": "Applications Withdrawn", 
                            "count": 114, 
                            "value": 18367
                        }, 
                        {
                            "disposition": "Files Closed For Incompleteness", 
                            "count": 26, 
                            "value": 3690
                        }
                    ]
                }, 
                {
                    "gender": "Joint (Male/Female)", 
                    "dispositions": [
                        {
                            "disposition": "Applications Received", 
                            "count": 0, 
                            "value": 0
                        }, 
                        {
                            "disposition": "Loans Originated", 
                            "count": 326, 
                            "value": 61653
                        }, 
                        {
                            "disposition": "Apps. Approved But Not Accepted", 
                            "count": 14, 
                            "value": 2476
                        }, 
                        {
                            "disposition": "Aplications Denied", 
                            "count": 64, 
                            "value": 10915
                        }, 
                        {
                            "disposition": "Applications Withdrawn", 
                            "count": 48, 
                            "value": 9459
                        }, 
                        {
                            "disposition": "Files Closed For Incompleteness", 
                            "count": 12, 
                            "value": 2086
                        }
                    ]
                }
            ]
        }, 
        {
            "ethnicity": "Not Hispanic or Latino", 
            "dispositions": [
                {
                    "disposition": "Applications Received", 
                    "count": 14313, 
                    "value": 3106801
                }, 
                {
                    "disposition": "Loans Originated", 
                    "count": 0, 
                    "value": 2402573
                }, 
                {
                    "disposition": "Apps. Approved But Not Accepted", 
                    "count": 0, 
                    "value": 94071
                }, 
                {
                    "disposition": "Aplications Denied", 
                    "count": 0, 
                    "value": 282191
                }, 
                {
                    "disposition": "Applications Withdrawn", 
                    "count": 0, 
                    "value": 290132
                }, 
                {
                    "disposition": "Files Closed For Incompleteness", 
                    "count": 0, 
                    "value": 52147
                }
            ], 
            "genders": [
                {
                    "gender": "Male", 
                    "dispositions": [
                        {
                            "disposition": "Applications Received", 
                            "count": 0, 
                            "value": 0
                        }, 
                        {
                            "disposition": "Loans Originated", 
                            "count": 4160, 
                            "value": 882030
                        }, 
                        {
                            "disposition": "Apps. Approved But Not Accepted", 
                            "count": 183, 
                            "value": 38576
                        }, 
                        {
                            "disposition": "Aplications Denied", 
                            "count": 572, 
                            "value": 115830
                        }, 
                        {
                            "disposition": "Applications Withdrawn", 
                            "count": 564, 
                            "value": 112191
                        }, 
                        {
                            "disposition": "Files Closed For Incompleteness", 
                            "count": 105, 
                            "value": 21126
                        }
                    ]
                }, 
                {
                    "gender": "Female", 
                    "dispositions": [
                        {
                            "disposition": "Applications Received", 
                            "count": 0, 
                            "value": 0
                        }, 
                        {
                            "disposition": "Loans Originated", 
                            "count": 3167, 
                            "value": 618440
                        }, 
                        {
                            "disposition": "Apps. Approved But Not Accepted", 
                            "count": 107, 
                            "value": 18389
                        }, 
                        {
                            "disposition": "Aplications Denied", 
                            "count": 344, 
                            "value": 62541
                        }, 
                        {
                            "disposition": "Applications Withdrawn", 
                            "count": 473, 
                            "value": 85546
                        }, 
                        {
                            "disposition": "Files Closed For Incompleteness", 
                            "count": 81, 
                            "value": 14153
                        }
                    ]
                }, 
                {
                    "gender": "Joint (Male/Female)", 
                    "dispositions": [
                        {
                            "disposition": "Applications Received", 
                            "count": 0, 
                            "value": 0
                        }, 
                        {
                            "disposition": "Loans Originated", 
                            "count": 3535, 
                            "value": 887533
                        }, 
                        {
                            "disposition": "Apps. Approved But Not Accepted", 
                            "count": 145, 
                            "value": 36459
                        }, 
                        {
                            "disposition": "Aplications Denied", 
                            "count": 408, 
                            "value": 102018
                        }, 
                        {
                            "disposition": "Applications Withdrawn", 
                            "count": 375, 
                            "value": 90275
                        }, 
                        {
                            "disposition": "Files Closed For Incompleteness", 
                            "count": 70, 
                            "value": 16612
                        }
                    ]
                }
            ]
        }, 
        {
            "ethnicity": "Joint (Hispanic or Latino/Not Hispanic or Latino", 
            "dispositions": [
                {
                    "disposition": "Applications Received", 
                    "count": 434, 
                    "value": 102595
                }, 
                {
                    "disposition": "Loans Originated", 
                    "count": 0, 
                    "value": 81125
                }, 
                {
                    "disposition": "Apps. Approved But Not Accepted", 
                    "count": 0, 
                    "value": 2906
                }, 
                {
                    "disposition": "Aplications Denied", 
                    "count": 0, 
                    "value": 9836
                }, 
                {
                    "disposition": "Applications Withdrawn", 
                    "count": 0, 
                    "value": 8095
                }, 
                {
                    "disposition": "Files Closed For Incompleteness", 
                    "count": 0, 
                    "value": 1067
                }
            ], 
            "genders": [
                {
                    "gender": "Male", 
                    "dispositions": [
                        {
                            "disposition": "Applications Received", 
                            "count": 0, 
                            "value": 0
                        }, 
                        {
                            "disposition": "Loans Originated", 
                            "count": 9, 
                            "value": 1720
                        }, 
                        {
                            "disposition": "Apps. Approved But Not Accepted", 
                            "count": 0, 
                            "value": 0
                        }, 
                        {
                            "disposition": "Aplications Denied", 
                            "count": 2, 
                            "value": 676
                        }, 
                        {
                            "disposition": "Applications Withdrawn", 
                            "count": 2, 
                            "value": 253
                        }, 
                        {
                            "disposition": "Files Closed For Incompleteness", 
                            "count": 0, 
                            "value": 0
                        }
                    ]
                }, 
                {
                    "gender": "Female", 
                    "dispositions": [
                        {
                            "disposition": "Applications Received", 
                            "count": 0, 
                            "value": 0
                        }, 
                        {
                            "disposition": "Loans Originated", 
                            "count": 5, 
                            "value": 938
                        }, 
                        {
                            "disposition": "Apps. Approved But Not Accepted", 
                            "count": 1, 
                            "value": 118
                        }, 
                        {
                            "disposition": "Aplications Denied", 
                            "count": 1, 
                            "value": 248
                        }, 
                        {
                            "disposition": "Applications Withdrawn", 
                            "count": 1, 
                            "value": 88
                        }, 
                        {
                            "disposition": "Files Closed For Incompleteness", 
                            "count": 1, 
                            "value": 114
                        }
                    ]
                }, 
                {
                    "gender": "Joint (Male/Female)", 
                    "dispositions": [
                        {
                            "disposition": "Applications Received", 
                            "count": 0, 
                            "value": 0
                        }, 
                        {
                            "disposition": "Loans Originated", 
                            "count": 321, 
                            "value": 78132
                        }, 
                        {
                            "disposition": "Apps. Approved But Not Accepted", 
                            "count": 13, 
                            "value": 2774
                        }, 
                        {
                            "disposition": "Aplications Denied", 
                            "count": 40, 
                            "value": 8869
                        }, 
                        {
                            "disposition": "Applications Withdrawn", 
                            "count": 33, 
                            "value": 7718
                        }, 
                        {
                            "disposition": "Files Closed For Incompleteness", 
                            "count": 5, 
                            "value": 947
                        }
                    ]
                }
            ]
        }, 
        {
            "ethnicity": "Ethnicity Not Available", 
            "dispositions": [
                {
                    "disposition": "Applications Received", 
                    "count": 1728, 
                    "value": 374349
                }, 
                {
                    "disposition": "Loans Originated", 
                    "count": 0, 
                    "value": 247514
                }, 
                {
                    "disposition": "Apps. Approved But Not Accepted", 
                    "count": 0, 
                    "value": 27185
                }, 
                {
                    "disposition": "Aplications Denied", 
                    "count": 0, 
                    "value": 41143
                }, 
                {
                    "disposition": "Applications Withdrawn", 
                    "count": 0, 
                    "value": 54890
                }, 
                {
                    "disposition": "Files Closed For Incompleteness", 
                    "count": 0, 
                    "value": 5345
                }
            ], 
            "genders": [
                {
                    "gender": "Male", 
                    "dispositions": [
                        {
                            "disposition": "Applications Received", 
                            "count": 0, 
                            "value": 0
                        }, 
                        {
                            "disposition": "Loans Originated", 
                            "count": 180, 
                            "value": 40327
                        }, 
                        {
                            "disposition": "Apps. Approved But Not Accepted", 
                            "count": 11, 
                            "value": 1941
                        }, 
                        {
                            "disposition": "Aplications Denied", 
                            "count": 38, 
                            "value": 6679
                        }, 
                        {
                            "disposition": "Applications Withdrawn", 
                            "count": 43, 
                            "value": 7760
                        }, 
                        {
                            "disposition": "Files Closed For Incompleteness", 
                            "count": 6, 
                            "value": 970
                        }
                    ]
                }, 
                {
                    "gender": "Female", 
                    "dispositions": [
                        {
                            "disposition": "Applications Received", 
                            "count": 0, 
                            "value": 0
                        }, 
                        {
                            "disposition": "Loans Originated", 
                            "count": 151, 
                            "value": 30064
                        }, 
                        {
                            "disposition": "Apps. Approved But Not Accepted", 
                            "count": 5, 
                            "value": 781
                        }, 
                        {
                            "disposition": "Aplications Denied", 
                            "count": 27, 
                            "value": 4762
                        }, 
                        {
                            "disposition": "Applications Withdrawn", 
                            "count": 34, 
                            "value": 5992
                        }, 
                        {
                            "disposition": "Files Closed For Incompleteness", 
                            "count": 5, 
                            "value": 691
                        }
                    ]
                }, 
                {
                    "gender": "Joint (Male/Female)", 
                    "dispositions": [
                        {
                            "disposition": "Applications Received", 
                            "count": 0, 
                            "value": 0
                        }, 
                        {
                            "disposition": "Loans Originated", 
                            "count": 171, 
                            "value": 43165
                        }, 
                        {
                            "disposition": "Apps. Approved But Not Accepted", 
                            "count": 9, 
                            "value": 1887
                        }, 
                        {
                            "disposition": "Aplications Denied", 
                            "count": 17, 
                            "value": 3966
                        }, 
                        {
                            "disposition": "Applications Withdrawn", 
                            "count": 35, 
                            "value": 8329
                        }, 
                        {
                            "disposition": "Files Closed For Incompleteness", 
                            "count": 3, 
                            "value": 432
                        }
                    ]
                }
            ]
        }
    ], 
    "minoritystatuses": [
        {
            "minoritystatus": "White Non-Hispanic", 
            "dispositions": [
                {
                    "disposition": "Applications Received", 
                    "count": 14586, 
                    "value": 3181877
                }, 
                {
                    "disposition": "Loans Originated", 
                    "count": 10991, 
                    "value": 2427059
                }, 
                {
                    "disposition": "Apps. Approved But Not Accepted", 
                    "count": 494, 
                    "value": 110180
                }, 
                {
                    "disposition": "Aplications Denied", 
                    "count": 1317, 
                    "value": 280845
                }, 
                {
                    "disposition": "Applications Withdrawn", 
                    "count": 1534, 
                    "value": 312886
                }, 
                {
                    "disposition": "Files Closed For Incompleteness", 
                    "count": 250, 
                    "value": 50907
                }
            ], 
            "genders": [
                {
                    "gender": "Male", 
                    "dispositions": [
                        {
                            "disposition": "Applications Received", 
                            "count": 0, 
                            "value": 0
                        }, 
                        {
                            "disposition": "Loans Originated", 
                            "count": 3967, 
                            "value": 848035
                        }, 
                        {
                            "disposition": "Apps. Approved But Not Accepted", 
                            "count": 180, 
                            "value": 37614
                        }, 
                        {
                            "disposition": "Aplications Denied", 
                            "count": 523, 
                            "value": 106469
                        }, 
                        {
                            "disposition": "Applications Withdrawn", 
                            "count": 551, 
                            "value": 108933
                        }, 
                        {
                            "disposition": "Files Closed For Incompleteness", 
                            "count": 94, 
                            "value": 18864
                        }
                    ]
                }, 
                {
                    "gender": "Female", 
                    "dispositions": [
                        {
                            "disposition": "Applications Received", 
                            "count": 0, 
                            "value": 0
                        }, 
                        {
                            "disposition": "Loans Originated", 
                            "count": 2987, 
                            "value": 587255
                        }, 
                        {
                            "disposition": "Apps. Approved But Not Accepted", 
                            "count": 104, 
                            "value": 17761
                        }, 
                        {
                            "disposition": "Aplications Denied", 
                            "count": 320, 
                            "value": 57457
                        }, 
                        {
                            "disposition": "Applications Withdrawn", 
                            "count": 464, 
                            "value": 84194
                        }, 
                        {
                            "disposition": "Files Closed For Incompleteness", 
                            "count": 70, 
                            "value": 12456
                        }
                    ]
                }, 
                {
                    "gender": "Joint (Male/Female)", 
                    "dispositions": [
                        {
                            "disposition": "Applications Received", 
                            "count": 0, 
                            "value": 0
                        }, 
                        {
                            "disposition": "Loans Originated", 
                            "count": 3395, 
                            "value": 855597
                        }, 
                        {
                            "disposition": "Apps. Approved But Not Accepted", 
                            "count": 138, 
                            "value": 34286
                        }, 
                        {
                            "disposition": "Aplications Denied", 
                            "count": 358, 
                            "value": 91186
                        }, 
                        {
                            "disposition": "Applications Withdrawn", 
                            "count": 365, 
                            "value": 88236
                        }, 
                        {
                            "disposition": "Files Closed For Incompleteness", 
                            "count": 69, 
                            "value": 16366
                        }
                    ]
                }
            ]
        }, 
        {
            "minoritystatus": "Others, Including Hispanic", 
            "dispositions": [
                {
                    "disposition": "Applications Received", 
                    "count": 4853, 
                    "value": 887666
                }, 
                {
                    "disposition": "Loans Originated", 
                    "count": 3377, 
                    "value": 628237
                }, 
                {
                    "disposition": "Apps. Approved But Not Accepted", 
                    "count": 177, 
                    "value": 32291
                }, 
                {
                    "disposition": "Aplications Denied", 
                    "count": 651, 
                    "value": 113925
                }, 
                {
                    "disposition": "Applications Withdrawn", 
                    "count": 525, 
                    "value": 93961
                }, 
                {
                    "disposition": "Files Closed For Incompleteness", 
                    "count": 123, 
                    "value": 19252
                }
            ], 
            "genders": [
                {
                    "gender": "Male", 
                    "dispositions": [
                        {
                            "disposition": "Applications Received", 
                            "count": 0, 
                            "value": 0
                        }, 
                        {
                            "disposition": "Loans Originated", 
                            "count": 1361, 
                            "value": 238544
                        }, 
                        {
                            "disposition": "Apps. Approved But Not Accepted", 
                            "count": 80, 
                            "value": 13499
                        }, 
                        {
                            "disposition": "Aplications Denied", 
                            "count": 293, 
                            "value": 49579
                        }, 
                        {
                            "disposition": "Applications Withdrawn", 
                            "count": 235, 
                            "value": 38895
                        }, 
                        {
                            "disposition": "Files Closed For Incompleteness", 
                            "count": 59, 
                            "value": 9349
                        }
                    ]
                }, 
                {
                    "gender": "Female", 
                    "dispositions": [
                        {
                            "disposition": "Applications Received", 
                            "count": 0, 
                            "value": 0
                        }, 
                        {
                            "disposition": "Loans Originated", 
                            "count": 1050, 
                            "value": 173238
                        }, 
                        {
                            "disposition": "Apps. Approved But Not Accepted", 
                            "count": 47, 
                            "value": 7317
                        }, 
                        {
                            "disposition": "Aplications Denied", 
                            "count": 185, 
                            "value": 29426
                        }, 
                        {
                            "disposition": "Applications Withdrawn", 
                            "count": 158, 
                            "value": 25799
                        }, 
                        {
                            "disposition": "Files Closed For Incompleteness", 
                            "count": 43, 
                            "value": 6192
                        }
                    ]
                }, 
                {
                    "gender": "Joint (Male/Female)", 
                    "dispositions": [
                        {
                            "disposition": "Applications Received", 
                            "count": 0, 
                            "value": 0
                        }, 
                        {
                            "disposition": "Loans Originated", 
                            "count": 958, 
                            "value": 214886
                        }, 
                        {
                            "disposition": "Apps. Approved But Not Accepted", 
                            "count": 43, 
                            "value": 9310
                        }, 
                        {
                            "disposition": "Aplications Denied", 
                            "count": 171, 
                            "value": 34582
                        }, 
                        {
                            "disposition": "Applications Withdrawn", 
                            "count": 126, 
                            "value": 27545
                        }, 
                        {
                            "disposition": "Files Closed For Incompleteness", 
                            "count": 21, 
                            "value": 3711
                        }
                    ]
                }
            ]
        }
    ], 
    "incomes": [
        {
            "incomes": "Less than 50% of MSA/MD median", 
            "dispositions": [
                {
                    "disposition": "Applications Received", 
                    "count": 3872, 
                    "value": 508123
                }, 
                {
                    "disposition": "Loans Originated", 
                    "count": 2620, 
                    "value": 344055
                }, 
                {
                    "disposition": "Apps. Approved But Not Accepted", 
                    "count": 148, 
                    "value": 19243
                }, 
                {
                    "disposition": "Aplications Denied", 
                    "count": 527, 
                    "value": 70603
                }, 
                {
                    "disposition": "Applications Withdrawn", 
                    "count": 470, 
                    "value": 59861
                }, 
                {
                    "disposition": "Files Closed For Incompleteness", 
                    "count": 107, 
                    "value": 14361
                }
            ]
        }, 
        {
            "incomes": "50-79% of MSA/MD median", 
            "dispositions": [
                {
                    "disposition": "Applications Received", 
                    "count": 6583, 
                    "value": 1209598
                }, 
                {
                    "disposition": "Loans Originated", 
                    "count": 4903, 
                    "value": 902385
                }, 
                {
                    "disposition": "Apps. Approved But Not Accepted", 
                    "count": 197, 
                    "value": 35371
                }, 
                {
                    "disposition": "Aplications Denied", 
                    "count": 643, 
                    "value": 121901
                }, 
                {
                    "disposition": "Applications Withdrawn", 
                    "count": 702, 
                    "value": 126560
                }, 
                {
                    "disposition": "Files Closed For Incompleteness", 
                    "count": 138, 
                    "value": 23381
                }
            ]
        }, 
        {
            "incomes": "80-99% of MSA/MD median", 
            "dispositions": [
                {
                    "disposition": "Applications Received", 
                    "count": 3094, 
                    "value": 698273
                }, 
                {
                    "disposition": "Loans Originated", 
                    "count": 2350, 
                    "value": 535016
                }, 
                {
                    "disposition": "Apps. Approved But Not Accepted", 
                    "count": 90, 
                    "value": 20436
                }, 
                {
                    "disposition": "Aplications Denied", 
                    "count": 292, 
                    "value": 65404
                }, 
                {
                    "disposition": "Applications Withdrawn", 
                    "count": 316, 
                    "value": 67307
                }, 
                {
                    "disposition": "Files Closed For Incompleteness", 
                    "count": 46, 
                    "value": 10110
                }
            ]
        }, 
        {
            "incomes": "100-119% of MSA/MD median", 
            "dispositions": [
                {
                    "disposition": "Applications Received", 
                    "count": 2084, 
                    "value": 531937
                }, 
                {
                    "disposition": "Loans Originated", 
                    "count": 1611, 
                    "value": 410337
                }, 
                {
                    "disposition": "Apps. Approved But Not Accepted", 
                    "count": 92, 
                    "value": 23111
                }, 
                {
                    "disposition": "Aplications Denied", 
                    "count": 178, 
                    "value": 46124
                }, 
                {
                    "disposition": "Applications Withdrawn", 
                    "count": 176, 
                    "value": 46271
                }, 
                {
                    "disposition": "Files Closed For Incompleteness", 
                    "count": 27, 
                    "value": 6094
                }
            ]
        }, 
        {
            "incomes": "120% or more of MSA/MD median", 
            "dispositions": [
                {
                    "disposition": "Applications Received", 
                    "count": 3602, 
                    "value": 1083084
                }, 
                {
                    "disposition": "Loans Originated", 
                    "count": 2777, 
                    "value": 843025
                }, 
                {
                    "disposition": "Apps. Approved But Not Accepted", 
                    "count": 135, 
                    "value": 42659
                }, 
                {
                    "disposition": "Aplications Denied", 
                    "count": 291, 
                    "value": 84271
                }, 
                {
                    "disposition": "Applications Withdrawn", 
                    "count": 352, 
                    "value": 98917
                }, 
                {
                    "disposition": "Files Closed For Incompleteness", 
                    "count": 47, 
                    "value": 14212
                }
            ]
        }, 
        {
            "incomes": "income not available", 
            "dispositions": [
                {
                    "disposition": "Applications Received", 
                    "count": 201, 
                    "value": 37846
                }, 
                {
                    "disposition": "Loans Originated", 
                    "count": 105, 
                    "value": 20081
                }, 
                {
                    "disposition": "Apps. Approved But Not Accepted", 
                    "count": 9, 
                    "value": 1651
                }, 
                {
                    "disposition": "Aplications Denied", 
                    "count": 36, 
                    "value": 6182
                }, 
                {
                    "disposition": "Applications Withdrawn", 
                    "count": 43, 
                    "value": 7931
                }, 
                {
                    "disposition": "Files Closed For Incompleteness", 
                    "count": 8, 
                    "value": 2001
                }
            ]
        }
    ], 
    "total": [
        {
            "disposition": "Applications Received", 
            "count": 0, 
            "value": 0
        }, 
        {
            "disposition": "Loans Originated", 
            "count": 14368, 
            "value": 3055296
        }, 
        {
            "disposition": "Apps. Approved But Not Accepted", 
            "count": 671, 
            "value": 142471
        }, 
        {
            "disposition": "Aplications Denied", 
            "count": 1968, 
            "value": 394770
        }, 
        {
            "disposition": "Applications Withdrawn", 
            "count": 2059, 
            "value": 406847
        }, 
        {
            "disposition": "Files Closed For Incompleteness", 
            "count": 373, 
            "value": 70159
        }
    ]
}