{
    "table": "4-2", 
    "type": "Aggregate", 
    "desc": "Disposition of applications for conventional home-purchase loans 1- to 4-family and manufactured home dwellings, by race, ethnicity, gender and income of applicant", 
    "year": "2013", 
    "msa": {
        "id": "12540", 
        "name": "Bakersfield-Delano", 
        "state": "CA", 
        "state_name": "California"
    }, 
    "races": [
        {
            "race": "American Indian/Alaska Native", 
            "dispositions": [
                {
                    "disposition": "Applications Received", 
                    "count": 27, 
                    "value": 3707
                }, 
                {
                    "disposition": "Loans Originated", 
                    "count": 20, 
                    "value": 2634
                }, 
                {
                    "disposition": "Apps. Approved But Not Accepted", 
                    "count": 3, 
                    "value": 436
                }, 
                {
                    "disposition": "Aplications Denied", 
                    "count": 4, 
                    "value": 637
                }, 
                {
                    "disposition": "Applications Withdrawn", 
                    "count": 0, 
                    "value": 0
                }, 
                {
                    "disposition": "Files Closed For Incompleteness", 
                    "count": 0, 
                    "value": 0
                }
            ], 
            "genders": [
                {
                    "gender": "Male", 
                    "dispositions": [
                        {
                            "disposition": "Applications Received", 
                            "count": 13, 
                            "value": 1403
                        }, 
                        {
                            "disposition": "Loans Originated", 
                            "count": 12, 
                            "value": 1275
                        }, 
                        {
                            "disposition": "Apps. Approved But Not Accepted", 
                            "count": 0, 
                            "value": 0
                        }, 
                        {
                            "disposition": "Aplications Denied", 
                            "count": 1, 
                            "value": 128
                        }, 
                        {
                            "disposition": "Applications Withdrawn", 
                            "count": 0, 
                            "value": 0
                        }, 
                        {
                            "disposition": "Files Closed For Incompleteness", 
                            "count": 0, 
                            "value": 0
                        }
                    ]
                }, 
                {
                    "gender": "Female", 
                    "dispositions": [
                        {
                            "disposition": "Applications Received", 
                            "count": 8, 
                            "value": 905
                        }, 
                        {
                            "disposition": "Loans Originated", 
                            "count": 5, 
                            "value": 802
                        }, 
                        {
                            "disposition": "Apps. Approved But Not Accepted", 
                            "count": 2, 
                            "value": 76
                        }, 
                        {
                            "disposition": "Aplications Denied", 
                            "count": 1, 
                            "value": 27
                        }, 
                        {
                            "disposition": "Applications Withdrawn", 
                            "count": 0, 
                            "value": 0
                        }, 
                        {
                            "disposition": "Files Closed For Incompleteness", 
                            "count": 0, 
                            "value": 0
                        }
                    ]
                }, 
                {
                    "gender": "Joint (Male/Female)", 
                    "dispositions": [
                        {
                            "disposition": "Applications Received", 
                            "count": 6, 
                            "value": 1399
                        }, 
                        {
                            "disposition": "Loans Originated", 
                            "count": 3, 
                            "value": 557
                        }, 
                        {
                            "disposition": "Apps. Approved But Not Accepted", 
                            "count": 1, 
                            "value": 360
                        }, 
                        {
                            "disposition": "Aplications Denied", 
                            "count": 2, 
                            "value": 482
                        }, 
                        {
                            "disposition": "Applications Withdrawn", 
                            "count": 0, 
                            "value": 0
                        }, 
                        {
                            "disposition": "Files Closed For Incompleteness", 
                            "count": 0, 
                            "value": 0
                        }
                    ]
                }
            ]
        }, 
        {
            "race": "Asian", 
            "dispositions": [
                {
                    "disposition": "Applications Received", 
                    "count": 32, 
                    "value": 5123
                }, 
                {
                    "disposition": "Loans Originated", 
                    "count": 21, 
                    "value": 3651
                }, 
                {
                    "disposition": "Apps. Approved But Not Accepted", 
                    "count": 2, 
                    "value": 151
                }, 
                {
                    "disposition": "Aplications Denied", 
                    "count": 4, 
                    "value": 477
                }, 
                {
                    "disposition": "Applications Withdrawn", 
                    "count": 4, 
                    "value": 502
                }, 
                {
                    "disposition": "Files Closed For Incompleteness", 
                    "count": 1, 
                    "value": 342
                }
            ], 
            "genders": [
                {
                    "gender": "Male", 
                    "dispositions": [
                        {
                            "disposition": "Applications Received", 
                            "count": 14, 
                            "value": 2009
                        }, 
                        {
                            "disposition": "Loans Originated", 
                            "count": 7, 
                            "value": 1425
                        }, 
                        {
                            "disposition": "Apps. Approved But Not Accepted", 
                            "count": 1, 
                            "value": 41
                        }, 
                        {
                            "disposition": "Aplications Denied", 
                            "count": 3, 
                            "value": 419
                        }, 
                        {
                            "disposition": "Applications Withdrawn", 
                            "count": 3, 
                            "value": 124
                        }, 
                        {
                            "disposition": "Files Closed For Incompleteness", 
                            "count": 0, 
                            "value": 0
                        }
                    ]
                }, 
                {
                    "gender": "Female", 
                    "dispositions": [
                        {
                            "disposition": "Applications Received", 
                            "count": 8, 
                            "value": 1346
                        }, 
                        {
                            "disposition": "Loans Originated", 
                            "count": 5, 
                            "value": 800
                        }, 
                        {
                            "disposition": "Apps. Approved But Not Accepted", 
                            "count": 1, 
                            "value": 110
                        }, 
                        {
                            "disposition": "Aplications Denied", 
                            "count": 1, 
                            "value": 58
                        }, 
                        {
                            "disposition": "Applications Withdrawn", 
                            "count": 1, 
                            "value": 378
                        }, 
                        {
                            "disposition": "Files Closed For Incompleteness", 
                            "count": 0, 
                            "value": 0
                        }
                    ]
                }, 
                {
                    "gender": "Joint (Male/Female)", 
                    "dispositions": [
                        {
                            "disposition": "Applications Received", 
                            "count": 9, 
                            "value": 1431
                        }, 
                        {
                            "disposition": "Loans Originated", 
                            "count": 8, 
                            "value": 1089
                        }, 
                        {
                            "disposition": "Apps. Approved But Not Accepted", 
                            "count": 0, 
                            "value": 0
                        }, 
                        {
                            "disposition": "Aplications Denied", 
                            "count": 0, 
                            "value": 0
                        }, 
                        {
                            "disposition": "Applications Withdrawn", 
                            "count": 0, 
                            "value": 0
                        }, 
                        {
                            "disposition": "Files Closed For Incompleteness", 
                            "count": 1, 
                            "value": 342
                        }
                    ]
                }
            ]
        }, 
        {
            "race": "Black or African American", 
            "dispositions": [
                {
                    "disposition": "Applications Received", 
                    "count": 458, 
                    "value": 95072
                }, 
                {
                    "disposition": "Loans Originated", 
                    "count": 337, 
                    "value": 70309
                }, 
                {
                    "disposition": "Apps. Approved But Not Accepted", 
                    "count": 20, 
                    "value": 3871
                }, 
                {
                    "disposition": "Aplications Denied", 
                    "count": 52, 
                    "value": 10046
                }, 
                {
                    "disposition": "Applications Withdrawn", 
                    "count": 40, 
                    "value": 9167
                }, 
                {
                    "disposition": "Files Closed For Incompleteness", 
                    "count": 9, 
                    "value": 1679
                }
            ], 
            "genders": [
                {
                    "gender": "Male", 
                    "dispositions": [
                        {
                            "disposition": "Applications Received", 
                            "count": 174, 
                            "value": 35226
                        }, 
                        {
                            "disposition": "Loans Originated", 
                            "count": 131, 
                            "value": 27850
                        }, 
                        {
                            "disposition": "Apps. Approved But Not Accepted", 
                            "count": 8, 
                            "value": 1037
                        }, 
                        {
                            "disposition": "Aplications Denied", 
                            "count": 18, 
                            "value": 3089
                        }, 
                        {
                            "disposition": "Applications Withdrawn", 
                            "count": 15, 
                            "value": 2948
                        }, 
                        {
                            "disposition": "Files Closed For Incompleteness", 
                            "count": 2, 
                            "value": 302
                        }
                    ]
                }, 
                {
                    "gender": "Female", 
                    "dispositions": [
                        {
                            "disposition": "Applications Received", 
                            "count": 118, 
                            "value": 21206
                        }, 
                        {
                            "disposition": "Loans Originated", 
                            "count": 84, 
                            "value": 15692
                        }, 
                        {
                            "disposition": "Apps. Approved But Not Accepted", 
                            "count": 5, 
                            "value": 885
                        }, 
                        {
                            "disposition": "Aplications Denied", 
                            "count": 18, 
                            "value": 2281
                        }, 
                        {
                            "disposition": "Applications Withdrawn", 
                            "count": 7, 
                            "value": 1592
                        }, 
                        {
                            "disposition": "Files Closed For Incompleteness", 
                            "count": 4, 
                            "value": 756
                        }
                    ]
                }, 
                {
                    "gender": "Joint (Male/Female)", 
                    "dispositions": [
                        {
                            "disposition": "Applications Received", 
                            "count": 166, 
                            "value": 38640
                        }, 
                        {
                            "disposition": "Loans Originated", 
                            "count": 122, 
                            "value": 26767
                        }, 
                        {
                            "disposition": "Apps. Approved But Not Accepted", 
                            "count": 7, 
                            "value": 1949
                        }, 
                        {
                            "disposition": "Aplications Denied", 
                            "count": 16, 
                            "value": 4676
                        }, 
                        {
                            "disposition": "Applications Withdrawn", 
                            "count": 18, 
                            "value": 4627
                        }, 
                        {
                            "disposition": "Files Closed For Incompleteness", 
                            "count": 3, 
                            "value": 621
                        }
                    ]
                }
            ]
        }, 
        {
            "race": "Native Hawaiian or Other Pacific Islander", 
            "dispositions": [
                {
                    "disposition": "Applications Received", 
                    "count": 77, 
                    "value": 9856
                }, 
                {
                    "disposition": "Loans Originated", 
                    "count": 36, 
                    "value": 5754
                }, 
                {
                    "disposition": "Apps. Approved But Not Accepted", 
                    "count": 3, 
                    "value": 98
                }, 
                {
                    "disposition": "Aplications Denied", 
                    "count": 18, 
                    "value": 2328
                }, 
                {
                    "disposition": "Applications Withdrawn", 
                    "count": 17, 
                    "value": 1141
                }, 
                {
                    "disposition": "Files Closed For Incompleteness", 
                    "count": 3, 
                    "value": 535
                }
            ], 
            "genders": [
                {
                    "gender": "Male", 
                    "dispositions": [
                        {
                            "disposition": "Applications Received", 
                            "count": 38, 
                            "value": 4873
                        }, 
                        {
                            "disposition": "Loans Originated", 
                            "count": 17, 
                            "value": 2687
                        }, 
                        {
                            "disposition": "Apps. Approved But Not Accepted", 
                            "count": 2, 
                            "value": 32
                        }, 
                        {
                            "disposition": "Aplications Denied", 
                            "count": 11, 
                            "value": 1727
                        }, 
                        {
                            "disposition": "Applications Withdrawn", 
                            "count": 6, 
                            "value": 239
                        }, 
                        {
                            "disposition": "Files Closed For Incompleteness", 
                            "count": 2, 
                            "value": 188
                        }
                    ]
                }, 
                {
                    "gender": "Female", 
                    "dispositions": [
                        {
                            "disposition": "Applications Received", 
                            "count": 21, 
                            "value": 2429
                        }, 
                        {
                            "disposition": "Loans Originated", 
                            "count": 11, 
                            "value": 1830
                        }, 
                        {
                            "disposition": "Apps. Approved But Not Accepted", 
                            "count": 0, 
                            "value": 0
                        }, 
                        {
                            "disposition": "Aplications Denied", 
                            "count": 2, 
                            "value": 7
                        }, 
                        {
                            "disposition": "Applications Withdrawn", 
                            "count": 8, 
                            "value": 592
                        }, 
                        {
                            "disposition": "Files Closed For Incompleteness", 
                            "count": 0, 
                            "value": 0
                        }
                    ]
                }, 
                {
                    "gender": "Joint (Male/Female)", 
                    "dispositions": [
                        {
                            "disposition": "Applications Received", 
                            "count": 18, 
                            "value": 2554
                        }, 
                        {
                            "disposition": "Loans Originated", 
                            "count": 8, 
                            "value": 1237
                        }, 
                        {
                            "disposition": "Apps. Approved But Not Accepted", 
                            "count": 1, 
                            "value": 66
                        }, 
                        {
                            "disposition": "Aplications Denied", 
                            "count": 5, 
                            "value": 594
                        }, 
                        {
                            "disposition": "Applications Withdrawn", 
                            "count": 3, 
                            "value": 310
                        }, 
                        {
                            "disposition": "Files Closed For Incompleteness", 
                            "count": 1, 
                            "value": 347
                        }
                    ]
                }
            ]
        }, 
        {
            "race": "White", 
            "dispositions": [
                {
                    "disposition": "Applications Received", 
                    "count": 28, 
                    "value": 4181
                }, 
                {
                    "disposition": "Loans Originated", 
                    "count": 16, 
                    "value": 2614
                }, 
                {
                    "disposition": "Apps. Approved But Not Accepted", 
                    "count": 2, 
                    "value": 269
                }, 
                {
                    "disposition": "Aplications Denied", 
                    "count": 6, 
                    "value": 553
                }, 
                {
                    "disposition": "Applications Withdrawn", 
                    "count": 3, 
                    "value": 598
                }, 
                {
                    "disposition": "Files Closed For Incompleteness", 
                    "count": 1, 
                    "value": 147
                }
            ], 
            "genders": [
                {
                    "gender": "Male", 
                    "dispositions": [
                        {
                            "disposition": "Applications Received", 
                            "count": 15, 
                            "value": 2478
                        }, 
                        {
                            "disposition": "Loans Originated", 
                            "count": 7, 
                            "value": 1282
                        }, 
                        {
                            "disposition": "Apps. Approved But Not Accepted", 
                            "count": 2, 
                            "value": 269
                        }, 
                        {
                            "disposition": "Aplications Denied", 
                            "count": 4, 
                            "value": 436
                        }, 
                        {
                            "disposition": "Applications Withdrawn", 
                            "count": 1, 
                            "value": 344
                        }, 
                        {
                            "disposition": "Files Closed For Incompleteness", 
                            "count": 1, 
                            "value": 147
                        }
                    ]
                }, 
                {
                    "gender": "Female", 
                    "dispositions": [
                        {
                            "disposition": "Applications Received", 
                            "count": 9, 
                            "value": 1329
                        }, 
                        {
                            "disposition": "Loans Originated", 
                            "count": 7, 
                            "value": 1075
                        }, 
                        {
                            "disposition": "Apps. Approved But Not Accepted", 
                            "count": 0, 
                            "value": 0
                        }, 
                        {
                            "disposition": "Aplications Denied", 
                            "count": 0, 
                            "value": 0
                        }, 
                        {
                            "disposition": "Applications Withdrawn", 
                            "count": 2, 
                            "value": 254
                        }, 
                        {
                            "disposition": "Files Closed For Incompleteness", 
                            "count": 0, 
                            "value": 0
                        }
                    ]
                }, 
                {
                    "gender": "Joint (Male/Female)", 
                    "dispositions": [
                        {
                            "disposition": "Applications Received", 
                            "count": 4, 
                            "value": 374
                        }, 
                        {
                            "disposition": "Loans Originated", 
                            "count": 2, 
                            "value": 257
                        }, 
                        {
                            "disposition": "Apps. Approved But Not Accepted", 
                            "count": 0, 
                            "value": 0
                        }, 
                        {
                            "disposition": "Aplications Denied", 
                            "count": 2, 
                            "value": 117
                        }, 
                        {
                            "disposition": "Applications Withdrawn", 
                            "count": 0, 
                            "value": 0
                        }, 
                        {
                            "disposition": "Files Closed For Incompleteness", 
                            "count": 0, 
                            "value": 0
                        }
                    ]
                }
            ]
        }, 
        {
            "race": "2 or more minority races", 
            "dispositions": [
                {
                    "disposition": "Applications Received", 
                    "count": 4101, 
                    "value": 690938
                }, 
                {
                    "disposition": "Loans Originated", 
                    "count": 2904, 
                    "value": 511794
                }, 
                {
                    "disposition": "Apps. Approved But Not Accepted", 
                    "count": 225, 
                    "value": 32609
                }, 
                {
                    "disposition": "Aplications Denied", 
                    "count": 410, 
                    "value": 57768
                }, 
                {
                    "disposition": "Applications Withdrawn", 
                    "count": 496, 
                    "value": 76581
                }, 
                {
                    "disposition": "Files Closed For Incompleteness", 
                    "count": 66, 
                    "value": 12186
                }
            ], 
            "genders": [
                {
                    "gender": "Male", 
                    "dispositions": [
                        {
                            "disposition": "Applications Received", 
                            "count": 1689, 
                            "value": 257257
                        }, 
                        {
                            "disposition": "Loans Originated", 
                            "count": 1146, 
                            "value": 181133
                        }, 
                        {
                            "disposition": "Apps. Approved But Not Accepted", 
                            "count": 89, 
                            "value": 12847
                        }, 
                        {
                            "disposition": "Aplications Denied", 
                            "count": 193, 
                            "value": 26045
                        }, 
                        {
                            "disposition": "Applications Withdrawn", 
                            "count": 239, 
                            "value": 33504
                        }, 
                        {
                            "disposition": "Files Closed For Incompleteness", 
                            "count": 22, 
                            "value": 3728
                        }
                    ]
                }, 
                {
                    "gender": "Female", 
                    "dispositions": [
                        {
                            "disposition": "Applications Received", 
                            "count": 786, 
                            "value": 111906
                        }, 
                        {
                            "disposition": "Loans Originated", 
                            "count": 549, 
                            "value": 83615
                        }, 
                        {
                            "disposition": "Apps. Approved But Not Accepted", 
                            "count": 48, 
                            "value": 5837
                        }, 
                        {
                            "disposition": "Aplications Denied", 
                            "count": 86, 
                            "value": 8826
                        }, 
                        {
                            "disposition": "Applications Withdrawn", 
                            "count": 86, 
                            "value": 10731
                        }, 
                        {
                            "disposition": "Files Closed For Incompleteness", 
                            "count": 17, 
                            "value": 2897
                        }
                    ]
                }, 
                {
                    "gender": "Joint (Male/Female)", 
                    "dispositions": [
                        {
                            "disposition": "Applications Received", 
                            "count": 1618, 
                            "value": 320643
                        }, 
                        {
                            "disposition": "Loans Originated", 
                            "count": 1204, 
                            "value": 246178
                        }, 
                        {
                            "disposition": "Apps. Approved But Not Accepted", 
                            "count": 88, 
                            "value": 13925
                        }, 
                        {
                            "disposition": "Aplications Denied", 
                            "count": 131, 
                            "value": 22897
                        }, 
                        {
                            "disposition": "Applications Withdrawn", 
                            "count": 170, 
                            "value": 32342
                        }, 
                        {
                            "disposition": "Files Closed For Incompleteness", 
                            "count": 25, 
                            "value": 5301
                        }
                    ]
                }
            ]
        }, 
        {
            "race": "Joint (White/Minority Race", 
            "dispositions": [
                {
                    "disposition": "Applications Received", 
                    "count": 67, 
                    "value": 14625
                }, 
                {
                    "disposition": "Loans Originated", 
                    "count": 43, 
                    "value": 9271
                }, 
                {
                    "disposition": "Apps. Approved But Not Accepted", 
                    "count": 3, 
                    "value": 1307
                }, 
                {
                    "disposition": "Aplications Denied", 
                    "count": 9, 
                    "value": 1889
                }, 
                {
                    "disposition": "Applications Withdrawn", 
                    "count": 11, 
                    "value": 2078
                }, 
                {
                    "disposition": "Files Closed For Incompleteness", 
                    "count": 1, 
                    "value": 80
                }
            ], 
            "genders": [
                {
                    "gender": "Male", 
                    "dispositions": [
                        {
                            "disposition": "Applications Received", 
                            "count": 1, 
                            "value": 112
                        }, 
                        {
                            "disposition": "Loans Originated", 
                            "count": 1, 
                            "value": 112
                        }, 
                        {
                            "disposition": "Apps. Approved But Not Accepted", 
                            "count": 0, 
                            "value": 0
                        }, 
                        {
                            "disposition": "Aplications Denied", 
                            "count": 0, 
                            "value": 0
                        }, 
                        {
                            "disposition": "Applications Withdrawn", 
                            "count": 0, 
                            "value": 0
                        }, 
                        {
                            "disposition": "Files Closed For Incompleteness", 
                            "count": 0, 
                            "value": 0
                        }
                    ]
                }, 
                {
                    "gender": "Female", 
                    "dispositions": [
                        {
                            "disposition": "Applications Received", 
                            "count": 1, 
                            "value": 33
                        }, 
                        {
                            "disposition": "Loans Originated", 
                            "count": 0, 
                            "value": 0
                        }, 
                        {
                            "disposition": "Apps. Approved But Not Accepted", 
                            "count": 0, 
                            "value": 0
                        }, 
                        {
                            "disposition": "Aplications Denied", 
                            "count": 1, 
                            "value": 33
                        }, 
                        {
                            "disposition": "Applications Withdrawn", 
                            "count": 0, 
                            "value": 0
                        }, 
                        {
                            "disposition": "Files Closed For Incompleteness", 
                            "count": 0, 
                            "value": 0
                        }
                    ]
                }, 
                {
                    "gender": "Joint (Male/Female)", 
                    "dispositions": [
                        {
                            "disposition": "Applications Received", 
                            "count": 65, 
                            "value": 14480
                        }, 
                        {
                            "disposition": "Loans Originated", 
                            "count": 42, 
                            "value": 9159
                        }, 
                        {
                            "disposition": "Apps. Approved But Not Accepted", 
                            "count": 3, 
                            "value": 1307
                        }, 
                        {
                            "disposition": "Aplications Denied", 
                            "count": 8, 
                            "value": 1856
                        }, 
                        {
                            "disposition": "Applications Withdrawn", 
                            "count": 11, 
                            "value": 2078
                        }, 
                        {
                            "disposition": "Files Closed For Incompleteness", 
                            "count": 1, 
                            "value": 80
                        }
                    ]
                }
            ]
        }, 
        {
            "race": "Not Available", 
            "dispositions": [
                {
                    "disposition": "Applications Received", 
                    "count": 438, 
                    "value": 69717
                }, 
                {
                    "disposition": "Loans Originated", 
                    "count": 250, 
                    "value": 45168
                }, 
                {
                    "disposition": "Apps. Approved But Not Accepted", 
                    "count": 35, 
                    "value": 4383
                }, 
                {
                    "disposition": "Aplications Denied", 
                    "count": 84, 
                    "value": 10203
                }, 
                {
                    "disposition": "Applications Withdrawn", 
                    "count": 51, 
                    "value": 7466
                }, 
                {
                    "disposition": "Files Closed For Incompleteness", 
                    "count": 18, 
                    "value": 2497
                }
            ], 
            "genders": [
                {
                    "gender": "Male", 
                    "dispositions": [
                        {
                            "disposition": "Applications Received", 
                            "count": 82, 
                            "value": 10910
                        }, 
                        {
                            "disposition": "Loans Originated", 
                            "count": 39, 
                            "value": 5697
                        }, 
                        {
                            "disposition": "Apps. Approved But Not Accepted", 
                            "count": 14, 
                            "value": 2288
                        }, 
                        {
                            "disposition": "Aplications Denied", 
                            "count": 18, 
                            "value": 1797
                        }, 
                        {
                            "disposition": "Applications Withdrawn", 
                            "count": 8, 
                            "value": 807
                        }, 
                        {
                            "disposition": "Files Closed For Incompleteness", 
                            "count": 3, 
                            "value": 321
                        }
                    ]
                }, 
                {
                    "gender": "Female", 
                    "dispositions": [
                        {
                            "disposition": "Applications Received", 
                            "count": 55, 
                            "value": 6000
                        }, 
                        {
                            "disposition": "Loans Originated", 
                            "count": 25, 
                            "value": 3296
                        }, 
                        {
                            "disposition": "Apps. Approved But Not Accepted", 
                            "count": 4, 
                            "value": 362
                        }, 
                        {
                            "disposition": "Aplications Denied", 
                            "count": 12, 
                            "value": 1309
                        }, 
                        {
                            "disposition": "Applications Withdrawn", 
                            "count": 13, 
                            "value": 993
                        }, 
                        {
                            "disposition": "Files Closed For Incompleteness", 
                            "count": 1, 
                            "value": 40
                        }
                    ]
                }, 
                {
                    "gender": "Joint (Male/Female)", 
                    "dispositions": [
                        {
                            "disposition": "Applications Received", 
                            "count": 79, 
                            "value": 14140
                        }, 
                        {
                            "disposition": "Loans Originated", 
                            "count": 48, 
                            "value": 9132
                        }, 
                        {
                            "disposition": "Apps. Approved But Not Accepted", 
                            "count": 6, 
                            "value": 685
                        }, 
                        {
                            "disposition": "Aplications Denied", 
                            "count": 11, 
                            "value": 1616
                        }, 
                        {
                            "disposition": "Applications Withdrawn", 
                            "count": 8, 
                            "value": 1633
                        }, 
                        {
                            "disposition": "Files Closed For Incompleteness", 
                            "count": 6, 
                            "value": 1074
                        }
                    ]
                }
            ]
        }
    ], 
    "ethnicities": [
        {
            "ethnicity": "Hispanic or Latino", 
            "dispositions": [
                {
                    "disposition": "Applications Received", 
                    "count": 1244, 
                    "value": 153225
                }, 
                {
                    "disposition": "Loans Originated", 
                    "count": 774, 
                    "value": 101034
                }, 
                {
                    "disposition": "Apps. Approved But Not Accepted", 
                    "count": 63, 
                    "value": 5624
                }, 
                {
                    "disposition": "Aplications Denied", 
                    "count": 188, 
                    "value": 20532
                }, 
                {
                    "disposition": "Applications Withdrawn", 
                    "count": 197, 
                    "value": 21812
                }, 
                {
                    "disposition": "Files Closed For Incompleteness", 
                    "count": 22, 
                    "value": 4223
                }
            ], 
            "genders": [
                {
                    "gender": "Male", 
                    "dispositions": [
                        {
                            "disposition": "Applications Received", 
                            "count": 621, 
                            "value": 621
                        }, 
                        {
                            "disposition": "Loans Originated", 
                            "count": 387, 
                            "value": 44930
                        }, 
                        {
                            "disposition": "Apps. Approved But Not Accepted", 
                            "count": 27, 
                            "value": 2550
                        }, 
                        {
                            "disposition": "Aplications Denied", 
                            "count": 91, 
                            "value": 9774
                        }, 
                        {
                            "disposition": "Applications Withdrawn", 
                            "count": 110, 
                            "value": 11820
                        }, 
                        {
                            "disposition": "Files Closed For Incompleteness", 
                            "count": 6, 
                            "value": 843
                        }
                    ]
                }, 
                {
                    "gender": "Female", 
                    "dispositions": [
                        {
                            "disposition": "Applications Received", 
                            "count": 267, 
                            "value": 267
                        }, 
                        {
                            "disposition": "Loans Originated", 
                            "count": 160, 
                            "value": 21715
                        }, 
                        {
                            "disposition": "Apps. Approved But Not Accepted", 
                            "count": 17, 
                            "value": 1393
                        }, 
                        {
                            "disposition": "Aplications Denied", 
                            "count": 51, 
                            "value": 5100
                        }, 
                        {
                            "disposition": "Applications Withdrawn", 
                            "count": 35, 
                            "value": 3685
                        }, 
                        {
                            "disposition": "Files Closed For Incompleteness", 
                            "count": 4, 
                            "value": 776
                        }
                    ]
                }, 
                {
                    "gender": "Joint (Male/Female)", 
                    "dispositions": [
                        {
                            "disposition": "Applications Received", 
                            "count": 351, 
                            "value": 351
                        }, 
                        {
                            "disposition": "Loans Originated", 
                            "count": 224, 
                            "value": 33856
                        }, 
                        {
                            "disposition": "Apps. Approved But Not Accepted", 
                            "count": 19, 
                            "value": 1681
                        }, 
                        {
                            "disposition": "Aplications Denied", 
                            "count": 46, 
                            "value": 5658
                        }, 
                        {
                            "disposition": "Applications Withdrawn", 
                            "count": 51, 
                            "value": 6303
                        }, 
                        {
                            "disposition": "Files Closed For Incompleteness", 
                            "count": 11, 
                            "value": 2400
                        }
                    ]
                }
            ]
        }, 
        {
            "ethnicity": "Not Hispanic or Latino", 
            "dispositions": [
                {
                    "disposition": "Applications Received", 
                    "count": 3491, 
                    "value": 653142
                }, 
                {
                    "disposition": "Loans Originated", 
                    "count": 2537, 
                    "value": 490865
                }, 
                {
                    "disposition": "Apps. Approved But Not Accepted", 
                    "count": 206, 
                    "value": 34043
                }, 
                {
                    "disposition": "Aplications Denied", 
                    "count": 318, 
                    "value": 51849
                }, 
                {
                    "disposition": "Applications Withdrawn", 
                    "count": 368, 
                    "value": 65099
                }, 
                {
                    "disposition": "Files Closed For Incompleteness", 
                    "count": 62, 
                    "value": 11286
                }
            ], 
            "genders": [
                {
                    "gender": "Male", 
                    "dispositions": [
                        {
                            "disposition": "Applications Received", 
                            "count": 1345, 
                            "value": 1345
                        }, 
                        {
                            "disposition": "Loans Originated", 
                            "count": 941, 
                            "value": 172277
                        }, 
                        {
                            "disposition": "Apps. Approved But Not Accepted", 
                            "count": 83, 
                            "value": 12396
                        }, 
                        {
                            "disposition": "Aplications Denied", 
                            "count": 144, 
                            "value": 22134
                        }, 
                        {
                            "disposition": "Applications Withdrawn", 
                            "count": 155, 
                            "value": 24760
                        }, 
                        {
                            "disposition": "Files Closed For Incompleteness", 
                            "count": 22, 
                            "value": 3602
                        }
                    ]
                }, 
                {
                    "gender": "Female", 
                    "dispositions": [
                        {
                            "disposition": "Applications Received", 
                            "count": 702, 
                            "value": 702
                        }, 
                        {
                            "disposition": "Loans Originated", 
                            "count": 504, 
                            "value": 82421
                        }, 
                        {
                            "disposition": "Apps. Approved But Not Accepted", 
                            "count": 42, 
                            "value": 5692
                        }, 
                        {
                            "disposition": "Aplications Denied", 
                            "count": 63, 
                            "value": 7062
                        }, 
                        {
                            "disposition": "Applications Withdrawn", 
                            "count": 76, 
                            "value": 9939
                        }, 
                        {
                            "disposition": "Files Closed For Incompleteness", 
                            "count": 17, 
                            "value": 2877
                        }
                    ]
                }, 
                {
                    "gender": "Joint (Male/Female)", 
                    "dispositions": [
                        {
                            "disposition": "Applications Received", 
                            "count": 1439, 
                            "value": 1439
                        }, 
                        {
                            "disposition": "Loans Originated", 
                            "count": 1087, 
                            "value": 235248
                        }, 
                        {
                            "disposition": "Apps. Approved But Not Accepted", 
                            "count": 81, 
                            "value": 15955
                        }, 
                        {
                            "disposition": "Aplications Denied", 
                            "count": 111, 
                            "value": 22653
                        }, 
                        {
                            "disposition": "Applications Withdrawn", 
                            "count": 137, 
                            "value": 30400
                        }, 
                        {
                            "disposition": "Files Closed For Incompleteness", 
                            "count": 23, 
                            "value": 4807
                        }
                    ]
                }
            ]
        }, 
        {
            "ethnicity": "Joint (Hispanic or Latino/Not Hispanic or Latino", 
            "dispositions": [
                {
                    "disposition": "Applications Received", 
                    "count": 114, 
                    "value": 22707
                }, 
                {
                    "disposition": "Loans Originated", 
                    "count": 83, 
                    "value": 16289
                }, 
                {
                    "disposition": "Apps. Approved But Not Accepted", 
                    "count": 3, 
                    "value": 347
                }, 
                {
                    "disposition": "Aplications Denied", 
                    "count": 12, 
                    "value": 3182
                }, 
                {
                    "disposition": "Applications Withdrawn", 
                    "count": 14, 
                    "value": 2651
                }, 
                {
                    "disposition": "Files Closed For Incompleteness", 
                    "count": 2, 
                    "value": 238
                }
            ], 
            "genders": [
                {
                    "gender": "Male", 
                    "dispositions": [
                        {
                            "disposition": "Applications Received", 
                            "count": 2, 
                            "value": 2
                        }, 
                        {
                            "disposition": "Loans Originated", 
                            "count": 2, 
                            "value": 84
                        }, 
                        {
                            "disposition": "Apps. Approved But Not Accepted", 
                            "count": 0, 
                            "value": 0
                        }, 
                        {
                            "disposition": "Aplications Denied", 
                            "count": 0, 
                            "value": 0
                        }, 
                        {
                            "disposition": "Applications Withdrawn", 
                            "count": 0, 
                            "value": 0
                        }, 
                        {
                            "disposition": "Files Closed For Incompleteness", 
                            "count": 0, 
                            "value": 0
                        }
                    ]
                }, 
                {
                    "gender": "Female", 
                    "dispositions": [
                        {
                            "disposition": "Applications Received", 
                            "count": 2, 
                            "value": 2
                        }, 
                        {
                            "disposition": "Loans Originated", 
                            "count": 2, 
                            "value": 338
                        }, 
                        {
                            "disposition": "Apps. Approved But Not Accepted", 
                            "count": 0, 
                            "value": 0
                        }, 
                        {
                            "disposition": "Aplications Denied", 
                            "count": 0, 
                            "value": 0
                        }, 
                        {
                            "disposition": "Applications Withdrawn", 
                            "count": 0, 
                            "value": 0
                        }, 
                        {
                            "disposition": "Files Closed For Incompleteness", 
                            "count": 0, 
                            "value": 0
                        }
                    ]
                }, 
                {
                    "gender": "Joint (Male/Female)", 
                    "dispositions": [
                        {
                            "disposition": "Applications Received", 
                            "count": 110, 
                            "value": 110
                        }, 
                        {
                            "disposition": "Loans Originated", 
                            "count": 79, 
                            "value": 15867
                        }, 
                        {
                            "disposition": "Apps. Approved But Not Accepted", 
                            "count": 3, 
                            "value": 347
                        }, 
                        {
                            "disposition": "Aplications Denied", 
                            "count": 12, 
                            "value": 3182
                        }, 
                        {
                            "disposition": "Applications Withdrawn", 
                            "count": 14, 
                            "value": 2651
                        }, 
                        {
                            "disposition": "Files Closed For Incompleteness", 
                            "count": 2, 
                            "value": 238
                        }
                    ]
                }
            ]
        }, 
        {
            "ethnicity": "Ethnicity Not Available", 
            "dispositions": [
                {
                    "disposition": "Applications Received", 
                    "count": 379, 
                    "value": 64145
                }, 
                {
                    "disposition": "Loans Originated", 
                    "count": 233, 
                    "value": 43007
                }, 
                {
                    "disposition": "Apps. Approved But Not Accepted", 
                    "count": 21, 
                    "value": 3110
                }, 
                {
                    "disposition": "Aplications Denied", 
                    "count": 69, 
                    "value": 8338
                }, 
                {
                    "disposition": "Applications Withdrawn", 
                    "count": 43, 
                    "value": 7971
                }, 
                {
                    "disposition": "Files Closed For Incompleteness", 
                    "count": 13, 
                    "value": 1719
                }
            ], 
            "genders": [
                {
                    "gender": "Male", 
                    "dispositions": [
                        {
                            "disposition": "Applications Received", 
                            "count": 58, 
                            "value": 58
                        }, 
                        {
                            "disposition": "Loans Originated", 
                            "count": 30, 
                            "value": 4170
                        }, 
                        {
                            "disposition": "Apps. Approved But Not Accepted", 
                            "count": 6, 
                            "value": 1568
                        }, 
                        {
                            "disposition": "Aplications Denied", 
                            "count": 13, 
                            "value": 1733
                        }, 
                        {
                            "disposition": "Applications Withdrawn", 
                            "count": 7, 
                            "value": 1386
                        }, 
                        {
                            "disposition": "Files Closed For Incompleteness", 
                            "count": 2, 
                            "value": 241
                        }
                    ]
                }, 
                {
                    "gender": "Female", 
                    "dispositions": [
                        {
                            "disposition": "Applications Received", 
                            "count": 35, 
                            "value": 35
                        }, 
                        {
                            "disposition": "Loans Originated", 
                            "count": 20, 
                            "value": 2636
                        }, 
                        {
                            "disposition": "Apps. Approved But Not Accepted", 
                            "count": 1, 
                            "value": 185
                        }, 
                        {
                            "disposition": "Aplications Denied", 
                            "count": 7, 
                            "value": 379
                        }, 
                        {
                            "disposition": "Applications Withdrawn", 
                            "count": 6, 
                            "value": 916
                        }, 
                        {
                            "disposition": "Files Closed For Incompleteness", 
                            "count": 1, 
                            "value": 40
                        }
                    ]
                }, 
                {
                    "gender": "Joint (Male/Female)", 
                    "dispositions": [
                        {
                            "disposition": "Applications Received", 
                            "count": 65, 
                            "value": 65
                        }, 
                        {
                            "disposition": "Loans Originated", 
                            "count": 47, 
                            "value": 9405
                        }, 
                        {
                            "disposition": "Apps. Approved But Not Accepted", 
                            "count": 3, 
                            "value": 309
                        }, 
                        {
                            "disposition": "Aplications Denied", 
                            "count": 6, 
                            "value": 745
                        }, 
                        {
                            "disposition": "Applications Withdrawn", 
                            "count": 8, 
                            "value": 1636
                        }, 
                        {
                            "disposition": "Files Closed For Incompleteness", 
                            "count": 1, 
                            "value": 320
                        }
                    ]
                }
            ]
        }
    ], 
    "minoritystatuses": [
        {
            "minoritystatus": "White Non-Hispanic", 
            "dispositions": [
                {
                    "disposition": "Applications Received", 
                    "count": 3222, 
                    "value": 589369
                }, 
                {
                    "disposition": "Loans Originated", 
                    "count": 2326, 
                    "value": 443234
                }, 
                {
                    "disposition": "Apps. Approved But Not Accepted", 
                    "count": 196, 
                    "value": 31097
                }, 
                {
                    "disposition": "Aplications Denied", 
                    "count": 301, 
                    "value": 45298
                }, 
                {
                    "disposition": "Applications Withdrawn", 
                    "count": 341, 
                    "value": 59807
                }, 
                {
                    "disposition": "Files Closed For Incompleteness", 
                    "count": 58, 
                    "value": 9933
                }
            ], 
            "genders": [
                {
                    "gender": "Male", 
                    "dispositions": [
                        {
                            "disposition": "Applications Received", 
                            "count": 200957, 
                            "value": 0
                        }, 
                        {
                            "disposition": "Loans Originated", 
                            "count": 807, 
                            "value": 143090
                        }, 
                        {
                            "disposition": "Apps. Approved But Not Accepted", 
                            "count": 76, 
                            "value": 12585
                        }, 
                        {
                            "disposition": "Aplications Denied", 
                            "count": 124, 
                            "value": 18462
                        }, 
                        {
                            "disposition": "Applications Withdrawn", 
                            "count": 140, 
                            "value": 22615
                        }, 
                        {
                            "disposition": "Files Closed For Incompleteness", 
                            "count": 18, 
                            "value": 3040
                        }
                    ]
                }, 
                {
                    "gender": "Female", 
                    "dispositions": [
                        {
                            "disposition": "Applications Received", 
                            "count": 86129, 
                            "value": 0
                        }, 
                        {
                            "disposition": "Loans Originated", 
                            "count": 416, 
                            "value": 65620
                        }, 
                        {
                            "disposition": "Apps. Approved But Not Accepted", 
                            "count": 37, 
                            "value": 4882
                        }, 
                        {
                            "disposition": "Aplications Denied", 
                            "count": 48, 
                            "value": 5093
                        }, 
                        {
                            "disposition": "Applications Withdrawn", 
                            "count": 63, 
                            "value": 7795
                        }, 
                        {
                            "disposition": "Files Closed For Incompleteness", 
                            "count": 14, 
                            "value": 2161
                        }
                    ]
                }, 
                {
                    "gender": "Joint (Male/Female)", 
                    "dispositions": [
                        {
                            "disposition": "Applications Received", 
                            "count": 266222, 
                            "value": 0
                        }, 
                        {
                            "disposition": "Loans Originated", 
                            "count": 963, 
                            "value": 207146
                        }, 
                        {
                            "disposition": "Apps. Approved But Not Accepted", 
                            "count": 72, 
                            "value": 12582
                        }, 
                        {
                            "disposition": "Aplications Denied", 
                            "count": 86, 
                            "value": 16262
                        }, 
                        {
                            "disposition": "Applications Withdrawn", 
                            "count": 116, 
                            "value": 25364
                        }, 
                        {
                            "disposition": "Files Closed For Incompleteness", 
                            "count": 17, 
                            "value": 3614
                        }
                    ]
                }
            ]
        }, 
        {
            "minoritystatus": "Others, Including Hispanic", 
            "dispositions": [
                {
                    "disposition": "Applications Received", 
                    "count": 2006, 
                    "value": 303850
                }, 
                {
                    "disposition": "Loans Originated", 
                    "count": 1301, 
                    "value": 207961
                }, 
                {
                    "disposition": "Apps. Approved But Not Accepted", 
                    "count": 97, 
                    "value": 12027
                }, 
                {
                    "disposition": "Aplications Denied", 
                    "count": 286, 
                    "value": 38603
                }, 
                {
                    "disposition": "Applications Withdrawn", 
                    "count": 281, 
                    "value": 37726
                }, 
                {
                    "disposition": "Files Closed For Incompleteness", 
                    "count": 41, 
                    "value": 7533
                }
            ], 
            "genders": [
                {
                    "gender": "Male", 
                    "dispositions": [
                        {
                            "disposition": "Applications Received", 
                            "count": 115337, 
                            "value": 0
                        }, 
                        {
                            "disposition": "Loans Originated", 
                            "count": 553, 
                            "value": 78371
                        }, 
                        {
                            "disposition": "Apps. Approved But Not Accepted", 
                            "count": 40, 
                            "value": 3929
                        }, 
                        {
                            "disposition": "Aplications Denied", 
                            "count": 124, 
                            "value": 15179
                        }, 
                        {
                            "disposition": "Applications Withdrawn", 
                            "count": 132, 
                            "value": 15351
                        }, 
                        {
                            "disposition": "Files Closed For Incompleteness", 
                            "count": 12, 
                            "value": 1646
                        }
                    ]
                }, 
                {
                    "gender": "Female", 
                    "dispositions": [
                        {
                            "disposition": "Applications Received", 
                            "count": 60031, 
                            "value": 0
                        }, 
                        {
                            "disposition": "Loans Originated", 
                            "count": 270, 
                            "value": 41490
                        }, 
                        {
                            "disposition": "Apps. Approved But Not Accepted", 
                            "count": 23, 
                            "value": 2388
                        }, 
                        {
                            "disposition": "Aplications Denied", 
                            "count": 73, 
                            "value": 7448
                        }, 
                        {
                            "disposition": "Applications Withdrawn", 
                            "count": 54, 
                            "value": 6745
                        }, 
                        {
                            "disposition": "Files Closed For Incompleteness", 
                            "count": 8, 
                            "value": 1532
                        }
                    ]
                }, 
                {
                    "gender": "Joint (Male/Female)", 
                    "dispositions": [
                        {
                            "disposition": "Applications Received", 
                            "count": 129404, 
                            "value": 0
                        }, 
                        {
                            "disposition": "Loans Originated", 
                            "count": 474, 
                            "value": 87230
                        }, 
                        {
                            "disposition": "Apps. Approved But Not Accepted", 
                            "count": 34, 
                            "value": 5710
                        }, 
                        {
                            "disposition": "Aplications Denied", 
                            "count": 89, 
                            "value": 15976
                        }, 
                        {
                            "disposition": "Applications Withdrawn", 
                            "count": 94, 
                            "value": 15626
                        }, 
                        {
                            "disposition": "Files Closed For Incompleteness", 
                            "count": 20, 
                            "value": 4151
                        }
                    ]
                }
            ]
        }
    ], 
    "incomes": [
        {
            "incomes": "Less than 50% of MSA/MD median", 
            "dispositions": [
                {
                    "disposition": "Applications Received", 
                    "count": 279, 
                    "value": 20287
                }, 
                {
                    "disposition": "Loans Originated", 
                    "count": 124, 
                    "value": 9154
                }, 
                {
                    "disposition": "Apps. Approved But Not Accepted", 
                    "count": 25, 
                    "value": 1450
                }, 
                {
                    "disposition": "Aplications Denied", 
                    "count": 81, 
                    "value": 6533
                }, 
                {
                    "disposition": "Applications Withdrawn", 
                    "count": 44, 
                    "value": 2434
                }, 
                {
                    "disposition": "Files Closed For Incompleteness", 
                    "count": 5, 
                    "value": 716
                }
            ]
        }, 
        {
            "incomes": "50-79% of MSA/MD median", 
            "dispositions": [
                {
                    "disposition": "Applications Received", 
                    "count": 688, 
                    "value": 61506
                }, 
                {
                    "disposition": "Loans Originated", 
                    "count": 437, 
                    "value": 42308
                }, 
                {
                    "disposition": "Apps. Approved But Not Accepted", 
                    "count": 45, 
                    "value": 3268
                }, 
                {
                    "disposition": "Aplications Denied", 
                    "count": 84, 
                    "value": 7436
                }, 
                {
                    "disposition": "Applications Withdrawn", 
                    "count": 109, 
                    "value": 7391
                }, 
                {
                    "disposition": "Files Closed For Incompleteness", 
                    "count": 13, 
                    "value": 1103
                }
            ]
        }, 
        {
            "incomes": "80-99% of MSA/MD median", 
            "dispositions": [
                {
                    "disposition": "Applications Received", 
                    "count": 499, 
                    "value": 59967
                }, 
                {
                    "disposition": "Loans Originated", 
                    "count": 333, 
                    "value": 41892
                }, 
                {
                    "disposition": "Apps. Approved But Not Accepted", 
                    "count": 33, 
                    "value": 2996
                }, 
                {
                    "disposition": "Aplications Denied", 
                    "count": 68, 
                    "value": 7885
                }, 
                {
                    "disposition": "Applications Withdrawn", 
                    "count": 60, 
                    "value": 6507
                }, 
                {
                    "disposition": "Files Closed For Incompleteness", 
                    "count": 5, 
                    "value": 687
                }
            ]
        }, 
        {
            "incomes": "100-119% of MSA/MD median", 
            "dispositions": [
                {
                    "disposition": "Applications Received", 
                    "count": 537, 
                    "value": 75872
                }, 
                {
                    "disposition": "Loans Originated", 
                    "count": 371, 
                    "value": 54419
                }, 
                {
                    "disposition": "Apps. Approved But Not Accepted", 
                    "count": 32, 
                    "value": 3872
                }, 
                {
                    "disposition": "Aplications Denied", 
                    "count": 64, 
                    "value": 9087
                }, 
                {
                    "disposition": "Applications Withdrawn", 
                    "count": 64, 
                    "value": 7662
                }, 
                {
                    "disposition": "Files Closed For Incompleteness", 
                    "count": 6, 
                    "value": 832
                }
            ]
        }, 
        {
            "incomes": "120% or more of MSA/MD median", 
            "dispositions": [
                {
                    "disposition": "Applications Received", 
                    "count": 3161, 
                    "value": 664620
                }, 
                {
                    "disposition": "Loans Originated", 
                    "count": 2321, 
                    "value": 495356
                }, 
                {
                    "disposition": "Apps. Approved But Not Accepted", 
                    "count": 155, 
                    "value": 30984
                }, 
                {
                    "disposition": "Aplications Denied", 
                    "count": 280, 
                    "value": 51876
                }, 
                {
                    "disposition": "Applications Withdrawn", 
                    "count": 336, 
                    "value": 72321
                }, 
                {
                    "disposition": "Files Closed For Incompleteness", 
                    "count": 69, 
                    "value": 14083
                }
            ]
        }, 
        {
            "incomes": "income not available", 
            "dispositions": [
                {
                    "disposition": "Applications Received", 
                    "count": 64, 
                    "value": 10967
                }, 
                {
                    "disposition": "Loans Originated", 
                    "count": 41, 
                    "value": 8066
                }, 
                {
                    "disposition": "Apps. Approved But Not Accepted", 
                    "count": 3, 
                    "value": 554
                }, 
                {
                    "disposition": "Aplications Denied", 
                    "count": 10, 
                    "value": 1084
                }, 
                {
                    "disposition": "Applications Withdrawn", 
                    "count": 9, 
                    "value": 1218
                }, 
                {
                    "disposition": "Files Closed For Incompleteness", 
                    "count": 1, 
                    "value": 45
                }
            ]
        }
    ], 
    "total": [
        {
            "disposition": "Applications Received", 
            "count": 0, 
            "value": 0
        }, 
        {
            "disposition": "Loans Originated", 
            "count": 3627, 
            "value": 651195
        }, 
        {
            "disposition": "Apps. Approved But Not Accepted", 
            "count": 293, 
            "value": 43124
        }, 
        {
            "disposition": "Aplications Denied", 
            "count": 587, 
            "value": 83901
        }, 
        {
            "disposition": "Applications Withdrawn", 
            "count": 622, 
            "value": 97533
        }, 
        {
            "disposition": "Files Closed For Incompleteness", 
            "count": 99, 
            "value": 17466
        }
    ]
}