{
    "table": "3-1", 
    "type": "Aggregate", 
    "desc": "Loans sold, by characteristics of borrower and census tract in which property is located and by type of purchaser (includes originations and purchased loans)", 
    "year": "2013", 
    "msa": {
        "id": "49740", 
        "name": "Yuma", 
        "state": "AZ", 
        "state_name": "Arizona"
    }, 
    "borrowercharacteristics": [
        {
            "characteristic": "Race", 
            "races": [
                {
                    "race": "American Indian/Alaska Native", 
                    "purchasers": [
                        {
                            "name": "Fannie Mae", 
                            "count": 4, 
                            "value": 447.0
                        }, 
                        {
                            "name": "Ginnie Mae", 
                            "count": 4, 
                            "value": 797.0
                        }, 
                        {
                            "name": "Freddie Mac", 
                            "count": 1, 
                            "value": 110.0
                        }, 
                        {
                            "name": "Farmer Mac", 
                            "count": 0, 
                            "value": 0
                        }, 
                        {
                            "name": "Private Securitization", 
                            "count": 0, 
                            "value": 0
                        }, 
                        {
                            "name": "Commercial bank, savings bank or association", 
                            "count": 3, 
                            "value": 578.0
                        }, 
                        {
                            "name": "Life insurance co., credit union, finance co.", 
                            "count": 0, 
                            "value": 0
                        }, 
                        {
                            "name": "Affiliate institution", 
                            "count": 1, 
                            "value": 146.0
                        }, 
                        {
                            "name": "Other", 
                            "count": 10, 
                            "value": 1430.0
                        }
                    ]
                }, 
                {
                    "race": "Asian", 
                    "purchasers": [
                        {
                            "name": "Fannie Mae", 
                            "count": 10, 
                            "value": 1125.0
                        }, 
                        {
                            "name": "Ginnie Mae", 
                            "count": 25, 
                            "value": 3306.0
                        }, 
                        {
                            "name": "Freddie Mac", 
                            "count": 4, 
                            "value": 678.0
                        }, 
                        {
                            "name": "Farmer Mac", 
                            "count": 0, 
                            "value": 0
                        }, 
                        {
                            "name": "Private Securitization", 
                            "count": 0, 
                            "value": 0
                        }, 
                        {
                            "name": "Commercial bank, savings bank or association", 
                            "count": 2, 
                            "value": 515.0
                        }, 
                        {
                            "name": "Life insurance co., credit union, finance co.", 
                            "count": 1, 
                            "value": 86.0
                        }, 
                        {
                            "name": "Affiliate institution", 
                            "count": 0, 
                            "value": 0
                        }, 
                        {
                            "name": "Other", 
                            "count": 29, 
                            "value": 2496.0
                        }
                    ]
                }, 
                {
                    "race": "Black or African American", 
                    "purchasers": [
                        {
                            "name": "Fannie Mae", 
                            "count": 30, 
                            "value": 4028.0
                        }, 
                        {
                            "name": "Ginnie Mae", 
                            "count": 13, 
                            "value": 2634.0
                        }, 
                        {
                            "name": "Freddie Mac", 
                            "count": 12, 
                            "value": 1630.0
                        }, 
                        {
                            "name": "Farmer Mac", 
                            "count": 0, 
                            "value": 0
                        }, 
                        {
                            "name": "Private Securitization", 
                            "count": 0, 
                            "value": 0
                        }, 
                        {
                            "name": "Commercial bank, savings bank or association", 
                            "count": 7, 
                            "value": 1234.0
                        }, 
                        {
                            "name": "Life insurance co., credit union, finance co.", 
                            "count": 4, 
                            "value": 539.0
                        }, 
                        {
                            "name": "Affiliate institution", 
                            "count": 1, 
                            "value": 220.0
                        }, 
                        {
                            "name": "Other", 
                            "count": 48, 
                            "value": 7201.0
                        }
                    ]
                }, 
                {
                    "race": "Native Hawaiian or Other Pacific Islander", 
                    "purchasers": [
                        {
                            "name": "Fannie Mae", 
                            "count": 14, 
                            "value": 2281.0
                        }, 
                        {
                            "name": "Ginnie Mae", 
                            "count": 20, 
                            "value": 3679.0
                        }, 
                        {
                            "name": "Freddie Mac", 
                            "count": 4, 
                            "value": 637.0
                        }, 
                        {
                            "name": "Farmer Mac", 
                            "count": 0, 
                            "value": 0
                        }, 
                        {
                            "name": "Private Securitization", 
                            "count": 0, 
                            "value": 0
                        }, 
                        {
                            "name": "Commercial bank, savings bank or association", 
                            "count": 2, 
                            "value": 378.0
                        }, 
                        {
                            "name": "Life insurance co., credit union, finance co.", 
                            "count": 3, 
                            "value": 480.0
                        }, 
                        {
                            "name": "Affiliate institution", 
                            "count": 0, 
                            "value": 0
                        }, 
                        {
                            "name": "Other", 
                            "count": 30, 
                            "value": 4424.0
                        }
                    ]
                }, 
                {
                    "race": "White", 
                    "purchasers": [
                        {
                            "name": "Fannie Mae", 
                            "count": 0, 
                            "value": 0
                        }, 
                        {
                            "name": "Ginnie Mae", 
                            "count": 6, 
                            "value": 631.0
                        }, 
                        {
                            "name": "Freddie Mac", 
                            "count": 2, 
                            "value": 574.0
                        }, 
                        {
                            "name": "Farmer Mac", 
                            "count": 0, 
                            "value": 0
                        }, 
                        {
                            "name": "Private Securitization", 
                            "count": 0, 
                            "value": 0
                        }, 
                        {
                            "name": "Commercial bank, savings bank or association", 
                            "count": 0, 
                            "value": 0
                        }, 
                        {
                            "name": "Life insurance co., credit union, finance co.", 
                            "count": 0, 
                            "value": 0
                        }, 
                        {
                            "name": "Affiliate institution", 
                            "count": 0, 
                            "value": 0
                        }, 
                        {
                            "name": "Other", 
                            "count": 18, 
                            "value": 1750.0
                        }
                    ]
                }, 
                {
                    "race": "2 or more minority races", 
                    "purchasers": [
                        {
                            "name": "Fannie Mae", 
                            "count": 1008, 
                            "value": 136341.0
                        }, 
                        {
                            "name": "Ginnie Mae", 
                            "count": 1435, 
                            "value": 210648.0
                        }, 
                        {
                            "name": "Freddie Mac", 
                            "count": 561, 
                            "value": 77643.0
                        }, 
                        {
                            "name": "Farmer Mac", 
                            "count": 0, 
                            "value": 0
                        }, 
                        {
                            "name": "Private Securitization", 
                            "count": 3, 
                            "value": 382.0
                        }, 
                        {
                            "name": "Commercial bank, savings bank or association", 
                            "count": 321, 
                            "value": 44826.0
                        }, 
                        {
                            "name": "Life insurance co., credit union, finance co.", 
                            "count": 699, 
                            "value": 96880.0
                        }, 
                        {
                            "name": "Affiliate institution", 
                            "count": 73, 
                            "value": 10102.0
                        }, 
                        {
                            "name": "Other", 
                            "count": 2387, 
                            "value": 306859.0
                        }
                    ]
                }, 
                {
                    "race": "Joint (White/Minority Race", 
                    "purchasers": [
                        {
                            "name": "Fannie Mae", 
                            "count": 18, 
                            "value": 2744.0
                        }, 
                        {
                            "name": "Ginnie Mae", 
                            "count": 36, 
                            "value": 6249.0
                        }, 
                        {
                            "name": "Freddie Mac", 
                            "count": 8, 
                            "value": 1201.0
                        }, 
                        {
                            "name": "Farmer Mac", 
                            "count": 0, 
                            "value": 0
                        }, 
                        {
                            "name": "Private Securitization", 
                            "count": 0, 
                            "value": 0
                        }, 
                        {
                            "name": "Commercial bank, savings bank or association", 
                            "count": 2, 
                            "value": 467.0
                        }, 
                        {
                            "name": "Life insurance co., credit union, finance co.", 
                            "count": 6, 
                            "value": 1051.0
                        }, 
                        {
                            "name": "Affiliate institution", 
                            "count": 3, 
                            "value": 490.0
                        }, 
                        {
                            "name": "Other", 
                            "count": 44, 
                            "value": 6892.0
                        }
                    ]
                }, 
                {
                    "race": "Not Available", 
                    "purchasers": [
                        {
                            "name": "Fannie Mae", 
                            "count": 205, 
                            "value": 27764.0
                        }, 
                        {
                            "name": "Ginnie Mae", 
                            "count": 322, 
                            "value": 138140.0
                        }, 
                        {
                            "name": "Freddie Mac", 
                            "count": 113, 
                            "value": 16342.0
                        }, 
                        {
                            "name": "Farmer Mac", 
                            "count": 0, 
                            "value": 0
                        }, 
                        {
                            "name": "Private Securitization", 
                            "count": 0, 
                            "value": 0
                        }, 
                        {
                            "name": "Commercial bank, savings bank or association", 
                            "count": 17, 
                            "value": 3320.0
                        }, 
                        {
                            "name": "Life insurance co., credit union, finance co.", 
                            "count": 38, 
                            "value": 6258.0
                        }, 
                        {
                            "name": "Affiliate institution", 
                            "count": 11, 
                            "value": 852.0
                        }, 
                        {
                            "name": "Other", 
                            "count": 711, 
                            "value": 106648.0
                        }
                    ]
                }
            ]
        }, 
        {
            "characteristic": "Ethnicity", 
            "ethnicities": [
                {
                    "ethnicity": "Hispanic or Latino", 
                    "purchasers": [
                        {
                            "name": "Fannie Mae", 
                            "count": 385, 
                            "value": 45023
                        }, 
                        {
                            "name": "Ginnie Mae", 
                            "count": 726, 
                            "value": 93475
                        }, 
                        {
                            "name": "Freddie Mac", 
                            "count": 213, 
                            "value": 25924
                        }, 
                        {
                            "name": "Farmer Mac", 
                            "count": 0, 
                            "value": 0
                        }, 
                        {
                            "name": "Private Securitization", 
                            "count": 0, 
                            "value": 0
                        }, 
                        {
                            "name": "Commercial bank, savings bank or association", 
                            "count": 217, 
                            "value": 26219
                        }, 
                        {
                            "name": "Life insurance co., credit union, finance co.", 
                            "count": 375, 
                            "value": 46522
                        }, 
                        {
                            "name": "Affiliate institution", 
                            "count": 14, 
                            "value": 1768
                        }, 
                        {
                            "name": "Other", 
                            "count": 1206, 
                            "value": 130863
                        }
                    ]
                }, 
                {
                    "ethnicity": "Not Hispanic or Latino", 
                    "purchasers": [
                        {
                            "name": "Fannie Mae", 
                            "count": 682, 
                            "value": 99011
                        }, 
                        {
                            "name": "Ginnie Mae", 
                            "count": 745, 
                            "value": 122344
                        }, 
                        {
                            "name": "Freddie Mac", 
                            "count": 357, 
                            "value": 52365
                        }, 
                        {
                            "name": "Farmer Mac", 
                            "count": 0, 
                            "value": 0
                        }, 
                        {
                            "name": "Private Securitization", 
                            "count": 3, 
                            "value": 382
                        }, 
                        {
                            "name": "Commercial bank, savings bank or association", 
                            "count": 111, 
                            "value": 20351
                        }, 
                        {
                            "name": "Life insurance co., credit union, finance co.", 
                            "count": 318, 
                            "value": 49113
                        }, 
                        {
                            "name": "Affiliate institution", 
                            "count": 59, 
                            "value": 8193
                        }, 
                        {
                            "name": "Other", 
                            "count": 1374, 
                            "value": 199945
                        }
                    ]
                }, 
                {
                    "ethnicity": "Joint (Hispanic or Latino/Not Hispanic or Latino", 
                    "purchasers": [
                        {
                            "name": "Fannie Mae", 
                            "count": 62, 
                            "value": 8884
                        }, 
                        {
                            "name": "Ginnie Mae", 
                            "count": 82, 
                            "value": 14281
                        }, 
                        {
                            "name": "Freddie Mac", 
                            "count": 43, 
                            "value": 7424
                        }, 
                        {
                            "name": "Farmer Mac", 
                            "count": 0, 
                            "value": 0
                        }, 
                        {
                            "name": "Private Securitization", 
                            "count": 0, 
                            "value": 0
                        }, 
                        {
                            "name": "Commercial bank, savings bank or association", 
                            "count": 11, 
                            "value": 1738
                        }, 
                        {
                            "name": "Life insurance co., credit union, finance co.", 
                            "count": 24, 
                            "value": 4167
                        }, 
                        {
                            "name": "Affiliate institution", 
                            "count": 10, 
                            "value": 1353
                        }, 
                        {
                            "name": "Other", 
                            "count": 119, 
                            "value": 17432
                        }
                    ]
                }, 
                {
                    "ethnicity": "Ethnicity Not Available", 
                    "purchasers": [
                        {
                            "name": "Fannie Mae", 
                            "count": 160, 
                            "value": 21812
                        }, 
                        {
                            "name": "Ginnie Mae", 
                            "count": 308, 
                            "value": 135984
                        }, 
                        {
                            "name": "Freddie Mac", 
                            "count": 92, 
                            "value": 13102
                        }, 
                        {
                            "name": "Farmer Mac", 
                            "count": 0, 
                            "value": 0
                        }, 
                        {
                            "name": "Private Securitization", 
                            "count": 0, 
                            "value": 0
                        }, 
                        {
                            "name": "Commercial bank, savings bank or association", 
                            "count": 15, 
                            "value": 3010
                        }, 
                        {
                            "name": "Life insurance co., credit union, finance co.", 
                            "count": 34, 
                            "value": 5492
                        }, 
                        {
                            "name": "Affiliate institution", 
                            "count": 6, 
                            "value": 496
                        }, 
                        {
                            "name": "Other", 
                            "count": 578, 
                            "value": 89460
                        }
                    ]
                }
            ]
        }, 
        {
            "characteristic": "Minority Status", 
            "minoritystatuses": [
                {
                    "minoritystatus": "White Non-Hispanic", 
                    "purchasers": [
                        {
                            "name": "Fannie Mae", 
                            "count": 778, 
                            "value": 111633
                        }, 
                        {
                            "name": "Ginnie Mae", 
                            "count": 967, 
                            "value": 243945
                        }, 
                        {
                            "name": "Freddie Mac", 
                            "count": 427, 
                            "value": 62282
                        }, 
                        {
                            "name": "Farmer Mac", 
                            "count": 0, 
                            "value": 0
                        }, 
                        {
                            "name": "Private Securitization", 
                            "count": 3, 
                            "value": 382
                        }, 
                        {
                            "name": "Commercial bank, savings bank or association", 
                            "count": 110, 
                            "value": 20189
                        }, 
                        {
                            "name": "Life insurance co., credit union, finance co.", 
                            "count": 338, 
                            "value": 52449
                        }, 
                        {
                            "name": "Affiliate institution", 
                            "count": 61, 
                            "value": 7915
                        }, 
                        {
                            "name": "Other", 
                            "count": 1821, 
                            "value": 269940
                        }
                    ]
                }, 
                {
                    "minoritystatus": "Others, Including Hispanic", 
                    "purchasers": [
                        {
                            "name": "Fannie Mae", 
                            "count": 511, 
                            "value": 63097
                        }, 
                        {
                            "name": "Ginnie Mae", 
                            "count": 894, 
                            "value": 122139
                        }, 
                        {
                            "name": "Freddie Mac", 
                            "count": 278, 
                            "value": 36533
                        }, 
                        {
                            "name": "Farmer Mac", 
                            "count": 0, 
                            "value": 0
                        }, 
                        {
                            "name": "Private Securitization", 
                            "count": 0, 
                            "value": 0
                        }, 
                        {
                            "name": "Commercial bank, savings bank or association", 
                            "count": 244, 
                            "value": 31129
                        }, 
                        {
                            "name": "Life insurance co., credit union, finance co.", 
                            "count": 413, 
                            "value": 52845
                        }, 
                        {
                            "name": "Affiliate institution", 
                            "count": 28, 
                            "value": 3895
                        }, 
                        {
                            "name": "Other", 
                            "count": 1456, 
                            "value": 167760
                        }
                    ]
                }
            ]
        }, 
        {
            "characteristic": "Applicant Income", 
            "applicantincomes": [
                {
                    "applicantincome": "Less than 50% of MSA/MD median", 
                    "purchasers": [
                        {
                            "name": "Fannie Mae", 
                            "count": 89, 
                            "value": 7541
                        }, 
                        {
                            "name": "Ginnie Mae", 
                            "count": 101, 
                            "value": 8589
                        }, 
                        {
                            "name": "Freddie Mac", 
                            "count": 34, 
                            "value": 3094
                        }, 
                        {
                            "name": "Farmer Mac", 
                            "count": 0, 
                            "value": 0
                        }, 
                        {
                            "name": "Private Securitization", 
                            "count": 0, 
                            "value": 0
                        }, 
                        {
                            "name": "Commercial bank, savings bank or association", 
                            "count": 28, 
                            "value": 2242
                        }, 
                        {
                            "name": "Life insurance co., credit union, finance co.", 
                            "count": 84, 
                            "value": 8652
                        }, 
                        {
                            "name": "Affiliate institution", 
                            "count": 6, 
                            "value": 610
                        }, 
                        {
                            "name": "Other", 
                            "count": 251, 
                            "value": 18675
                        }
                    ]
                }, 
                {
                    "applicantincome": "50-79% of MSA/MD median", 
                    "purchasers": [
                        {
                            "name": "Fannie Mae", 
                            "count": 171, 
                            "value": 15529
                        }, 
                        {
                            "name": "Ginnie Mae", 
                            "count": 288, 
                            "value": 30264
                        }, 
                        {
                            "name": "Freddie Mac", 
                            "count": 90, 
                            "value": 8665
                        }, 
                        {
                            "name": "Farmer Mac", 
                            "count": 0, 
                            "value": 0
                        }, 
                        {
                            "name": "Private Securitization", 
                            "count": 0, 
                            "value": 0
                        }, 
                        {
                            "name": "Commercial bank, savings bank or association", 
                            "count": 100, 
                            "value": 10846
                        }, 
                        {
                            "name": "Life insurance co., credit union, finance co.", 
                            "count": 175, 
                            "value": 17618
                        }, 
                        {
                            "name": "Affiliate institution", 
                            "count": 13, 
                            "value": 1095
                        }, 
                        {
                            "name": "Other", 
                            "count": 486, 
                            "value": 43374
                        }
                    ]
                }, 
                {
                    "applicantincome": "80-99% of MSA/MD median", 
                    "purchasers": [
                        {
                            "name": "Fannie Mae", 
                            "count": 106, 
                            "value": 11336
                        }, 
                        {
                            "name": "Ginnie Mae", 
                            "count": 173, 
                            "value": 22721
                        }, 
                        {
                            "name": "Freddie Mac", 
                            "count": 83, 
                            "value": 9432
                        }, 
                        {
                            "name": "Farmer Mac", 
                            "count": 0, 
                            "value": 0
                        }, 
                        {
                            "name": "Private Securitization", 
                            "count": 0, 
                            "value": 0
                        }, 
                        {
                            "name": "Commercial bank, savings bank or association", 
                            "count": 44, 
                            "value": 5452
                        }, 
                        {
                            "name": "Life insurance co., credit union, finance co.", 
                            "count": 108, 
                            "value": 12929
                        }, 
                        {
                            "name": "Affiliate institution", 
                            "count": 11, 
                            "value": 1102
                        }, 
                        {
                            "name": "Other", 
                            "count": 310, 
                            "value": 31883
                        }
                    ]
                }, 
                {
                    "applicantincome": "100-119% of MSA/MD median", 
                    "purchasers": [
                        {
                            "name": "Fannie Mae", 
                            "count": 120, 
                            "value": 13458
                        }, 
                        {
                            "name": "Ginnie Mae", 
                            "count": 136, 
                            "value": 19938
                        }, 
                        {
                            "name": "Freddie Mac", 
                            "count": 57, 
                            "value": 6940
                        }, 
                        {
                            "name": "Farmer Mac", 
                            "count": 0, 
                            "value": 0
                        }, 
                        {
                            "name": "Private Securitization", 
                            "count": 0, 
                            "value": 0
                        }, 
                        {
                            "name": "Commercial bank, savings bank or association", 
                            "count": 33, 
                            "value": 4673
                        }, 
                        {
                            "name": "Life insurance co., credit union, finance co.", 
                            "count": 78, 
                            "value": 10171
                        }, 
                        {
                            "name": "Affiliate institution", 
                            "count": 6, 
                            "value": 680
                        }, 
                        {
                            "name": "Other", 
                            "count": 242, 
                            "value": 26555
                        }
                    ]
                }, 
                {
                    "applicantincome": "120% or more of MSA/MD median", 
                    "purchasers": [
                        {
                            "name": "Fannie Mae", 
                            "count": 772, 
                            "value": 121407
                        }, 
                        {
                            "name": "Ginnie Mae", 
                            "count": 509, 
                            "value": 96329
                        }, 
                        {
                            "name": "Freddie Mac", 
                            "count": 395, 
                            "value": 64053
                        }, 
                        {
                            "name": "Farmer Mac", 
                            "count": 0, 
                            "value": 0
                        }, 
                        {
                            "name": "Private Securitization", 
                            "count": 3, 
                            "value": 382
                        }, 
                        {
                            "name": "Commercial bank, savings bank or association", 
                            "count": 125, 
                            "value": 23080
                        }, 
                        {
                            "name": "Life insurance co., credit union, finance co.", 
                            "count": 276, 
                            "value": 49692
                        }, 
                        {
                            "name": "Affiliate institution", 
                            "count": 50, 
                            "value": 7498
                        }, 
                        {
                            "name": "Other", 
                            "count": 1412, 
                            "value": 222004
                        }
                    ]
                }, 
                {
                    "applicantincome": "income not available", 
                    "purchasers": [
                        {
                            "name": "Fannie Mae", 
                            "count": 31, 
                            "value": 5459
                        }, 
                        {
                            "name": "Ginnie Mae", 
                            "count": 654, 
                            "value": 188243
                        }, 
                        {
                            "name": "Freddie Mac", 
                            "count": 46, 
                            "value": 6631
                        }, 
                        {
                            "name": "Farmer Mac", 
                            "count": 0, 
                            "value": 0
                        }, 
                        {
                            "name": "Private Securitization", 
                            "count": 0, 
                            "value": 0
                        }, 
                        {
                            "name": "Commercial bank, savings bank or association", 
                            "count": 24, 
                            "value": 5025
                        }, 
                        {
                            "name": "Life insurance co., credit union, finance co.", 
                            "count": 30, 
                            "value": 6232
                        }, 
                        {
                            "name": "Affiliate institution", 
                            "count": 3, 
                            "value": 825
                        }, 
                        {
                            "name": "Other", 
                            "count": 576, 
                            "value": 95209
                        }
                    ]
                }
            ]
        }
    ], 
    "censuscharacteristics": [
        {
            "characteristic": "Racial/Ethnic Composition", 
            "tractpctminorities": [
                {
                    "tractpctminority": "Less than 10% minority", 
                    "purchasers": [
                        {
                            "name": "Fannie Mae", 
                            "count": 0, 
                            "value": 0
                        }, 
                        {
                            "name": "Ginnie Mae", 
                            "count": 0, 
                            "value": 0
                        }, 
                        {
                            "name": "Freddie Mac", 
                            "count": 0, 
                            "value": 0
                        }, 
                        {
                            "name": "Farmer Mac", 
                            "count": 0, 
                            "value": 0
                        }, 
                        {
                            "name": "Private Securitization", 
                            "count": 0, 
                            "value": 0
                        }, 
                        {
                            "name": "Commercial bank, savings bank or association", 
                            "count": 0, 
                            "value": 0
                        }, 
                        {
                            "name": "Life insurance co., credit union, finance co.", 
                            "count": 0, 
                            "value": 0
                        }, 
                        {
                            "name": "Affiliate institution", 
                            "count": 0, 
                            "value": 0
                        }, 
                        {
                            "name": "Other", 
                            "count": 0, 
                            "value": 0
                        }
                    ]
                }, 
                {
                    "tractpctminority": "10-19% minority", 
                    "purchasers": [
                        {
                            "name": "Fannie Mae", 
                            "count": 536, 
                            "value": 76890
                        }, 
                        {
                            "name": "Ginnie Mae", 
                            "count": 731, 
                            "value": 123905
                        }, 
                        {
                            "name": "Freddie Mac", 
                            "count": 285, 
                            "value": 41772
                        }, 
                        {
                            "name": "Farmer Mac", 
                            "count": 0, 
                            "value": 0
                        }, 
                        {
                            "name": "Private Securitization", 
                            "count": 3, 
                            "value": 382
                        }, 
                        {
                            "name": "Commercial bank, savings bank or association", 
                            "count": 108, 
                            "value": 18282
                        }, 
                        {
                            "name": "Life insurance co., credit union, finance co.", 
                            "count": 271, 
                            "value": 42553
                        }, 
                        {
                            "name": "Affiliate institution", 
                            "count": 36, 
                            "value": 5883
                        }, 
                        {
                            "name": "Other", 
                            "count": 1224, 
                            "value": 168136
                        }
                    ]
                }, 
                {
                    "tractpctminority": "20-49% minority", 
                    "purchasers": [
                        {
                            "name": "Fannie Mae", 
                            "count": 475, 
                            "value": 67298
                        }, 
                        {
                            "name": "Ginnie Mae", 
                            "count": 630, 
                            "value": 179750
                        }, 
                        {
                            "name": "Freddie Mac", 
                            "count": 271, 
                            "value": 39422
                        }, 
                        {
                            "name": "Farmer Mac", 
                            "count": 0, 
                            "value": 0
                        }, 
                        {
                            "name": "Private Securitization", 
                            "count": 0, 
                            "value": 0
                        }, 
                        {
                            "name": "Commercial bank, savings bank or association", 
                            "count": 83, 
                            "value": 13382
                        }, 
                        {
                            "name": "Life insurance co., credit union, finance co.", 
                            "count": 259, 
                            "value": 37144
                        }, 
                        {
                            "name": "Affiliate institution", 
                            "count": 36, 
                            "value": 4065
                        }, 
                        {
                            "name": "Other", 
                            "count": 1230, 
                            "value": 179530
                        }
                    ]
                }, 
                {
                    "tractpctminority": "50-79% minority", 
                    "purchasers": [
                        {
                            "name": "Fannie Mae", 
                            "count": 278, 
                            "value": 30542
                        }, 
                        {
                            "name": "Ginnie Mae", 
                            "count": 500, 
                            "value": 62429
                        }, 
                        {
                            "name": "Freddie Mac", 
                            "count": 148, 
                            "value": 17389
                        }, 
                        {
                            "name": "Farmer Mac", 
                            "count": 0, 
                            "value": 0
                        }, 
                        {
                            "name": "Private Securitization", 
                            "count": 0, 
                            "value": 0
                        }, 
                        {
                            "name": "Commercial bank, savings bank or association", 
                            "count": 163, 
                            "value": 19654
                        }, 
                        {
                            "name": "Life insurance co., credit union, finance co.", 
                            "count": 220, 
                            "value": 25379
                        }, 
                        {
                            "name": "Affiliate institution", 
                            "count": 17, 
                            "value": 1862
                        }, 
                        {
                            "name": "Other", 
                            "count": 823, 
                            "value": 90034
                        }
                    ]
                }, 
                {
                    "tractpctminority": "80-100% minority", 
                    "purchasers": [
                        {
                            "name": "Fannie Mae", 
                            "count": 0, 
                            "value": 0
                        }, 
                        {
                            "name": "Ginnie Mae", 
                            "count": 0, 
                            "value": 0
                        }, 
                        {
                            "name": "Freddie Mac", 
                            "count": 0, 
                            "value": 0
                        }, 
                        {
                            "name": "Farmer Mac", 
                            "count": 0, 
                            "value": 0
                        }, 
                        {
                            "name": "Private Securitization", 
                            "count": 0, 
                            "value": 0
                        }, 
                        {
                            "name": "Commercial bank, savings bank or association", 
                            "count": 0, 
                            "value": 0
                        }, 
                        {
                            "name": "Life insurance co., credit union, finance co.", 
                            "count": 0, 
                            "value": 0
                        }, 
                        {
                            "name": "Affiliate institution", 
                            "count": 0, 
                            "value": 0
                        }, 
                        {
                            "name": "Other", 
                            "count": 0, 
                            "value": 0
                        }
                    ]
                }
            ]
        }, 
        {
            "characteristic": "Income", 
            "incomelevels": [
                {
                    "incomelevel": "Low income", 
                    "purchasers": [
                        {
                            "name": "Fannie Mae", 
                            "count": 0, 
                            "value": 0
                        }, 
                        {
                            "name": "Ginnie Mae", 
                            "count": 0, 
                            "value": 0
                        }, 
                        {
                            "name": "Freddie Mac", 
                            "count": 0, 
                            "value": 0
                        }, 
                        {
                            "name": "Farmer Mac", 
                            "count": 0, 
                            "value": 0
                        }, 
                        {
                            "name": "Private Securitization", 
                            "count": 0, 
                            "value": 0
                        }, 
                        {
                            "name": "Commercial bank, savings bank or association", 
                            "count": 0, 
                            "value": 0
                        }, 
                        {
                            "name": "Life insurance co., credit union, finance co.", 
                            "count": 0, 
                            "value": 0
                        }, 
                        {
                            "name": "Affiliate institution", 
                            "count": 0, 
                            "value": 0
                        }, 
                        {
                            "name": "Other", 
                            "count": 0, 
                            "value": 0
                        }
                    ]
                }, 
                {
                    "incomelevel": "Moderate income", 
                    "purchasers": [
                        {
                            "name": "Fannie Mae", 
                            "count": 179, 
                            "value": 18996
                        }, 
                        {
                            "name": "Ginnie Mae", 
                            "count": 306, 
                            "value": 34052
                        }, 
                        {
                            "name": "Freddie Mac", 
                            "count": 99, 
                            "value": 10889
                        }, 
                        {
                            "name": "Farmer Mac", 
                            "count": 0, 
                            "value": 0
                        }, 
                        {
                            "name": "Private Securitization", 
                            "count": 0, 
                            "value": 0
                        }, 
                        {
                            "name": "Commercial bank, savings bank or association", 
                            "count": 117, 
                            "value": 12926
                        }, 
                        {
                            "name": "Life insurance co., credit union, finance co.", 
                            "count": 135, 
                            "value": 13864
                        }, 
                        {
                            "name": "Affiliate institution", 
                            "count": 9, 
                            "value": 869
                        }, 
                        {
                            "name": "Other", 
                            "count": 558, 
                            "value": 55759
                        }
                    ]
                }, 
                {
                    "incomelevel": "Middle income", 
                    "purchasers": [
                        {
                            "name": "Fannie Mae", 
                            "count": 429, 
                            "value": 52735
                        }, 
                        {
                            "name": "Ginnie Mae", 
                            "count": 710, 
                            "value": 101992
                        }, 
                        {
                            "name": "Freddie Mac", 
                            "count": 228, 
                            "value": 28611
                        }, 
                        {
                            "name": "Farmer Mac", 
                            "count": 0, 
                            "value": 0
                        }, 
                        {
                            "name": "Private Securitization", 
                            "count": 0, 
                            "value": 0
                        }, 
                        {
                            "name": "Commercial bank, savings bank or association", 
                            "count": 117, 
                            "value": 17508
                        }, 
                        {
                            "name": "Life insurance co., credit union, finance co.", 
                            "count": 269, 
                            "value": 36513
                        }, 
                        {
                            "name": "Affiliate institution", 
                            "count": 31, 
                            "value": 3501
                        }, 
                        {
                            "name": "Other", 
                            "count": 1206, 
                            "value": 147871
                        }
                    ]
                }, 
                {
                    "incomelevel": "Upper income", 
                    "purchasers": [
                        {
                            "name": "Fannie Mae", 
                            "count": 681, 
                            "value": 102999
                        }, 
                        {
                            "name": "Ginnie Mae", 
                            "count": 845, 
                            "value": 230040
                        }, 
                        {
                            "name": "Freddie Mac", 
                            "count": 377, 
                            "value": 59083
                        }, 
                        {
                            "name": "Farmer Mac", 
                            "count": 0, 
                            "value": 0
                        }, 
                        {
                            "name": "Private Securitization", 
                            "count": 3, 
                            "value": 382
                        }, 
                        {
                            "name": "Commercial bank, savings bank or association", 
                            "count": 120, 
                            "value": 20884
                        }, 
                        {
                            "name": "Life insurance co., credit union, finance co.", 
                            "count": 346, 
                            "value": 54699
                        }, 
                        {
                            "name": "Affiliate institution", 
                            "count": 49, 
                            "value": 7440
                        }, 
                        {
                            "name": "Other", 
                            "count": 1513, 
                            "value": 234070
                        }
                    ]
                }
            ]
        }
    ], 
    "total": {
        "purchasers": [
            {
                "name": "Fannie Mae", 
                "count": 1289, 
                "value": 174730
            }, 
            {
                "name": "Ginnie Mae", 
                "count": 1861, 
                "value": 366084
            }, 
            {
                "name": "Freddie Mac", 
                "count": 705, 
                "value": 98815
            }, 
            {
                "name": "Farmer Mac", 
                "count": 0, 
                "value": 0
            }, 
            {
                "name": "Private Securitization", 
                "count": 3, 
                "value": 382
            }, 
            {
                "name": "Commercial bank, savings bank or association", 
                "count": 354, 
                "value": 51318
            }, 
            {
                "name": "Life insurance co., credit union, finance co.", 
                "count": 751, 
                "value": 105294
            }, 
            {
                "name": "Affiliate institution", 
                "count": 89, 
                "value": 11810
            }, 
            {
                "name": "Other", 
                "count": 3277, 
                "value": 437700
            }
        ]
    }
}