{
    "table": "4-6", 
    "type": "Aggregate", 
    "desc": "Disposition of applications from nonoccupants for home-purchase, home improvement, or refinancing loans, 1- to 4-family and manufactured home dwellings, by race, ethnicity, gender and income of applicant", 
    "year": "2013", 
    "msa": {
        "id": "38220", 
        "name": "Pine-Bluff", 
        "state": "AR", 
        "state_name": "Arkansas"
    }, 
    "races": [
        {
            "race": "American Indian/Alaska Native", 
            "dispositions": [
                {
                    "disposition": "Applications Received", 
                    "count": 0, 
                    "value": 0
                }, 
                {
                    "disposition": "Loans Originated", 
                    "count": 0, 
                    "value": 0
                }, 
                {
                    "disposition": "Apps. Approved But Not Accepted", 
                    "count": 0, 
                    "value": 0
                }, 
                {
                    "disposition": "Aplications Denied", 
                    "count": 0, 
                    "value": 0
                }, 
                {
                    "disposition": "Applications Withdrawn", 
                    "count": 0, 
                    "value": 0
                }, 
                {
                    "disposition": "Files Closed For Incompleteness", 
                    "count": 0, 
                    "value": 0
                }
            ], 
            "genders": [
                {
                    "gender": "Male", 
                    "dispositions": [
                        {
                            "disposition": "Applications Received", 
                            "count": 0, 
                            "value": 0
                        }, 
                        {
                            "disposition": "Loans Originated", 
                            "count": 0, 
                            "value": 0
                        }, 
                        {
                            "disposition": "Apps. Approved But Not Accepted", 
                            "count": 0, 
                            "value": 0
                        }, 
                        {
                            "disposition": "Aplications Denied", 
                            "count": 0, 
                            "value": 0
                        }, 
                        {
                            "disposition": "Applications Withdrawn", 
                            "count": 0, 
                            "value": 0
                        }, 
                        {
                            "disposition": "Files Closed For Incompleteness", 
                            "count": 0, 
                            "value": 0
                        }
                    ]
                }, 
                {
                    "gender": "Female", 
                    "dispositions": [
                        {
                            "disposition": "Applications Received", 
                            "count": 0, 
                            "value": 0
                        }, 
                        {
                            "disposition": "Loans Originated", 
                            "count": 0, 
                            "value": 0
                        }, 
                        {
                            "disposition": "Apps. Approved But Not Accepted", 
                            "count": 0, 
                            "value": 0
                        }, 
                        {
                            "disposition": "Aplications Denied", 
                            "count": 0, 
                            "value": 0
                        }, 
                        {
                            "disposition": "Applications Withdrawn", 
                            "count": 0, 
                            "value": 0
                        }, 
                        {
                            "disposition": "Files Closed For Incompleteness", 
                            "count": 0, 
                            "value": 0
                        }
                    ]
                }, 
                {
                    "gender": "Joint (Male/Female)", 
                    "dispositions": [
                        {
                            "disposition": "Applications Received", 
                            "count": 0, 
                            "value": 0
                        }, 
                        {
                            "disposition": "Loans Originated", 
                            "count": 0, 
                            "value": 0
                        }, 
                        {
                            "disposition": "Apps. Approved But Not Accepted", 
                            "count": 0, 
                            "value": 0
                        }, 
                        {
                            "disposition": "Aplications Denied", 
                            "count": 0, 
                            "value": 0
                        }, 
                        {
                            "disposition": "Applications Withdrawn", 
                            "count": 0, 
                            "value": 0
                        }, 
                        {
                            "disposition": "Files Closed For Incompleteness", 
                            "count": 0, 
                            "value": 0
                        }
                    ]
                }
            ]
        }, 
        {
            "race": "Asian", 
            "dispositions": [
                {
                    "disposition": "Applications Received", 
                    "count": 0, 
                    "value": 0
                }, 
                {
                    "disposition": "Loans Originated", 
                    "count": 0, 
                    "value": 0
                }, 
                {
                    "disposition": "Apps. Approved But Not Accepted", 
                    "count": 0, 
                    "value": 0
                }, 
                {
                    "disposition": "Aplications Denied", 
                    "count": 0, 
                    "value": 0
                }, 
                {
                    "disposition": "Applications Withdrawn", 
                    "count": 0, 
                    "value": 0
                }, 
                {
                    "disposition": "Files Closed For Incompleteness", 
                    "count": 0, 
                    "value": 0
                }
            ], 
            "genders": [
                {
                    "gender": "Male", 
                    "dispositions": [
                        {
                            "disposition": "Applications Received", 
                            "count": 0, 
                            "value": 0
                        }, 
                        {
                            "disposition": "Loans Originated", 
                            "count": 0, 
                            "value": 0
                        }, 
                        {
                            "disposition": "Apps. Approved But Not Accepted", 
                            "count": 0, 
                            "value": 0
                        }, 
                        {
                            "disposition": "Aplications Denied", 
                            "count": 0, 
                            "value": 0
                        }, 
                        {
                            "disposition": "Applications Withdrawn", 
                            "count": 0, 
                            "value": 0
                        }, 
                        {
                            "disposition": "Files Closed For Incompleteness", 
                            "count": 0, 
                            "value": 0
                        }
                    ]
                }, 
                {
                    "gender": "Female", 
                    "dispositions": [
                        {
                            "disposition": "Applications Received", 
                            "count": 0, 
                            "value": 0
                        }, 
                        {
                            "disposition": "Loans Originated", 
                            "count": 0, 
                            "value": 0
                        }, 
                        {
                            "disposition": "Apps. Approved But Not Accepted", 
                            "count": 0, 
                            "value": 0
                        }, 
                        {
                            "disposition": "Aplications Denied", 
                            "count": 0, 
                            "value": 0
                        }, 
                        {
                            "disposition": "Applications Withdrawn", 
                            "count": 0, 
                            "value": 0
                        }, 
                        {
                            "disposition": "Files Closed For Incompleteness", 
                            "count": 0, 
                            "value": 0
                        }
                    ]
                }, 
                {
                    "gender": "Joint (Male/Female)", 
                    "dispositions": [
                        {
                            "disposition": "Applications Received", 
                            "count": 0, 
                            "value": 0
                        }, 
                        {
                            "disposition": "Loans Originated", 
                            "count": 0, 
                            "value": 0
                        }, 
                        {
                            "disposition": "Apps. Approved But Not Accepted", 
                            "count": 0, 
                            "value": 0
                        }, 
                        {
                            "disposition": "Aplications Denied", 
                            "count": 0, 
                            "value": 0
                        }, 
                        {
                            "disposition": "Applications Withdrawn", 
                            "count": 0, 
                            "value": 0
                        }, 
                        {
                            "disposition": "Files Closed For Incompleteness", 
                            "count": 0, 
                            "value": 0
                        }
                    ]
                }
            ]
        }, 
        {
            "race": "Black or African American", 
            "dispositions": [
                {
                    "disposition": "Applications Received", 
                    "count": 0, 
                    "value": 0
                }, 
                {
                    "disposition": "Loans Originated", 
                    "count": 0, 
                    "value": 0
                }, 
                {
                    "disposition": "Apps. Approved But Not Accepted", 
                    "count": 0, 
                    "value": 0
                }, 
                {
                    "disposition": "Aplications Denied", 
                    "count": 0, 
                    "value": 0
                }, 
                {
                    "disposition": "Applications Withdrawn", 
                    "count": 0, 
                    "value": 0
                }, 
                {
                    "disposition": "Files Closed For Incompleteness", 
                    "count": 0, 
                    "value": 0
                }
            ], 
            "genders": [
                {
                    "gender": "Male", 
                    "dispositions": [
                        {
                            "disposition": "Applications Received", 
                            "count": 0, 
                            "value": 0
                        }, 
                        {
                            "disposition": "Loans Originated", 
                            "count": 0, 
                            "value": 0
                        }, 
                        {
                            "disposition": "Apps. Approved But Not Accepted", 
                            "count": 0, 
                            "value": 0
                        }, 
                        {
                            "disposition": "Aplications Denied", 
                            "count": 0, 
                            "value": 0
                        }, 
                        {
                            "disposition": "Applications Withdrawn", 
                            "count": 0, 
                            "value": 0
                        }, 
                        {
                            "disposition": "Files Closed For Incompleteness", 
                            "count": 0, 
                            "value": 0
                        }
                    ]
                }, 
                {
                    "gender": "Female", 
                    "dispositions": [
                        {
                            "disposition": "Applications Received", 
                            "count": 0, 
                            "value": 0
                        }, 
                        {
                            "disposition": "Loans Originated", 
                            "count": 0, 
                            "value": 0
                        }, 
                        {
                            "disposition": "Apps. Approved But Not Accepted", 
                            "count": 0, 
                            "value": 0
                        }, 
                        {
                            "disposition": "Aplications Denied", 
                            "count": 0, 
                            "value": 0
                        }, 
                        {
                            "disposition": "Applications Withdrawn", 
                            "count": 0, 
                            "value": 0
                        }, 
                        {
                            "disposition": "Files Closed For Incompleteness", 
                            "count": 0, 
                            "value": 0
                        }
                    ]
                }, 
                {
                    "gender": "Joint (Male/Female)", 
                    "dispositions": [
                        {
                            "disposition": "Applications Received", 
                            "count": 0, 
                            "value": 0
                        }, 
                        {
                            "disposition": "Loans Originated", 
                            "count": 0, 
                            "value": 0
                        }, 
                        {
                            "disposition": "Apps. Approved But Not Accepted", 
                            "count": 0, 
                            "value": 0
                        }, 
                        {
                            "disposition": "Aplications Denied", 
                            "count": 0, 
                            "value": 0
                        }, 
                        {
                            "disposition": "Applications Withdrawn", 
                            "count": 0, 
                            "value": 0
                        }, 
                        {
                            "disposition": "Files Closed For Incompleteness", 
                            "count": 0, 
                            "value": 0
                        }
                    ]
                }
            ]
        }, 
        {
            "race": "Native Hawaiian or Other Pacific Islander", 
            "dispositions": [
                {
                    "disposition": "Applications Received", 
                    "count": 82, 
                    "value": 7740
                }, 
                {
                    "disposition": "Loans Originated", 
                    "count": 50, 
                    "value": 4515
                }, 
                {
                    "disposition": "Apps. Approved But Not Accepted", 
                    "count": 6, 
                    "value": 674
                }, 
                {
                    "disposition": "Aplications Denied", 
                    "count": 18, 
                    "value": 1693
                }, 
                {
                    "disposition": "Applications Withdrawn", 
                    "count": 6, 
                    "value": 648
                }, 
                {
                    "disposition": "Files Closed For Incompleteness", 
                    "count": 2, 
                    "value": 210
                }
            ], 
            "genders": [
                {
                    "gender": "Male", 
                    "dispositions": [
                        {
                            "disposition": "Applications Received", 
                            "count": 28, 
                            "value": 2632
                        }, 
                        {
                            "disposition": "Loans Originated", 
                            "count": 20, 
                            "value": 1821
                        }, 
                        {
                            "disposition": "Apps. Approved But Not Accepted", 
                            "count": 1, 
                            "value": 43
                        }, 
                        {
                            "disposition": "Aplications Denied", 
                            "count": 4, 
                            "value": 512
                        }, 
                        {
                            "disposition": "Applications Withdrawn", 
                            "count": 2, 
                            "value": 109
                        }, 
                        {
                            "disposition": "Files Closed For Incompleteness", 
                            "count": 1, 
                            "value": 147
                        }
                    ]
                }, 
                {
                    "gender": "Female", 
                    "dispositions": [
                        {
                            "disposition": "Applications Received", 
                            "count": 25, 
                            "value": 2073
                        }, 
                        {
                            "disposition": "Loans Originated", 
                            "count": 14, 
                            "value": 1120
                        }, 
                        {
                            "disposition": "Apps. Approved But Not Accepted", 
                            "count": 2, 
                            "value": 262
                        }, 
                        {
                            "disposition": "Aplications Denied", 
                            "count": 7, 
                            "value": 484
                        }, 
                        {
                            "disposition": "Applications Withdrawn", 
                            "count": 1, 
                            "value": 144
                        }, 
                        {
                            "disposition": "Files Closed For Incompleteness", 
                            "count": 1, 
                            "value": 63
                        }
                    ]
                }, 
                {
                    "gender": "Joint (Male/Female)", 
                    "dispositions": [
                        {
                            "disposition": "Applications Received", 
                            "count": 29, 
                            "value": 3035
                        }, 
                        {
                            "disposition": "Loans Originated", 
                            "count": 16, 
                            "value": 1574
                        }, 
                        {
                            "disposition": "Apps. Approved But Not Accepted", 
                            "count": 3, 
                            "value": 369
                        }, 
                        {
                            "disposition": "Aplications Denied", 
                            "count": 7, 
                            "value": 697
                        }, 
                        {
                            "disposition": "Applications Withdrawn", 
                            "count": 3, 
                            "value": 395
                        }, 
                        {
                            "disposition": "Files Closed For Incompleteness", 
                            "count": 0, 
                            "value": 0
                        }
                    ]
                }
            ]
        }, 
        {
            "race": "White", 
            "dispositions": [
                {
                    "disposition": "Applications Received", 
                    "count": 1, 
                    "value": 280
                }, 
                {
                    "disposition": "Loans Originated", 
                    "count": 1, 
                    "value": 280
                }, 
                {
                    "disposition": "Apps. Approved But Not Accepted", 
                    "count": 0, 
                    "value": 0
                }, 
                {
                    "disposition": "Aplications Denied", 
                    "count": 0, 
                    "value": 0
                }, 
                {
                    "disposition": "Applications Withdrawn", 
                    "count": 0, 
                    "value": 0
                }, 
                {
                    "disposition": "Files Closed For Incompleteness", 
                    "count": 0, 
                    "value": 0
                }
            ], 
            "genders": [
                {
                    "gender": "Male", 
                    "dispositions": [
                        {
                            "disposition": "Applications Received", 
                            "count": 1, 
                            "value": 280
                        }, 
                        {
                            "disposition": "Loans Originated", 
                            "count": 1, 
                            "value": 280
                        }, 
                        {
                            "disposition": "Apps. Approved But Not Accepted", 
                            "count": 0, 
                            "value": 0
                        }, 
                        {
                            "disposition": "Aplications Denied", 
                            "count": 0, 
                            "value": 0
                        }, 
                        {
                            "disposition": "Applications Withdrawn", 
                            "count": 0, 
                            "value": 0
                        }, 
                        {
                            "disposition": "Files Closed For Incompleteness", 
                            "count": 0, 
                            "value": 0
                        }
                    ]
                }, 
                {
                    "gender": "Female", 
                    "dispositions": [
                        {
                            "disposition": "Applications Received", 
                            "count": 0, 
                            "value": 0
                        }, 
                        {
                            "disposition": "Loans Originated", 
                            "count": 0, 
                            "value": 0
                        }, 
                        {
                            "disposition": "Apps. Approved But Not Accepted", 
                            "count": 0, 
                            "value": 0
                        }, 
                        {
                            "disposition": "Aplications Denied", 
                            "count": 0, 
                            "value": 0
                        }, 
                        {
                            "disposition": "Applications Withdrawn", 
                            "count": 0, 
                            "value": 0
                        }, 
                        {
                            "disposition": "Files Closed For Incompleteness", 
                            "count": 0, 
                            "value": 0
                        }
                    ]
                }, 
                {
                    "gender": "Joint (Male/Female)", 
                    "dispositions": [
                        {
                            "disposition": "Applications Received", 
                            "count": 0, 
                            "value": 0
                        }, 
                        {
                            "disposition": "Loans Originated", 
                            "count": 0, 
                            "value": 0
                        }, 
                        {
                            "disposition": "Apps. Approved But Not Accepted", 
                            "count": 0, 
                            "value": 0
                        }, 
                        {
                            "disposition": "Aplications Denied", 
                            "count": 0, 
                            "value": 0
                        }, 
                        {
                            "disposition": "Applications Withdrawn", 
                            "count": 0, 
                            "value": 0
                        }, 
                        {
                            "disposition": "Files Closed For Incompleteness", 
                            "count": 0, 
                            "value": 0
                        }
                    ]
                }
            ]
        }, 
        {
            "race": "2 or more minority races", 
            "dispositions": [
                {
                    "disposition": "Applications Received", 
                    "count": 120, 
                    "value": 10099
                }, 
                {
                    "disposition": "Loans Originated", 
                    "count": 84, 
                    "value": 7139
                }, 
                {
                    "disposition": "Apps. Approved But Not Accepted", 
                    "count": 7, 
                    "value": 558
                }, 
                {
                    "disposition": "Aplications Denied", 
                    "count": 12, 
                    "value": 1026
                }, 
                {
                    "disposition": "Applications Withdrawn", 
                    "count": 10, 
                    "value": 897
                }, 
                {
                    "disposition": "Files Closed For Incompleteness", 
                    "count": 7, 
                    "value": 479
                }
            ], 
            "genders": [
                {
                    "gender": "Male", 
                    "dispositions": [
                        {
                            "disposition": "Applications Received", 
                            "count": 38, 
                            "value": 3018
                        }, 
                        {
                            "disposition": "Loans Originated", 
                            "count": 24, 
                            "value": 2042
                        }, 
                        {
                            "disposition": "Apps. Approved But Not Accepted", 
                            "count": 5, 
                            "value": 367
                        }, 
                        {
                            "disposition": "Aplications Denied", 
                            "count": 4, 
                            "value": 176
                        }, 
                        {
                            "disposition": "Applications Withdrawn", 
                            "count": 2, 
                            "value": 158
                        }, 
                        {
                            "disposition": "Files Closed For Incompleteness", 
                            "count": 3, 
                            "value": 275
                        }
                    ]
                }, 
                {
                    "gender": "Female", 
                    "dispositions": [
                        {
                            "disposition": "Applications Received", 
                            "count": 26, 
                            "value": 2163
                        }, 
                        {
                            "disposition": "Loans Originated", 
                            "count": 18, 
                            "value": 1349
                        }, 
                        {
                            "disposition": "Apps. Approved But Not Accepted", 
                            "count": 0, 
                            "value": 0
                        }, 
                        {
                            "disposition": "Aplications Denied", 
                            "count": 2, 
                            "value": 338
                        }, 
                        {
                            "disposition": "Applications Withdrawn", 
                            "count": 3, 
                            "value": 342
                        }, 
                        {
                            "disposition": "Files Closed For Incompleteness", 
                            "count": 3, 
                            "value": 134
                        }
                    ]
                }, 
                {
                    "gender": "Joint (Male/Female)", 
                    "dispositions": [
                        {
                            "disposition": "Applications Received", 
                            "count": 56, 
                            "value": 4918
                        }, 
                        {
                            "disposition": "Loans Originated", 
                            "count": 42, 
                            "value": 3748
                        }, 
                        {
                            "disposition": "Apps. Approved But Not Accepted", 
                            "count": 2, 
                            "value": 191
                        }, 
                        {
                            "disposition": "Aplications Denied", 
                            "count": 6, 
                            "value": 512
                        }, 
                        {
                            "disposition": "Applications Withdrawn", 
                            "count": 5, 
                            "value": 397
                        }, 
                        {
                            "disposition": "Files Closed For Incompleteness", 
                            "count": 1, 
                            "value": 70
                        }
                    ]
                }
            ]
        }, 
        {
            "race": "Joint (White/Minority Race", 
            "dispositions": [
                {
                    "disposition": "Applications Received", 
                    "count": 1, 
                    "value": 127
                }, 
                {
                    "disposition": "Loans Originated", 
                    "count": 0, 
                    "value": 0
                }, 
                {
                    "disposition": "Apps. Approved But Not Accepted", 
                    "count": 1, 
                    "value": 127
                }, 
                {
                    "disposition": "Aplications Denied", 
                    "count": 0, 
                    "value": 0
                }, 
                {
                    "disposition": "Applications Withdrawn", 
                    "count": 0, 
                    "value": 0
                }, 
                {
                    "disposition": "Files Closed For Incompleteness", 
                    "count": 0, 
                    "value": 0
                }
            ], 
            "genders": [
                {
                    "gender": "Male", 
                    "dispositions": [
                        {
                            "disposition": "Applications Received", 
                            "count": 0, 
                            "value": 0
                        }, 
                        {
                            "disposition": "Loans Originated", 
                            "count": 0, 
                            "value": 0
                        }, 
                        {
                            "disposition": "Apps. Approved But Not Accepted", 
                            "count": 0, 
                            "value": 0
                        }, 
                        {
                            "disposition": "Aplications Denied", 
                            "count": 0, 
                            "value": 0
                        }, 
                        {
                            "disposition": "Applications Withdrawn", 
                            "count": 0, 
                            "value": 0
                        }, 
                        {
                            "disposition": "Files Closed For Incompleteness", 
                            "count": 0, 
                            "value": 0
                        }
                    ]
                }, 
                {
                    "gender": "Female", 
                    "dispositions": [
                        {
                            "disposition": "Applications Received", 
                            "count": 0, 
                            "value": 0
                        }, 
                        {
                            "disposition": "Loans Originated", 
                            "count": 0, 
                            "value": 0
                        }, 
                        {
                            "disposition": "Apps. Approved But Not Accepted", 
                            "count": 0, 
                            "value": 0
                        }, 
                        {
                            "disposition": "Aplications Denied", 
                            "count": 0, 
                            "value": 0
                        }, 
                        {
                            "disposition": "Applications Withdrawn", 
                            "count": 0, 
                            "value": 0
                        }, 
                        {
                            "disposition": "Files Closed For Incompleteness", 
                            "count": 0, 
                            "value": 0
                        }
                    ]
                }, 
                {
                    "gender": "Joint (Male/Female)", 
                    "dispositions": [
                        {
                            "disposition": "Applications Received", 
                            "count": 1, 
                            "value": 127
                        }, 
                        {
                            "disposition": "Loans Originated", 
                            "count": 0, 
                            "value": 0
                        }, 
                        {
                            "disposition": "Apps. Approved But Not Accepted", 
                            "count": 1, 
                            "value": 127
                        }, 
                        {
                            "disposition": "Aplications Denied", 
                            "count": 0, 
                            "value": 0
                        }, 
                        {
                            "disposition": "Applications Withdrawn", 
                            "count": 0, 
                            "value": 0
                        }, 
                        {
                            "disposition": "Files Closed For Incompleteness", 
                            "count": 0, 
                            "value": 0
                        }
                    ]
                }
            ]
        }, 
        {
            "race": "Not Available", 
            "dispositions": [
                {
                    "disposition": "Applications Received", 
                    "count": 10, 
                    "value": 1009
                }, 
                {
                    "disposition": "Loans Originated", 
                    "count": 3, 
                    "value": 497
                }, 
                {
                    "disposition": "Apps. Approved But Not Accepted", 
                    "count": 1, 
                    "value": 64
                }, 
                {
                    "disposition": "Aplications Denied", 
                    "count": 3, 
                    "value": 209
                }, 
                {
                    "disposition": "Applications Withdrawn", 
                    "count": 2, 
                    "value": 194
                }, 
                {
                    "disposition": "Files Closed For Incompleteness", 
                    "count": 1, 
                    "value": 45
                }
            ], 
            "genders": [
                {
                    "gender": "Male", 
                    "dispositions": [
                        {
                            "disposition": "Applications Received", 
                            "count": 1, 
                            "value": 121
                        }, 
                        {
                            "disposition": "Loans Originated", 
                            "count": 1, 
                            "value": 121
                        }, 
                        {
                            "disposition": "Apps. Approved But Not Accepted", 
                            "count": 0, 
                            "value": 0
                        }, 
                        {
                            "disposition": "Aplications Denied", 
                            "count": 0, 
                            "value": 0
                        }, 
                        {
                            "disposition": "Applications Withdrawn", 
                            "count": 0, 
                            "value": 0
                        }, 
                        {
                            "disposition": "Files Closed For Incompleteness", 
                            "count": 0, 
                            "value": 0
                        }
                    ]
                }, 
                {
                    "gender": "Female", 
                    "dispositions": [
                        {
                            "disposition": "Applications Received", 
                            "count": 3, 
                            "value": 279
                        }, 
                        {
                            "disposition": "Loans Originated", 
                            "count": 1, 
                            "value": 168
                        }, 
                        {
                            "disposition": "Apps. Approved But Not Accepted", 
                            "count": 0, 
                            "value": 0
                        }, 
                        {
                            "disposition": "Aplications Denied", 
                            "count": 1, 
                            "value": 66
                        }, 
                        {
                            "disposition": "Applications Withdrawn", 
                            "count": 0, 
                            "value": 0
                        }, 
                        {
                            "disposition": "Files Closed For Incompleteness", 
                            "count": 1, 
                            "value": 45
                        }
                    ]
                }, 
                {
                    "gender": "Joint (Male/Female)", 
                    "dispositions": [
                        {
                            "disposition": "Applications Received", 
                            "count": 0, 
                            "value": 0
                        }, 
                        {
                            "disposition": "Loans Originated", 
                            "count": 0, 
                            "value": 0
                        }, 
                        {
                            "disposition": "Apps. Approved But Not Accepted", 
                            "count": 0, 
                            "value": 0
                        }, 
                        {
                            "disposition": "Aplications Denied", 
                            "count": 0, 
                            "value": 0
                        }, 
                        {
                            "disposition": "Applications Withdrawn", 
                            "count": 0, 
                            "value": 0
                        }, 
                        {
                            "disposition": "Files Closed For Incompleteness", 
                            "count": 0, 
                            "value": 0
                        }
                    ]
                }
            ]
        }
    ], 
    "ethnicities": [
        {
            "ethnicity": "Hispanic or Latino", 
            "dispositions": [
                {
                    "disposition": "Applications Received", 
                    "count": 2, 
                    "value": 138
                }, 
                {
                    "disposition": "Loans Originated", 
                    "count": 1, 
                    "value": 93
                }, 
                {
                    "disposition": "Apps. Approved But Not Accepted", 
                    "count": 0, 
                    "value": 0
                }, 
                {
                    "disposition": "Aplications Denied", 
                    "count": 0, 
                    "value": 0
                }, 
                {
                    "disposition": "Applications Withdrawn", 
                    "count": 0, 
                    "value": 0
                }, 
                {
                    "disposition": "Files Closed For Incompleteness", 
                    "count": 1, 
                    "value": 45
                }
            ], 
            "genders": [
                {
                    "gender": "Male", 
                    "dispositions": [
                        {
                            "disposition": "Applications Received", 
                            "count": 0, 
                            "value": 0
                        }, 
                        {
                            "disposition": "Loans Originated", 
                            "count": 0, 
                            "value": 0
                        }, 
                        {
                            "disposition": "Apps. Approved But Not Accepted", 
                            "count": 0, 
                            "value": 0
                        }, 
                        {
                            "disposition": "Aplications Denied", 
                            "count": 0, 
                            "value": 0
                        }, 
                        {
                            "disposition": "Applications Withdrawn", 
                            "count": 0, 
                            "value": 0
                        }, 
                        {
                            "disposition": "Files Closed For Incompleteness", 
                            "count": 0, 
                            "value": 0
                        }
                    ]
                }, 
                {
                    "gender": "Female", 
                    "dispositions": [
                        {
                            "disposition": "Applications Received", 
                            "count": 2, 
                            "value": 2
                        }, 
                        {
                            "disposition": "Loans Originated", 
                            "count": 1, 
                            "value": 93
                        }, 
                        {
                            "disposition": "Apps. Approved But Not Accepted", 
                            "count": 0, 
                            "value": 0
                        }, 
                        {
                            "disposition": "Aplications Denied", 
                            "count": 0, 
                            "value": 0
                        }, 
                        {
                            "disposition": "Applications Withdrawn", 
                            "count": 0, 
                            "value": 0
                        }, 
                        {
                            "disposition": "Files Closed For Incompleteness", 
                            "count": 1, 
                            "value": 45
                        }
                    ]
                }, 
                {
                    "gender": "Joint (Male/Female)", 
                    "dispositions": [
                        {
                            "disposition": "Applications Received", 
                            "count": 0, 
                            "value": 0
                        }, 
                        {
                            "disposition": "Loans Originated", 
                            "count": 0, 
                            "value": 0
                        }, 
                        {
                            "disposition": "Apps. Approved But Not Accepted", 
                            "count": 0, 
                            "value": 0
                        }, 
                        {
                            "disposition": "Aplications Denied", 
                            "count": 0, 
                            "value": 0
                        }, 
                        {
                            "disposition": "Applications Withdrawn", 
                            "count": 0, 
                            "value": 0
                        }, 
                        {
                            "disposition": "Files Closed For Incompleteness", 
                            "count": 0, 
                            "value": 0
                        }
                    ]
                }
            ]
        }, 
        {
            "ethnicity": "Not Hispanic or Latino", 
            "dispositions": [
                {
                    "disposition": "Applications Received", 
                    "count": 203, 
                    "value": 17999
                }, 
                {
                    "disposition": "Loans Originated", 
                    "count": 134, 
                    "value": 11889
                }, 
                {
                    "disposition": "Apps. Approved But Not Accepted", 
                    "count": 14, 
                    "value": 1359
                }, 
                {
                    "disposition": "Aplications Denied", 
                    "count": 30, 
                    "value": 2517
                }, 
                {
                    "disposition": "Applications Withdrawn", 
                    "count": 16, 
                    "value": 1545
                }, 
                {
                    "disposition": "Files Closed For Incompleteness", 
                    "count": 9, 
                    "value": 689
                }
            ], 
            "genders": [
                {
                    "gender": "Male", 
                    "dispositions": [
                        {
                            "disposition": "Applications Received", 
                            "count": 65, 
                            "value": 65
                        }, 
                        {
                            "disposition": "Loans Originated", 
                            "count": 44, 
                            "value": 4023
                        }, 
                        {
                            "disposition": "Apps. Approved But Not Accepted", 
                            "count": 6, 
                            "value": 410
                        }, 
                        {
                            "disposition": "Aplications Denied", 
                            "count": 7, 
                            "value": 420
                        }, 
                        {
                            "disposition": "Applications Withdrawn", 
                            "count": 4, 
                            "value": 267
                        }, 
                        {
                            "disposition": "Files Closed For Incompleteness", 
                            "count": 4, 
                            "value": 422
                        }
                    ]
                }, 
                {
                    "gender": "Female", 
                    "dispositions": [
                        {
                            "disposition": "Applications Received", 
                            "count": 52, 
                            "value": 52
                        }, 
                        {
                            "disposition": "Loans Originated", 
                            "count": 32, 
                            "value": 2544
                        }, 
                        {
                            "disposition": "Apps. Approved But Not Accepted", 
                            "count": 2, 
                            "value": 262
                        }, 
                        {
                            "disposition": "Aplications Denied", 
                            "count": 10, 
                            "value": 888
                        }, 
                        {
                            "disposition": "Applications Withdrawn", 
                            "count": 4, 
                            "value": 486
                        }, 
                        {
                            "disposition": "Files Closed For Incompleteness", 
                            "count": 4, 
                            "value": 197
                        }
                    ]
                }, 
                {
                    "gender": "Joint (Male/Female)", 
                    "dispositions": [
                        {
                            "disposition": "Applications Received", 
                            "count": 86, 
                            "value": 86
                        }, 
                        {
                            "disposition": "Loans Originated", 
                            "count": 58, 
                            "value": 5322
                        }, 
                        {
                            "disposition": "Apps. Approved But Not Accepted", 
                            "count": 6, 
                            "value": 687
                        }, 
                        {
                            "disposition": "Aplications Denied", 
                            "count": 13, 
                            "value": 1209
                        }, 
                        {
                            "disposition": "Applications Withdrawn", 
                            "count": 8, 
                            "value": 792
                        }, 
                        {
                            "disposition": "Files Closed For Incompleteness", 
                            "count": 1, 
                            "value": 70
                        }
                    ]
                }
            ]
        }, 
        {
            "ethnicity": "Joint (Hispanic or Latino/Not Hispanic or Latino", 
            "dispositions": [
                {
                    "disposition": "Applications Received", 
                    "count": 0, 
                    "value": 0
                }, 
                {
                    "disposition": "Loans Originated", 
                    "count": 0, 
                    "value": 0
                }, 
                {
                    "disposition": "Apps. Approved But Not Accepted", 
                    "count": 0, 
                    "value": 0
                }, 
                {
                    "disposition": "Aplications Denied", 
                    "count": 0, 
                    "value": 0
                }, 
                {
                    "disposition": "Applications Withdrawn", 
                    "count": 0, 
                    "value": 0
                }, 
                {
                    "disposition": "Files Closed For Incompleteness", 
                    "count": 0, 
                    "value": 0
                }
            ], 
            "genders": [
                {
                    "gender": "Male", 
                    "dispositions": [
                        {
                            "disposition": "Applications Received", 
                            "count": 0, 
                            "value": 0
                        }, 
                        {
                            "disposition": "Loans Originated", 
                            "count": 0, 
                            "value": 0
                        }, 
                        {
                            "disposition": "Apps. Approved But Not Accepted", 
                            "count": 0, 
                            "value": 0
                        }, 
                        {
                            "disposition": "Aplications Denied", 
                            "count": 0, 
                            "value": 0
                        }, 
                        {
                            "disposition": "Applications Withdrawn", 
                            "count": 0, 
                            "value": 0
                        }, 
                        {
                            "disposition": "Files Closed For Incompleteness", 
                            "count": 0, 
                            "value": 0
                        }
                    ]
                }, 
                {
                    "gender": "Female", 
                    "dispositions": [
                        {
                            "disposition": "Applications Received", 
                            "count": 0, 
                            "value": 0
                        }, 
                        {
                            "disposition": "Loans Originated", 
                            "count": 0, 
                            "value": 0
                        }, 
                        {
                            "disposition": "Apps. Approved But Not Accepted", 
                            "count": 0, 
                            "value": 0
                        }, 
                        {
                            "disposition": "Aplications Denied", 
                            "count": 0, 
                            "value": 0
                        }, 
                        {
                            "disposition": "Applications Withdrawn", 
                            "count": 0, 
                            "value": 0
                        }, 
                        {
                            "disposition": "Files Closed For Incompleteness", 
                            "count": 0, 
                            "value": 0
                        }
                    ]
                }, 
                {
                    "gender": "Joint (Male/Female)", 
                    "dispositions": [
                        {
                            "disposition": "Applications Received", 
                            "count": 0, 
                            "value": 0
                        }, 
                        {
                            "disposition": "Loans Originated", 
                            "count": 0, 
                            "value": 0
                        }, 
                        {
                            "disposition": "Apps. Approved But Not Accepted", 
                            "count": 0, 
                            "value": 0
                        }, 
                        {
                            "disposition": "Aplications Denied", 
                            "count": 0, 
                            "value": 0
                        }, 
                        {
                            "disposition": "Applications Withdrawn", 
                            "count": 0, 
                            "value": 0
                        }, 
                        {
                            "disposition": "Files Closed For Incompleteness", 
                            "count": 0, 
                            "value": 0
                        }
                    ]
                }
            ]
        }, 
        {
            "ethnicity": "Ethnicity Not Available", 
            "dispositions": [
                {
                    "disposition": "Applications Received", 
                    "count": 9, 
                    "value": 1118
                }, 
                {
                    "disposition": "Loans Originated", 
                    "count": 3, 
                    "value": 449
                }, 
                {
                    "disposition": "Apps. Approved But Not Accepted", 
                    "count": 1, 
                    "value": 64
                }, 
                {
                    "disposition": "Aplications Denied", 
                    "count": 3, 
                    "value": 411
                }, 
                {
                    "disposition": "Applications Withdrawn", 
                    "count": 2, 
                    "value": 194
                }, 
                {
                    "disposition": "Files Closed For Incompleteness", 
                    "count": 0, 
                    "value": 0
                }
            ], 
            "genders": [
                {
                    "gender": "Male", 
                    "dispositions": [
                        {
                            "disposition": "Applications Received", 
                            "count": 3, 
                            "value": 3
                        }, 
                        {
                            "disposition": "Loans Originated", 
                            "count": 2, 
                            "value": 241
                        }, 
                        {
                            "disposition": "Apps. Approved But Not Accepted", 
                            "count": 0, 
                            "value": 0
                        }, 
                        {
                            "disposition": "Aplications Denied", 
                            "count": 1, 
                            "value": 268
                        }, 
                        {
                            "disposition": "Applications Withdrawn", 
                            "count": 0, 
                            "value": 0
                        }, 
                        {
                            "disposition": "Files Closed For Incompleteness", 
                            "count": 0, 
                            "value": 0
                        }
                    ]
                }, 
                {
                    "gender": "Female", 
                    "dispositions": [
                        {
                            "disposition": "Applications Received", 
                            "count": 0, 
                            "value": 0
                        }, 
                        {
                            "disposition": "Loans Originated", 
                            "count": 0, 
                            "value": 0
                        }, 
                        {
                            "disposition": "Apps. Approved But Not Accepted", 
                            "count": 0, 
                            "value": 0
                        }, 
                        {
                            "disposition": "Aplications Denied", 
                            "count": 0, 
                            "value": 0
                        }, 
                        {
                            "disposition": "Applications Withdrawn", 
                            "count": 0, 
                            "value": 0
                        }, 
                        {
                            "disposition": "Files Closed For Incompleteness", 
                            "count": 0, 
                            "value": 0
                        }
                    ]
                }, 
                {
                    "gender": "Joint (Male/Female)", 
                    "dispositions": [
                        {
                            "disposition": "Applications Received", 
                            "count": 0, 
                            "value": 0
                        }, 
                        {
                            "disposition": "Loans Originated", 
                            "count": 0, 
                            "value": 0
                        }, 
                        {
                            "disposition": "Apps. Approved But Not Accepted", 
                            "count": 0, 
                            "value": 0
                        }, 
                        {
                            "disposition": "Aplications Denied", 
                            "count": 0, 
                            "value": 0
                        }, 
                        {
                            "disposition": "Applications Withdrawn", 
                            "count": 0, 
                            "value": 0
                        }, 
                        {
                            "disposition": "Files Closed For Incompleteness", 
                            "count": 0, 
                            "value": 0
                        }
                    ]
                }
            ]
        }
    ], 
    "minoritystatuses": [
        {
            "minoritystatus": "White Non-Hispanic", 
            "dispositions": [
                {
                    "disposition": "Applications Received", 
                    "count": 129, 
                    "value": 11063
                }, 
                {
                    "disposition": "Loans Originated", 
                    "count": 87, 
                    "value": 7636
                }, 
                {
                    "disposition": "Apps. Approved But Not Accepted", 
                    "count": 8, 
                    "value": 622
                }, 
                {
                    "disposition": "Aplications Denied", 
                    "count": 15, 
                    "value": 1235
                }, 
                {
                    "disposition": "Applications Withdrawn", 
                    "count": 12, 
                    "value": 1091
                }, 
                {
                    "disposition": "Files Closed For Incompleteness", 
                    "count": 7, 
                    "value": 479
                }
            ], 
            "genders": [
                {
                    "gender": "Male", 
                    "dispositions": [
                        {
                            "disposition": "Applications Received", 
                            "count": 3178, 
                            "value": 0
                        }, 
                        {
                            "disposition": "Loans Originated", 
                            "count": 25, 
                            "value": 2163
                        }, 
                        {
                            "disposition": "Apps. Approved But Not Accepted", 
                            "count": 5, 
                            "value": 367
                        }, 
                        {
                            "disposition": "Aplications Denied", 
                            "count": 4, 
                            "value": 176
                        }, 
                        {
                            "disposition": "Applications Withdrawn", 
                            "count": 2, 
                            "value": 158
                        }, 
                        {
                            "disposition": "Files Closed For Incompleteness", 
                            "count": 3, 
                            "value": 275
                        }
                    ]
                }, 
                {
                    "gender": "Female", 
                    "dispositions": [
                        {
                            "disposition": "Applications Received", 
                            "count": 2425, 
                            "value": 0
                        }, 
                        {
                            "disposition": "Loans Originated", 
                            "count": 19, 
                            "value": 1517
                        }, 
                        {
                            "disposition": "Apps. Approved But Not Accepted", 
                            "count": 0, 
                            "value": 0
                        }, 
                        {
                            "disposition": "Aplications Denied", 
                            "count": 3, 
                            "value": 404
                        }, 
                        {
                            "disposition": "Applications Withdrawn", 
                            "count": 3, 
                            "value": 342
                        }, 
                        {
                            "disposition": "Files Closed For Incompleteness", 
                            "count": 3, 
                            "value": 134
                        }
                    ]
                }, 
                {
                    "gender": "Joint (Male/Female)", 
                    "dispositions": [
                        {
                            "disposition": "Applications Received", 
                            "count": 4974, 
                            "value": 0
                        }, 
                        {
                            "disposition": "Loans Originated", 
                            "count": 42, 
                            "value": 3748
                        }, 
                        {
                            "disposition": "Apps. Approved But Not Accepted", 
                            "count": 2, 
                            "value": 191
                        }, 
                        {
                            "disposition": "Aplications Denied", 
                            "count": 6, 
                            "value": 512
                        }, 
                        {
                            "disposition": "Applications Withdrawn", 
                            "count": 5, 
                            "value": 397
                        }, 
                        {
                            "disposition": "Files Closed For Incompleteness", 
                            "count": 1, 
                            "value": 70
                        }
                    ]
                }
            ]
        }, 
        {
            "minoritystatus": "Others, Including Hispanic", 
            "dispositions": [
                {
                    "disposition": "Applications Received", 
                    "count": 85, 
                    "value": 8192
                }, 
                {
                    "disposition": "Loans Originated", 
                    "count": 51, 
                    "value": 4795
                }, 
                {
                    "disposition": "Apps. Approved But Not Accepted", 
                    "count": 7, 
                    "value": 801
                }, 
                {
                    "disposition": "Aplications Denied", 
                    "count": 18, 
                    "value": 1693
                }, 
                {
                    "disposition": "Applications Withdrawn", 
                    "count": 6, 
                    "value": 648
                }, 
                {
                    "disposition": "Files Closed For Incompleteness", 
                    "count": 3, 
                    "value": 255
                }
            ], 
            "genders": [
                {
                    "gender": "Male", 
                    "dispositions": [
                        {
                            "disposition": "Applications Received", 
                            "count": 2941, 
                            "value": 0
                        }, 
                        {
                            "disposition": "Loans Originated", 
                            "count": 21, 
                            "value": 2101
                        }, 
                        {
                            "disposition": "Apps. Approved But Not Accepted", 
                            "count": 1, 
                            "value": 43
                        }, 
                        {
                            "disposition": "Aplications Denied", 
                            "count": 4, 
                            "value": 512
                        }, 
                        {
                            "disposition": "Applications Withdrawn", 
                            "count": 2, 
                            "value": 109
                        }, 
                        {
                            "disposition": "Files Closed For Incompleteness", 
                            "count": 1, 
                            "value": 147
                        }
                    ]
                }, 
                {
                    "gender": "Female", 
                    "dispositions": [
                        {
                            "disposition": "Applications Received", 
                            "count": 2144, 
                            "value": 0
                        }, 
                        {
                            "disposition": "Loans Originated", 
                            "count": 14, 
                            "value": 1120
                        }, 
                        {
                            "disposition": "Apps. Approved But Not Accepted", 
                            "count": 2, 
                            "value": 262
                        }, 
                        {
                            "disposition": "Aplications Denied", 
                            "count": 7, 
                            "value": 484
                        }, 
                        {
                            "disposition": "Applications Withdrawn", 
                            "count": 1, 
                            "value": 144
                        }, 
                        {
                            "disposition": "Files Closed For Incompleteness", 
                            "count": 2, 
                            "value": 108
                        }
                    ]
                }, 
                {
                    "gender": "Joint (Male/Female)", 
                    "dispositions": [
                        {
                            "disposition": "Applications Received", 
                            "count": 3192, 
                            "value": 0
                        }, 
                        {
                            "disposition": "Loans Originated", 
                            "count": 16, 
                            "value": 1574
                        }, 
                        {
                            "disposition": "Apps. Approved But Not Accepted", 
                            "count": 4, 
                            "value": 496
                        }, 
                        {
                            "disposition": "Aplications Denied", 
                            "count": 7, 
                            "value": 697
                        }, 
                        {
                            "disposition": "Applications Withdrawn", 
                            "count": 3, 
                            "value": 395
                        }, 
                        {
                            "disposition": "Files Closed For Incompleteness", 
                            "count": 0, 
                            "value": 0
                        }
                    ]
                }
            ]
        }
    ], 
    "incomes": [
        {
            "incomes": "Less than 50% of MSA/MD median", 
            "dispositions": [
                {
                    "disposition": "Applications Received", 
                    "count": 21, 
                    "value": 1403
                }, 
                {
                    "disposition": "Loans Originated", 
                    "count": 12, 
                    "value": 896
                }, 
                {
                    "disposition": "Apps. Approved But Not Accepted", 
                    "count": 0, 
                    "value": 0
                }, 
                {
                    "disposition": "Aplications Denied", 
                    "count": 4, 
                    "value": 120
                }, 
                {
                    "disposition": "Applications Withdrawn", 
                    "count": 2, 
                    "value": 254
                }, 
                {
                    "disposition": "Files Closed For Incompleteness", 
                    "count": 3, 
                    "value": 133
                }
            ]
        }, 
        {
            "incomes": "50-79% of MSA/MD median", 
            "dispositions": [
                {
                    "disposition": "Applications Received", 
                    "count": 13, 
                    "value": 1036
                }, 
                {
                    "disposition": "Loans Originated", 
                    "count": 5, 
                    "value": 331
                }, 
                {
                    "disposition": "Apps. Approved But Not Accepted", 
                    "count": 0, 
                    "value": 0
                }, 
                {
                    "disposition": "Aplications Denied", 
                    "count": 3, 
                    "value": 230
                }, 
                {
                    "disposition": "Applications Withdrawn", 
                    "count": 2, 
                    "value": 212
                }, 
                {
                    "disposition": "Files Closed For Incompleteness", 
                    "count": 3, 
                    "value": 263
                }
            ]
        }, 
        {
            "incomes": "80-99% of MSA/MD median", 
            "dispositions": [
                {
                    "disposition": "Applications Received", 
                    "count": 16, 
                    "value": 1208
                }, 
                {
                    "disposition": "Loans Originated", 
                    "count": 11, 
                    "value": 924
                }, 
                {
                    "disposition": "Apps. Approved But Not Accepted", 
                    "count": 0, 
                    "value": 0
                }, 
                {
                    "disposition": "Aplications Denied", 
                    "count": 4, 
                    "value": 211
                }, 
                {
                    "disposition": "Applications Withdrawn", 
                    "count": 1, 
                    "value": 73
                }, 
                {
                    "disposition": "Files Closed For Incompleteness", 
                    "count": 0, 
                    "value": 0
                }
            ]
        }, 
        {
            "incomes": "100-119% of MSA/MD median", 
            "dispositions": [
                {
                    "disposition": "Applications Received", 
                    "count": 14, 
                    "value": 894
                }, 
                {
                    "disposition": "Loans Originated", 
                    "count": 9, 
                    "value": 570
                }, 
                {
                    "disposition": "Apps. Approved But Not Accepted", 
                    "count": 0, 
                    "value": 0
                }, 
                {
                    "disposition": "Aplications Denied", 
                    "count": 2, 
                    "value": 75
                }, 
                {
                    "disposition": "Applications Withdrawn", 
                    "count": 1, 
                    "value": 84
                }, 
                {
                    "disposition": "Files Closed For Incompleteness", 
                    "count": 2, 
                    "value": 165
                }
            ]
        }, 
        {
            "incomes": "120% or more of MSA/MD median", 
            "dispositions": [
                {
                    "disposition": "Applications Received", 
                    "count": 111, 
                    "value": 10304
                }, 
                {
                    "disposition": "Loans Originated", 
                    "count": 79, 
                    "value": 7090
                }, 
                {
                    "disposition": "Apps. Approved But Not Accepted", 
                    "count": 10, 
                    "value": 759
                }, 
                {
                    "disposition": "Aplications Denied", 
                    "count": 12, 
                    "value": 1546
                }, 
                {
                    "disposition": "Applications Withdrawn", 
                    "count": 10, 
                    "value": 909
                }, 
                {
                    "disposition": "Files Closed For Incompleteness", 
                    "count": 0, 
                    "value": 0
                }
            ]
        }, 
        {
            "incomes": "income not available", 
            "dispositions": [
                {
                    "disposition": "Applications Received", 
                    "count": 39, 
                    "value": 4410
                }, 
                {
                    "disposition": "Loans Originated", 
                    "count": 22, 
                    "value": 2620
                }, 
                {
                    "disposition": "Apps. Approved But Not Accepted", 
                    "count": 5, 
                    "value": 664
                }, 
                {
                    "disposition": "Aplications Denied", 
                    "count": 8, 
                    "value": 746
                }, 
                {
                    "disposition": "Applications Withdrawn", 
                    "count": 2, 
                    "value": 207
                }, 
                {
                    "disposition": "Files Closed For Incompleteness", 
                    "count": 2, 
                    "value": 173
                }
            ]
        }
    ], 
    "total": [
        {
            "disposition": "Applications Received", 
            "count": 0, 
            "value": 0
        }, 
        {
            "disposition": "Loans Originated", 
            "count": 138, 
            "value": 12431
        }, 
        {
            "disposition": "Apps. Approved But Not Accepted", 
            "count": 15, 
            "value": 1423
        }, 
        {
            "disposition": "Aplications Denied", 
            "count": 33, 
            "value": 2928
        }, 
        {
            "disposition": "Applications Withdrawn", 
            "count": 18, 
            "value": 1739
        }, 
        {
            "disposition": "Files Closed For Incompleteness", 
            "count": 10, 
            "value": 734
        }
    ]
}