{
    "table": "3-1", 
    "type": "Aggregate", 
    "desc": "Loans sold, by characteristics of borrower and census tract in which property is located and by type of purchaser (includes originations and purchased loans)", 
    "year": "2012", 
    "msa": {
        "id": "22520", 
        "name": "Florence-Muscle-Shoals", 
        "state": "AL", 
        "state_name": "Alabama"
    }, 
    "borrowercharacteristics": [
        {
            "characteristic": "Race", 
            "races": [
                {
                    "race": "American Indian/Alaska Native", 
                    "purchasers": [
                        {
                            "name": "Fannie Mae", 
                            "count": 3, 
                            "value": 431.0
                        }, 
                        {
                            "name": "Ginnie Mae", 
                            "count": 2, 
                            "value": 240.0
                        }, 
                        {
                            "name": "Freddie Mac", 
                            "count": 0, 
                            "value": 0
                        }, 
                        {
                            "name": "Farmer Mac", 
                            "count": 0, 
                            "value": 0
                        }, 
                        {
                            "name": "Private Securitization", 
                            "count": 0, 
                            "value": 0
                        }, 
                        {
                            "name": "Commercial bank, savings bank or association", 
                            "count": 0, 
                            "value": 0
                        }, 
                        {
                            "name": "Life insurance co., credit union, finance co.", 
                            "count": 0, 
                            "value": 0
                        }, 
                        {
                            "name": "Affiliate institution", 
                            "count": 0, 
                            "value": 0
                        }, 
                        {
                            "name": "Other", 
                            "count": 11, 
                            "value": 785.0
                        }
                    ]
                }, 
                {
                    "race": "Asian", 
                    "purchasers": [
                        {
                            "name": "Fannie Mae", 
                            "count": 2, 
                            "value": 322.0
                        }, 
                        {
                            "name": "Ginnie Mae", 
                            "count": 2, 
                            "value": 381.0
                        }, 
                        {
                            "name": "Freddie Mac", 
                            "count": 0, 
                            "value": 0
                        }, 
                        {
                            "name": "Farmer Mac", 
                            "count": 0, 
                            "value": 0
                        }, 
                        {
                            "name": "Private Securitization", 
                            "count": 0, 
                            "value": 0
                        }, 
                        {
                            "name": "Commercial bank, savings bank or association", 
                            "count": 1, 
                            "value": 248.0
                        }, 
                        {
                            "name": "Life insurance co., credit union, finance co.", 
                            "count": 2, 
                            "value": 315.0
                        }, 
                        {
                            "name": "Affiliate institution", 
                            "count": 0, 
                            "value": 0
                        }, 
                        {
                            "name": "Other", 
                            "count": 10, 
                            "value": 1155.0
                        }
                    ]
                }, 
                {
                    "race": "Black or African American", 
                    "purchasers": [
                        {
                            "name": "Fannie Mae", 
                            "count": 4, 
                            "value": 541.0
                        }, 
                        {
                            "name": "Ginnie Mae", 
                            "count": 0, 
                            "value": 0
                        }, 
                        {
                            "name": "Freddie Mac", 
                            "count": 0, 
                            "value": 0
                        }, 
                        {
                            "name": "Farmer Mac", 
                            "count": 0, 
                            "value": 0
                        }, 
                        {
                            "name": "Private Securitization", 
                            "count": 0, 
                            "value": 0
                        }, 
                        {
                            "name": "Commercial bank, savings bank or association", 
                            "count": 1, 
                            "value": 124.0
                        }, 
                        {
                            "name": "Life insurance co., credit union, finance co.", 
                            "count": 2, 
                            "value": 209.0
                        }, 
                        {
                            "name": "Affiliate institution", 
                            "count": 0, 
                            "value": 0
                        }, 
                        {
                            "name": "Other", 
                            "count": 21, 
                            "value": 2774.0
                        }
                    ]
                }, 
                {
                    "race": "Native Hawaiian or Other Pacific Islander", 
                    "purchasers": [
                        {
                            "name": "Fannie Mae", 
                            "count": 28, 
                            "value": 3397.0
                        }, 
                        {
                            "name": "Ginnie Mae", 
                            "count": 51, 
                            "value": 6063.0
                        }, 
                        {
                            "name": "Freddie Mac", 
                            "count": 8, 
                            "value": 955.0
                        }, 
                        {
                            "name": "Farmer Mac", 
                            "count": 0, 
                            "value": 0
                        }, 
                        {
                            "name": "Private Securitization", 
                            "count": 0, 
                            "value": 0
                        }, 
                        {
                            "name": "Commercial bank, savings bank or association", 
                            "count": 10, 
                            "value": 1270.0
                        }, 
                        {
                            "name": "Life insurance co., credit union, finance co.", 
                            "count": 24, 
                            "value": 2113.0
                        }, 
                        {
                            "name": "Affiliate institution", 
                            "count": 2, 
                            "value": 98.0
                        }, 
                        {
                            "name": "Other", 
                            "count": 293, 
                            "value": 21912.0
                        }
                    ]
                }, 
                {
                    "race": "White", 
                    "purchasers": [
                        {
                            "name": "Fannie Mae", 
                            "count": 1, 
                            "value": 74.0
                        }, 
                        {
                            "name": "Ginnie Mae", 
                            "count": 0, 
                            "value": 0
                        }, 
                        {
                            "name": "Freddie Mac", 
                            "count": 0, 
                            "value": 0
                        }, 
                        {
                            "name": "Farmer Mac", 
                            "count": 0, 
                            "value": 0
                        }, 
                        {
                            "name": "Private Securitization", 
                            "count": 0, 
                            "value": 0
                        }, 
                        {
                            "name": "Commercial bank, savings bank or association", 
                            "count": 0, 
                            "value": 0
                        }, 
                        {
                            "name": "Life insurance co., credit union, finance co.", 
                            "count": 1, 
                            "value": 75.0
                        }, 
                        {
                            "name": "Affiliate institution", 
                            "count": 0, 
                            "value": 0
                        }, 
                        {
                            "name": "Other", 
                            "count": 2, 
                            "value": 96.0
                        }
                    ]
                }, 
                {
                    "race": "2 or more minority races", 
                    "purchasers": [
                        {
                            "name": "Fannie Mae", 
                            "count": 848, 
                            "value": 118294.0
                        }, 
                        {
                            "name": "Ginnie Mae", 
                            "count": 466, 
                            "value": 58488.0
                        }, 
                        {
                            "name": "Freddie Mac", 
                            "count": 282, 
                            "value": 40760.0
                        }, 
                        {
                            "name": "Farmer Mac", 
                            "count": 0, 
                            "value": 0
                        }, 
                        {
                            "name": "Private Securitization", 
                            "count": 7, 
                            "value": 1104.0
                        }, 
                        {
                            "name": "Commercial bank, savings bank or association", 
                            "count": 224, 
                            "value": 31906.0
                        }, 
                        {
                            "name": "Life insurance co., credit union, finance co.", 
                            "count": 565, 
                            "value": 73303.0
                        }, 
                        {
                            "name": "Affiliate institution", 
                            "count": 27, 
                            "value": 3008.0
                        }, 
                        {
                            "name": "Other", 
                            "count": 3771, 
                            "value": 436134.0
                        }
                    ]
                }, 
                {
                    "race": "Joint (White/Minority Race", 
                    "purchasers": [
                        {
                            "name": "Fannie Mae", 
                            "count": 0, 
                            "value": 0
                        }, 
                        {
                            "name": "Ginnie Mae", 
                            "count": 2, 
                            "value": 424.0
                        }, 
                        {
                            "name": "Freddie Mac", 
                            "count": 1, 
                            "value": 101.0
                        }, 
                        {
                            "name": "Farmer Mac", 
                            "count": 0, 
                            "value": 0
                        }, 
                        {
                            "name": "Private Securitization", 
                            "count": 0, 
                            "value": 0
                        }, 
                        {
                            "name": "Commercial bank, savings bank or association", 
                            "count": 1, 
                            "value": 120.0
                        }, 
                        {
                            "name": "Life insurance co., credit union, finance co.", 
                            "count": 1, 
                            "value": 114.0
                        }, 
                        {
                            "name": "Affiliate institution", 
                            "count": 0, 
                            "value": 0
                        }, 
                        {
                            "name": "Other", 
                            "count": 23, 
                            "value": 2523.0
                        }
                    ]
                }, 
                {
                    "race": "Not Available", 
                    "purchasers": [
                        {
                            "name": "Fannie Mae", 
                            "count": 151, 
                            "value": 21207.0
                        }, 
                        {
                            "name": "Ginnie Mae", 
                            "count": 146, 
                            "value": 18897.0
                        }, 
                        {
                            "name": "Freddie Mac", 
                            "count": 262, 
                            "value": 40336.0
                        }, 
                        {
                            "name": "Farmer Mac", 
                            "count": 0, 
                            "value": 0
                        }, 
                        {
                            "name": "Private Securitization", 
                            "count": 1, 
                            "value": 300.0
                        }, 
                        {
                            "name": "Commercial bank, savings bank or association", 
                            "count": 25, 
                            "value": 3846.0
                        }, 
                        {
                            "name": "Life insurance co., credit union, finance co.", 
                            "count": 22, 
                            "value": 2807.0
                        }, 
                        {
                            "name": "Affiliate institution", 
                            "count": 8, 
                            "value": 739.0
                        }, 
                        {
                            "name": "Other", 
                            "count": 553, 
                            "value": 84766.0
                        }
                    ]
                }
            ]
        }, 
        {
            "characteristic": "Ethnicity", 
            "ethnicities": [
                {
                    "ethnicity": "Hispanic or Latino", 
                    "purchasers": [
                        {
                            "name": "Fannie Mae", 
                            "count": 1, 
                            "value": 51
                        }, 
                        {
                            "name": "Ginnie Mae", 
                            "count": 1, 
                            "value": 76
                        }, 
                        {
                            "name": "Freddie Mac", 
                            "count": 3, 
                            "value": 463
                        }, 
                        {
                            "name": "Farmer Mac", 
                            "count": 0, 
                            "value": 0
                        }, 
                        {
                            "name": "Private Securitization", 
                            "count": 0, 
                            "value": 0
                        }, 
                        {
                            "name": "Commercial bank, savings bank or association", 
                            "count": 0, 
                            "value": 0
                        }, 
                        {
                            "name": "Life insurance co., credit union, finance co.", 
                            "count": 1, 
                            "value": 205
                        }, 
                        {
                            "name": "Affiliate institution", 
                            "count": 0, 
                            "value": 0
                        }, 
                        {
                            "name": "Other", 
                            "count": 27, 
                            "value": 2729
                        }
                    ]
                }, 
                {
                    "ethnicity": "Not Hispanic or Latino", 
                    "purchasers": [
                        {
                            "name": "Fannie Mae", 
                            "count": 882, 
                            "value": 122507
                        }, 
                        {
                            "name": "Ginnie Mae", 
                            "count": 524, 
                            "value": 65916
                        }, 
                        {
                            "name": "Freddie Mac", 
                            "count": 282, 
                            "value": 40462
                        }, 
                        {
                            "name": "Farmer Mac", 
                            "count": 0, 
                            "value": 0
                        }, 
                        {
                            "name": "Private Securitization", 
                            "count": 7, 
                            "value": 1104
                        }, 
                        {
                            "name": "Commercial bank, savings bank or association", 
                            "count": 235, 
                            "value": 33255
                        }, 
                        {
                            "name": "Life insurance co., credit union, finance co.", 
                            "count": 593, 
                            "value": 75921
                        }, 
                        {
                            "name": "Affiliate institution", 
                            "count": 27, 
                            "value": 2995
                        }, 
                        {
                            "name": "Other", 
                            "count": 4083, 
                            "value": 462181
                        }
                    ]
                }, 
                {
                    "ethnicity": "Joint (Hispanic or Latino/Not Hispanic or Latino", 
                    "purchasers": [
                        {
                            "name": "Fannie Mae", 
                            "count": 3, 
                            "value": 270
                        }, 
                        {
                            "name": "Ginnie Mae", 
                            "count": 1, 
                            "value": 77
                        }, 
                        {
                            "name": "Freddie Mac", 
                            "count": 3, 
                            "value": 622
                        }, 
                        {
                            "name": "Farmer Mac", 
                            "count": 0, 
                            "value": 0
                        }, 
                        {
                            "name": "Private Securitization", 
                            "count": 0, 
                            "value": 0
                        }, 
                        {
                            "name": "Commercial bank, savings bank or association", 
                            "count": 1, 
                            "value": 77
                        }, 
                        {
                            "name": "Life insurance co., credit union, finance co.", 
                            "count": 2, 
                            "value": 191
                        }, 
                        {
                            "name": "Affiliate institution", 
                            "count": 0, 
                            "value": 0
                        }, 
                        {
                            "name": "Other", 
                            "count": 12, 
                            "value": 818
                        }
                    ]
                }, 
                {
                    "ethnicity": "Ethnicity Not Available", 
                    "purchasers": [
                        {
                            "name": "Fannie Mae", 
                            "count": 151, 
                            "value": 21438
                        }, 
                        {
                            "name": "Ginnie Mae", 
                            "count": 143, 
                            "value": 18424
                        }, 
                        {
                            "name": "Freddie Mac", 
                            "count": 265, 
                            "value": 40605
                        }, 
                        {
                            "name": "Farmer Mac", 
                            "count": 0, 
                            "value": 0
                        }, 
                        {
                            "name": "Private Securitization", 
                            "count": 1, 
                            "value": 300
                        }, 
                        {
                            "name": "Commercial bank, savings bank or association", 
                            "count": 26, 
                            "value": 4182
                        }, 
                        {
                            "name": "Life insurance co., credit union, finance co.", 
                            "count": 21, 
                            "value": 2619
                        }, 
                        {
                            "name": "Affiliate institution", 
                            "count": 10, 
                            "value": 850
                        }, 
                        {
                            "name": "Other", 
                            "count": 562, 
                            "value": 84417
                        }
                    ]
                }
            ]
        }, 
        {
            "characteristic": "Minority Status", 
            "minoritystatuses": [
                {
                    "minoritystatus": "White Non-Hispanic", 
                    "purchasers": [
                        {
                            "name": "Fannie Mae", 
                            "count": 996, 
                            "value": 139282
                        }, 
                        {
                            "name": "Ginnie Mae", 
                            "count": 610, 
                            "value": 77182
                        }, 
                        {
                            "name": "Freddie Mac", 
                            "count": 538, 
                            "value": 80011
                        }, 
                        {
                            "name": "Farmer Mac", 
                            "count": 0, 
                            "value": 0
                        }, 
                        {
                            "name": "Private Securitization", 
                            "count": 8, 
                            "value": 1404
                        }, 
                        {
                            "name": "Commercial bank, savings bank or association", 
                            "count": 248, 
                            "value": 35675
                        }, 
                        {
                            "name": "Life insurance co., credit union, finance co.", 
                            "count": 583, 
                            "value": 75559
                        }, 
                        {
                            "name": "Affiliate institution", 
                            "count": 35, 
                            "value": 3747
                        }, 
                        {
                            "name": "Other", 
                            "count": 4287, 
                            "value": 517386
                        }
                    ]
                }, 
                {
                    "minoritystatus": "Others, Including Hispanic", 
                    "purchasers": [
                        {
                            "name": "Fannie Mae", 
                            "count": 41, 
                            "value": 4984
                        }, 
                        {
                            "name": "Ginnie Mae", 
                            "count": 59, 
                            "value": 7311
                        }, 
                        {
                            "name": "Freddie Mac", 
                            "count": 15, 
                            "value": 2141
                        }, 
                        {
                            "name": "Farmer Mac", 
                            "count": 0, 
                            "value": 0
                        }, 
                        {
                            "name": "Private Securitization", 
                            "count": 0, 
                            "value": 0
                        }, 
                        {
                            "name": "Commercial bank, savings bank or association", 
                            "count": 14, 
                            "value": 1839
                        }, 
                        {
                            "name": "Life insurance co., credit union, finance co.", 
                            "count": 34, 
                            "value": 3377
                        }, 
                        {
                            "name": "Affiliate institution", 
                            "count": 2, 
                            "value": 98
                        }, 
                        {
                            "name": "Other", 
                            "count": 397, 
                            "value": 32759
                        }
                    ]
                }
            ]
        }, 
        {
            "characteristic": "Applicant Income", 
            "applicantincomes": [
                {
                    "applicantincome": "Less than 50% of MSA/MD median", 
                    "purchasers": [
                        {
                            "name": "Fannie Mae", 
                            "count": 63, 
                            "value": 4502
                        }, 
                        {
                            "name": "Ginnie Mae", 
                            "count": 49, 
                            "value": 3652
                        }, 
                        {
                            "name": "Freddie Mac", 
                            "count": 21, 
                            "value": 1414
                        }, 
                        {
                            "name": "Farmer Mac", 
                            "count": 0, 
                            "value": 0
                        }, 
                        {
                            "name": "Private Securitization", 
                            "count": 0, 
                            "value": 0
                        }, 
                        {
                            "name": "Commercial bank, savings bank or association", 
                            "count": 23, 
                            "value": 1718
                        }, 
                        {
                            "name": "Life insurance co., credit union, finance co.", 
                            "count": 65, 
                            "value": 4277
                        }, 
                        {
                            "name": "Affiliate institution", 
                            "count": 2, 
                            "value": 148
                        }, 
                        {
                            "name": "Other", 
                            "count": 601, 
                            "value": 33918
                        }
                    ]
                }, 
                {
                    "applicantincome": "50-79% of MSA/MD median", 
                    "purchasers": [
                        {
                            "name": "Fannie Mae", 
                            "count": 147, 
                            "value": 12951
                        }, 
                        {
                            "name": "Ginnie Mae", 
                            "count": 121, 
                            "value": 12102
                        }, 
                        {
                            "name": "Freddie Mac", 
                            "count": 45, 
                            "value": 3992
                        }, 
                        {
                            "name": "Farmer Mac", 
                            "count": 0, 
                            "value": 0
                        }, 
                        {
                            "name": "Private Securitization", 
                            "count": 1, 
                            "value": 193
                        }, 
                        {
                            "name": "Commercial bank, savings bank or association", 
                            "count": 43, 
                            "value": 4025
                        }, 
                        {
                            "name": "Life insurance co., credit union, finance co.", 
                            "count": 150, 
                            "value": 14083
                        }, 
                        {
                            "name": "Affiliate institution", 
                            "count": 7, 
                            "value": 419
                        }, 
                        {
                            "name": "Other", 
                            "count": 822, 
                            "value": 59956
                        }
                    ]
                }, 
                {
                    "applicantincome": "80-99% of MSA/MD median", 
                    "purchasers": [
                        {
                            "name": "Fannie Mae", 
                            "count": 129, 
                            "value": 13715
                        }, 
                        {
                            "name": "Ginnie Mae", 
                            "count": 88, 
                            "value": 10081
                        }, 
                        {
                            "name": "Freddie Mac", 
                            "count": 43, 
                            "value": 5590
                        }, 
                        {
                            "name": "Farmer Mac", 
                            "count": 0, 
                            "value": 0
                        }, 
                        {
                            "name": "Private Securitization", 
                            "count": 0, 
                            "value": 0
                        }, 
                        {
                            "name": "Commercial bank, savings bank or association", 
                            "count": 38, 
                            "value": 4656
                        }, 
                        {
                            "name": "Life insurance co., credit union, finance co.", 
                            "count": 109, 
                            "value": 12355
                        }, 
                        {
                            "name": "Affiliate institution", 
                            "count": 3, 
                            "value": 318
                        }, 
                        {
                            "name": "Other", 
                            "count": 557, 
                            "value": 50497
                        }
                    ]
                }, 
                {
                    "applicantincome": "100-119% of MSA/MD median", 
                    "purchasers": [
                        {
                            "name": "Fannie Mae", 
                            "count": 103, 
                            "value": 12947
                        }, 
                        {
                            "name": "Ginnie Mae", 
                            "count": 58, 
                            "value": 7957
                        }, 
                        {
                            "name": "Freddie Mac", 
                            "count": 33, 
                            "value": 4168
                        }, 
                        {
                            "name": "Farmer Mac", 
                            "count": 0, 
                            "value": 0
                        }, 
                        {
                            "name": "Private Securitization", 
                            "count": 3, 
                            "value": 475
                        }, 
                        {
                            "name": "Commercial bank, savings bank or association", 
                            "count": 30, 
                            "value": 4375
                        }, 
                        {
                            "name": "Life insurance co., credit union, finance co.", 
                            "count": 64, 
                            "value": 8439
                        }, 
                        {
                            "name": "Affiliate institution", 
                            "count": 4, 
                            "value": 346
                        }, 
                        {
                            "name": "Other", 
                            "count": 449, 
                            "value": 44503
                        }
                    ]
                }, 
                {
                    "applicantincome": "120% or more of MSA/MD median", 
                    "purchasers": [
                        {
                            "name": "Fannie Mae", 
                            "count": 484, 
                            "value": 84047
                        }, 
                        {
                            "name": "Ginnie Mae", 
                            "count": 125, 
                            "value": 22027
                        }, 
                        {
                            "name": "Freddie Mac", 
                            "count": 171, 
                            "value": 29266
                        }, 
                        {
                            "name": "Farmer Mac", 
                            "count": 0, 
                            "value": 0
                        }, 
                        {
                            "name": "Private Securitization", 
                            "count": 4, 
                            "value": 736
                        }, 
                        {
                            "name": "Commercial bank, savings bank or association", 
                            "count": 99, 
                            "value": 18103
                        }, 
                        {
                            "name": "Life insurance co., credit union, finance co.", 
                            "count": 227, 
                            "value": 38998
                        }, 
                        {
                            "name": "Affiliate institution", 
                            "count": 21, 
                            "value": 2614
                        }, 
                        {
                            "name": "Other", 
                            "count": 1788, 
                            "value": 278976
                        }
                    ]
                }, 
                {
                    "applicantincome": "income not available", 
                    "purchasers": [
                        {
                            "name": "Fannie Mae", 
                            "count": 111, 
                            "value": 16104
                        }, 
                        {
                            "name": "Ginnie Mae", 
                            "count": 228, 
                            "value": 28674
                        }, 
                        {
                            "name": "Freddie Mac", 
                            "count": 240, 
                            "value": 37722
                        }, 
                        {
                            "name": "Farmer Mac", 
                            "count": 0, 
                            "value": 0
                        }, 
                        {
                            "name": "Private Securitization", 
                            "count": 0, 
                            "value": 0
                        }, 
                        {
                            "name": "Commercial bank, savings bank or association", 
                            "count": 29, 
                            "value": 4637
                        }, 
                        {
                            "name": "Life insurance co., credit union, finance co.", 
                            "count": 2, 
                            "value": 784
                        }, 
                        {
                            "name": "Affiliate institution", 
                            "count": 0, 
                            "value": 0
                        }, 
                        {
                            "name": "Other", 
                            "count": 467, 
                            "value": 82295
                        }
                    ]
                }
            ]
        }
    ], 
    "censuscharacteristics": [
        {
            "characteristic": "Racial/Ethnic Composition", 
            "tractpctminorities": [
                {
                    "tractpctminority": "Less than 10% minority", 
                    "purchasers": [
                        {
                            "name": "Fannie Mae", 
                            "count": 485, 
                            "value": 69100
                        }, 
                        {
                            "name": "Ginnie Mae", 
                            "count": 285, 
                            "value": 38814
                        }, 
                        {
                            "name": "Freddie Mac", 
                            "count": 246, 
                            "value": 37721
                        }, 
                        {
                            "name": "Farmer Mac", 
                            "count": 0, 
                            "value": 0
                        }, 
                        {
                            "name": "Private Securitization", 
                            "count": 4, 
                            "value": 581
                        }, 
                        {
                            "name": "Commercial bank, savings bank or association", 
                            "count": 108, 
                            "value": 16700
                        }, 
                        {
                            "name": "Life insurance co., credit union, finance co.", 
                            "count": 323, 
                            "value": 44477
                        }, 
                        {
                            "name": "Affiliate institution", 
                            "count": 17, 
                            "value": 1711
                        }, 
                        {
                            "name": "Other", 
                            "count": 1910, 
                            "value": 238351
                        }
                    ]
                }, 
                {
                    "tractpctminority": "10-19% minority", 
                    "purchasers": [
                        {
                            "name": "Fannie Mae", 
                            "count": 548, 
                            "value": 74633
                        }, 
                        {
                            "name": "Ginnie Mae", 
                            "count": 384, 
                            "value": 45679
                        }, 
                        {
                            "name": "Freddie Mac", 
                            "count": 306, 
                            "value": 44271
                        }, 
                        {
                            "name": "Farmer Mac", 
                            "count": 0, 
                            "value": 0
                        }, 
                        {
                            "name": "Private Securitization", 
                            "count": 4, 
                            "value": 823
                        }, 
                        {
                            "name": "Commercial bank, savings bank or association", 
                            "count": 154, 
                            "value": 20814
                        }, 
                        {
                            "name": "Life insurance co., credit union, finance co.", 
                            "count": 293, 
                            "value": 34317
                        }, 
                        {
                            "name": "Affiliate institution", 
                            "count": 20, 
                            "value": 2134
                        }, 
                        {
                            "name": "Other", 
                            "count": 2729, 
                            "value": 309923
                        }
                    ]
                }, 
                {
                    "tractpctminority": "20-49% minority", 
                    "purchasers": [
                        {
                            "name": "Fannie Mae", 
                            "count": 4, 
                            "value": 533
                        }, 
                        {
                            "name": "Ginnie Mae", 
                            "count": 0, 
                            "value": 0
                        }, 
                        {
                            "name": "Freddie Mac", 
                            "count": 1, 
                            "value": 160
                        }, 
                        {
                            "name": "Farmer Mac", 
                            "count": 0, 
                            "value": 0
                        }, 
                        {
                            "name": "Private Securitization", 
                            "count": 0, 
                            "value": 0
                        }, 
                        {
                            "name": "Commercial bank, savings bank or association", 
                            "count": 0, 
                            "value": 0
                        }, 
                        {
                            "name": "Life insurance co., credit union, finance co.", 
                            "count": 1, 
                            "value": 142
                        }, 
                        {
                            "name": "Affiliate institution", 
                            "count": 0, 
                            "value": 0
                        }, 
                        {
                            "name": "Other", 
                            "count": 37, 
                            "value": 1635
                        }
                    ]
                }, 
                {
                    "tractpctminority": "50-79% minority", 
                    "purchasers": [
                        {
                            "name": "Fannie Mae", 
                            "count": 0, 
                            "value": 0
                        }, 
                        {
                            "name": "Ginnie Mae", 
                            "count": 0, 
                            "value": 0
                        }, 
                        {
                            "name": "Freddie Mac", 
                            "count": 0, 
                            "value": 0
                        }, 
                        {
                            "name": "Farmer Mac", 
                            "count": 0, 
                            "value": 0
                        }, 
                        {
                            "name": "Private Securitization", 
                            "count": 0, 
                            "value": 0
                        }, 
                        {
                            "name": "Commercial bank, savings bank or association", 
                            "count": 0, 
                            "value": 0
                        }, 
                        {
                            "name": "Life insurance co., credit union, finance co.", 
                            "count": 0, 
                            "value": 0
                        }, 
                        {
                            "name": "Affiliate institution", 
                            "count": 0, 
                            "value": 0
                        }, 
                        {
                            "name": "Other", 
                            "count": 8, 
                            "value": 236
                        }
                    ]
                }, 
                {
                    "tractpctminority": "80-100% minority", 
                    "purchasers": [
                        {
                            "name": "Fannie Mae", 
                            "count": 0, 
                            "value": 0
                        }, 
                        {
                            "name": "Ginnie Mae", 
                            "count": 0, 
                            "value": 0
                        }, 
                        {
                            "name": "Freddie Mac", 
                            "count": 0, 
                            "value": 0
                        }, 
                        {
                            "name": "Farmer Mac", 
                            "count": 0, 
                            "value": 0
                        }, 
                        {
                            "name": "Private Securitization", 
                            "count": 0, 
                            "value": 0
                        }, 
                        {
                            "name": "Commercial bank, savings bank or association", 
                            "count": 0, 
                            "value": 0
                        }, 
                        {
                            "name": "Life insurance co., credit union, finance co.", 
                            "count": 0, 
                            "value": 0
                        }, 
                        {
                            "name": "Affiliate institution", 
                            "count": 0, 
                            "value": 0
                        }, 
                        {
                            "name": "Other", 
                            "count": 0, 
                            "value": 0
                        }
                    ]
                }
            ]
        }, 
        {
            "characteristic": "Income", 
            "incomelevels": [
                {
                    "incomelevel": "Low income", 
                    "purchasers": [
                        {
                            "name": "Fannie Mae", 
                            "count": 7, 
                            "value": 903
                        }, 
                        {
                            "name": "Ginnie Mae", 
                            "count": 3, 
                            "value": 221
                        }, 
                        {
                            "name": "Freddie Mac", 
                            "count": 3, 
                            "value": 632
                        }, 
                        {
                            "name": "Farmer Mac", 
                            "count": 0, 
                            "value": 0
                        }, 
                        {
                            "name": "Private Securitization", 
                            "count": 0, 
                            "value": 0
                        }, 
                        {
                            "name": "Commercial bank, savings bank or association", 
                            "count": 1, 
                            "value": 64
                        }, 
                        {
                            "name": "Life insurance co., credit union, finance co.", 
                            "count": 4, 
                            "value": 474
                        }, 
                        {
                            "name": "Affiliate institution", 
                            "count": 0, 
                            "value": 0
                        }, 
                        {
                            "name": "Other", 
                            "count": 84, 
                            "value": 6292
                        }
                    ]
                }, 
                {
                    "incomelevel": "Moderate income", 
                    "purchasers": [
                        {
                            "name": "Fannie Mae", 
                            "count": 56, 
                            "value": 5675
                        }, 
                        {
                            "name": "Ginnie Mae", 
                            "count": 52, 
                            "value": 4673
                        }, 
                        {
                            "name": "Freddie Mac", 
                            "count": 23, 
                            "value": 2139
                        }, 
                        {
                            "name": "Farmer Mac", 
                            "count": 0, 
                            "value": 0
                        }, 
                        {
                            "name": "Private Securitization", 
                            "count": 0, 
                            "value": 0
                        }, 
                        {
                            "name": "Commercial bank, savings bank or association", 
                            "count": 19, 
                            "value": 1926
                        }, 
                        {
                            "name": "Life insurance co., credit union, finance co.", 
                            "count": 49, 
                            "value": 3775
                        }, 
                        {
                            "name": "Affiliate institution", 
                            "count": 4, 
                            "value": 304
                        }, 
                        {
                            "name": "Other", 
                            "count": 400, 
                            "value": 34458
                        }
                    ]
                }, 
                {
                    "incomelevel": "Middle income", 
                    "purchasers": [
                        {
                            "name": "Fannie Mae", 
                            "count": 685, 
                            "value": 93746
                        }, 
                        {
                            "name": "Ginnie Mae", 
                            "count": 445, 
                            "value": 56583
                        }, 
                        {
                            "name": "Freddie Mac", 
                            "count": 337, 
                            "value": 49412
                        }, 
                        {
                            "name": "Farmer Mac", 
                            "count": 0, 
                            "value": 0
                        }, 
                        {
                            "name": "Private Securitization", 
                            "count": 6, 
                            "value": 913
                        }, 
                        {
                            "name": "Commercial bank, savings bank or association", 
                            "count": 187, 
                            "value": 27296
                        }, 
                        {
                            "name": "Life insurance co., credit union, finance co.", 
                            "count": 399, 
                            "value": 53139
                        }, 
                        {
                            "name": "Affiliate institution", 
                            "count": 28, 
                            "value": 2945
                        }, 
                        {
                            "name": "Other", 
                            "count": 3214, 
                            "value": 359477
                        }
                    ]
                }, 
                {
                    "incomelevel": "Upper income", 
                    "purchasers": [
                        {
                            "name": "Fannie Mae", 
                            "count": 289, 
                            "value": 43942
                        }, 
                        {
                            "name": "Ginnie Mae", 
                            "count": 169, 
                            "value": 23016
                        }, 
                        {
                            "name": "Freddie Mac", 
                            "count": 190, 
                            "value": 29969
                        }, 
                        {
                            "name": "Farmer Mac", 
                            "count": 0, 
                            "value": 0
                        }, 
                        {
                            "name": "Private Securitization", 
                            "count": 2, 
                            "value": 491
                        }, 
                        {
                            "name": "Commercial bank, savings bank or association", 
                            "count": 55, 
                            "value": 8228
                        }, 
                        {
                            "name": "Life insurance co., credit union, finance co.", 
                            "count": 165, 
                            "value": 21548
                        }, 
                        {
                            "name": "Affiliate institution", 
                            "count": 5, 
                            "value": 596
                        }, 
                        {
                            "name": "Other", 
                            "count": 986, 
                            "value": 149918
                        }
                    ]
                }
            ]
        }
    ], 
    "total": {
        "purchasers": [
            {
                "name": "Fannie Mae", 
                "count": 1037, 
                "value": 144266
            }, 
            {
                "name": "Ginnie Mae", 
                "count": 669, 
                "value": 84493
            }, 
            {
                "name": "Freddie Mac", 
                "count": 553, 
                "value": 82152
            }, 
            {
                "name": "Farmer Mac", 
                "count": 0, 
                "value": 0
            }, 
            {
                "name": "Private Securitization", 
                "count": 8, 
                "value": 1404
            }, 
            {
                "name": "Commercial bank, savings bank or association", 
                "count": 262, 
                "value": 37514
            }, 
            {
                "name": "Life insurance co., credit union, finance co.", 
                "count": 617, 
                "value": 78936
            }, 
            {
                "name": "Affiliate institution", 
                "count": 37, 
                "value": 3845
            }, 
            {
                "name": "Other", 
                "count": 4684, 
                "value": 550145
            }
        ]
    }
}