{
    "msa-mds": [
        {
            "id": "26620", 
            "name": "HUNTSVILLE"
        }, 
        {
            "id": "22840", 
            "name": "FORT-PAYNE"
        }, 
        {
            "id": "33860", 
            "name": "MONTGOMERY"
        }, 
        {
            "id": "12220", 
            "name": "AUBURN-OPELIKA"
        }, 
        {
            "id": "10760", 
            "name": "ALEXANDER-CITY"
        }, 
        {
            "id": "21640", 
            "name": "EUFAULA"
        }, 
        {
            "id": "20020", 
            "name": "DOTHAN"
        }, 
        {
            "id": "46220", 
            "name": "TUSCALOOSA"
        }, 
        {
            "id": "18980", 
            "name": "CULLMAN"
        }, 
        {
            "id": "10700", 
            "name": "ALBERTVILLE"
        }, 
        {
            "id": "46260", 
            "name": "TUSKEGEE"
        }, 
        {
            "id": "42820", 
            "name": "SELMA"
        }, 
        {
            "id": "22520", 
            "name": "FLORENCE-MUSCLE-SHOALS"
        }, 
        {
            "id": "33660", 
            "name": "MOBILE"
        }, 
        {
            "id": "45980", 
            "name": "TROY"
        }, 
        {
            "id": "19300", 
            "name": "DAPHNE-FAIRHOPE-FOLEY"
        }, 
        {
            "id": "19460", 
            "name": "DECATUR"
        }, 
        {
            "id": "13820", 
            "name": "BIRMINGHAM-HOOVER"
        }, 
        {
            "id": "46740", 
            "name": "VALLEY"
        }, 
        {
            "id": "45180", 
            "name": "TALLADEGA-SYLACAUGA"
        }, 
        {
            "id": "42460", 
            "name": "SCOTTSBORO"
        }, 
        {
            "id": "11500", 
            "name": "ANNISTON-OXFORD"
        }, 
        {
            "id": "21460", 
            "name": "ENTERPRISE-OZARK"
        }, 
        {
            "id": "17980", 
            "name": "COLUMBUS"
        }, 
        {
            "id": "23460", 
            "name": "GADSDEN"
        }
    ]
}