{
    "table": "3-2", 
    "type": "Aggregate", 
    "desc": "Pricing Information for First and Junior Lien Loans Sold by Type of Purchaser (includes originations only)", 
    "year": "2012", 
    "msa": {
        "id": "11260", 
        "name": "Anchorage", 
        "state": "AK", 
        "state_name": "Alaska"
    }, 
    "pricinginformation": [
        {
            "pricing": "No reported pricing data", 
            "purchasers": [
                {
                    "name": "Fannie Mae", 
                    "firstliencount": 2446, 
                    "firstlienvalue": 583983, 
                    "juniorliencount": 0, 
                    "juniorlienvalue": 0
                }, 
                {
                    "name": "Ginnie Mae", 
                    "firstliencount": 2005, 
                    "firstlienvalue": 494567, 
                    "juniorliencount": 0, 
                    "juniorlienvalue": 0
                }, 
                {
                    "name": "Freddie Mac", 
                    "firstliencount": 947, 
                    "firstlienvalue": 207823, 
                    "juniorliencount": 0, 
                    "juniorlienvalue": 0
                }, 
                {
                    "name": "Farmer Mac", 
                    "firstliencount": 0, 
                    "firstlienvalue": 0, 
                    "juniorliencount": 0, 
                    "juniorlienvalue": 0
                }, 
                {
                    "name": "Private Securitization", 
                    "firstliencount": 104, 
                    "firstlienvalue": 25910, 
                    "juniorliencount": 0, 
                    "juniorlienvalue": 0
                }, 
                {
                    "name": "Commercial bank, savings bank or association", 
                    "firstliencount": 3868, 
                    "firstlienvalue": 1038596, 
                    "juniorliencount": 2, 
                    "juniorlienvalue": 316
                }, 
                {
                    "name": "Life insurance co., credit union, finance co.", 
                    "firstliencount": 734, 
                    "firstlienvalue": 182326, 
                    "juniorliencount": 2, 
                    "juniorlienvalue": 515
                }, 
                {
                    "name": "Affiliate institution", 
                    "firstliencount": 4393, 
                    "firstlienvalue": 1015899, 
                    "juniorliencount": 1, 
                    "juniorlienvalue": 71
                }, 
                {
                    "name": "Other", 
                    "firstliencount": 9128, 
                    "firstlienvalue": 2179748, 
                    "juniorliencount": 319, 
                    "juniorlienvalue": 17771
                }
            ]
        }, 
        {
            "pricing": "reported pricing data", 
            "purchasers": [
                {
                    "name": "Fannie Mae", 
                    "firstliencount": 14, 
                    "firstlienvalue": 2645, 
                    "juniorliencount": 0, 
                    "juniorlienvalue": 0
                }, 
                {
                    "name": "Ginnie Mae", 
                    "firstliencount": 7, 
                    "firstlienvalue": 1521, 
                    "juniorliencount": 0, 
                    "juniorlienvalue": 0
                }, 
                {
                    "name": "Freddie Mac", 
                    "firstliencount": 2, 
                    "firstlienvalue": 330, 
                    "juniorliencount": 0, 
                    "juniorlienvalue": 0
                }, 
                {
                    "name": "Farmer Mac", 
                    "firstliencount": 0, 
                    "firstlienvalue": 0, 
                    "juniorliencount": 0, 
                    "juniorlienvalue": 0
                }, 
                {
                    "name": "Private Securitization", 
                    "firstliencount": 0, 
                    "firstlienvalue": 0, 
                    "juniorliencount": 0, 
                    "juniorlienvalue": 0
                }, 
                {
                    "name": "Commercial bank, savings bank or association", 
                    "firstliencount": 5, 
                    "firstlienvalue": 1077, 
                    "juniorliencount": 0, 
                    "juniorlienvalue": 0
                }, 
                {
                    "name": "Life insurance co., credit union, finance co.", 
                    "firstliencount": 8, 
                    "firstlienvalue": 1843, 
                    "juniorliencount": 0, 
                    "juniorlienvalue": 0
                }, 
                {
                    "name": "Affiliate institution", 
                    "firstliencount": 3, 
                    "firstlienvalue": 921, 
                    "juniorliencount": 0, 
                    "juniorlienvalue": 0
                }, 
                {
                    "name": "Other", 
                    "firstliencount": 106, 
                    "firstlienvalue": 10988, 
                    "juniorliencount": 122, 
                    "juniorlienvalue": 2524
                }
            ]
        }
    ], 
    "points": [
        {
            "point": "1.50 - 1.99", 
            "purchasers": [
                {
                    "name": "Fannie Mae", 
                    "firstliencount": 11, 
                    "firstlienvalue": 2029, 
                    "juniorliencount": 0, 
                    "juniorlienvalue": 0
                }, 
                {
                    "name": "Ginnie Mae", 
                    "firstliencount": 3, 
                    "firstlienvalue": 590, 
                    "juniorliencount": 0, 
                    "juniorlienvalue": 0
                }, 
                {
                    "name": "Freddie Mac", 
                    "firstliencount": 1, 
                    "firstlienvalue": 87, 
                    "juniorliencount": 0, 
                    "juniorlienvalue": 0
                }, 
                {
                    "name": "Farmer Mac", 
                    "firstliencount": 0, 
                    "firstlienvalue": 0, 
                    "juniorliencount": 0, 
                    "juniorlienvalue": 0
                }, 
                {
                    "name": "Private Securitization", 
                    "firstliencount": 0, 
                    "firstlienvalue": 0, 
                    "juniorliencount": 0, 
                    "juniorlienvalue": 0
                }, 
                {
                    "name": "Commercial bank, savings bank or association", 
                    "firstliencount": 5, 
                    "firstlienvalue": 1077, 
                    "juniorliencount": 0, 
                    "juniorlienvalue": 0
                }, 
                {
                    "name": "Life insurance co., credit union, finance co.", 
                    "firstliencount": 0, 
                    "firstlienvalue": 0, 
                    "juniorliencount": 0, 
                    "juniorlienvalue": 0
                }, 
                {
                    "name": "Affiliate institution", 
                    "firstliencount": 3, 
                    "firstlienvalue": 921, 
                    "juniorliencount": 0, 
                    "juniorlienvalue": 0
                }, 
                {
                    "name": "Other", 
                    "firstliencount": 19, 
                    "firstlienvalue": 2550, 
                    "juniorliencount": 0, 
                    "juniorlienvalue": 0
                }
            ]
        }, 
        {
            "point": "2.00 - 2.49", 
            "purchasers": [
                {
                    "name": "Fannie Mae", 
                    "firstliencount": 2, 
                    "firstlienvalue": 234, 
                    "juniorliencount": 0, 
                    "juniorlienvalue": 0
                }, 
                {
                    "name": "Ginnie Mae", 
                    "firstliencount": 0, 
                    "firstlienvalue": 0, 
                    "juniorliencount": 0, 
                    "juniorlienvalue": 0
                }, 
                {
                    "name": "Freddie Mac", 
                    "firstliencount": 1, 
                    "firstlienvalue": 243, 
                    "juniorliencount": 0, 
                    "juniorlienvalue": 0
                }, 
                {
                    "name": "Farmer Mac", 
                    "firstliencount": 0, 
                    "firstlienvalue": 0, 
                    "juniorliencount": 0, 
                    "juniorlienvalue": 0
                }, 
                {
                    "name": "Private Securitization", 
                    "firstliencount": 0, 
                    "firstlienvalue": 0, 
                    "juniorliencount": 0, 
                    "juniorlienvalue": 0
                }, 
                {
                    "name": "Commercial bank, savings bank or association", 
                    "firstliencount": 0, 
                    "firstlienvalue": 0, 
                    "juniorliencount": 0, 
                    "juniorlienvalue": 0
                }, 
                {
                    "name": "Life insurance co., credit union, finance co.", 
                    "firstliencount": 2, 
                    "firstlienvalue": 728, 
                    "juniorliencount": 0, 
                    "juniorlienvalue": 0
                }, 
                {
                    "name": "Affiliate institution", 
                    "firstliencount": 0, 
                    "firstlienvalue": 0, 
                    "juniorliencount": 0, 
                    "juniorlienvalue": 0
                }, 
                {
                    "name": "Other", 
                    "firstliencount": 12, 
                    "firstlienvalue": 1782, 
                    "juniorliencount": 0, 
                    "juniorlienvalue": 0
                }
            ]
        }, 
        {
            "point": "2.50 - 2.99", 
            "purchasers": [
                {
                    "name": "Fannie Mae", 
                    "firstliencount": 1, 
                    "firstlienvalue": 382, 
                    "juniorliencount": 0, 
                    "juniorlienvalue": 0
                }, 
                {
                    "name": "Ginnie Mae", 
                    "firstliencount": 1, 
                    "firstlienvalue": 155, 
                    "juniorliencount": 0, 
                    "juniorlienvalue": 0
                }, 
                {
                    "name": "Freddie Mac", 
                    "firstliencount": 0, 
                    "firstlienvalue": 0, 
                    "juniorliencount": 0, 
                    "juniorlienvalue": 0
                }, 
                {
                    "name": "Farmer Mac", 
                    "firstliencount": 0, 
                    "firstlienvalue": 0, 
                    "juniorliencount": 0, 
                    "juniorlienvalue": 0
                }, 
                {
                    "name": "Private Securitization", 
                    "firstliencount": 0, 
                    "firstlienvalue": 0, 
                    "juniorliencount": 0, 
                    "juniorlienvalue": 0
                }, 
                {
                    "name": "Commercial bank, savings bank or association", 
                    "firstliencount": 0, 
                    "firstlienvalue": 0, 
                    "juniorliencount": 0, 
                    "juniorlienvalue": 0
                }, 
                {
                    "name": "Life insurance co., credit union, finance co.", 
                    "firstliencount": 2, 
                    "firstlienvalue": 429, 
                    "juniorliencount": 0, 
                    "juniorlienvalue": 0
                }, 
                {
                    "name": "Affiliate institution", 
                    "firstliencount": 0, 
                    "firstlienvalue": 0, 
                    "juniorliencount": 0, 
                    "juniorlienvalue": 0
                }, 
                {
                    "name": "Other", 
                    "firstliencount": 12, 
                    "firstlienvalue": 771, 
                    "juniorliencount": 0, 
                    "juniorlienvalue": 0
                }
            ]
        }, 
        {
            "point": "3.00 - 3.49", 
            "purchasers": [
                {
                    "name": "Fannie Mae", 
                    "firstliencount": 0, 
                    "firstlienvalue": 0, 
                    "juniorliencount": 0, 
                    "juniorlienvalue": 0
                }, 
                {
                    "name": "Ginnie Mae", 
                    "firstliencount": 1, 
                    "firstlienvalue": 238, 
                    "juniorliencount": 0, 
                    "juniorlienvalue": 0
                }, 
                {
                    "name": "Freddie Mac", 
                    "firstliencount": 0, 
                    "firstlienvalue": 0, 
                    "juniorliencount": 0, 
                    "juniorlienvalue": 0
                }, 
                {
                    "name": "Farmer Mac", 
                    "firstliencount": 0, 
                    "firstlienvalue": 0, 
                    "juniorliencount": 0, 
                    "juniorlienvalue": 0
                }, 
                {
                    "name": "Private Securitization", 
                    "firstliencount": 0, 
                    "firstlienvalue": 0, 
                    "juniorliencount": 0, 
                    "juniorlienvalue": 0
                }, 
                {
                    "name": "Commercial bank, savings bank or association", 
                    "firstliencount": 0, 
                    "firstlienvalue": 0, 
                    "juniorliencount": 0, 
                    "juniorlienvalue": 0
                }, 
                {
                    "name": "Life insurance co., credit union, finance co.", 
                    "firstliencount": 2, 
                    "firstlienvalue": 323, 
                    "juniorliencount": 0, 
                    "juniorlienvalue": 0
                }, 
                {
                    "name": "Affiliate institution", 
                    "firstliencount": 0, 
                    "firstlienvalue": 0, 
                    "juniorliencount": 0, 
                    "juniorlienvalue": 0
                }, 
                {
                    "name": "Other", 
                    "firstliencount": 15, 
                    "firstlienvalue": 1781, 
                    "juniorliencount": 0, 
                    "juniorlienvalue": 0
                }
            ]
        }, 
        {
            "point": "3.50 - 4.49", 
            "purchasers": [
                {
                    "name": "Fannie Mae", 
                    "firstliencount": 0, 
                    "firstlienvalue": 0, 
                    "juniorliencount": 0, 
                    "juniorlienvalue": 0
                }, 
                {
                    "name": "Ginnie Mae", 
                    "firstliencount": 2, 
                    "firstlienvalue": 538, 
                    "juniorliencount": 0, 
                    "juniorlienvalue": 0
                }, 
                {
                    "name": "Freddie Mac", 
                    "firstliencount": 0, 
                    "firstlienvalue": 0, 
                    "juniorliencount": 0, 
                    "juniorlienvalue": 0
                }, 
                {
                    "name": "Farmer Mac", 
                    "firstliencount": 0, 
                    "firstlienvalue": 0, 
                    "juniorliencount": 0, 
                    "juniorlienvalue": 0
                }, 
                {
                    "name": "Private Securitization", 
                    "firstliencount": 0, 
                    "firstlienvalue": 0, 
                    "juniorliencount": 0, 
                    "juniorlienvalue": 0
                }, 
                {
                    "name": "Commercial bank, savings bank or association", 
                    "firstliencount": 0, 
                    "firstlienvalue": 0, 
                    "juniorliencount": 0, 
                    "juniorlienvalue": 0
                }, 
                {
                    "name": "Life insurance co., credit union, finance co.", 
                    "firstliencount": 1, 
                    "firstlienvalue": 288, 
                    "juniorliencount": 0, 
                    "juniorlienvalue": 0
                }, 
                {
                    "name": "Affiliate institution", 
                    "firstliencount": 0, 
                    "firstlienvalue": 0, 
                    "juniorliencount": 0, 
                    "juniorlienvalue": 0
                }, 
                {
                    "name": "Other", 
                    "firstliencount": 39, 
                    "firstlienvalue": 3757, 
                    "juniorliencount": 98, 
                    "juniorlienvalue": 1925
                }
            ]
        }, 
        {
            "point": "4.50 - 5.49", 
            "purchasers": [
                {
                    "name": "Fannie Mae", 
                    "firstliencount": 0, 
                    "firstlienvalue": 0, 
                    "juniorliencount": 0, 
                    "juniorlienvalue": 0
                }, 
                {
                    "name": "Ginnie Mae", 
                    "firstliencount": 0, 
                    "firstlienvalue": 0, 
                    "juniorliencount": 0, 
                    "juniorlienvalue": 0
                }, 
                {
                    "name": "Freddie Mac", 
                    "firstliencount": 0, 
                    "firstlienvalue": 0, 
                    "juniorliencount": 0, 
                    "juniorlienvalue": 0
                }, 
                {
                    "name": "Farmer Mac", 
                    "firstliencount": 0, 
                    "firstlienvalue": 0, 
                    "juniorliencount": 0, 
                    "juniorlienvalue": 0
                }, 
                {
                    "name": "Private Securitization", 
                    "firstliencount": 0, 
                    "firstlienvalue": 0, 
                    "juniorliencount": 0, 
                    "juniorlienvalue": 0
                }, 
                {
                    "name": "Commercial bank, savings bank or association", 
                    "firstliencount": 0, 
                    "firstlienvalue": 0, 
                    "juniorliencount": 0, 
                    "juniorlienvalue": 0
                }, 
                {
                    "name": "Life insurance co., credit union, finance co.", 
                    "firstliencount": 1, 
                    "firstlienvalue": 75, 
                    "juniorliencount": 0, 
                    "juniorlienvalue": 0
                }, 
                {
                    "name": "Affiliate institution", 
                    "firstliencount": 0, 
                    "firstlienvalue": 0, 
                    "juniorliencount": 0, 
                    "juniorlienvalue": 0
                }, 
                {
                    "name": "Other", 
                    "firstliencount": 9, 
                    "firstlienvalue": 347, 
                    "juniorliencount": 20, 
                    "juniorlienvalue": 500
                }
            ]
        }, 
        {
            "point": "5.50 - 6.49", 
            "purchasers": [
                {
                    "name": "Fannie Mae", 
                    "firstliencount": 0, 
                    "firstlienvalue": 0, 
                    "juniorliencount": 0, 
                    "juniorlienvalue": 0
                }, 
                {
                    "name": "Ginnie Mae", 
                    "firstliencount": 0, 
                    "firstlienvalue": 0, 
                    "juniorliencount": 0, 
                    "juniorlienvalue": 0
                }, 
                {
                    "name": "Freddie Mac", 
                    "firstliencount": 0, 
                    "firstlienvalue": 0, 
                    "juniorliencount": 0, 
                    "juniorlienvalue": 0
                }, 
                {
                    "name": "Farmer Mac", 
                    "firstliencount": 0, 
                    "firstlienvalue": 0, 
                    "juniorliencount": 0, 
                    "juniorlienvalue": 0
                }, 
                {
                    "name": "Private Securitization", 
                    "firstliencount": 0, 
                    "firstlienvalue": 0, 
                    "juniorliencount": 0, 
                    "juniorlienvalue": 0
                }, 
                {
                    "name": "Commercial bank, savings bank or association", 
                    "firstliencount": 0, 
                    "firstlienvalue": 0, 
                    "juniorliencount": 0, 
                    "juniorlienvalue": 0
                }, 
                {
                    "name": "Life insurance co., credit union, finance co.", 
                    "firstliencount": 0, 
                    "firstlienvalue": 0, 
                    "juniorliencount": 0, 
                    "juniorlienvalue": 0
                }, 
                {
                    "name": "Affiliate institution", 
                    "firstliencount": 0, 
                    "firstlienvalue": 0, 
                    "juniorliencount": 0, 
                    "juniorlienvalue": 0
                }, 
                {
                    "name": "Other", 
                    "firstliencount": 0, 
                    "firstlienvalue": 0, 
                    "juniorliencount": 4, 
                    "juniorlienvalue": 99
                }
            ]
        }, 
        {
            "point": "6.5 or more", 
            "purchasers": [
                {
                    "name": "Fannie Mae", 
                    "firstliencount": 0, 
                    "firstlienvalue": 0, 
                    "juniorliencount": 0, 
                    "juniorlienvalue": 0
                }, 
                {
                    "name": "Ginnie Mae", 
                    "firstliencount": 0, 
                    "firstlienvalue": 0, 
                    "juniorliencount": 0, 
                    "juniorlienvalue": 0
                }, 
                {
                    "name": "Freddie Mac", 
                    "firstliencount": 0, 
                    "firstlienvalue": 0, 
                    "juniorliencount": 0, 
                    "juniorlienvalue": 0
                }, 
                {
                    "name": "Farmer Mac", 
                    "firstliencount": 0, 
                    "firstlienvalue": 0, 
                    "juniorliencount": 0, 
                    "juniorlienvalue": 0
                }, 
                {
                    "name": "Private Securitization", 
                    "firstliencount": 0, 
                    "firstlienvalue": 0, 
                    "juniorliencount": 0, 
                    "juniorlienvalue": 0
                }, 
                {
                    "name": "Commercial bank, savings bank or association", 
                    "firstliencount": 0, 
                    "firstlienvalue": 0, 
                    "juniorliencount": 0, 
                    "juniorlienvalue": 0
                }, 
                {
                    "name": "Life insurance co., credit union, finance co.", 
                    "firstliencount": 0, 
                    "firstlienvalue": 0, 
                    "juniorliencount": 0, 
                    "juniorlienvalue": 0
                }, 
                {
                    "name": "Affiliate institution", 
                    "firstliencount": 0, 
                    "firstlienvalue": 0, 
                    "juniorliencount": 0, 
                    "juniorlienvalue": 0
                }, 
                {
                    "name": "Other", 
                    "firstliencount": 0, 
                    "firstlienvalue": 0, 
                    "juniorliencount": 0, 
                    "juniorlienvalue": 0
                }
            ]
        }, 
        {
            "point": "mean", 
            "purchasers": [
                {
                    "name": "Fannie Mae", 
                    "firstlien": 0, 
                    "juniorlien": 0
                }, 
                {
                    "name": "Ginnie Mae", 
                    "firstlien": 0, 
                    "juniorlien": 0
                }, 
                {
                    "name": "Freddie Mac", 
                    "firstlien": 0, 
                    "juniorlien": 0
                }, 
                {
                    "name": "Farmer Mac", 
                    "firstlien": 0, 
                    "juniorlien": 0
                }, 
                {
                    "name": "Private Securitization", 
                    "firstlien": 0, 
                    "juniorlien": 0
                }, 
                {
                    "name": "Commercial bank, savings bank or association", 
                    "firstlien": 0, 
                    "juniorlien": 0
                }, 
                {
                    "name": "Life insurance co., credit union, finance co.", 
                    "firstlien": 0, 
                    "juniorlien": 0
                }, 
                {
                    "name": "Affiliate institution", 
                    "firstlien": 0, 
                    "juniorlien": 0
                }, 
                {
                    "name": "Other", 
                    "firstlien": 0, 
                    "juniorlien": 0
                }
            ]
        }, 
        {
            "point": "median", 
            "purchasers": [
                {
                    "name": "Fannie Mae", 
                    "firstlien": 0, 
                    "juniorlien": 0
                }, 
                {
                    "name": "Ginnie Mae", 
                    "firstlien": 0, 
                    "juniorlien": 0
                }, 
                {
                    "name": "Freddie Mac", 
                    "firstlien": 0, 
                    "juniorlien": 0
                }, 
                {
                    "name": "Farmer Mac", 
                    "firstlien": 0, 
                    "juniorlien": 0
                }, 
                {
                    "name": "Private Securitization", 
                    "firstlien": 0, 
                    "juniorlien": 0
                }, 
                {
                    "name": "Commercial bank, savings bank or association", 
                    "firstlien": 0, 
                    "juniorlien": 0
                }, 
                {
                    "name": "Life insurance co., credit union, finance co.", 
                    "firstlien": 0, 
                    "juniorlien": 0
                }, 
                {
                    "name": "Affiliate institution", 
                    "firstlien": 0, 
                    "juniorlien": 0
                }, 
                {
                    "name": "Other", 
                    "firstlien": 0, 
                    "juniorlien": 0
                }
            ]
        }
    ], 
    "hoepa": {
        "pricing": "hoepa loans", 
        "purchasers": [
            {
                "name": "Fannie Mae", 
                "firstliencount": 0, 
                "firstlienvalue": 0, 
                "juniorliencount": 0, 
                "juniorlienvalue": 0
            }, 
            {
                "name": "Ginnie Mae", 
                "firstliencount": 0, 
                "firstlienvalue": 0, 
                "juniorliencount": 0, 
                "juniorlienvalue": 0
            }, 
            {
                "name": "Freddie Mac", 
                "firstliencount": 0, 
                "firstlienvalue": 0, 
                "juniorliencount": 0, 
                "juniorlienvalue": 0
            }, 
            {
                "name": "Farmer Mac", 
                "firstliencount": 0, 
                "firstlienvalue": 0, 
                "juniorliencount": 0, 
                "juniorlienvalue": 0
            }, 
            {
                "name": "Private Securitization", 
                "firstliencount": 0, 
                "firstlienvalue": 0, 
                "juniorliencount": 0, 
                "juniorlienvalue": 0
            }, 
            {
                "name": "Commercial bank, savings bank or association", 
                "firstliencount": 0, 
                "firstlienvalue": 0, 
                "juniorliencount": 0, 
                "juniorlienvalue": 0
            }, 
            {
                "name": "Life insurance co., credit union, finance co.", 
                "firstliencount": 0, 
                "firstlienvalue": 0, 
                "juniorliencount": 0, 
                "juniorlienvalue": 0
            }, 
            {
                "name": "Affiliate institution", 
                "firstliencount": 0, 
                "firstlienvalue": 0, 
                "juniorliencount": 0, 
                "juniorlienvalue": 0
            }, 
            {
                "name": "Other", 
                "firstliencount": 0, 
                "firstlienvalue": 0, 
                "juniorliencount": 0, 
                "juniorlienvalue": 0
            }
        ]
    }
}