{
    "table": "4-7", 
    "type": "Aggregate", 
    "desc": "Disposition of applications for home-purchase, home improvement, or refinancing loans, manufactured home dwellings by race, ethnicity, gender and income of applicant", 
    "year": "2012", 
    "report-date": "05/03/2015", 
    "msa": {
        "id": "38060", 
        "name": "Phoenix-Mesa-Glendale", 
        "state": "AZ", 
        "state_name": "Arizona"
    }, 
    "races": [
        {
            "race": "American Indian/Alaska Native", 
            "dispositions": [
                {
                    "disposition": "Applications Received", 
                    "count": 1, 
                    "value": 51
                }, 
                {
                    "disposition": "Loans Originated", 
                    "count": 1, 
                    "value": 51
                }, 
                {
                    "disposition": "Apps. Approved But Not Accepted", 
                    "count": 0, 
                    "value": 0
                }, 
                {
                    "disposition": "Aplications Denied", 
                    "count": 0, 
                    "value": 0
                }, 
                {
                    "disposition": "Applications Withdrawn", 
                    "count": 0, 
                    "value": 0
                }, 
                {
                    "disposition": "Files Closed For Incompleteness", 
                    "count": 0, 
                    "value": 0
                }
            ], 
            "genders": [
                {
                    "gender": "Male", 
                    "dispositions": [
                        {
                            "disposition": "Applications Received", 
                            "count": 0, 
                            "value": 0
                        }, 
                        {
                            "disposition": "Loans Originated", 
                            "count": 0, 
                            "value": 0
                        }, 
                        {
                            "disposition": "Apps. Approved But Not Accepted", 
                            "count": 0, 
                            "value": 0
                        }, 
                        {
                            "disposition": "Aplications Denied", 
                            "count": 0, 
                            "value": 0
                        }, 
                        {
                            "disposition": "Applications Withdrawn", 
                            "count": 0, 
                            "value": 0
                        }, 
                        {
                            "disposition": "Files Closed For Incompleteness", 
                            "count": 0, 
                            "value": 0
                        }
                    ]
                }, 
                {
                    "gender": "Female", 
                    "dispositions": [
                        {
                            "disposition": "Applications Received", 
                            "count": 1, 
                            "value": 51
                        }, 
                        {
                            "disposition": "Loans Originated", 
                            "count": 1, 
                            "value": 51
                        }, 
                        {
                            "disposition": "Apps. Approved But Not Accepted", 
                            "count": 0, 
                            "value": 0
                        }, 
                        {
                            "disposition": "Aplications Denied", 
                            "count": 0, 
                            "value": 0
                        }, 
                        {
                            "disposition": "Applications Withdrawn", 
                            "count": 0, 
                            "value": 0
                        }, 
                        {
                            "disposition": "Files Closed For Incompleteness", 
                            "count": 0, 
                            "value": 0
                        }
                    ]
                }, 
                {
                    "gender": "Joint (Male/Female)", 
                    "dispositions": [
                        {
                            "disposition": "Applications Received", 
                            "count": 0, 
                            "value": 0
                        }, 
                        {
                            "disposition": "Loans Originated", 
                            "count": 0, 
                            "value": 0
                        }, 
                        {
                            "disposition": "Apps. Approved But Not Accepted", 
                            "count": 0, 
                            "value": 0
                        }, 
                        {
                            "disposition": "Aplications Denied", 
                            "count": 0, 
                            "value": 0
                        }, 
                        {
                            "disposition": "Applications Withdrawn", 
                            "count": 0, 
                            "value": 0
                        }, 
                        {
                            "disposition": "Files Closed For Incompleteness", 
                            "count": 0, 
                            "value": 0
                        }
                    ]
                }
            ]
        }, 
        {
            "race": "Asian", 
            "dispositions": [
                {
                    "disposition": "Applications Received", 
                    "count": 32, 
                    "value": 1892
                }, 
                {
                    "disposition": "Loans Originated", 
                    "count": 5, 
                    "value": 430
                }, 
                {
                    "disposition": "Apps. Approved But Not Accepted", 
                    "count": 2, 
                    "value": 98
                }, 
                {
                    "disposition": "Aplications Denied", 
                    "count": 24, 
                    "value": 1301
                }, 
                {
                    "disposition": "Applications Withdrawn", 
                    "count": 1, 
                    "value": 63
                }, 
                {
                    "disposition": "Files Closed For Incompleteness", 
                    "count": 0, 
                    "value": 0
                }
            ], 
            "genders": [
                {
                    "gender": "Male", 
                    "dispositions": [
                        {
                            "disposition": "Applications Received", 
                            "count": 11, 
                            "value": 593
                        }, 
                        {
                            "disposition": "Loans Originated", 
                            "count": 2, 
                            "value": 66
                        }, 
                        {
                            "disposition": "Apps. Approved But Not Accepted", 
                            "count": 0, 
                            "value": 0
                        }, 
                        {
                            "disposition": "Aplications Denied", 
                            "count": 9, 
                            "value": 527
                        }, 
                        {
                            "disposition": "Applications Withdrawn", 
                            "count": 0, 
                            "value": 0
                        }, 
                        {
                            "disposition": "Files Closed For Incompleteness", 
                            "count": 0, 
                            "value": 0
                        }
                    ]
                }, 
                {
                    "gender": "Female", 
                    "dispositions": [
                        {
                            "disposition": "Applications Received", 
                            "count": 9, 
                            "value": 366
                        }, 
                        {
                            "disposition": "Loans Originated", 
                            "count": 2, 
                            "value": 207
                        }, 
                        {
                            "disposition": "Apps. Approved But Not Accepted", 
                            "count": 0, 
                            "value": 0
                        }, 
                        {
                            "disposition": "Aplications Denied", 
                            "count": 7, 
                            "value": 159
                        }, 
                        {
                            "disposition": "Applications Withdrawn", 
                            "count": 0, 
                            "value": 0
                        }, 
                        {
                            "disposition": "Files Closed For Incompleteness", 
                            "count": 0, 
                            "value": 0
                        }
                    ]
                }, 
                {
                    "gender": "Joint (Male/Female)", 
                    "dispositions": [
                        {
                            "disposition": "Applications Received", 
                            "count": 11, 
                            "value": 729
                        }, 
                        {
                            "disposition": "Loans Originated", 
                            "count": 1, 
                            "value": 157
                        }, 
                        {
                            "disposition": "Apps. Approved But Not Accepted", 
                            "count": 2, 
                            "value": 98
                        }, 
                        {
                            "disposition": "Aplications Denied", 
                            "count": 7, 
                            "value": 411
                        }, 
                        {
                            "disposition": "Applications Withdrawn", 
                            "count": 1, 
                            "value": 63
                        }, 
                        {
                            "disposition": "Files Closed For Incompleteness", 
                            "count": 0, 
                            "value": 0
                        }
                    ]
                }
            ]
        }, 
        {
            "race": "Black or African American", 
            "dispositions": [
                {
                    "disposition": "Applications Received", 
                    "count": 9, 
                    "value": 535
                }, 
                {
                    "disposition": "Loans Originated", 
                    "count": 1, 
                    "value": 153
                }, 
                {
                    "disposition": "Apps. Approved But Not Accepted", 
                    "count": 0, 
                    "value": 0
                }, 
                {
                    "disposition": "Aplications Denied", 
                    "count": 6, 
                    "value": 164
                }, 
                {
                    "disposition": "Applications Withdrawn", 
                    "count": 2, 
                    "value": 218
                }, 
                {
                    "disposition": "Files Closed For Incompleteness", 
                    "count": 0, 
                    "value": 0
                }
            ], 
            "genders": [
                {
                    "gender": "Male", 
                    "dispositions": [
                        {
                            "disposition": "Applications Received", 
                            "count": 3, 
                            "value": 236
                        }, 
                        {
                            "disposition": "Loans Originated", 
                            "count": 0, 
                            "value": 0
                        }, 
                        {
                            "disposition": "Apps. Approved But Not Accepted", 
                            "count": 0, 
                            "value": 0
                        }, 
                        {
                            "disposition": "Aplications Denied", 
                            "count": 2, 
                            "value": 79
                        }, 
                        {
                            "disposition": "Applications Withdrawn", 
                            "count": 1, 
                            "value": 157
                        }, 
                        {
                            "disposition": "Files Closed For Incompleteness", 
                            "count": 0, 
                            "value": 0
                        }
                    ]
                }, 
                {
                    "gender": "Female", 
                    "dispositions": [
                        {
                            "disposition": "Applications Received", 
                            "count": 5, 
                            "value": 294
                        }, 
                        {
                            "disposition": "Loans Originated", 
                            "count": 1, 
                            "value": 153
                        }, 
                        {
                            "disposition": "Apps. Approved But Not Accepted", 
                            "count": 0, 
                            "value": 0
                        }, 
                        {
                            "disposition": "Aplications Denied", 
                            "count": 3, 
                            "value": 80
                        }, 
                        {
                            "disposition": "Applications Withdrawn", 
                            "count": 1, 
                            "value": 61
                        }, 
                        {
                            "disposition": "Files Closed For Incompleteness", 
                            "count": 0, 
                            "value": 0
                        }
                    ]
                }, 
                {
                    "gender": "Joint (Male/Female)", 
                    "dispositions": [
                        {
                            "disposition": "Applications Received", 
                            "count": 1, 
                            "value": 5
                        }, 
                        {
                            "disposition": "Loans Originated", 
                            "count": 0, 
                            "value": 0
                        }, 
                        {
                            "disposition": "Apps. Approved But Not Accepted", 
                            "count": 0, 
                            "value": 0
                        }, 
                        {
                            "disposition": "Aplications Denied", 
                            "count": 1, 
                            "value": 5
                        }, 
                        {
                            "disposition": "Applications Withdrawn", 
                            "count": 0, 
                            "value": 0
                        }, 
                        {
                            "disposition": "Files Closed For Incompleteness", 
                            "count": 0, 
                            "value": 0
                        }
                    ]
                }
            ]
        }, 
        {
            "race": "Native Hawaiian or Other Pacific Islander", 
            "dispositions": [
                {
                    "disposition": "Applications Received", 
                    "count": 29, 
                    "value": 1598
                }, 
                {
                    "disposition": "Loans Originated", 
                    "count": 7, 
                    "value": 477
                }, 
                {
                    "disposition": "Apps. Approved But Not Accepted", 
                    "count": 4, 
                    "value": 131
                }, 
                {
                    "disposition": "Aplications Denied", 
                    "count": 16, 
                    "value": 846
                }, 
                {
                    "disposition": "Applications Withdrawn", 
                    "count": 2, 
                    "value": 144
                }, 
                {
                    "disposition": "Files Closed For Incompleteness", 
                    "count": 0, 
                    "value": 0
                }
            ], 
            "genders": [
                {
                    "gender": "Male", 
                    "dispositions": [
                        {
                            "disposition": "Applications Received", 
                            "count": 12, 
                            "value": 753
                        }, 
                        {
                            "disposition": "Loans Originated", 
                            "count": 2, 
                            "value": 189
                        }, 
                        {
                            "disposition": "Apps. Approved But Not Accepted", 
                            "count": 0, 
                            "value": 0
                        }, 
                        {
                            "disposition": "Aplications Denied", 
                            "count": 9, 
                            "value": 528
                        }, 
                        {
                            "disposition": "Applications Withdrawn", 
                            "count": 1, 
                            "value": 36
                        }, 
                        {
                            "disposition": "Files Closed For Incompleteness", 
                            "count": 0, 
                            "value": 0
                        }
                    ]
                }, 
                {
                    "gender": "Female", 
                    "dispositions": [
                        {
                            "disposition": "Applications Received", 
                            "count": 16, 
                            "value": 775
                        }, 
                        {
                            "disposition": "Loans Originated", 
                            "count": 5, 
                            "value": 288
                        }, 
                        {
                            "disposition": "Apps. Approved But Not Accepted", 
                            "count": 4, 
                            "value": 131
                        }, 
                        {
                            "disposition": "Aplications Denied", 
                            "count": 6, 
                            "value": 248
                        }, 
                        {
                            "disposition": "Applications Withdrawn", 
                            "count": 1, 
                            "value": 108
                        }, 
                        {
                            "disposition": "Files Closed For Incompleteness", 
                            "count": 0, 
                            "value": 0
                        }
                    ]
                }, 
                {
                    "gender": "Joint (Male/Female)", 
                    "dispositions": [
                        {
                            "disposition": "Applications Received", 
                            "count": 1, 
                            "value": 70
                        }, 
                        {
                            "disposition": "Loans Originated", 
                            "count": 0, 
                            "value": 0
                        }, 
                        {
                            "disposition": "Apps. Approved But Not Accepted", 
                            "count": 0, 
                            "value": 0
                        }, 
                        {
                            "disposition": "Aplications Denied", 
                            "count": 1, 
                            "value": 70
                        }, 
                        {
                            "disposition": "Applications Withdrawn", 
                            "count": 0, 
                            "value": 0
                        }, 
                        {
                            "disposition": "Files Closed For Incompleteness", 
                            "count": 0, 
                            "value": 0
                        }
                    ]
                }
            ]
        }, 
        {
            "race": "White", 
            "dispositions": [
                {
                    "disposition": "Applications Received", 
                    "count": 5, 
                    "value": 152
                }, 
                {
                    "disposition": "Loans Originated", 
                    "count": 2, 
                    "value": 65
                }, 
                {
                    "disposition": "Apps. Approved But Not Accepted", 
                    "count": 0, 
                    "value": 0
                }, 
                {
                    "disposition": "Aplications Denied", 
                    "count": 2, 
                    "value": 37
                }, 
                {
                    "disposition": "Applications Withdrawn", 
                    "count": 1, 
                    "value": 50
                }, 
                {
                    "disposition": "Files Closed For Incompleteness", 
                    "count": 0, 
                    "value": 0
                }
            ], 
            "genders": [
                {
                    "gender": "Male", 
                    "dispositions": [
                        {
                            "disposition": "Applications Received", 
                            "count": 2, 
                            "value": 37
                        }, 
                        {
                            "disposition": "Loans Originated", 
                            "count": 0, 
                            "value": 0
                        }, 
                        {
                            "disposition": "Apps. Approved But Not Accepted", 
                            "count": 0, 
                            "value": 0
                        }, 
                        {
                            "disposition": "Aplications Denied", 
                            "count": 2, 
                            "value": 37
                        }, 
                        {
                            "disposition": "Applications Withdrawn", 
                            "count": 0, 
                            "value": 0
                        }, 
                        {
                            "disposition": "Files Closed For Incompleteness", 
                            "count": 0, 
                            "value": 0
                        }
                    ]
                }, 
                {
                    "gender": "Female", 
                    "dispositions": [
                        {
                            "disposition": "Applications Received", 
                            "count": 3, 
                            "value": 115
                        }, 
                        {
                            "disposition": "Loans Originated", 
                            "count": 2, 
                            "value": 65
                        }, 
                        {
                            "disposition": "Apps. Approved But Not Accepted", 
                            "count": 0, 
                            "value": 0
                        }, 
                        {
                            "disposition": "Aplications Denied", 
                            "count": 0, 
                            "value": 0
                        }, 
                        {
                            "disposition": "Applications Withdrawn", 
                            "count": 1, 
                            "value": 50
                        }, 
                        {
                            "disposition": "Files Closed For Incompleteness", 
                            "count": 0, 
                            "value": 0
                        }
                    ]
                }, 
                {
                    "gender": "Joint (Male/Female)", 
                    "dispositions": [
                        {
                            "disposition": "Applications Received", 
                            "count": 0, 
                            "value": 0
                        }, 
                        {
                            "disposition": "Loans Originated", 
                            "count": 0, 
                            "value": 0
                        }, 
                        {
                            "disposition": "Apps. Approved But Not Accepted", 
                            "count": 0, 
                            "value": 0
                        }, 
                        {
                            "disposition": "Aplications Denied", 
                            "count": 0, 
                            "value": 0
                        }, 
                        {
                            "disposition": "Applications Withdrawn", 
                            "count": 0, 
                            "value": 0
                        }, 
                        {
                            "disposition": "Files Closed For Incompleteness", 
                            "count": 0, 
                            "value": 0
                        }
                    ]
                }
            ]
        }, 
        {
            "race": "2 or more minority races", 
            "dispositions": [
                {
                    "disposition": "Applications Received", 
                    "count": 1850, 
                    "value": 131840
                }, 
                {
                    "disposition": "Loans Originated", 
                    "count": 776, 
                    "value": 59583
                }, 
                {
                    "disposition": "Apps. Approved But Not Accepted", 
                    "count": 250, 
                    "value": 15928
                }, 
                {
                    "disposition": "Aplications Denied", 
                    "count": 637, 
                    "value": 41359
                }, 
                {
                    "disposition": "Applications Withdrawn", 
                    "count": 148, 
                    "value": 11677
                }, 
                {
                    "disposition": "Files Closed For Incompleteness", 
                    "count": 39, 
                    "value": 3293
                }
            ], 
            "genders": [
                {
                    "gender": "Male", 
                    "dispositions": [
                        {
                            "disposition": "Applications Received", 
                            "count": 502, 
                            "value": 35517
                        }, 
                        {
                            "disposition": "Loans Originated", 
                            "count": 193, 
                            "value": 14922
                        }, 
                        {
                            "disposition": "Apps. Approved But Not Accepted", 
                            "count": 79, 
                            "value": 5176
                        }, 
                        {
                            "disposition": "Aplications Denied", 
                            "count": 190, 
                            "value": 12045
                        }, 
                        {
                            "disposition": "Applications Withdrawn", 
                            "count": 31, 
                            "value": 2562
                        }, 
                        {
                            "disposition": "Files Closed For Incompleteness", 
                            "count": 9, 
                            "value": 812
                        }
                    ]
                }, 
                {
                    "gender": "Female", 
                    "dispositions": [
                        {
                            "disposition": "Applications Received", 
                            "count": 501, 
                            "value": 33267
                        }, 
                        {
                            "disposition": "Loans Originated", 
                            "count": 185, 
                            "value": 13988
                        }, 
                        {
                            "disposition": "Apps. Approved But Not Accepted", 
                            "count": 56, 
                            "value": 3199
                        }, 
                        {
                            "disposition": "Aplications Denied", 
                            "count": 205, 
                            "value": 11783
                        }, 
                        {
                            "disposition": "Applications Withdrawn", 
                            "count": 47, 
                            "value": 3720
                        }, 
                        {
                            "disposition": "Files Closed For Incompleteness", 
                            "count": 8, 
                            "value": 577
                        }
                    ]
                }, 
                {
                    "gender": "Joint (Male/Female)", 
                    "dispositions": [
                        {
                            "disposition": "Applications Received", 
                            "count": 838, 
                            "value": 62496
                        }, 
                        {
                            "disposition": "Loans Originated", 
                            "count": 397, 
                            "value": 30609
                        }, 
                        {
                            "disposition": "Apps. Approved But Not Accepted", 
                            "count": 113, 
                            "value": 7419
                        }, 
                        {
                            "disposition": "Aplications Denied", 
                            "count": 237, 
                            "value": 17219
                        }, 
                        {
                            "disposition": "Applications Withdrawn", 
                            "count": 69, 
                            "value": 5345
                        }, 
                        {
                            "disposition": "Files Closed For Incompleteness", 
                            "count": 22, 
                            "value": 1904
                        }
                    ]
                }
            ]
        }, 
        {
            "race": "Joint (White/Minority Race", 
            "dispositions": [
                {
                    "disposition": "Applications Received", 
                    "count": 27, 
                    "value": 2188
                }, 
                {
                    "disposition": "Loans Originated", 
                    "count": 11, 
                    "value": 842
                }, 
                {
                    "disposition": "Apps. Approved But Not Accepted", 
                    "count": 6, 
                    "value": 486
                }, 
                {
                    "disposition": "Aplications Denied", 
                    "count": 7, 
                    "value": 626
                }, 
                {
                    "disposition": "Applications Withdrawn", 
                    "count": 2, 
                    "value": 166
                }, 
                {
                    "disposition": "Files Closed For Incompleteness", 
                    "count": 1, 
                    "value": 68
                }
            ], 
            "genders": [
                {
                    "gender": "Male", 
                    "dispositions": [
                        {
                            "disposition": "Applications Received", 
                            "count": 0, 
                            "value": 0
                        }, 
                        {
                            "disposition": "Loans Originated", 
                            "count": 0, 
                            "value": 0
                        }, 
                        {
                            "disposition": "Apps. Approved But Not Accepted", 
                            "count": 0, 
                            "value": 0
                        }, 
                        {
                            "disposition": "Aplications Denied", 
                            "count": 0, 
                            "value": 0
                        }, 
                        {
                            "disposition": "Applications Withdrawn", 
                            "count": 0, 
                            "value": 0
                        }, 
                        {
                            "disposition": "Files Closed For Incompleteness", 
                            "count": 0, 
                            "value": 0
                        }
                    ]
                }, 
                {
                    "gender": "Female", 
                    "dispositions": [
                        {
                            "disposition": "Applications Received", 
                            "count": 0, 
                            "value": 0
                        }, 
                        {
                            "disposition": "Loans Originated", 
                            "count": 0, 
                            "value": 0
                        }, 
                        {
                            "disposition": "Apps. Approved But Not Accepted", 
                            "count": 0, 
                            "value": 0
                        }, 
                        {
                            "disposition": "Aplications Denied", 
                            "count": 0, 
                            "value": 0
                        }, 
                        {
                            "disposition": "Applications Withdrawn", 
                            "count": 0, 
                            "value": 0
                        }, 
                        {
                            "disposition": "Files Closed For Incompleteness", 
                            "count": 0, 
                            "value": 0
                        }
                    ]
                }, 
                {
                    "gender": "Joint (Male/Female)", 
                    "dispositions": [
                        {
                            "disposition": "Applications Received", 
                            "count": 27, 
                            "value": 2188
                        }, 
                        {
                            "disposition": "Loans Originated", 
                            "count": 11, 
                            "value": 842
                        }, 
                        {
                            "disposition": "Apps. Approved But Not Accepted", 
                            "count": 6, 
                            "value": 486
                        }, 
                        {
                            "disposition": "Aplications Denied", 
                            "count": 7, 
                            "value": 626
                        }, 
                        {
                            "disposition": "Applications Withdrawn", 
                            "count": 2, 
                            "value": 166
                        }, 
                        {
                            "disposition": "Files Closed For Incompleteness", 
                            "count": 1, 
                            "value": 68
                        }
                    ]
                }
            ]
        }, 
        {
            "race": "Not Available", 
            "dispositions": [
                {
                    "disposition": "Applications Received", 
                    "count": 289, 
                    "value": 28151
                }, 
                {
                    "disposition": "Loans Originated", 
                    "count": 71, 
                    "value": 6196
                }, 
                {
                    "disposition": "Apps. Approved But Not Accepted", 
                    "count": 59, 
                    "value": 3655
                }, 
                {
                    "disposition": "Aplications Denied", 
                    "count": 144, 
                    "value": 16838
                }, 
                {
                    "disposition": "Applications Withdrawn", 
                    "count": 14, 
                    "value": 1389
                }, 
                {
                    "disposition": "Files Closed For Incompleteness", 
                    "count": 1, 
                    "value": 73
                }
            ], 
            "genders": [
                {
                    "gender": "Male", 
                    "dispositions": [
                        {
                            "disposition": "Applications Received", 
                            "count": 53, 
                            "value": 3678
                        }, 
                        {
                            "disposition": "Loans Originated", 
                            "count": 13, 
                            "value": 1136
                        }, 
                        {
                            "disposition": "Apps. Approved But Not Accepted", 
                            "count": 17, 
                            "value": 1090
                        }, 
                        {
                            "disposition": "Aplications Denied", 
                            "count": 21, 
                            "value": 1247
                        }, 
                        {
                            "disposition": "Applications Withdrawn", 
                            "count": 2, 
                            "value": 205
                        }, 
                        {
                            "disposition": "Files Closed For Incompleteness", 
                            "count": 0, 
                            "value": 0
                        }
                    ]
                }, 
                {
                    "gender": "Female", 
                    "dispositions": [
                        {
                            "disposition": "Applications Received", 
                            "count": 31, 
                            "value": 2054
                        }, 
                        {
                            "disposition": "Loans Originated", 
                            "count": 8, 
                            "value": 643
                        }, 
                        {
                            "disposition": "Apps. Approved But Not Accepted", 
                            "count": 5, 
                            "value": 246
                        }, 
                        {
                            "disposition": "Aplications Denied", 
                            "count": 16, 
                            "value": 982
                        }, 
                        {
                            "disposition": "Applications Withdrawn", 
                            "count": 2, 
                            "value": 183
                        }, 
                        {
                            "disposition": "Files Closed For Incompleteness", 
                            "count": 0, 
                            "value": 0
                        }
                    ]
                }, 
                {
                    "gender": "Joint (Male/Female)", 
                    "dispositions": [
                        {
                            "disposition": "Applications Received", 
                            "count": 52, 
                            "value": 3572
                        }, 
                        {
                            "disposition": "Loans Originated", 
                            "count": 11, 
                            "value": 881
                        }, 
                        {
                            "disposition": "Apps. Approved But Not Accepted", 
                            "count": 14, 
                            "value": 818
                        }, 
                        {
                            "disposition": "Aplications Denied", 
                            "count": 25, 
                            "value": 1655
                        }, 
                        {
                            "disposition": "Applications Withdrawn", 
                            "count": 2, 
                            "value": 218
                        }, 
                        {
                            "disposition": "Files Closed For Incompleteness", 
                            "count": 0, 
                            "value": 0
                        }
                    ]
                }
            ]
        }
    ], 
    "ethnicities": [
        {
            "ethnicity": "Hispanic or Latino", 
            "dispositions": [
                {
                    "disposition": "Applications Received", 
                    "count": 255, 
                    "value": 14197
                }, 
                {
                    "disposition": "Loans Originated", 
                    "count": 65, 
                    "value": 4502
                }, 
                {
                    "disposition": "Apps. Approved But Not Accepted", 
                    "count": 38, 
                    "value": 1850
                }, 
                {
                    "disposition": "Aplications Denied", 
                    "count": 127, 
                    "value": 6325
                }, 
                {
                    "disposition": "Applications Withdrawn", 
                    "count": 23, 
                    "value": 1361
                }, 
                {
                    "disposition": "Files Closed For Incompleteness", 
                    "count": 2, 
                    "value": 159
                }
            ], 
            "genders": [
                {
                    "gender": "Male", 
                    "dispositions": [
                        {
                            "disposition": "Applications Received", 
                            "count": 108, 
                            "value": 108
                        }, 
                        {
                            "disposition": "Loans Originated", 
                            "count": 32, 
                            "value": 2078
                        }, 
                        {
                            "disposition": "Apps. Approved But Not Accepted", 
                            "count": 19, 
                            "value": 1110
                        }, 
                        {
                            "disposition": "Aplications Denied", 
                            "count": 48, 
                            "value": 2371
                        }, 
                        {
                            "disposition": "Applications Withdrawn", 
                            "count": 8, 
                            "value": 465
                        }, 
                        {
                            "disposition": "Files Closed For Incompleteness", 
                            "count": 1, 
                            "value": 81
                        }
                    ]
                }, 
                {
                    "gender": "Female", 
                    "dispositions": [
                        {
                            "disposition": "Applications Received", 
                            "count": 74, 
                            "value": 74
                        }, 
                        {
                            "disposition": "Loans Originated", 
                            "count": 16, 
                            "value": 790
                        }, 
                        {
                            "disposition": "Apps. Approved But Not Accepted", 
                            "count": 4, 
                            "value": 101
                        }, 
                        {
                            "disposition": "Aplications Denied", 
                            "count": 45, 
                            "value": 1943
                        }, 
                        {
                            "disposition": "Applications Withdrawn", 
                            "count": 8, 
                            "value": 505
                        }, 
                        {
                            "disposition": "Files Closed For Incompleteness", 
                            "count": 1, 
                            "value": 78
                        }
                    ]
                }, 
                {
                    "gender": "Joint (Male/Female)", 
                    "dispositions": [
                        {
                            "disposition": "Applications Received", 
                            "count": 71, 
                            "value": 71
                        }, 
                        {
                            "disposition": "Loans Originated", 
                            "count": 17, 
                            "value": 1634
                        }, 
                        {
                            "disposition": "Apps. Approved But Not Accepted", 
                            "count": 15, 
                            "value": 639
                        }, 
                        {
                            "disposition": "Aplications Denied", 
                            "count": 32, 
                            "value": 1898
                        }, 
                        {
                            "disposition": "Applications Withdrawn", 
                            "count": 7, 
                            "value": 391
                        }, 
                        {
                            "disposition": "Files Closed For Incompleteness", 
                            "count": 0, 
                            "value": 0
                        }
                    ]
                }
            ]
        }, 
        {
            "ethnicity": "Not Hispanic or Latino", 
            "dispositions": [
                {
                    "disposition": "Applications Received", 
                    "count": 1663, 
                    "value": 120587
                }, 
                {
                    "disposition": "Loans Originated", 
                    "count": 724, 
                    "value": 56134
                }, 
                {
                    "disposition": "Apps. Approved But Not Accepted", 
                    "count": 223, 
                    "value": 13780
                }, 
                {
                    "disposition": "Aplications Denied", 
                    "count": 543, 
                    "value": 36145
                }, 
                {
                    "disposition": "Applications Withdrawn", 
                    "count": 135, 
                    "value": 11326
                }, 
                {
                    "disposition": "Files Closed For Incompleteness", 
                    "count": 38, 
                    "value": 3202
                }
            ], 
            "genders": [
                {
                    "gender": "Male", 
                    "dispositions": [
                        {
                            "disposition": "Applications Received", 
                            "count": 418, 
                            "value": 418
                        }, 
                        {
                            "disposition": "Loans Originated", 
                            "count": 166, 
                            "value": 13271
                        }, 
                        {
                            "disposition": "Apps. Approved But Not Accepted", 
                            "count": 66, 
                            "value": 4413
                        }, 
                        {
                            "disposition": "Aplications Denied", 
                            "count": 151, 
                            "value": 9699
                        }, 
                        {
                            "disposition": "Applications Withdrawn", 
                            "count": 27, 
                            "value": 2495
                        }, 
                        {
                            "disposition": "Files Closed For Incompleteness", 
                            "count": 8, 
                            "value": 731
                        }
                    ]
                }, 
                {
                    "gender": "Female", 
                    "dispositions": [
                        {
                            "disposition": "Applications Received", 
                            "count": 460, 
                            "value": 460
                        }, 
                        {
                            "disposition": "Loans Originated", 
                            "count": 180, 
                            "value": 14074
                        }, 
                        {
                            "disposition": "Apps. Approved But Not Accepted", 
                            "count": 56, 
                            "value": 3114
                        }, 
                        {
                            "disposition": "Aplications Denied", 
                            "count": 175, 
                            "value": 10313
                        }, 
                        {
                            "disposition": "Applications Withdrawn", 
                            "count": 42, 
                            "value": 3546
                        }, 
                        {
                            "disposition": "Files Closed For Incompleteness", 
                            "count": 7, 
                            "value": 499
                        }
                    ]
                }, 
                {
                    "gender": "Joint (Male/Female)", 
                    "dispositions": [
                        {
                            "disposition": "Applications Received", 
                            "count": 779, 
                            "value": 779
                        }, 
                        {
                            "disposition": "Loans Originated", 
                            "count": 377, 
                            "value": 28703
                        }, 
                        {
                            "disposition": "Apps. Approved But Not Accepted", 
                            "count": 100, 
                            "value": 6168
                        }, 
                        {
                            "disposition": "Aplications Denied", 
                            "count": 213, 
                            "value": 15638
                        }, 
                        {
                            "disposition": "Applications Withdrawn", 
                            "count": 66, 
                            "value": 5285
                        }, 
                        {
                            "disposition": "Files Closed For Incompleteness", 
                            "count": 23, 
                            "value": 1972
                        }
                    ]
                }
            ]
        }, 
        {
            "ethnicity": "Joint (Hispanic or Latino/Not Hispanic or Latino", 
            "dispositions": [
                {
                    "disposition": "Applications Received", 
                    "count": 36, 
                    "value": 3101
                }, 
                {
                    "disposition": "Loans Originated", 
                    "count": 18, 
                    "value": 1501
                }, 
                {
                    "disposition": "Apps. Approved But Not Accepted", 
                    "count": 6, 
                    "value": 609
                }, 
                {
                    "disposition": "Aplications Denied", 
                    "count": 12, 
                    "value": 991
                }, 
                {
                    "disposition": "Applications Withdrawn", 
                    "count": 0, 
                    "value": 0
                }, 
                {
                    "disposition": "Files Closed For Incompleteness", 
                    "count": 0, 
                    "value": 0
                }
            ], 
            "genders": [
                {
                    "gender": "Male", 
                    "dispositions": [
                        {
                            "disposition": "Applications Received", 
                            "count": 0, 
                            "value": 0
                        }, 
                        {
                            "disposition": "Loans Originated", 
                            "count": 0, 
                            "value": 0
                        }, 
                        {
                            "disposition": "Apps. Approved But Not Accepted", 
                            "count": 0, 
                            "value": 0
                        }, 
                        {
                            "disposition": "Aplications Denied", 
                            "count": 0, 
                            "value": 0
                        }, 
                        {
                            "disposition": "Applications Withdrawn", 
                            "count": 0, 
                            "value": 0
                        }, 
                        {
                            "disposition": "Files Closed For Incompleteness", 
                            "count": 0, 
                            "value": 0
                        }
                    ]
                }, 
                {
                    "gender": "Female", 
                    "dispositions": [
                        {
                            "disposition": "Applications Received", 
                            "count": 0, 
                            "value": 0
                        }, 
                        {
                            "disposition": "Loans Originated", 
                            "count": 0, 
                            "value": 0
                        }, 
                        {
                            "disposition": "Apps. Approved But Not Accepted", 
                            "count": 0, 
                            "value": 0
                        }, 
                        {
                            "disposition": "Aplications Denied", 
                            "count": 0, 
                            "value": 0
                        }, 
                        {
                            "disposition": "Applications Withdrawn", 
                            "count": 0, 
                            "value": 0
                        }, 
                        {
                            "disposition": "Files Closed For Incompleteness", 
                            "count": 0, 
                            "value": 0
                        }
                    ]
                }, 
                {
                    "gender": "Joint (Male/Female)", 
                    "dispositions": [
                        {
                            "disposition": "Applications Received", 
                            "count": 36, 
                            "value": 36
                        }, 
                        {
                            "disposition": "Loans Originated", 
                            "count": 18, 
                            "value": 1501
                        }, 
                        {
                            "disposition": "Apps. Approved But Not Accepted", 
                            "count": 6, 
                            "value": 609
                        }, 
                        {
                            "disposition": "Aplications Denied", 
                            "count": 12, 
                            "value": 991
                        }, 
                        {
                            "disposition": "Applications Withdrawn", 
                            "count": 0, 
                            "value": 0
                        }, 
                        {
                            "disposition": "Files Closed For Incompleteness", 
                            "count": 0, 
                            "value": 0
                        }
                    ]
                }
            ]
        }, 
        {
            "ethnicity": "Ethnicity Not Available", 
            "dispositions": [
                {
                    "disposition": "Applications Received", 
                    "count": 288, 
                    "value": 28522
                }, 
                {
                    "disposition": "Loans Originated", 
                    "count": 67, 
                    "value": 5660
                }, 
                {
                    "disposition": "Apps. Approved But Not Accepted", 
                    "count": 54, 
                    "value": 4059
                }, 
                {
                    "disposition": "Aplications Denied", 
                    "count": 154, 
                    "value": 17710
                }, 
                {
                    "disposition": "Applications Withdrawn", 
                    "count": 12, 
                    "value": 1020
                }, 
                {
                    "disposition": "Files Closed For Incompleteness", 
                    "count": 1, 
                    "value": 73
                }
            ], 
            "genders": [
                {
                    "gender": "Male", 
                    "dispositions": [
                        {
                            "disposition": "Applications Received", 
                            "count": 57, 
                            "value": 57
                        }, 
                        {
                            "disposition": "Loans Originated", 
                            "count": 12, 
                            "value": 964
                        }, 
                        {
                            "disposition": "Apps. Approved But Not Accepted", 
                            "count": 11, 
                            "value": 743
                        }, 
                        {
                            "disposition": "Aplications Denied", 
                            "count": 34, 
                            "value": 2393
                        }, 
                        {
                            "disposition": "Applications Withdrawn", 
                            "count": 0, 
                            "value": 0
                        }, 
                        {
                            "disposition": "Files Closed For Incompleteness", 
                            "count": 0, 
                            "value": 0
                        }
                    ]
                }, 
                {
                    "gender": "Female", 
                    "dispositions": [
                        {
                            "disposition": "Applications Received", 
                            "count": 32, 
                            "value": 32
                        }, 
                        {
                            "disposition": "Loans Originated", 
                            "count": 8, 
                            "value": 531
                        }, 
                        {
                            "disposition": "Apps. Approved But Not Accepted", 
                            "count": 5, 
                            "value": 361
                        }, 
                        {
                            "disposition": "Aplications Denied", 
                            "count": 17, 
                            "value": 996
                        }, 
                        {
                            "disposition": "Applications Withdrawn", 
                            "count": 2, 
                            "value": 71
                        }, 
                        {
                            "disposition": "Files Closed For Incompleteness", 
                            "count": 0, 
                            "value": 0
                        }
                    ]
                }, 
                {
                    "gender": "Joint (Male/Female)", 
                    "dispositions": [
                        {
                            "disposition": "Applications Received", 
                            "count": 44, 
                            "value": 44
                        }, 
                        {
                            "disposition": "Loans Originated", 
                            "count": 8, 
                            "value": 651
                        }, 
                        {
                            "disposition": "Apps. Approved But Not Accepted", 
                            "count": 14, 
                            "value": 1405
                        }, 
                        {
                            "disposition": "Aplications Denied", 
                            "count": 21, 
                            "value": 1459
                        }, 
                        {
                            "disposition": "Applications Withdrawn", 
                            "count": 1, 
                            "value": 116
                        }, 
                        {
                            "disposition": "Files Closed For Incompleteness", 
                            "count": 0, 
                            "value": 0
                        }
                    ]
                }
            ]
        }
    ], 
    "minoritystatuses": [
        {
            "minoritystatus": "White Non-Hispanic", 
            "dispositions": [
                {
                    "disposition": "Applications Received", 
                    "count": 1860, 
                    "value": 143270
                }, 
                {
                    "disposition": "Loans Originated", 
                    "count": 767, 
                    "value": 59994
                }, 
                {
                    "disposition": "Apps. Approved But Not Accepted", 
                    "count": 265, 
                    "value": 17124
                }, 
                {
                    "disposition": "Aplications Denied", 
                    "count": 650, 
                    "value": 51177
                }, 
                {
                    "disposition": "Applications Withdrawn", 
                    "count": 140, 
                    "value": 11768
                }, 
                {
                    "disposition": "Files Closed For Incompleteness", 
                    "count": 38, 
                    "value": 3207
                }
            ], 
            "genders": [
                {
                    "gender": "Male", 
                    "dispositions": [
                        {
                            "disposition": "Applications Received", 
                            "count": 33770, 
                            "value": 0
                        }, 
                        {
                            "disposition": "Loans Originated", 
                            "count": 175, 
                            "value": 14010
                        }, 
                        {
                            "disposition": "Apps. Approved But Not Accepted", 
                            "count": 77, 
                            "value": 5156
                        }, 
                        {
                            "disposition": "Aplications Denied", 
                            "count": 167, 
                            "value": 11119
                        }, 
                        {
                            "disposition": "Applications Withdrawn", 
                            "count": 25, 
                            "value": 2302
                        }, 
                        {
                            "disposition": "Files Closed For Incompleteness", 
                            "count": 8, 
                            "value": 731
                        }
                    ]
                }, 
                {
                    "gender": "Female", 
                    "dispositions": [
                        {
                            "disposition": "Applications Received", 
                            "count": 32342, 
                            "value": 0
                        }, 
                        {
                            "disposition": "Loans Originated", 
                            "count": 178, 
                            "value": 13872
                        }, 
                        {
                            "disposition": "Apps. Approved But Not Accepted", 
                            "count": 57, 
                            "value": 3344
                        }, 
                        {
                            "disposition": "Aplications Denied", 
                            "count": 177, 
                            "value": 10769
                        }, 
                        {
                            "disposition": "Applications Withdrawn", 
                            "count": 41, 
                            "value": 3398
                        }, 
                        {
                            "disposition": "Files Closed For Incompleteness", 
                            "count": 7, 
                            "value": 499
                        }
                    ]
                }, 
                {
                    "gender": "Joint (Male/Female)", 
                    "dispositions": [
                        {
                            "disposition": "Applications Received", 
                            "count": 59564, 
                            "value": 0
                        }, 
                        {
                            "disposition": "Loans Originated", 
                            "count": 374, 
                            "value": 28512
                        }, 
                        {
                            "disposition": "Apps. Approved But Not Accepted", 
                            "count": 106, 
                            "value": 6989
                        }, 
                        {
                            "disposition": "Aplications Denied", 
                            "count": 221, 
                            "value": 16136
                        }, 
                        {
                            "disposition": "Applications Withdrawn", 
                            "count": 65, 
                            "value": 5235
                        }, 
                        {
                            "disposition": "Files Closed For Incompleteness", 
                            "count": 22, 
                            "value": 1904
                        }
                    ]
                }
            ]
        }, 
        {
            "minoritystatus": "Others, Including Hispanic", 
            "dispositions": [
                {
                    "disposition": "Applications Received", 
                    "count": 382, 
                    "value": 23137
                }, 
                {
                    "disposition": "Loans Originated", 
                    "count": 107, 
                    "value": 7803
                }, 
                {
                    "disposition": "Apps. Approved But Not Accepted", 
                    "count": 56, 
                    "value": 3174
                }, 
                {
                    "disposition": "Aplications Denied", 
                    "count": 186, 
                    "value": 9994
                }, 
                {
                    "disposition": "Applications Withdrawn", 
                    "count": 30, 
                    "value": 1939
                }, 
                {
                    "disposition": "Files Closed For Incompleteness", 
                    "count": 3, 
                    "value": 227
                }
            ], 
            "genders": [
                {
                    "gender": "Male", 
                    "dispositions": [
                        {
                            "disposition": "Applications Received", 
                            "count": 7627, 
                            "value": 0
                        }, 
                        {
                            "disposition": "Loans Originated", 
                            "count": 35, 
                            "value": 2303
                        }, 
                        {
                            "disposition": "Apps. Approved But Not Accepted", 
                            "count": 19, 
                            "value": 1110
                        }, 
                        {
                            "disposition": "Aplications Denied", 
                            "count": 66, 
                            "value": 3344
                        }, 
                        {
                            "disposition": "Applications Withdrawn", 
                            "count": 10, 
                            "value": 658
                        }, 
                        {
                            "disposition": "Files Closed For Incompleteness", 
                            "count": 1, 
                            "value": 81
                        }
                    ]
                }, 
                {
                    "gender": "Female", 
                    "dispositions": [
                        {
                            "disposition": "Applications Received", 
                            "count": 5146, 
                            "value": 0
                        }, 
                        {
                            "disposition": "Loans Originated", 
                            "count": 26, 
                            "value": 1523
                        }, 
                        {
                            "disposition": "Apps. Approved But Not Accepted", 
                            "count": 8, 
                            "value": 232
                        }, 
                        {
                            "disposition": "Aplications Denied", 
                            "count": 60, 
                            "value": 2483
                        }, 
                        {
                            "disposition": "Applications Withdrawn", 
                            "count": 11, 
                            "value": 724
                        }, 
                        {
                            "disposition": "Files Closed For Incompleteness", 
                            "count": 1, 
                            "value": 78
                        }
                    ]
                }, 
                {
                    "gender": "Joint (Male/Female)", 
                    "dispositions": [
                        {
                            "disposition": "Applications Received", 
                            "count": 10426, 
                            "value": 0
                        }, 
                        {
                            "disposition": "Loans Originated", 
                            "count": 46, 
                            "value": 3977
                        }, 
                        {
                            "disposition": "Apps. Approved But Not Accepted", 
                            "count": 29, 
                            "value": 1832
                        }, 
                        {
                            "disposition": "Aplications Denied", 
                            "count": 57, 
                            "value": 3850
                        }, 
                        {
                            "disposition": "Applications Withdrawn", 
                            "count": 9, 
                            "value": 557
                        }, 
                        {
                            "disposition": "Files Closed For Incompleteness", 
                            "count": 1, 
                            "value": 68
                        }
                    ]
                }
            ]
        }
    ], 
    "incomes": [
        {
            "income": "Less than 50% of MSA/MD median", 
            "dispositions": [
                {
                    "disposition": "Applications Received", 
                    "count": 607, 
                    "value": 32208
                }, 
                {
                    "disposition": "Loans Originated", 
                    "count": 193, 
                    "value": 11337
                }, 
                {
                    "disposition": "Apps. Approved But Not Accepted", 
                    "count": 62, 
                    "value": 2423
                }, 
                {
                    "disposition": "Aplications Denied", 
                    "count": 291, 
                    "value": 14501
                }, 
                {
                    "disposition": "Applications Withdrawn", 
                    "count": 53, 
                    "value": 3428
                }, 
                {
                    "disposition": "Files Closed For Incompleteness", 
                    "count": 8, 
                    "value": 519
                }
            ]
        }, 
        {
            "income": "50-79% of MSA/MD median", 
            "dispositions": [
                {
                    "disposition": "Applications Received", 
                    "count": 638, 
                    "value": 42602
                }, 
                {
                    "disposition": "Loans Originated", 
                    "count": 252, 
                    "value": 17559
                }, 
                {
                    "disposition": "Apps. Approved But Not Accepted", 
                    "count": 108, 
                    "value": 6770
                }, 
                {
                    "disposition": "Aplications Denied", 
                    "count": 227, 
                    "value": 13904
                }, 
                {
                    "disposition": "Applications Withdrawn", 
                    "count": 41, 
                    "value": 3559
                }, 
                {
                    "disposition": "Files Closed For Incompleteness", 
                    "count": 10, 
                    "value": 810
                }
            ]
        }, 
        {
            "income": "80-99% of MSA/MD median", 
            "dispositions": [
                {
                    "disposition": "Applications Received", 
                    "count": 300, 
                    "value": 22915
                }, 
                {
                    "disposition": "Loans Originated", 
                    "count": 123, 
                    "value": 10268
                }, 
                {
                    "disposition": "Apps. Approved But Not Accepted", 
                    "count": 43, 
                    "value": 2714
                }, 
                {
                    "disposition": "Aplications Denied", 
                    "count": 102, 
                    "value": 7504
                }, 
                {
                    "disposition": "Applications Withdrawn", 
                    "count": 26, 
                    "value": 1971
                }, 
                {
                    "disposition": "Files Closed For Incompleteness", 
                    "count": 6, 
                    "value": 458
                }
            ]
        }, 
        {
            "income": "100-119% of MSA/MD median", 
            "dispositions": [
                {
                    "disposition": "Applications Received", 
                    "count": 181, 
                    "value": 13966
                }, 
                {
                    "disposition": "Loans Originated", 
                    "count": 78, 
                    "value": 5924
                }, 
                {
                    "disposition": "Apps. Approved But Not Accepted", 
                    "count": 36, 
                    "value": 2527
                }, 
                {
                    "disposition": "Aplications Denied", 
                    "count": 55, 
                    "value": 4411
                }, 
                {
                    "disposition": "Applications Withdrawn", 
                    "count": 8, 
                    "value": 673
                }, 
                {
                    "disposition": "Files Closed For Incompleteness", 
                    "count": 4, 
                    "value": 431
                }
            ]
        }, 
        {
            "income": "120% or more of MSA/MD median", 
            "dispositions": [
                {
                    "disposition": "Applications Received", 
                    "count": 362, 
                    "value": 30540
                }, 
                {
                    "disposition": "Loans Originated", 
                    "count": 136, 
                    "value": 10935
                }, 
                {
                    "disposition": "Apps. Approved But Not Accepted", 
                    "count": 65, 
                    "value": 5235
                }, 
                {
                    "disposition": "Aplications Denied", 
                    "count": 129, 
                    "value": 11635
                }, 
                {
                    "disposition": "Applications Withdrawn", 
                    "count": 24, 
                    "value": 2123
                }, 
                {
                    "disposition": "Files Closed For Incompleteness", 
                    "count": 8, 
                    "value": 612
                }
            ]
        }, 
        {
            "income": "Income not available", 
            "dispositions": [
                {
                    "disposition": "Applications Received", 
                    "count": 154, 
                    "value": 24176
                }, 
                {
                    "disposition": "Loans Originated", 
                    "count": 92, 
                    "value": 11774
                }, 
                {
                    "disposition": "Apps. Approved But Not Accepted", 
                    "count": 7, 
                    "value": 629
                }, 
                {
                    "disposition": "Aplications Denied", 
                    "count": 32, 
                    "value": 9216
                }, 
                {
                    "disposition": "Applications Withdrawn", 
                    "count": 18, 
                    "value": 1953
                }, 
                {
                    "disposition": "Files Closed For Incompleteness", 
                    "count": 5, 
                    "value": 604
                }
            ]
        }
    ], 
    "total": [
        {
            "disposition": "Applications Received", 
            "count": 0, 
            "value": 0
        }, 
        {
            "disposition": "Loans Originated", 
            "count": 874, 
            "value": 67797
        }, 
        {
            "disposition": "Apps. Approved But Not Accepted", 
            "count": 321, 
            "value": 20298
        }, 
        {
            "disposition": "Aplications Denied", 
            "count": 836, 
            "value": 61171
        }, 
        {
            "disposition": "Applications Withdrawn", 
            "count": 170, 
            "value": 13707
        }, 
        {
            "disposition": "Files Closed For Incompleteness", 
            "count": 41, 
            "value": 3434
        }
    ]
}