{
    "table": "4-1", 
    "type": "Aggregate", 
    "desc": "Disposition of applications for FHA, FSA/RHS, and VA home-purchase loans, 1- to 4-family and manufactured home dwellings, by race, ethnicity, gender and income of applicant", 
    "year": "2013", 
    "msa": {
        "id": "12540", 
        "name": "Bakersfield-Delano", 
        "state": "CA", 
        "state_name": "California"
    }, 
    "races": [
        {
            "race": "American Indian/Alaska Native", 
            "dispositions": [
                {
                    "disposition": "Applications Received", 
                    "count": 39, 
                    "value": 7416
                }, 
                {
                    "disposition": "Loans Originated", 
                    "count": 31, 
                    "value": 5978
                }, 
                {
                    "disposition": "Apps. Approved But Not Accepted", 
                    "count": 0, 
                    "value": 0
                }, 
                {
                    "disposition": "Aplications Denied", 
                    "count": 2, 
                    "value": 532
                }, 
                {
                    "disposition": "Applications Withdrawn", 
                    "count": 4, 
                    "value": 667
                }, 
                {
                    "disposition": "Files Closed For Incompleteness", 
                    "count": 2, 
                    "value": 239
                }
            ], 
            "genders": [
                {
                    "gender": "Male", 
                    "dispositions": [
                        {
                            "disposition": "Applications Received", 
                            "count": 20, 
                            "value": 3208
                        }, 
                        {
                            "disposition": "Loans Originated", 
                            "count": 16, 
                            "value": 2554
                        }, 
                        {
                            "disposition": "Apps. Approved But Not Accepted", 
                            "count": 0, 
                            "value": 0
                        }, 
                        {
                            "disposition": "Aplications Denied", 
                            "count": 1, 
                            "value": 157
                        }, 
                        {
                            "disposition": "Applications Withdrawn", 
                            "count": 2, 
                            "value": 304
                        }, 
                        {
                            "disposition": "Files Closed For Incompleteness", 
                            "count": 1, 
                            "value": 193
                        }
                    ]
                }, 
                {
                    "gender": "Female", 
                    "dispositions": [
                        {
                            "disposition": "Applications Received", 
                            "count": 11, 
                            "value": 2232
                        }, 
                        {
                            "disposition": "Loans Originated", 
                            "count": 8, 
                            "value": 1823
                        }, 
                        {
                            "disposition": "Apps. Approved But Not Accepted", 
                            "count": 0, 
                            "value": 0
                        }, 
                        {
                            "disposition": "Aplications Denied", 
                            "count": 0, 
                            "value": 0
                        }, 
                        {
                            "disposition": "Applications Withdrawn", 
                            "count": 2, 
                            "value": 363
                        }, 
                        {
                            "disposition": "Files Closed For Incompleteness", 
                            "count": 1, 
                            "value": 46
                        }
                    ]
                }, 
                {
                    "gender": "Joint (Male/Female)", 
                    "dispositions": [
                        {
                            "disposition": "Applications Received", 
                            "count": 7, 
                            "value": 1804
                        }, 
                        {
                            "disposition": "Loans Originated", 
                            "count": 6, 
                            "value": 1429
                        }, 
                        {
                            "disposition": "Apps. Approved But Not Accepted", 
                            "count": 0, 
                            "value": 0
                        }, 
                        {
                            "disposition": "Aplications Denied", 
                            "count": 1, 
                            "value": 375
                        }, 
                        {
                            "disposition": "Applications Withdrawn", 
                            "count": 0, 
                            "value": 0
                        }, 
                        {
                            "disposition": "Files Closed For Incompleteness", 
                            "count": 0, 
                            "value": 0
                        }
                    ]
                }
            ]
        }, 
        {
            "race": "Asian", 
            "dispositions": [
                {
                    "disposition": "Applications Received", 
                    "count": 61, 
                    "value": 9694
                }, 
                {
                    "disposition": "Loans Originated", 
                    "count": 46, 
                    "value": 7714
                }, 
                {
                    "disposition": "Apps. Approved But Not Accepted", 
                    "count": 3, 
                    "value": 306
                }, 
                {
                    "disposition": "Aplications Denied", 
                    "count": 3, 
                    "value": 367
                }, 
                {
                    "disposition": "Applications Withdrawn", 
                    "count": 9, 
                    "value": 1307
                }, 
                {
                    "disposition": "Files Closed For Incompleteness", 
                    "count": 0, 
                    "value": 0
                }
            ], 
            "genders": [
                {
                    "gender": "Male", 
                    "dispositions": [
                        {
                            "disposition": "Applications Received", 
                            "count": 38, 
                            "value": 5646
                        }, 
                        {
                            "disposition": "Loans Originated", 
                            "count": 27, 
                            "value": 4283
                        }, 
                        {
                            "disposition": "Apps. Approved But Not Accepted", 
                            "count": 3, 
                            "value": 306
                        }, 
                        {
                            "disposition": "Aplications Denied", 
                            "count": 2, 
                            "value": 287
                        }, 
                        {
                            "disposition": "Applications Withdrawn", 
                            "count": 6, 
                            "value": 770
                        }, 
                        {
                            "disposition": "Files Closed For Incompleteness", 
                            "count": 0, 
                            "value": 0
                        }
                    ]
                }, 
                {
                    "gender": "Female", 
                    "dispositions": [
                        {
                            "disposition": "Applications Received", 
                            "count": 9, 
                            "value": 1195
                        }, 
                        {
                            "disposition": "Loans Originated", 
                            "count": 7, 
                            "value": 992
                        }, 
                        {
                            "disposition": "Apps. Approved But Not Accepted", 
                            "count": 0, 
                            "value": 0
                        }, 
                        {
                            "disposition": "Aplications Denied", 
                            "count": 1, 
                            "value": 80
                        }, 
                        {
                            "disposition": "Applications Withdrawn", 
                            "count": 1, 
                            "value": 123
                        }, 
                        {
                            "disposition": "Files Closed For Incompleteness", 
                            "count": 0, 
                            "value": 0
                        }
                    ]
                }, 
                {
                    "gender": "Joint (Male/Female)", 
                    "dispositions": [
                        {
                            "disposition": "Applications Received", 
                            "count": 13, 
                            "value": 2486
                        }, 
                        {
                            "disposition": "Loans Originated", 
                            "count": 11, 
                            "value": 2072
                        }, 
                        {
                            "disposition": "Apps. Approved But Not Accepted", 
                            "count": 0, 
                            "value": 0
                        }, 
                        {
                            "disposition": "Aplications Denied", 
                            "count": 0, 
                            "value": 0
                        }, 
                        {
                            "disposition": "Applications Withdrawn", 
                            "count": 2, 
                            "value": 414
                        }, 
                        {
                            "disposition": "Files Closed For Incompleteness", 
                            "count": 0, 
                            "value": 0
                        }
                    ]
                }
            ]
        }, 
        {
            "race": "Black or African American", 
            "dispositions": [
                {
                    "disposition": "Applications Received", 
                    "count": 144, 
                    "value": 28147
                }, 
                {
                    "disposition": "Loans Originated", 
                    "count": 100, 
                    "value": 19696
                }, 
                {
                    "disposition": "Apps. Approved But Not Accepted", 
                    "count": 6, 
                    "value": 1383
                }, 
                {
                    "disposition": "Aplications Denied", 
                    "count": 20, 
                    "value": 3698
                }, 
                {
                    "disposition": "Applications Withdrawn", 
                    "count": 13, 
                    "value": 2486
                }, 
                {
                    "disposition": "Files Closed For Incompleteness", 
                    "count": 5, 
                    "value": 884
                }
            ], 
            "genders": [
                {
                    "gender": "Male", 
                    "dispositions": [
                        {
                            "disposition": "Applications Received", 
                            "count": 53, 
                            "value": 9629
                        }, 
                        {
                            "disposition": "Loans Originated", 
                            "count": 35, 
                            "value": 6345
                        }, 
                        {
                            "disposition": "Apps. Approved But Not Accepted", 
                            "count": 1, 
                            "value": 254
                        }, 
                        {
                            "disposition": "Aplications Denied", 
                            "count": 7, 
                            "value": 1318
                        }, 
                        {
                            "disposition": "Applications Withdrawn", 
                            "count": 7, 
                            "value": 1259
                        }, 
                        {
                            "disposition": "Files Closed For Incompleteness", 
                            "count": 3, 
                            "value": 453
                        }
                    ]
                }, 
                {
                    "gender": "Female", 
                    "dispositions": [
                        {
                            "disposition": "Applications Received", 
                            "count": 48, 
                            "value": 9274
                        }, 
                        {
                            "disposition": "Loans Originated", 
                            "count": 33, 
                            "value": 6284
                        }, 
                        {
                            "disposition": "Apps. Approved But Not Accepted", 
                            "count": 2, 
                            "value": 562
                        }, 
                        {
                            "disposition": "Aplications Denied", 
                            "count": 11, 
                            "value": 1961
                        }, 
                        {
                            "disposition": "Applications Withdrawn", 
                            "count": 1, 
                            "value": 193
                        }, 
                        {
                            "disposition": "Files Closed For Incompleteness", 
                            "count": 1, 
                            "value": 274
                        }
                    ]
                }, 
                {
                    "gender": "Joint (Male/Female)", 
                    "dispositions": [
                        {
                            "disposition": "Applications Received", 
                            "count": 41, 
                            "value": 8867
                        }, 
                        {
                            "disposition": "Loans Originated", 
                            "count": 31, 
                            "value": 6847
                        }, 
                        {
                            "disposition": "Apps. Approved But Not Accepted", 
                            "count": 3, 
                            "value": 567
                        }, 
                        {
                            "disposition": "Aplications Denied", 
                            "count": 2, 
                            "value": 419
                        }, 
                        {
                            "disposition": "Applications Withdrawn", 
                            "count": 5, 
                            "value": 1034
                        }, 
                        {
                            "disposition": "Files Closed For Incompleteness", 
                            "count": 0, 
                            "value": 0
                        }
                    ]
                }
            ]
        }, 
        {
            "race": "Native Hawaiian or Other Pacific Islander", 
            "dispositions": [
                {
                    "disposition": "Applications Received", 
                    "count": 180, 
                    "value": 35687
                }, 
                {
                    "disposition": "Loans Originated", 
                    "count": 117, 
                    "value": 23756
                }, 
                {
                    "disposition": "Apps. Approved But Not Accepted", 
                    "count": 3, 
                    "value": 483
                }, 
                {
                    "disposition": "Aplications Denied", 
                    "count": 28, 
                    "value": 5928
                }, 
                {
                    "disposition": "Applications Withdrawn", 
                    "count": 28, 
                    "value": 4551
                }, 
                {
                    "disposition": "Files Closed For Incompleteness", 
                    "count": 4, 
                    "value": 969
                }
            ], 
            "genders": [
                {
                    "gender": "Male", 
                    "dispositions": [
                        {
                            "disposition": "Applications Received", 
                            "count": 72, 
                            "value": 14983
                        }, 
                        {
                            "disposition": "Loans Originated", 
                            "count": 45, 
                            "value": 9176
                        }, 
                        {
                            "disposition": "Apps. Approved But Not Accepted", 
                            "count": 1, 
                            "value": 128
                        }, 
                        {
                            "disposition": "Aplications Denied", 
                            "count": 14, 
                            "value": 3359
                        }, 
                        {
                            "disposition": "Applications Withdrawn", 
                            "count": 9, 
                            "value": 1546
                        }, 
                        {
                            "disposition": "Files Closed For Incompleteness", 
                            "count": 3, 
                            "value": 774
                        }
                    ]
                }, 
                {
                    "gender": "Female", 
                    "dispositions": [
                        {
                            "disposition": "Applications Received", 
                            "count": 75, 
                            "value": 12812
                        }, 
                        {
                            "disposition": "Loans Originated", 
                            "count": 45, 
                            "value": 8148
                        }, 
                        {
                            "disposition": "Apps. Approved But Not Accepted", 
                            "count": 2, 
                            "value": 355
                        }, 
                        {
                            "disposition": "Aplications Denied", 
                            "count": 12, 
                            "value": 2071
                        }, 
                        {
                            "disposition": "Applications Withdrawn", 
                            "count": 15, 
                            "value": 2043
                        }, 
                        {
                            "disposition": "Files Closed For Incompleteness", 
                            "count": 1, 
                            "value": 195
                        }
                    ]
                }, 
                {
                    "gender": "Joint (Male/Female)", 
                    "dispositions": [
                        {
                            "disposition": "Applications Received", 
                            "count": 33, 
                            "value": 7892
                        }, 
                        {
                            "disposition": "Loans Originated", 
                            "count": 27, 
                            "value": 6432
                        }, 
                        {
                            "disposition": "Apps. Approved But Not Accepted", 
                            "count": 0, 
                            "value": 0
                        }, 
                        {
                            "disposition": "Aplications Denied", 
                            "count": 2, 
                            "value": 498
                        }, 
                        {
                            "disposition": "Applications Withdrawn", 
                            "count": 4, 
                            "value": 962
                        }, 
                        {
                            "disposition": "Files Closed For Incompleteness", 
                            "count": 0, 
                            "value": 0
                        }
                    ]
                }
            ]
        }, 
        {
            "race": "White", 
            "dispositions": [
                {
                    "disposition": "Applications Received", 
                    "count": 24, 
                    "value": 4342
                }, 
                {
                    "disposition": "Loans Originated", 
                    "count": 22, 
                    "value": 4025
                }, 
                {
                    "disposition": "Apps. Approved But Not Accepted", 
                    "count": 0, 
                    "value": 0
                }, 
                {
                    "disposition": "Aplications Denied", 
                    "count": 1, 
                    "value": 108
                }, 
                {
                    "disposition": "Applications Withdrawn", 
                    "count": 1, 
                    "value": 209
                }, 
                {
                    "disposition": "Files Closed For Incompleteness", 
                    "count": 0, 
                    "value": 0
                }
            ], 
            "genders": [
                {
                    "gender": "Male", 
                    "dispositions": [
                        {
                            "disposition": "Applications Received", 
                            "count": 2, 
                            "value": 294
                        }, 
                        {
                            "disposition": "Loans Originated", 
                            "count": 2, 
                            "value": 294
                        }, 
                        {
                            "disposition": "Apps. Approved But Not Accepted", 
                            "count": 0, 
                            "value": 0
                        }, 
                        {
                            "disposition": "Aplications Denied", 
                            "count": 0, 
                            "value": 0
                        }, 
                        {
                            "disposition": "Applications Withdrawn", 
                            "count": 0, 
                            "value": 0
                        }, 
                        {
                            "disposition": "Files Closed For Incompleteness", 
                            "count": 0, 
                            "value": 0
                        }
                    ]
                }, 
                {
                    "gender": "Female", 
                    "dispositions": [
                        {
                            "disposition": "Applications Received", 
                            "count": 4, 
                            "value": 764
                        }, 
                        {
                            "disposition": "Loans Originated", 
                            "count": 4, 
                            "value": 764
                        }, 
                        {
                            "disposition": "Apps. Approved But Not Accepted", 
                            "count": 0, 
                            "value": 0
                        }, 
                        {
                            "disposition": "Aplications Denied", 
                            "count": 0, 
                            "value": 0
                        }, 
                        {
                            "disposition": "Applications Withdrawn", 
                            "count": 0, 
                            "value": 0
                        }, 
                        {
                            "disposition": "Files Closed For Incompleteness", 
                            "count": 0, 
                            "value": 0
                        }
                    ]
                }, 
                {
                    "gender": "Joint (Male/Female)", 
                    "dispositions": [
                        {
                            "disposition": "Applications Received", 
                            "count": 18, 
                            "value": 3284
                        }, 
                        {
                            "disposition": "Loans Originated", 
                            "count": 16, 
                            "value": 2967
                        }, 
                        {
                            "disposition": "Apps. Approved But Not Accepted", 
                            "count": 0, 
                            "value": 0
                        }, 
                        {
                            "disposition": "Aplications Denied", 
                            "count": 1, 
                            "value": 108
                        }, 
                        {
                            "disposition": "Applications Withdrawn", 
                            "count": 1, 
                            "value": 209
                        }, 
                        {
                            "disposition": "Files Closed For Incompleteness", 
                            "count": 0, 
                            "value": 0
                        }
                    ]
                }
            ]
        }, 
        {
            "race": "2 or more minority races", 
            "dispositions": [
                {
                    "disposition": "Applications Received", 
                    "count": 5059, 
                    "value": 936933
                }, 
                {
                    "disposition": "Loans Originated", 
                    "count": 3564, 
                    "value": 672282
                }, 
                {
                    "disposition": "Apps. Approved But Not Accepted", 
                    "count": 160, 
                    "value": 27683
                }, 
                {
                    "disposition": "Aplications Denied", 
                    "count": 610, 
                    "value": 108200
                }, 
                {
                    "disposition": "Applications Withdrawn", 
                    "count": 657, 
                    "value": 115561
                }, 
                {
                    "disposition": "Files Closed For Incompleteness", 
                    "count": 68, 
                    "value": 13207
                }
            ], 
            "genders": [
                {
                    "gender": "Male", 
                    "dispositions": [
                        {
                            "disposition": "Applications Received", 
                            "count": 2395, 
                            "value": 427197
                        }, 
                        {
                            "disposition": "Loans Originated", 
                            "count": 1697, 
                            "value": 307658
                        }, 
                        {
                            "disposition": "Apps. Approved But Not Accepted", 
                            "count": 66, 
                            "value": 11205
                        }, 
                        {
                            "disposition": "Aplications Denied", 
                            "count": 278, 
                            "value": 47996
                        }, 
                        {
                            "disposition": "Applications Withdrawn", 
                            "count": 323, 
                            "value": 54373
                        }, 
                        {
                            "disposition": "Files Closed For Incompleteness", 
                            "count": 31, 
                            "value": 5965
                        }
                    ]
                }, 
                {
                    "gender": "Female", 
                    "dispositions": [
                        {
                            "disposition": "Applications Received", 
                            "count": 847, 
                            "value": 132860
                        }, 
                        {
                            "disposition": "Loans Originated", 
                            "count": 556, 
                            "value": 88667
                        }, 
                        {
                            "disposition": "Apps. Approved But Not Accepted", 
                            "count": 33, 
                            "value": 5292
                        }, 
                        {
                            "disposition": "Aplications Denied", 
                            "count": 123, 
                            "value": 17515
                        }, 
                        {
                            "disposition": "Applications Withdrawn", 
                            "count": 123, 
                            "value": 19103
                        }, 
                        {
                            "disposition": "Files Closed For Incompleteness", 
                            "count": 12, 
                            "value": 2283
                        }
                    ]
                }, 
                {
                    "gender": "Joint (Male/Female)", 
                    "dispositions": [
                        {
                            "disposition": "Applications Received", 
                            "count": 1803, 
                            "value": 374740
                        }, 
                        {
                            "disposition": "Loans Originated", 
                            "count": 1303, 
                            "value": 274692
                        }, 
                        {
                            "disposition": "Apps. Approved But Not Accepted", 
                            "count": 60, 
                            "value": 10940
                        }, 
                        {
                            "disposition": "Aplications Denied", 
                            "count": 207, 
                            "value": 42445
                        }, 
                        {
                            "disposition": "Applications Withdrawn", 
                            "count": 208, 
                            "value": 41704
                        }, 
                        {
                            "disposition": "Files Closed For Incompleteness", 
                            "count": 25, 
                            "value": 4959
                        }
                    ]
                }
            ]
        }, 
        {
            "race": "Joint (White/Minority Race", 
            "dispositions": [
                {
                    "disposition": "Applications Received", 
                    "count": 56, 
                    "value": 11360
                }, 
                {
                    "disposition": "Loans Originated", 
                    "count": 44, 
                    "value": 8976
                }, 
                {
                    "disposition": "Apps. Approved But Not Accepted", 
                    "count": 2, 
                    "value": 402
                }, 
                {
                    "disposition": "Aplications Denied", 
                    "count": 9, 
                    "value": 1843
                }, 
                {
                    "disposition": "Applications Withdrawn", 
                    "count": 1, 
                    "value": 139
                }, 
                {
                    "disposition": "Files Closed For Incompleteness", 
                    "count": 0, 
                    "value": 0
                }
            ], 
            "genders": [
                {
                    "gender": "Male", 
                    "dispositions": [
                        {
                            "disposition": "Applications Received", 
                            "count": 4, 
                            "value": 866
                        }, 
                        {
                            "disposition": "Loans Originated", 
                            "count": 2, 
                            "value": 335
                        }, 
                        {
                            "disposition": "Apps. Approved But Not Accepted", 
                            "count": 0, 
                            "value": 0
                        }, 
                        {
                            "disposition": "Aplications Denied", 
                            "count": 2, 
                            "value": 531
                        }, 
                        {
                            "disposition": "Applications Withdrawn", 
                            "count": 0, 
                            "value": 0
                        }, 
                        {
                            "disposition": "Files Closed For Incompleteness", 
                            "count": 0, 
                            "value": 0
                        }
                    ]
                }, 
                {
                    "gender": "Female", 
                    "dispositions": [
                        {
                            "disposition": "Applications Received", 
                            "count": 2, 
                            "value": 293
                        }, 
                        {
                            "disposition": "Loans Originated", 
                            "count": 2, 
                            "value": 293
                        }, 
                        {
                            "disposition": "Apps. Approved But Not Accepted", 
                            "count": 0, 
                            "value": 0
                        }, 
                        {
                            "disposition": "Aplications Denied", 
                            "count": 0, 
                            "value": 0
                        }, 
                        {
                            "disposition": "Applications Withdrawn", 
                            "count": 0, 
                            "value": 0
                        }, 
                        {
                            "disposition": "Files Closed For Incompleteness", 
                            "count": 0, 
                            "value": 0
                        }
                    ]
                }, 
                {
                    "gender": "Joint (Male/Female)", 
                    "dispositions": [
                        {
                            "disposition": "Applications Received", 
                            "count": 50, 
                            "value": 10201
                        }, 
                        {
                            "disposition": "Loans Originated", 
                            "count": 40, 
                            "value": 8348
                        }, 
                        {
                            "disposition": "Apps. Approved But Not Accepted", 
                            "count": 2, 
                            "value": 402
                        }, 
                        {
                            "disposition": "Aplications Denied", 
                            "count": 7, 
                            "value": 1312
                        }, 
                        {
                            "disposition": "Applications Withdrawn", 
                            "count": 1, 
                            "value": 139
                        }, 
                        {
                            "disposition": "Files Closed For Incompleteness", 
                            "count": 0, 
                            "value": 0
                        }
                    ]
                }
            ]
        }, 
        {
            "race": "Not Available", 
            "dispositions": [
                {
                    "disposition": "Applications Received", 
                    "count": 386, 
                    "value": 71515
                }, 
                {
                    "disposition": "Loans Originated", 
                    "count": 225, 
                    "value": 43534
                }, 
                {
                    "disposition": "Apps. Approved But Not Accepted", 
                    "count": 15, 
                    "value": 2722
                }, 
                {
                    "disposition": "Aplications Denied", 
                    "count": 60, 
                    "value": 10362
                }, 
                {
                    "disposition": "Applications Withdrawn", 
                    "count": 74, 
                    "value": 12740
                }, 
                {
                    "disposition": "Files Closed For Incompleteness", 
                    "count": 12, 
                    "value": 2157
                }
            ], 
            "genders": [
                {
                    "gender": "Male", 
                    "dispositions": [
                        {
                            "disposition": "Applications Received", 
                            "count": 84, 
                            "value": 15612
                        }, 
                        {
                            "disposition": "Loans Originated", 
                            "count": 48, 
                            "value": 8915
                        }, 
                        {
                            "disposition": "Apps. Approved But Not Accepted", 
                            "count": 5, 
                            "value": 1095
                        }, 
                        {
                            "disposition": "Aplications Denied", 
                            "count": 12, 
                            "value": 1950
                        }, 
                        {
                            "disposition": "Applications Withdrawn", 
                            "count": 15, 
                            "value": 2825
                        }, 
                        {
                            "disposition": "Files Closed For Incompleteness", 
                            "count": 4, 
                            "value": 827
                        }
                    ]
                }, 
                {
                    "gender": "Female", 
                    "dispositions": [
                        {
                            "disposition": "Applications Received", 
                            "count": 40, 
                            "value": 6568
                        }, 
                        {
                            "disposition": "Loans Originated", 
                            "count": 20, 
                            "value": 3605
                        }, 
                        {
                            "disposition": "Apps. Approved But Not Accepted", 
                            "count": 3, 
                            "value": 497
                        }, 
                        {
                            "disposition": "Aplications Denied", 
                            "count": 9, 
                            "value": 1460
                        }, 
                        {
                            "disposition": "Applications Withdrawn", 
                            "count": 8, 
                            "value": 1006
                        }, 
                        {
                            "disposition": "Files Closed For Incompleteness", 
                            "count": 0, 
                            "value": 0
                        }
                    ]
                }, 
                {
                    "gender": "Joint (Male/Female)", 
                    "dispositions": [
                        {
                            "disposition": "Applications Received", 
                            "count": 77, 
                            "value": 17011
                        }, 
                        {
                            "disposition": "Loans Originated", 
                            "count": 59, 
                            "value": 13294
                        }, 
                        {
                            "disposition": "Apps. Approved But Not Accepted", 
                            "count": 2, 
                            "value": 398
                        }, 
                        {
                            "disposition": "Aplications Denied", 
                            "count": 6, 
                            "value": 1388
                        }, 
                        {
                            "disposition": "Applications Withdrawn", 
                            "count": 6, 
                            "value": 1085
                        }, 
                        {
                            "disposition": "Files Closed For Incompleteness", 
                            "count": 4, 
                            "value": 846
                        }
                    ]
                }
            ]
        }
    ], 
    "ethnicities": [
        {
            "ethnicity": "Hispanic or Latino", 
            "dispositions": [
                {
                    "disposition": "Applications Received", 
                    "count": 2556, 
                    "value": 427717
                }, 
                {
                    "disposition": "Loans Originated", 
                    "count": 1713, 
                    "value": 292419
                }, 
                {
                    "disposition": "Apps. Approved But Not Accepted", 
                    "count": 83, 
                    "value": 12713
                }, 
                {
                    "disposition": "Aplications Denied", 
                    "count": 354, 
                    "value": 57061
                }, 
                {
                    "disposition": "Applications Withdrawn", 
                    "count": 370, 
                    "value": 58941
                }, 
                {
                    "disposition": "Files Closed For Incompleteness", 
                    "count": 36, 
                    "value": 6583
                }
            ], 
            "genders": [
                {
                    "gender": "Male", 
                    "dispositions": [
                        {
                            "disposition": "Applications Received", 
                            "count": 1371, 
                            "value": 1371
                        }, 
                        {
                            "disposition": "Loans Originated", 
                            "count": 937, 
                            "value": 156114
                        }, 
                        {
                            "disposition": "Apps. Approved But Not Accepted", 
                            "count": 41, 
                            "value": 6142
                        }, 
                        {
                            "disposition": "Aplications Denied", 
                            "count": 177, 
                            "value": 28298
                        }, 
                        {
                            "disposition": "Applications Withdrawn", 
                            "count": 197, 
                            "value": 30608
                        }, 
                        {
                            "disposition": "Files Closed For Incompleteness", 
                            "count": 19, 
                            "value": 3522
                        }
                    ]
                }, 
                {
                    "gender": "Female", 
                    "dispositions": [
                        {
                            "disposition": "Applications Received", 
                            "count": 473, 
                            "value": 473
                        }, 
                        {
                            "disposition": "Loans Originated", 
                            "count": 297, 
                            "value": 43803
                        }, 
                        {
                            "disposition": "Apps. Approved But Not Accepted", 
                            "count": 16, 
                            "value": 2429
                        }, 
                        {
                            "disposition": "Aplications Denied", 
                            "count": 82, 
                            "value": 11608
                        }, 
                        {
                            "disposition": "Applications Withdrawn", 
                            "count": 70, 
                            "value": 10088
                        }, 
                        {
                            "disposition": "Files Closed For Incompleteness", 
                            "count": 8, 
                            "value": 1422
                        }
                    ]
                }, 
                {
                    "gender": "Joint (Male/Female)", 
                    "dispositions": [
                        {
                            "disposition": "Applications Received", 
                            "count": 702, 
                            "value": 702
                        }, 
                        {
                            "disposition": "Loans Originated", 
                            "count": 473, 
                            "value": 91334
                        }, 
                        {
                            "disposition": "Apps. Approved But Not Accepted", 
                            "count": 26, 
                            "value": 4142
                        }, 
                        {
                            "disposition": "Aplications Denied", 
                            "count": 93, 
                            "value": 16911
                        }, 
                        {
                            "disposition": "Applications Withdrawn", 
                            "count": 101, 
                            "value": 17992
                        }, 
                        {
                            "disposition": "Files Closed For Incompleteness", 
                            "count": 9, 
                            "value": 1639
                        }
                    ]
                }
            ]
        }, 
        {
            "ethnicity": "Not Hispanic or Latino", 
            "dispositions": [
                {
                    "disposition": "Applications Received", 
                    "count": 2893, 
                    "value": 578676
                }, 
                {
                    "disposition": "Loans Originated", 
                    "count": 2117, 
                    "value": 428683
                }, 
                {
                    "disposition": "Apps. Approved But Not Accepted", 
                    "count": 89, 
                    "value": 17108
                }, 
                {
                    "disposition": "Aplications Denied", 
                    "count": 308, 
                    "value": 60841
                }, 
                {
                    "disposition": "Applications Withdrawn", 
                    "count": 336, 
                    "value": 63422
                }, 
                {
                    "disposition": "Files Closed For Incompleteness", 
                    "count": 43, 
                    "value": 8622
                }
            ], 
            "genders": [
                {
                    "gender": "Male", 
                    "dispositions": [
                        {
                            "disposition": "Applications Received", 
                            "count": 1236, 
                            "value": 1236
                        }, 
                        {
                            "disposition": "Loans Originated", 
                            "count": 898, 
                            "value": 175909
                        }, 
                        {
                            "disposition": "Apps. Approved But Not Accepted", 
                            "count": 32, 
                            "value": 6265
                        }, 
                        {
                            "disposition": "Aplications Denied", 
                            "count": 133, 
                            "value": 26308
                        }, 
                        {
                            "disposition": "Applications Withdrawn", 
                            "count": 154, 
                            "value": 28304
                        }, 
                        {
                            "disposition": "Files Closed For Incompleteness", 
                            "count": 19, 
                            "value": 3846
                        }
                    ]
                }, 
                {
                    "gender": "Female", 
                    "dispositions": [
                        {
                            "disposition": "Applications Received", 
                            "count": 539, 
                            "value": 539
                        }, 
                        {
                            "disposition": "Loans Originated", 
                            "count": 366, 
                            "value": 64765
                        }, 
                        {
                            "disposition": "Apps. Approved But Not Accepted", 
                            "count": 22, 
                            "value": 3959
                        }, 
                        {
                            "disposition": "Aplications Denied", 
                            "count": 69, 
                            "value": 10797
                        }, 
                        {
                            "disposition": "Applications Withdrawn", 
                            "count": 75, 
                            "value": 12114
                        }, 
                        {
                            "disposition": "Files Closed For Incompleteness", 
                            "count": 7, 
                            "value": 1376
                        }
                    ]
                }, 
                {
                    "gender": "Joint (Male/Female)", 
                    "dispositions": [
                        {
                            "disposition": "Applications Received", 
                            "count": 1108, 
                            "value": 1108
                        }, 
                        {
                            "disposition": "Loans Originated", 
                            "count": 847, 
                            "value": 186852
                        }, 
                        {
                            "disposition": "Apps. Approved But Not Accepted", 
                            "count": 34, 
                            "value": 6638
                        }, 
                        {
                            "disposition": "Aplications Denied", 
                            "count": 105, 
                            "value": 23584
                        }, 
                        {
                            "disposition": "Applications Withdrawn", 
                            "count": 106, 
                            "value": 22876
                        }, 
                        {
                            "disposition": "Files Closed For Incompleteness", 
                            "count": 16, 
                            "value": 3243
                        }
                    ]
                }
            ]
        }, 
        {
            "ethnicity": "Joint (Hispanic or Latino/Not Hispanic or Latino", 
            "dispositions": [
                {
                    "disposition": "Applications Received", 
                    "count": 188, 
                    "value": 40330
                }, 
                {
                    "disposition": "Loans Originated", 
                    "count": 136, 
                    "value": 28748
                }, 
                {
                    "disposition": "Apps. Approved But Not Accepted", 
                    "count": 5, 
                    "value": 1092
                }, 
                {
                    "disposition": "Aplications Denied", 
                    "count": 24, 
                    "value": 5241
                }, 
                {
                    "disposition": "Applications Withdrawn", 
                    "count": 19, 
                    "value": 4375
                }, 
                {
                    "disposition": "Files Closed For Incompleteness", 
                    "count": 4, 
                    "value": 874
                }
            ], 
            "genders": [
                {
                    "gender": "Male", 
                    "dispositions": [
                        {
                            "disposition": "Applications Received", 
                            "count": 6, 
                            "value": 6
                        }, 
                        {
                            "disposition": "Loans Originated", 
                            "count": 5, 
                            "value": 1112
                        }, 
                        {
                            "disposition": "Apps. Approved But Not Accepted", 
                            "count": 0, 
                            "value": 0
                        }, 
                        {
                            "disposition": "Aplications Denied", 
                            "count": 0, 
                            "value": 0
                        }, 
                        {
                            "disposition": "Applications Withdrawn", 
                            "count": 0, 
                            "value": 0
                        }, 
                        {
                            "disposition": "Files Closed For Incompleteness", 
                            "count": 1, 
                            "value": 157
                        }
                    ]
                }, 
                {
                    "gender": "Female", 
                    "dispositions": [
                        {
                            "disposition": "Applications Received", 
                            "count": 2, 
                            "value": 2
                        }, 
                        {
                            "disposition": "Loans Originated", 
                            "count": 1, 
                            "value": 114
                        }, 
                        {
                            "disposition": "Apps. Approved But Not Accepted", 
                            "count": 0, 
                            "value": 0
                        }, 
                        {
                            "disposition": "Aplications Denied", 
                            "count": 0, 
                            "value": 0
                        }, 
                        {
                            "disposition": "Applications Withdrawn", 
                            "count": 1, 
                            "value": 173
                        }, 
                        {
                            "disposition": "Files Closed For Incompleteness", 
                            "count": 0, 
                            "value": 0
                        }
                    ]
                }, 
                {
                    "gender": "Joint (Male/Female)", 
                    "dispositions": [
                        {
                            "disposition": "Applications Received", 
                            "count": 180, 
                            "value": 180
                        }, 
                        {
                            "disposition": "Loans Originated", 
                            "count": 130, 
                            "value": 27522
                        }, 
                        {
                            "disposition": "Apps. Approved But Not Accepted", 
                            "count": 5, 
                            "value": 1092
                        }, 
                        {
                            "disposition": "Aplications Denied", 
                            "count": 24, 
                            "value": 5241
                        }, 
                        {
                            "disposition": "Applications Withdrawn", 
                            "count": 18, 
                            "value": 4202
                        }, 
                        {
                            "disposition": "Files Closed For Incompleteness", 
                            "count": 3, 
                            "value": 717
                        }
                    ]
                }
            ]
        }, 
        {
            "ethnicity": "Ethnicity Not Available", 
            "dispositions": [
                {
                    "disposition": "Applications Received", 
                    "count": 312, 
                    "value": 58371
                }, 
                {
                    "disposition": "Loans Originated", 
                    "count": 183, 
                    "value": 36111
                }, 
                {
                    "disposition": "Apps. Approved But Not Accepted", 
                    "count": 12, 
                    "value": 2066
                }, 
                {
                    "disposition": "Aplications Denied", 
                    "count": 47, 
                    "value": 7895
                }, 
                {
                    "disposition": "Applications Withdrawn", 
                    "count": 62, 
                    "value": 10922
                }, 
                {
                    "disposition": "Files Closed For Incompleteness", 
                    "count": 8, 
                    "value": 1377
                }
            ], 
            "genders": [
                {
                    "gender": "Male", 
                    "dispositions": [
                        {
                            "disposition": "Applications Received", 
                            "count": 55, 
                            "value": 55
                        }, 
                        {
                            "disposition": "Loans Originated", 
                            "count": 32, 
                            "value": 6425
                        }, 
                        {
                            "disposition": "Apps. Approved But Not Accepted", 
                            "count": 3, 
                            "value": 581
                        }, 
                        {
                            "disposition": "Aplications Denied", 
                            "count": 6, 
                            "value": 992
                        }, 
                        {
                            "disposition": "Applications Withdrawn", 
                            "count": 11, 
                            "value": 2165
                        }, 
                        {
                            "disposition": "Files Closed For Incompleteness", 
                            "count": 3, 
                            "value": 687
                        }
                    ]
                }, 
                {
                    "gender": "Female", 
                    "dispositions": [
                        {
                            "disposition": "Applications Received", 
                            "count": 22, 
                            "value": 22
                        }, 
                        {
                            "disposition": "Loans Originated", 
                            "count": 11, 
                            "value": 1894
                        }, 
                        {
                            "disposition": "Apps. Approved But Not Accepted", 
                            "count": 2, 
                            "value": 318
                        }, 
                        {
                            "disposition": "Aplications Denied", 
                            "count": 5, 
                            "value": 682
                        }, 
                        {
                            "disposition": "Applications Withdrawn", 
                            "count": 4, 
                            "value": 456
                        }, 
                        {
                            "disposition": "Files Closed For Incompleteness", 
                            "count": 0, 
                            "value": 0
                        }
                    ]
                }, 
                {
                    "gender": "Joint (Male/Female)", 
                    "dispositions": [
                        {
                            "disposition": "Applications Received", 
                            "count": 52, 
                            "value": 52
                        }, 
                        {
                            "disposition": "Loans Originated", 
                            "count": 43, 
                            "value": 10373
                        }, 
                        {
                            "disposition": "Apps. Approved But Not Accepted", 
                            "count": 2, 
                            "value": 435
                        }, 
                        {
                            "disposition": "Aplications Denied", 
                            "count": 4, 
                            "value": 809
                        }, 
                        {
                            "disposition": "Applications Withdrawn", 
                            "count": 2, 
                            "value": 477
                        }, 
                        {
                            "disposition": "Files Closed For Incompleteness", 
                            "count": 1, 
                            "value": 206
                        }
                    ]
                }
            ]
        }
    ], 
    "minoritystatuses": [
        {
            "minoritystatus": "White Non-Hispanic", 
            "dispositions": [
                {
                    "disposition": "Applications Received", 
                    "count": 2800, 
                    "value": 557590
                }, 
                {
                    "disposition": "Loans Originated", 
                    "count": 2020, 
                    "value": 409211
                }, 
                {
                    "disposition": "Apps. Approved But Not Accepted", 
                    "count": 90, 
                    "value": 16906
                }, 
                {
                    "disposition": "Aplications Denied", 
                    "count": 296, 
                    "value": 56920
                }, 
                {
                    "disposition": "Applications Withdrawn", 
                    "count": 352, 
                    "value": 66407
                }, 
                {
                    "disposition": "Files Closed For Incompleteness", 
                    "count": 42, 
                    "value": 8146
                }
            ], 
            "genders": [
                {
                    "gender": "Male", 
                    "dispositions": [
                        {
                            "disposition": "Applications Received", 
                            "count": 225278, 
                            "value": 0
                        }, 
                        {
                            "disposition": "Loans Originated", 
                            "count": 837, 
                            "value": 164915
                        }, 
                        {
                            "disposition": "Apps. Approved But Not Accepted", 
                            "count": 33, 
                            "value": 6464
                        }, 
                        {
                            "disposition": "Aplications Denied", 
                            "count": 116, 
                            "value": 22055
                        }, 
                        {
                            "disposition": "Applications Withdrawn", 
                            "count": 147, 
                            "value": 27389
                        }, 
                        {
                            "disposition": "Files Closed For Incompleteness", 
                            "count": 16, 
                            "value": 3306
                        }
                    ]
                }, 
                {
                    "gender": "Female", 
                    "dispositions": [
                        {
                            "disposition": "Applications Received", 
                            "count": 72062, 
                            "value": 0
                        }, 
                        {
                            "disposition": "Loans Originated", 
                            "count": 289, 
                            "value": 49945
                        }, 
                        {
                            "disposition": "Apps. Approved But Not Accepted", 
                            "count": 20, 
                            "value": 3360
                        }, 
                        {
                            "disposition": "Aplications Denied", 
                            "count": 50, 
                            "value": 7367
                        }, 
                        {
                            "disposition": "Applications Withdrawn", 
                            "count": 62, 
                            "value": 10057
                        }, 
                        {
                            "disposition": "Files Closed For Incompleteness", 
                            "count": 5, 
                            "value": 907
                        }
                    ]
                }, 
                {
                    "gender": "Joint (Male/Female)", 
                    "dispositions": [
                        {
                            "disposition": "Applications Received", 
                            "count": 229525, 
                            "value": 0
                        }, 
                        {
                            "disposition": "Loans Originated", 
                            "count": 792, 
                            "value": 175995
                        }, 
                        {
                            "disposition": "Apps. Approved But Not Accepted", 
                            "count": 31, 
                            "value": 6104
                        }, 
                        {
                            "disposition": "Aplications Denied", 
                            "count": 97, 
                            "value": 21934
                        }, 
                        {
                            "disposition": "Applications Withdrawn", 
                            "count": 97, 
                            "value": 21009
                        }, 
                        {
                            "disposition": "Files Closed For Incompleteness", 
                            "count": 17, 
                            "value": 3449
                        }
                    ]
                }
            ]
        }, 
        {
            "minoritystatus": "Others, Including Hispanic", 
            "dispositions": [
                {
                    "disposition": "Applications Received", 
                    "count": 3149, 
                    "value": 547504
                }, 
                {
                    "disposition": "Loans Originated", 
                    "count": 2129, 
                    "value": 376750
                }, 
                {
                    "disposition": "Apps. Approved But Not Accepted", 
                    "count": 99, 
                    "value": 16073
                }, 
                {
                    "disposition": "Aplications Denied", 
                    "count": 437, 
                    "value": 74118
                }, 
                {
                    "disposition": "Applications Withdrawn", 
                    "count": 435, 
                    "value": 71253
                }, 
                {
                    "disposition": "Files Closed For Incompleteness", 
                    "count": 49, 
                    "value": 9310
                }
            ], 
            "genders": [
                {
                    "gender": "Male", 
                    "dispositions": [
                        {
                            "disposition": "Applications Received", 
                            "count": 254825, 
                            "value": 0
                        }, 
                        {
                            "disposition": "Loans Originated", 
                            "count": 1035, 
                            "value": 174645
                        }, 
                        {
                            "disposition": "Apps. Approved But Not Accepted", 
                            "count": 43, 
                            "value": 6524
                        }, 
                        {
                            "disposition": "Aplications Denied", 
                            "count": 200, 
                            "value": 33543
                        }, 
                        {
                            "disposition": "Applications Withdrawn", 
                            "count": 215, 
                            "value": 33688
                        }, 
                        {
                            "disposition": "Files Closed For Incompleteness", 
                            "count": 26, 
                            "value": 4906
                        }
                    ]
                }, 
                {
                    "gender": "Female", 
                    "dispositions": [
                        {
                            "disposition": "Applications Received", 
                            "count": 94972, 
                            "value": 0
                        }, 
                        {
                            "disposition": "Loans Originated", 
                            "count": 386, 
                            "value": 60631
                        }, 
                        {
                            "disposition": "Apps. Approved But Not Accepted", 
                            "count": 20, 
                            "value": 3346
                        }, 
                        {
                            "disposition": "Aplications Denied", 
                            "count": 106, 
                            "value": 15720
                        }, 
                        {
                            "disposition": "Applications Withdrawn", 
                            "count": 88, 
                            "value": 12774
                        }, 
                        {
                            "disposition": "Files Closed For Incompleteness", 
                            "count": 10, 
                            "value": 1891
                        }
                    ]
                }, 
                {
                    "gender": "Joint (Male/Female)", 
                    "dispositions": [
                        {
                            "disposition": "Applications Received", 
                            "count": 198802, 
                            "value": 0
                        }, 
                        {
                            "disposition": "Loans Originated", 
                            "count": 701, 
                            "value": 140086
                        }, 
                        {
                            "disposition": "Apps. Approved But Not Accepted", 
                            "count": 36, 
                            "value": 6203
                        }, 
                        {
                            "disposition": "Aplications Denied", 
                            "count": 129, 
                            "value": 24611
                        }, 
                        {
                            "disposition": "Applications Withdrawn", 
                            "count": 130, 
                            "value": 24538
                        }, 
                        {
                            "disposition": "Files Closed For Incompleteness", 
                            "count": 12, 
                            "value": 2356
                        }
                    ]
                }
            ]
        }
    ], 
    "incomes": [
        {
            "incomes": "Less than 50% of MSA/MD median", 
            "dispositions": [
                {
                    "disposition": "Applications Received", 
                    "count": 434, 
                    "value": 43104
                }, 
                {
                    "disposition": "Loans Originated", 
                    "count": 213, 
                    "value": 19406
                }, 
                {
                    "disposition": "Apps. Approved But Not Accepted", 
                    "count": 16, 
                    "value": 1472
                }, 
                {
                    "disposition": "Aplications Denied", 
                    "count": 99, 
                    "value": 10456
                }, 
                {
                    "disposition": "Applications Withdrawn", 
                    "count": 98, 
                    "value": 10880
                }, 
                {
                    "disposition": "Files Closed For Incompleteness", 
                    "count": 8, 
                    "value": 890
                }
            ]
        }, 
        {
            "incomes": "50-79% of MSA/MD median", 
            "dispositions": [
                {
                    "disposition": "Applications Received", 
                    "count": 1276, 
                    "value": 174340
                }, 
                {
                    "disposition": "Loans Originated", 
                    "count": 813, 
                    "value": 110164
                }, 
                {
                    "disposition": "Apps. Approved But Not Accepted", 
                    "count": 45, 
                    "value": 5882
                }, 
                {
                    "disposition": "Aplications Denied", 
                    "count": 192, 
                    "value": 27210
                }, 
                {
                    "disposition": "Applications Withdrawn", 
                    "count": 204, 
                    "value": 28267
                }, 
                {
                    "disposition": "Files Closed For Incompleteness", 
                    "count": 22, 
                    "value": 2817
                }
            ]
        }, 
        {
            "incomes": "80-99% of MSA/MD median", 
            "dispositions": [
                {
                    "disposition": "Applications Received", 
                    "count": 891, 
                    "value": 147408
                }, 
                {
                    "disposition": "Loans Originated", 
                    "count": 663, 
                    "value": 108787
                }, 
                {
                    "disposition": "Apps. Approved But Not Accepted", 
                    "count": 25, 
                    "value": 3893
                }, 
                {
                    "disposition": "Aplications Denied", 
                    "count": 79, 
                    "value": 12790
                }, 
                {
                    "disposition": "Applications Withdrawn", 
                    "count": 109, 
                    "value": 19187
                }, 
                {
                    "disposition": "Files Closed For Incompleteness", 
                    "count": 15, 
                    "value": 2751
                }
            ]
        }, 
        {
            "incomes": "100-119% of MSA/MD median", 
            "dispositions": [
                {
                    "disposition": "Applications Received", 
                    "count": 857, 
                    "value": 161021
                }, 
                {
                    "disposition": "Loans Originated", 
                    "count": 630, 
                    "value": 118781
                }, 
                {
                    "disposition": "Apps. Approved But Not Accepted", 
                    "count": 31, 
                    "value": 5793
                }, 
                {
                    "disposition": "Aplications Denied", 
                    "count": 87, 
                    "value": 16662
                }, 
                {
                    "disposition": "Applications Withdrawn", 
                    "count": 100, 
                    "value": 18012
                }, 
                {
                    "disposition": "Files Closed For Incompleteness", 
                    "count": 9, 
                    "value": 1773
                }
            ]
        }, 
        {
            "incomes": "120% or more of MSA/MD median", 
            "dispositions": [
                {
                    "disposition": "Applications Received", 
                    "count": 2452, 
                    "value": 573201
                }, 
                {
                    "disposition": "Loans Originated", 
                    "count": 1823, 
                    "value": 427524
                }, 
                {
                    "disposition": "Apps. Approved But Not Accepted", 
                    "count": 70, 
                    "value": 15515
                }, 
                {
                    "disposition": "Aplications Denied", 
                    "count": 266, 
                    "value": 62347
                }, 
                {
                    "disposition": "Applications Withdrawn", 
                    "count": 256, 
                    "value": 58590
                }, 
                {
                    "disposition": "Files Closed For Incompleteness", 
                    "count": 37, 
                    "value": 9225
                }
            ]
        }, 
        {
            "incomes": "income not available", 
            "dispositions": [
                {
                    "disposition": "Applications Received", 
                    "count": 39, 
                    "value": 6020
                }, 
                {
                    "disposition": "Loans Originated", 
                    "count": 7, 
                    "value": 1299
                }, 
                {
                    "disposition": "Apps. Approved But Not Accepted", 
                    "count": 2, 
                    "value": 424
                }, 
                {
                    "disposition": "Aplications Denied", 
                    "count": 10, 
                    "value": 1573
                }, 
                {
                    "disposition": "Applications Withdrawn", 
                    "count": 20, 
                    "value": 2724
                }, 
                {
                    "disposition": "Files Closed For Incompleteness", 
                    "count": 0, 
                    "value": 0
                }
            ]
        }
    ], 
    "total": [
        {
            "disposition": "Applications Received", 
            "count": 0, 
            "value": 0
        }, 
        {
            "disposition": "Loans Originated", 
            "count": 4149, 
            "value": 785961
        }, 
        {
            "disposition": "Apps. Approved But Not Accepted", 
            "count": 189, 
            "value": 32979
        }, 
        {
            "disposition": "Aplications Denied", 
            "count": 733, 
            "value": 131038
        }, 
        {
            "disposition": "Applications Withdrawn", 
            "count": 787, 
            "value": 137660
        }, 
        {
            "disposition": "Files Closed For Incompleteness", 
            "count": 91, 
            "value": 17456
        }
    ]
}