{
    "table": "3-1", 
    "type": "Aggregate", 
    "desc": "Loans sold, by characteristics of borrower and census tract in which property is located and by type of purchaser (includes originations and purchased loans),", 
    "year": "2012", 
    "msa": {
        "id": "39140", 
        "name": "Prescott", 
        "state": "AZ", 
        "state_name": "Arizona"
    }, 
    "borrowercharacteristics": [
        {
            "characteristic": "Race", 
            "races": [
                {
                    "race": "American Indian/Alaska Native", 
                    "purchasers": [
                        {
                            "name": "Fannie Mae", 
                            "count": 6, 
                            "value": 1238.0
                        }, 
                        {
                            "name": "Ginnie Mae", 
                            "count": 4, 
                            "value": 533.0
                        }, 
                        {
                            "name": "Freddie Mac", 
                            "count": 5, 
                            "value": 732.0
                        }, 
                        {
                            "name": "Farmer Mac", 
                            "count": 0, 
                            "value": 0
                        }, 
                        {
                            "name": "Private Securitization", 
                            "count": 1, 
                            "value": 206.0
                        }, 
                        {
                            "name": "Commercial bank, savings bank or association", 
                            "count": 5, 
                            "value": 583.0
                        }, 
                        {
                            "name": "Life insurance co., credit union, finance co.", 
                            "count": 0, 
                            "value": 0
                        }, 
                        {
                            "name": "Affiliate institution", 
                            "count": 0, 
                            "value": 0
                        }, 
                        {
                            "name": "Other", 
                            "count": 13, 
                            "value": 1485.0
                        }
                    ]
                }, 
                {
                    "race": "Asian", 
                    "purchasers": [
                        {
                            "name": "Fannie Mae", 
                            "count": 4, 
                            "value": 491.0
                        }, 
                        {
                            "name": "Ginnie Mae", 
                            "count": 23, 
                            "value": 3626.0
                        }, 
                        {
                            "name": "Freddie Mac", 
                            "count": 1, 
                            "value": 187.0
                        }, 
                        {
                            "name": "Farmer Mac", 
                            "count": 0, 
                            "value": 0
                        }, 
                        {
                            "name": "Private Securitization", 
                            "count": 0, 
                            "value": 0
                        }, 
                        {
                            "name": "Commercial bank, savings bank or association", 
                            "count": 4, 
                            "value": 846.0
                        }, 
                        {
                            "name": "Life insurance co., credit union, finance co.", 
                            "count": 2, 
                            "value": 247.0
                        }, 
                        {
                            "name": "Affiliate institution", 
                            "count": 0, 
                            "value": 0
                        }, 
                        {
                            "name": "Other", 
                            "count": 37, 
                            "value": 5177.0
                        }
                    ]
                }, 
                {
                    "race": "Black or African American", 
                    "purchasers": [
                        {
                            "name": "Fannie Mae", 
                            "count": 19, 
                            "value": 3985.0
                        }, 
                        {
                            "name": "Ginnie Mae", 
                            "count": 4, 
                            "value": 768.0
                        }, 
                        {
                            "name": "Freddie Mac", 
                            "count": 14, 
                            "value": 2246.0
                        }, 
                        {
                            "name": "Farmer Mac", 
                            "count": 0, 
                            "value": 0
                        }, 
                        {
                            "name": "Private Securitization", 
                            "count": 0, 
                            "value": 0
                        }, 
                        {
                            "name": "Commercial bank, savings bank or association", 
                            "count": 5, 
                            "value": 869.0
                        }, 
                        {
                            "name": "Life insurance co., credit union, finance co.", 
                            "count": 4, 
                            "value": 824.0
                        }, 
                        {
                            "name": "Affiliate institution", 
                            "count": 3, 
                            "value": 518.0
                        }, 
                        {
                            "name": "Other", 
                            "count": 52, 
                            "value": 11072.0
                        }
                    ]
                }, 
                {
                    "race": "Native Hawaiian or Other Pacific Islander", 
                    "purchasers": [
                        {
                            "name": "Fannie Mae", 
                            "count": 4, 
                            "value": 786.0
                        }, 
                        {
                            "name": "Ginnie Mae", 
                            "count": 4, 
                            "value": 908.0
                        }, 
                        {
                            "name": "Freddie Mac", 
                            "count": 6, 
                            "value": 1003.0
                        }, 
                        {
                            "name": "Farmer Mac", 
                            "count": 0, 
                            "value": 0
                        }, 
                        {
                            "name": "Private Securitization", 
                            "count": 0, 
                            "value": 0
                        }, 
                        {
                            "name": "Commercial bank, savings bank or association", 
                            "count": 1, 
                            "value": 315.0
                        }, 
                        {
                            "name": "Life insurance co., credit union, finance co.", 
                            "count": 0, 
                            "value": 0
                        }, 
                        {
                            "name": "Affiliate institution", 
                            "count": 1, 
                            "value": 168.0
                        }, 
                        {
                            "name": "Other", 
                            "count": 20, 
                            "value": 4547.0
                        }
                    ]
                }, 
                {
                    "race": "White", 
                    "purchasers": [
                        {
                            "name": "Fannie Mae", 
                            "count": 1, 
                            "value": 386.0
                        }, 
                        {
                            "name": "Ginnie Mae", 
                            "count": 0, 
                            "value": 0
                        }, 
                        {
                            "name": "Freddie Mac", 
                            "count": 0, 
                            "value": 0
                        }, 
                        {
                            "name": "Farmer Mac", 
                            "count": 0, 
                            "value": 0
                        }, 
                        {
                            "name": "Private Securitization", 
                            "count": 0, 
                            "value": 0
                        }, 
                        {
                            "name": "Commercial bank, savings bank or association", 
                            "count": 0, 
                            "value": 0
                        }, 
                        {
                            "name": "Life insurance co., credit union, finance co.", 
                            "count": 2, 
                            "value": 286.0
                        }, 
                        {
                            "name": "Affiliate institution", 
                            "count": 1, 
                            "value": 343.0
                        }, 
                        {
                            "name": "Other", 
                            "count": 4, 
                            "value": 509.0
                        }
                    ]
                }, 
                {
                    "race": "2 or more minority races", 
                    "purchasers": [
                        {
                            "name": "Fannie Mae", 
                            "count": 3178, 
                            "value": 563301.0
                        }, 
                        {
                            "name": "Ginnie Mae", 
                            "count": 1129, 
                            "value": 184746.0
                        }, 
                        {
                            "name": "Freddie Mac", 
                            "count": 1561, 
                            "value": 285228.0
                        }, 
                        {
                            "name": "Farmer Mac", 
                            "count": 0, 
                            "value": 0
                        }, 
                        {
                            "name": "Private Securitization", 
                            "count": 50, 
                            "value": 11210.0
                        }, 
                        {
                            "name": "Commercial bank, savings bank or association", 
                            "count": 932, 
                            "value": 176284.0
                        }, 
                        {
                            "name": "Life insurance co., credit union, finance co.", 
                            "count": 267, 
                            "value": 48911.0
                        }, 
                        {
                            "name": "Affiliate institution", 
                            "count": 231, 
                            "value": 41522.0
                        }, 
                        {
                            "name": "Other", 
                            "count": 5716, 
                            "value": 1013111.0
                        }
                    ]
                }, 
                {
                    "race": "Joint (White/Minority Race", 
                    "purchasers": [
                        {
                            "name": "Fannie Mae", 
                            "count": 59, 
                            "value": 11847.0
                        }, 
                        {
                            "name": "Ginnie Mae", 
                            "count": 26, 
                            "value": 4861.0
                        }, 
                        {
                            "name": "Freddie Mac", 
                            "count": 21, 
                            "value": 3630.0
                        }, 
                        {
                            "name": "Farmer Mac", 
                            "count": 0, 
                            "value": 0
                        }, 
                        {
                            "name": "Private Securitization", 
                            "count": 1, 
                            "value": 398.0
                        }, 
                        {
                            "name": "Commercial bank, savings bank or association", 
                            "count": 16, 
                            "value": 3963.0
                        }, 
                        {
                            "name": "Life insurance co., credit union, finance co.", 
                            "count": 4, 
                            "value": 1080.0
                        }, 
                        {
                            "name": "Affiliate institution", 
                            "count": 3, 
                            "value": 743.0
                        }, 
                        {
                            "name": "Other", 
                            "count": 95, 
                            "value": 18173.0
                        }
                    ]
                }, 
                {
                    "race": "Not Available", 
                    "purchasers": [
                        {
                            "name": "Fannie Mae", 
                            "count": 688, 
                            "value": 123829.0
                        }, 
                        {
                            "name": "Ginnie Mae", 
                            "count": 204, 
                            "value": 48273.0
                        }, 
                        {
                            "name": "Freddie Mac", 
                            "count": 372, 
                            "value": 70226.0
                        }, 
                        {
                            "name": "Farmer Mac", 
                            "count": 0, 
                            "value": 0
                        }, 
                        {
                            "name": "Private Securitization", 
                            "count": 3, 
                            "value": 765.0
                        }, 
                        {
                            "name": "Commercial bank, savings bank or association", 
                            "count": 72, 
                            "value": 15084.0
                        }, 
                        {
                            "name": "Life insurance co., credit union, finance co.", 
                            "count": 16, 
                            "value": 3043.0
                        }, 
                        {
                            "name": "Affiliate institution", 
                            "count": 95, 
                            "value": 18763.0
                        }, 
                        {
                            "name": "Other", 
                            "count": 1105, 
                            "value": 193979.0
                        }
                    ]
                }
            ]
        }, 
        {
            "characteristic": "Ethnicity", 
            "ethnicities": [
                {
                    "ethnicity": "Hispanic or Latino", 
                    "purchasers": [
                        {
                            "name": "Fannie Mae", 
                            "count": 82, 
                            "value": 12949
                        }, 
                        {
                            "name": "Ginnie Mae", 
                            "count": 65, 
                            "value": 9201
                        }, 
                        {
                            "name": "Freddie Mac", 
                            "count": 51, 
                            "value": 7634
                        }, 
                        {
                            "name": "Farmer Mac", 
                            "count": 0, 
                            "value": 0
                        }, 
                        {
                            "name": "Private Securitization", 
                            "count": 1, 
                            "value": 176
                        }, 
                        {
                            "name": "Commercial bank, savings bank or association", 
                            "count": 23, 
                            "value": 3614
                        }, 
                        {
                            "name": "Life insurance co., credit union, finance co.", 
                            "count": 8, 
                            "value": 1250
                        }, 
                        {
                            "name": "Affiliate institution", 
                            "count": 7, 
                            "value": 1074
                        }, 
                        {
                            "name": "Other", 
                            "count": 264, 
                            "value": 36017
                        }
                    ]
                }, 
                {
                    "ethnicity": "Not Hispanic or Latino", 
                    "purchasers": [
                        {
                            "name": "Fannie Mae", 
                            "count": 3108, 
                            "value": 554371
                        }, 
                        {
                            "name": "Ginnie Mae", 
                            "count": 1107, 
                            "value": 184029
                        }, 
                        {
                            "name": "Freddie Mac", 
                            "count": 1510, 
                            "value": 276875
                        }, 
                        {
                            "name": "Farmer Mac", 
                            "count": 0, 
                            "value": 0
                        }, 
                        {
                            "name": "Private Securitization", 
                            "count": 47, 
                            "value": 10814
                        }, 
                        {
                            "name": "Commercial bank, savings bank or association", 
                            "count": 915, 
                            "value": 174895
                        }, 
                        {
                            "name": "Life insurance co., credit union, finance co.", 
                            "count": 267, 
                            "value": 49552
                        }, 
                        {
                            "name": "Affiliate institution", 
                            "count": 217, 
                            "value": 39854
                        }, 
                        {
                            "name": "Other", 
                            "count": 5522, 
                            "value": 989228
                        }
                    ]
                }, 
                {
                    "ethnicity": "Joint (Hispanic or Latino/Not Hispanic or Latino", 
                    "purchasers": [
                        {
                            "name": "Fannie Mae", 
                            "count": 93, 
                            "value": 16744
                        }, 
                        {
                            "name": "Ginnie Mae", 
                            "count": 36, 
                            "value": 5538
                        }, 
                        {
                            "name": "Freddie Mac", 
                            "count": 43, 
                            "value": 7660
                        }, 
                        {
                            "name": "Farmer Mac", 
                            "count": 0, 
                            "value": 0
                        }, 
                        {
                            "name": "Private Securitization", 
                            "count": 4, 
                            "value": 1058
                        }, 
                        {
                            "name": "Commercial bank, savings bank or association", 
                            "count": 24, 
                            "value": 4190
                        }, 
                        {
                            "name": "Life insurance co., credit union, finance co.", 
                            "count": 6, 
                            "value": 1011
                        }, 
                        {
                            "name": "Affiliate institution", 
                            "count": 8, 
                            "value": 1418
                        }, 
                        {
                            "name": "Other", 
                            "count": 165, 
                            "value": 32409
                        }
                    ]
                }, 
                {
                    "ethnicity": "Ethnicity Not Available", 
                    "purchasers": [
                        {
                            "name": "Fannie Mae", 
                            "count": 676, 
                            "value": 121799
                        }, 
                        {
                            "name": "Ginnie Mae", 
                            "count": 186, 
                            "value": 44947
                        }, 
                        {
                            "name": "Freddie Mac", 
                            "count": 376, 
                            "value": 71083
                        }, 
                        {
                            "name": "Farmer Mac", 
                            "count": 0, 
                            "value": 0
                        }, 
                        {
                            "name": "Private Securitization", 
                            "count": 3, 
                            "value": 531
                        }, 
                        {
                            "name": "Commercial bank, savings bank or association", 
                            "count": 73, 
                            "value": 15245
                        }, 
                        {
                            "name": "Life insurance co., credit union, finance co.", 
                            "count": 14, 
                            "value": 2578
                        }, 
                        {
                            "name": "Affiliate institution", 
                            "count": 102, 
                            "value": 19711
                        }, 
                        {
                            "name": "Other", 
                            "count": 1091, 
                            "value": 190399
                        }
                    ]
                }
            ]
        }, 
        {
            "characteristic": "Minority Status", 
            "minoritystatuses": [
                {
                    "minoritystatus": "White Non-Hispanic", 
                    "purchasers": [
                        {
                            "name": "Fannie Mae", 
                            "count": 3701, 
                            "value": 659791
                        }, 
                        {
                            "name": "Ginnie Mae", 
                            "count": 1243, 
                            "value": 220086
                        }, 
                        {
                            "name": "Freddie Mac", 
                            "count": 1847, 
                            "value": 341378
                        }, 
                        {
                            "name": "Farmer Mac", 
                            "count": 0, 
                            "value": 0
                        }, 
                        {
                            "name": "Private Securitization", 
                            "count": 49, 
                            "value": 11139
                        }, 
                        {
                            "name": "Commercial bank, savings bank or association", 
                            "count": 958, 
                            "value": 183734
                        }, 
                        {
                            "name": "Life insurance co., credit union, finance co.", 
                            "count": 270, 
                            "value": 49949
                        }, 
                        {
                            "name": "Affiliate institution", 
                            "count": 311, 
                            "value": 57793
                        }, 
                        {
                            "name": "Other", 
                            "count": 6431, 
                            "value": 1145621
                        }
                    ]
                }, 
                {
                    "minoritystatus": "Others, Including Hispanic", 
                    "purchasers": [
                        {
                            "name": "Fannie Mae", 
                            "count": 258, 
                            "value": 46072
                        }, 
                        {
                            "name": "Ginnie Mae", 
                            "count": 151, 
                            "value": 23629
                        }, 
                        {
                            "name": "Freddie Mac", 
                            "count": 133, 
                            "value": 21874
                        }, 
                        {
                            "name": "Farmer Mac", 
                            "count": 0, 
                            "value": 0
                        }, 
                        {
                            "name": "Private Securitization", 
                            "count": 6, 
                            "value": 1440
                        }, 
                        {
                            "name": "Commercial bank, savings bank or association", 
                            "count": 77, 
                            "value": 14210
                        }, 
                        {
                            "name": "Life insurance co., credit union, finance co.", 
                            "count": 25, 
                            "value": 4442
                        }, 
                        {
                            "name": "Affiliate institution", 
                            "count": 23, 
                            "value": 4264
                        }, 
                        {
                            "name": "Other", 
                            "count": 611, 
                            "value": 102432
                        }
                    ]
                }
            ]
        }, 
        {
            "characteristic": "Applicant Income", 
            "applicantincomes": [
                {
                    "applicantincome": "Less than 50% of MSA/MD median", 
                    "purchasers": [
                        {
                            "name": "Fannie Mae", 
                            "count": 322, 
                            "value": 36977
                        }, 
                        {
                            "name": "Ginnie Mae", 
                            "count": 124, 
                            "value": 11277
                        }, 
                        {
                            "name": "Freddie Mac", 
                            "count": 134, 
                            "value": 15783
                        }, 
                        {
                            "name": "Farmer Mac", 
                            "count": 0, 
                            "value": 0
                        }, 
                        {
                            "name": "Private Securitization", 
                            "count": 3, 
                            "value": 316
                        }, 
                        {
                            "name": "Commercial bank, savings bank or association", 
                            "count": 60, 
                            "value": 5960
                        }, 
                        {
                            "name": "Life insurance co., credit union, finance co.", 
                            "count": 27, 
                            "value": 3540
                        }, 
                        {
                            "name": "Affiliate institution", 
                            "count": 23, 
                            "value": 2488
                        }, 
                        {
                            "name": "Other", 
                            "count": 721, 
                            "value": 73523
                        }
                    ]
                }, 
                {
                    "applicantincome": "50-79% of MSA/MD median", 
                    "purchasers": [
                        {
                            "name": "Fannie Mae", 
                            "count": 680, 
                            "value": 89389
                        }, 
                        {
                            "name": "Ginnie Mae", 
                            "count": 291, 
                            "value": 36717
                        }, 
                        {
                            "name": "Freddie Mac", 
                            "count": 303, 
                            "value": 42218
                        }, 
                        {
                            "name": "Farmer Mac", 
                            "count": 0, 
                            "value": 0
                        }, 
                        {
                            "name": "Private Securitization", 
                            "count": 9, 
                            "value": 1379
                        }, 
                        {
                            "name": "Commercial bank, savings bank or association", 
                            "count": 212, 
                            "value": 29265
                        }, 
                        {
                            "name": "Life insurance co., credit union, finance co.", 
                            "count": 46, 
                            "value": 5829
                        }, 
                        {
                            "name": "Affiliate institution", 
                            "count": 54, 
                            "value": 7696
                        }, 
                        {
                            "name": "Other", 
                            "count": 1355, 
                            "value": 165827
                        }
                    ]
                }, 
                {
                    "applicantincome": "80-99% of MSA/MD median", 
                    "purchasers": [
                        {
                            "name": "Fannie Mae", 
                            "count": 433, 
                            "value": 66497
                        }, 
                        {
                            "name": "Ginnie Mae", 
                            "count": 146, 
                            "value": 21504
                        }, 
                        {
                            "name": "Freddie Mac", 
                            "count": 208, 
                            "value": 32883
                        }, 
                        {
                            "name": "Farmer Mac", 
                            "count": 0, 
                            "value": 0
                        }, 
                        {
                            "name": "Private Securitization", 
                            "count": 5, 
                            "value": 1118
                        }, 
                        {
                            "name": "Commercial bank, savings bank or association", 
                            "count": 113, 
                            "value": 17127
                        }, 
                        {
                            "name": "Life insurance co., credit union, finance co.", 
                            "count": 38, 
                            "value": 6514
                        }, 
                        {
                            "name": "Affiliate institution", 
                            "count": 38, 
                            "value": 5597
                        }, 
                        {
                            "name": "Other", 
                            "count": 756, 
                            "value": 114533
                        }
                    ]
                }, 
                {
                    "applicantincome": "100-119% of MSA/MD median", 
                    "purchasers": [
                        {
                            "name": "Fannie Mae", 
                            "count": 452, 
                            "value": 78641
                        }, 
                        {
                            "name": "Ginnie Mae", 
                            "count": 106, 
                            "value": 18813
                        }, 
                        {
                            "name": "Freddie Mac", 
                            "count": 216, 
                            "value": 38644
                        }, 
                        {
                            "name": "Farmer Mac", 
                            "count": 0, 
                            "value": 0
                        }, 
                        {
                            "name": "Private Securitization", 
                            "count": 8, 
                            "value": 1843
                        }, 
                        {
                            "name": "Commercial bank, savings bank or association", 
                            "count": 101, 
                            "value": 18588
                        }, 
                        {
                            "name": "Life insurance co., credit union, finance co.", 
                            "count": 24, 
                            "value": 4434
                        }, 
                        {
                            "name": "Affiliate institution", 
                            "count": 38, 
                            "value": 6357
                        }, 
                        {
                            "name": "Other", 
                            "count": 722, 
                            "value": 117149
                        }
                    ]
                }, 
                {
                    "applicantincome": "120% or more of MSA/MD median", 
                    "purchasers": [
                        {
                            "name": "Fannie Mae", 
                            "count": 1902, 
                            "value": 402959
                        }, 
                        {
                            "name": "Ginnie Mae", 
                            "count": 255, 
                            "value": 56625
                        }, 
                        {
                            "name": "Freddie Mac", 
                            "count": 980, 
                            "value": 205673
                        }, 
                        {
                            "name": "Farmer Mac", 
                            "count": 0, 
                            "value": 0
                        }, 
                        {
                            "name": "Private Securitization", 
                            "count": 30, 
                            "value": 7923
                        }, 
                        {
                            "name": "Commercial bank, savings bank or association", 
                            "count": 492, 
                            "value": 114565
                        }, 
                        {
                            "name": "Life insurance co., credit union, finance co.", 
                            "count": 137, 
                            "value": 28366
                        }, 
                        {
                            "name": "Affiliate institution", 
                            "count": 171, 
                            "value": 37468
                        }, 
                        {
                            "name": "Other", 
                            "count": 2957, 
                            "value": 679540
                        }
                    ]
                }, 
                {
                    "applicantincome": "income not available", 
                    "purchasers": [
                        {
                            "name": "Fannie Mae", 
                            "count": 170, 
                            "value": 31400
                        }, 
                        {
                            "name": "Ginnie Mae", 
                            "count": 472, 
                            "value": 98779
                        }, 
                        {
                            "name": "Freddie Mac", 
                            "count": 139, 
                            "value": 28051
                        }, 
                        {
                            "name": "Farmer Mac", 
                            "count": 0, 
                            "value": 0
                        }, 
                        {
                            "name": "Private Securitization", 
                            "count": 0, 
                            "value": 0
                        }, 
                        {
                            "name": "Commercial bank, savings bank or association", 
                            "count": 57, 
                            "value": 12439
                        }, 
                        {
                            "name": "Life insurance co., credit union, finance co.", 
                            "count": 23, 
                            "value": 5708
                        }, 
                        {
                            "name": "Affiliate institution", 
                            "count": 10, 
                            "value": 2451
                        }, 
                        {
                            "name": "Other", 
                            "count": 531, 
                            "value": 97481
                        }
                    ]
                }
            ]
        }
    ], 
    "censuscharacteristics": [
        {
            "characteristic": "Racial/Ethnic Composition", 
            "tractpctminorities": [
                {
                    "tractpctminority": "Less than 10% minority", 
                    "purchasers": [
                        {
                            "name": "Fannie Mae", 
                            "count": 624, 
                            "value": 133721
                        }, 
                        {
                            "name": "Ginnie Mae", 
                            "count": 120, 
                            "value": 26644
                        }, 
                        {
                            "name": "Freddie Mac", 
                            "count": 315, 
                            "value": 67901
                        }, 
                        {
                            "name": "Farmer Mac", 
                            "count": 0, 
                            "value": 0
                        }, 
                        {
                            "name": "Private Securitization", 
                            "count": 3, 
                            "value": 724
                        }, 
                        {
                            "name": "Commercial bank, savings bank or association", 
                            "count": 177, 
                            "value": 41856
                        }, 
                        {
                            "name": "Life insurance co., credit union, finance co.", 
                            "count": 34, 
                            "value": 6751
                        }, 
                        {
                            "name": "Affiliate institution", 
                            "count": 38, 
                            "value": 8505
                        }, 
                        {
                            "name": "Other", 
                            "count": 975, 
                            "value": 205510
                        }
                    ]
                }, 
                {
                    "tractpctminority": "10-19% minority", 
                    "purchasers": [
                        {
                            "name": "Fannie Mae", 
                            "count": 3335, 
                            "value": 572142
                        }, 
                        {
                            "name": "Ginnie Mae", 
                            "count": 1274, 
                            "value": 217071
                        }, 
                        {
                            "name": "Freddie Mac", 
                            "count": 1665, 
                            "value": 295351
                        }, 
                        {
                            "name": "Farmer Mac", 
                            "count": 0, 
                            "value": 0
                        }, 
                        {
                            "name": "Private Securitization", 
                            "count": 52, 
                            "value": 11855
                        }, 
                        {
                            "name": "Commercial bank, savings bank or association", 
                            "count": 858, 
                            "value": 156088
                        }, 
                        {
                            "name": "Life insurance co., credit union, finance co.", 
                            "count": 261, 
                            "value": 47640
                        }, 
                        {
                            "name": "Affiliate institution", 
                            "count": 296, 
                            "value": 53552
                        }, 
                        {
                            "name": "Other", 
                            "count": 6067, 
                            "value": 1042543
                        }
                    ]
                }, 
                {
                    "tractpctminority": "20-49% minority", 
                    "purchasers": [
                        {
                            "name": "Fannie Mae", 
                            "count": 0, 
                            "value": 0
                        }, 
                        {
                            "name": "Ginnie Mae", 
                            "count": 0, 
                            "value": 0
                        }, 
                        {
                            "name": "Freddie Mac", 
                            "count": 0, 
                            "value": 0
                        }, 
                        {
                            "name": "Farmer Mac", 
                            "count": 0, 
                            "value": 0
                        }, 
                        {
                            "name": "Private Securitization", 
                            "count": 0, 
                            "value": 0
                        }, 
                        {
                            "name": "Commercial bank, savings bank or association", 
                            "count": 0, 
                            "value": 0
                        }, 
                        {
                            "name": "Life insurance co., credit union, finance co.", 
                            "count": 0, 
                            "value": 0
                        }, 
                        {
                            "name": "Affiliate institution", 
                            "count": 0, 
                            "value": 0
                        }, 
                        {
                            "name": "Other", 
                            "count": 0, 
                            "value": 0
                        }
                    ]
                }, 
                {
                    "tractpctminority": "50-79% minority", 
                    "purchasers": [
                        {
                            "name": "Fannie Mae", 
                            "count": 0, 
                            "value": 0
                        }, 
                        {
                            "name": "Ginnie Mae", 
                            "count": 0, 
                            "value": 0
                        }, 
                        {
                            "name": "Freddie Mac", 
                            "count": 0, 
                            "value": 0
                        }, 
                        {
                            "name": "Farmer Mac", 
                            "count": 0, 
                            "value": 0
                        }, 
                        {
                            "name": "Private Securitization", 
                            "count": 0, 
                            "value": 0
                        }, 
                        {
                            "name": "Commercial bank, savings bank or association", 
                            "count": 0, 
                            "value": 0
                        }, 
                        {
                            "name": "Life insurance co., credit union, finance co.", 
                            "count": 0, 
                            "value": 0
                        }, 
                        {
                            "name": "Affiliate institution", 
                            "count": 0, 
                            "value": 0
                        }, 
                        {
                            "name": "Other", 
                            "count": 0, 
                            "value": 0
                        }
                    ]
                }, 
                {
                    "tractpctminority": "80-100% minority", 
                    "purchasers": [
                        {
                            "name": "Fannie Mae", 
                            "count": 0, 
                            "value": 0
                        }, 
                        {
                            "name": "Ginnie Mae", 
                            "count": 0, 
                            "value": 0
                        }, 
                        {
                            "name": "Freddie Mac", 
                            "count": 0, 
                            "value": 0
                        }, 
                        {
                            "name": "Farmer Mac", 
                            "count": 0, 
                            "value": 0
                        }, 
                        {
                            "name": "Private Securitization", 
                            "count": 0, 
                            "value": 0
                        }, 
                        {
                            "name": "Commercial bank, savings bank or association", 
                            "count": 0, 
                            "value": 0
                        }, 
                        {
                            "name": "Life insurance co., credit union, finance co.", 
                            "count": 0, 
                            "value": 0
                        }, 
                        {
                            "name": "Affiliate institution", 
                            "count": 0, 
                            "value": 0
                        }, 
                        {
                            "name": "Other", 
                            "count": 0, 
                            "value": 0
                        }
                    ]
                }
            ]
        }, 
        {
            "characteristic": "Income", 
            "incomelevels": [
                {
                    "incomelevel": "Low income", 
                    "purchasers": [
                        {
                            "name": "Fannie Mae", 
                            "count": 0, 
                            "value": 0
                        }, 
                        {
                            "name": "Ginnie Mae", 
                            "count": 0, 
                            "value": 0
                        }, 
                        {
                            "name": "Freddie Mac", 
                            "count": 0, 
                            "value": 0
                        }, 
                        {
                            "name": "Farmer Mac", 
                            "count": 0, 
                            "value": 0
                        }, 
                        {
                            "name": "Private Securitization", 
                            "count": 0, 
                            "value": 0
                        }, 
                        {
                            "name": "Commercial bank, savings bank or association", 
                            "count": 0, 
                            "value": 0
                        }, 
                        {
                            "name": "Life insurance co., credit union, finance co.", 
                            "count": 0, 
                            "value": 0
                        }, 
                        {
                            "name": "Affiliate institution", 
                            "count": 0, 
                            "value": 0
                        }, 
                        {
                            "name": "Other", 
                            "count": 0, 
                            "value": 0
                        }
                    ]
                }, 
                {
                    "incomelevel": "Moderate income", 
                    "purchasers": [
                        {
                            "name": "Fannie Mae", 
                            "count": 310, 
                            "value": 38425
                        }, 
                        {
                            "name": "Ginnie Mae", 
                            "count": 197, 
                            "value": 25941
                        }, 
                        {
                            "name": "Freddie Mac", 
                            "count": 144, 
                            "value": 18843
                        }, 
                        {
                            "name": "Farmer Mac", 
                            "count": 0, 
                            "value": 0
                        }, 
                        {
                            "name": "Private Securitization", 
                            "count": 0, 
                            "value": 0
                        }, 
                        {
                            "name": "Commercial bank, savings bank or association", 
                            "count": 84, 
                            "value": 9890
                        }, 
                        {
                            "name": "Life insurance co., credit union, finance co.", 
                            "count": 33, 
                            "value": 4166
                        }, 
                        {
                            "name": "Affiliate institution", 
                            "count": 26, 
                            "value": 2894
                        }, 
                        {
                            "name": "Other", 
                            "count": 662, 
                            "value": 78475
                        }
                    ]
                }, 
                {
                    "incomelevel": "Middle income", 
                    "purchasers": [
                        {
                            "name": "Fannie Mae", 
                            "count": 2550, 
                            "value": 426889
                        }, 
                        {
                            "name": "Ginnie Mae", 
                            "count": 1027, 
                            "value": 175496
                        }, 
                        {
                            "name": "Freddie Mac", 
                            "count": 1298, 
                            "value": 222246
                        }, 
                        {
                            "name": "Farmer Mac", 
                            "count": 0, 
                            "value": 0
                        }, 
                        {
                            "name": "Private Securitization", 
                            "count": 37, 
                            "value": 7649
                        }, 
                        {
                            "name": "Commercial bank, savings bank or association", 
                            "count": 626, 
                            "value": 107864
                        }, 
                        {
                            "name": "Life insurance co., credit union, finance co.", 
                            "count": 193, 
                            "value": 33900
                        }, 
                        {
                            "name": "Affiliate institution", 
                            "count": 229, 
                            "value": 40578
                        }, 
                        {
                            "name": "Other", 
                            "count": 4740, 
                            "value": 758591
                        }
                    ]
                }, 
                {
                    "incomelevel": "Upper income", 
                    "purchasers": [
                        {
                            "name": "Fannie Mae", 
                            "count": 1099, 
                            "value": 240549
                        }, 
                        {
                            "name": "Ginnie Mae", 
                            "count": 170, 
                            "value": 42278
                        }, 
                        {
                            "name": "Freddie Mac", 
                            "count": 538, 
                            "value": 122163
                        }, 
                        {
                            "name": "Farmer Mac", 
                            "count": 0, 
                            "value": 0
                        }, 
                        {
                            "name": "Private Securitization", 
                            "count": 18, 
                            "value": 4930
                        }, 
                        {
                            "name": "Commercial bank, savings bank or association", 
                            "count": 325, 
                            "value": 80190
                        }, 
                        {
                            "name": "Life insurance co., credit union, finance co.", 
                            "count": 69, 
                            "value": 16325
                        }, 
                        {
                            "name": "Affiliate institution", 
                            "count": 79, 
                            "value": 18585
                        }, 
                        {
                            "name": "Other", 
                            "count": 1640, 
                            "value": 410987
                        }
                    ]
                }
            ]
        }
    ], 
    "total": {
        "purchasers": [
            {
                "name": "Fannie Mae", 
                "count": 3959, 
                "value": 705863
            }, 
            {
                "name": "Ginnie Mae", 
                "count": 1394, 
                "value": 243715
            }, 
            {
                "name": "Freddie Mac", 
                "count": 1980, 
                "value": 363252
            }, 
            {
                "name": "Farmer Mac", 
                "count": 0, 
                "value": 0
            }, 
            {
                "name": "Private Securitization", 
                "count": 55, 
                "value": 12579
            }, 
            {
                "name": "Commercial bank, savings bank or association", 
                "count": 1035, 
                "value": 197944
            }, 
            {
                "name": "Life insurance co., credit union, finance co.", 
                "count": 295, 
                "value": 54391
            }, 
            {
                "name": "Affiliate institution", 
                "count": 334, 
                "value": 62057
            }, 
            {
                "name": "Other", 
                "count": 7042, 
                "value": 1248053
            }
        ]
    }
}