{
    "table": "3-2", 
    "type": "Aggregate", 
    "desc": "Pricing Information for First and Junior Lien Loans Sold by Type of Purchaser (includes originations only).", 
    "year": "2012", 
    "msa": {
        "id": "47580", 
        "name": "Warner-Robins", 
        "state": "GA", 
        "state_name": "Georgia"
    }, 
    "pricinginformation": [
        {
            "pricing": "No reported pricing data", 
            "purchasers": [
                {
                    "name": "Fannie Mae", 
                    "first lien count": 677, 
                    "first lien value": 95344, 
                    "junior lien count": 0, 
                    "junior lien value": 0
                }, 
                {
                    "name": "Ginnie Mae", 
                    "first lien count": 1304, 
                    "first lien value": 204530, 
                    "junior lien count": 0, 
                    "junior lien value": 0
                }, 
                {
                    "name": "Freddie Mac", 
                    "first lien count": 321, 
                    "first lien value": 60386, 
                    "junior lien count": 0, 
                    "junior lien value": 0
                }, 
                {
                    "name": "Farmer Mac", 
                    "first lien count": 0, 
                    "first lien value": 0, 
                    "junior lien count": 0, 
                    "junior lien value": 0
                }, 
                {
                    "name": "Private Securitization", 
                    "first lien count": 152, 
                    "first lien value": 23456, 
                    "junior lien count": 0, 
                    "junior lien value": 0
                }, 
                {
                    "name": "Commercial bank, savings bank or association", 
                    "first lien count": 762, 
                    "first lien value": 127631, 
                    "junior lien count": 0, 
                    "junior lien value": 0
                }, 
                {
                    "name": "Life insurance co., credit union, finance co.", 
                    "first lien count": 125, 
                    "first lien value": 20014, 
                    "junior lien count": 4, 
                    "junior lien value": 26
                }, 
                {
                    "name": "Affiliate institution", 
                    "first lien count": 58, 
                    "first lien value": 8127, 
                    "junior lien count": 0, 
                    "junior lien value": 0
                }, 
                {
                    "name": "Other", 
                    "first lien count": 3394, 
                    "first lien value": 495861, 
                    "junior lien count": 118, 
                    "junior lien value": 3942
                }
            ]
        }, 
        {
            "pricing": "reported pricing data", 
            "purchasers": [
                {
                    "name": "Fannie Mae", 
                    "first lien count": 23, 
                    "first lien value": 2333, 
                    "junior lien count": 0, 
                    "junior lien value": 0
                }, 
                {
                    "name": "Ginnie Mae", 
                    "first lien count": 16, 
                    "first lien value": 2009, 
                    "junior lien count": 0, 
                    "junior lien value": 0
                }, 
                {
                    "name": "Freddie Mac", 
                    "first lien count": 4, 
                    "first lien value": 371, 
                    "junior lien count": 0, 
                    "junior lien value": 0
                }, 
                {
                    "name": "Farmer Mac", 
                    "first lien count": 0, 
                    "first lien value": 0, 
                    "junior lien count": 0, 
                    "junior lien value": 0
                }, 
                {
                    "name": "Private Securitization", 
                    "first lien count": 1, 
                    "first lien value": 89, 
                    "junior lien count": 0, 
                    "junior lien value": 0
                }, 
                {
                    "name": "Commercial bank, savings bank or association", 
                    "first lien count": 3, 
                    "first lien value": 322, 
                    "junior lien count": 0, 
                    "junior lien value": 0
                }, 
                {
                    "name": "Life insurance co., credit union, finance co.", 
                    "first lien count": 5, 
                    "first lien value": 346, 
                    "junior lien count": 0, 
                    "junior lien value": 0
                }, 
                {
                    "name": "Affiliate institution", 
                    "first lien count": 0, 
                    "first lien value": 0, 
                    "junior lien count": 0, 
                    "junior lien value": 0
                }, 
                {
                    "name": "Other", 
                    "first lien count": 36, 
                    "first lien value": 3511, 
                    "junior lien count": 11, 
                    "junior lien value": 561
                }
            ]
        }
    ], 
    "points": [
        {
            "point": "1.50 - 1.99", 
            "purchasers": [
                {
                    "name": "Fannie Mae", 
                    "first lien count": 18, 
                    "first lien value": 1805, 
                    "junior lien count": 0, 
                    "junior lien value": 0
                }, 
                {
                    "name": "Ginnie Mae", 
                    "first lien count": 13, 
                    "first lien value": 1730, 
                    "junior lien count": 0, 
                    "junior lien value": 0
                }, 
                {
                    "name": "Freddie Mac", 
                    "first lien count": 2, 
                    "first lien value": 251, 
                    "junior lien count": 0, 
                    "junior lien value": 0
                }, 
                {
                    "name": "Farmer Mac", 
                    "first lien count": 0, 
                    "first lien value": 0, 
                    "junior lien count": 0, 
                    "junior lien value": 0
                }, 
                {
                    "name": "Private Securitization", 
                    "first lien count": 1, 
                    "first lien value": 89, 
                    "junior lien count": 0, 
                    "junior lien value": 0
                }, 
                {
                    "name": "Commercial bank, savings bank or association", 
                    "first lien count": 2, 
                    "first lien value": 208, 
                    "junior lien count": 0, 
                    "junior lien value": 0
                }, 
                {
                    "name": "Life insurance co., credit union, finance co.", 
                    "first lien count": 1, 
                    "first lien value": 87, 
                    "junior lien count": 0, 
                    "junior lien value": 0
                }, 
                {
                    "name": "Affiliate institution", 
                    "first lien count": 0, 
                    "first lien value": 0, 
                    "junior lien count": 0, 
                    "junior lien value": 0
                }, 
                {
                    "name": "Other", 
                    "first lien count": 15, 
                    "first lien value": 1837, 
                    "junior lien count": 0, 
                    "junior lien value": 0
                }
            ]
        }, 
        {
            "point": "2.00 - 2.49", 
            "purchasers": [
                {
                    "name": "Fannie Mae", 
                    "first lien count": 4, 
                    "first lien value": 444, 
                    "junior lien count": 0, 
                    "junior lien value": 0
                }, 
                {
                    "name": "Ginnie Mae", 
                    "first lien count": 1, 
                    "first lien value": 61, 
                    "junior lien count": 0, 
                    "junior lien value": 0
                }, 
                {
                    "name": "Freddie Mac", 
                    "first lien count": 1, 
                    "first lien value": 38, 
                    "junior lien count": 0, 
                    "junior lien value": 0
                }, 
                {
                    "name": "Farmer Mac", 
                    "first lien count": 0, 
                    "first lien value": 0, 
                    "junior lien count": 0, 
                    "junior lien value": 0
                }, 
                {
                    "name": "Private Securitization", 
                    "first lien count": 0, 
                    "first lien value": 0, 
                    "junior lien count": 0, 
                    "junior lien value": 0
                }, 
                {
                    "name": "Commercial bank, savings bank or association", 
                    "first lien count": 0, 
                    "first lien value": 0, 
                    "junior lien count": 0, 
                    "junior lien value": 0
                }, 
                {
                    "name": "Life insurance co., credit union, finance co.", 
                    "first lien count": 0, 
                    "first lien value": 0, 
                    "junior lien count": 0, 
                    "junior lien value": 0
                }, 
                {
                    "name": "Affiliate institution", 
                    "first lien count": 0, 
                    "first lien value": 0, 
                    "junior lien count": 0, 
                    "junior lien value": 0
                }, 
                {
                    "name": "Other", 
                    "first lien count": 2, 
                    "first lien value": 118, 
                    "junior lien count": 0, 
                    "junior lien value": 0
                }
            ]
        }, 
        {
            "point": "2.50 - 2.99", 
            "purchasers": [
                {
                    "name": "Fannie Mae", 
                    "first lien count": 1, 
                    "first lien value": 84, 
                    "junior lien count": 0, 
                    "junior lien value": 0
                }, 
                {
                    "name": "Ginnie Mae", 
                    "first lien count": 0, 
                    "first lien value": 0, 
                    "junior lien count": 0, 
                    "junior lien value": 0
                }, 
                {
                    "name": "Freddie Mac", 
                    "first lien count": 1, 
                    "first lien value": 82, 
                    "junior lien count": 0, 
                    "junior lien value": 0
                }, 
                {
                    "name": "Farmer Mac", 
                    "first lien count": 0, 
                    "first lien value": 0, 
                    "junior lien count": 0, 
                    "junior lien value": 0
                }, 
                {
                    "name": "Private Securitization", 
                    "first lien count": 0, 
                    "first lien value": 0, 
                    "junior lien count": 0, 
                    "junior lien value": 0
                }, 
                {
                    "name": "Commercial bank, savings bank or association", 
                    "first lien count": 0, 
                    "first lien value": 0, 
                    "junior lien count": 0, 
                    "junior lien value": 0
                }, 
                {
                    "name": "Life insurance co., credit union, finance co.", 
                    "first lien count": 0, 
                    "first lien value": 0, 
                    "junior lien count": 0, 
                    "junior lien value": 0
                }, 
                {
                    "name": "Affiliate institution", 
                    "first lien count": 0, 
                    "first lien value": 0, 
                    "junior lien count": 0, 
                    "junior lien value": 0
                }, 
                {
                    "name": "Other", 
                    "first lien count": 3, 
                    "first lien value": 608, 
                    "junior lien count": 0, 
                    "junior lien value": 0
                }
            ]
        }, 
        {
            "point": "3.00 - 3.49", 
            "purchasers": [
                {
                    "name": "Fannie Mae", 
                    "first lien count": 0, 
                    "first lien value": 0, 
                    "junior lien count": 0, 
                    "junior lien value": 0
                }, 
                {
                    "name": "Ginnie Mae", 
                    "first lien count": 1, 
                    "first lien value": 104, 
                    "junior lien count": 0, 
                    "junior lien value": 0
                }, 
                {
                    "name": "Freddie Mac", 
                    "first lien count": 0, 
                    "first lien value": 0, 
                    "junior lien count": 0, 
                    "junior lien value": 0
                }, 
                {
                    "name": "Farmer Mac", 
                    "first lien count": 0, 
                    "first lien value": 0, 
                    "junior lien count": 0, 
                    "junior lien value": 0
                }, 
                {
                    "name": "Private Securitization", 
                    "first lien count": 0, 
                    "first lien value": 0, 
                    "junior lien count": 0, 
                    "junior lien value": 0
                }, 
                {
                    "name": "Commercial bank, savings bank or association", 
                    "first lien count": 0, 
                    "first lien value": 0, 
                    "junior lien count": 0, 
                    "junior lien value": 0
                }, 
                {
                    "name": "Life insurance co., credit union, finance co.", 
                    "first lien count": 2, 
                    "first lien value": 131, 
                    "junior lien count": 0, 
                    "junior lien value": 0
                }, 
                {
                    "name": "Affiliate institution", 
                    "first lien count": 0, 
                    "first lien value": 0, 
                    "junior lien count": 0, 
                    "junior lien value": 0
                }, 
                {
                    "name": "Other", 
                    "first lien count": 2, 
                    "first lien value": 158, 
                    "junior lien count": 0, 
                    "junior lien value": 0
                }
            ]
        }, 
        {
            "point": "3.50 - 4.49", 
            "purchasers": [
                {
                    "name": "Fannie Mae", 
                    "first lien count": 0, 
                    "first lien value": 0, 
                    "junior lien count": 0, 
                    "junior lien value": 0
                }, 
                {
                    "name": "Ginnie Mae", 
                    "first lien count": 0, 
                    "first lien value": 0, 
                    "junior lien count": 0, 
                    "junior lien value": 0
                }, 
                {
                    "name": "Freddie Mac", 
                    "first lien count": 0, 
                    "first lien value": 0, 
                    "junior lien count": 0, 
                    "junior lien value": 0
                }, 
                {
                    "name": "Farmer Mac", 
                    "first lien count": 0, 
                    "first lien value": 0, 
                    "junior lien count": 0, 
                    "junior lien value": 0
                }, 
                {
                    "name": "Private Securitization", 
                    "first lien count": 0, 
                    "first lien value": 0, 
                    "junior lien count": 0, 
                    "junior lien value": 0
                }, 
                {
                    "name": "Commercial bank, savings bank or association", 
                    "first lien count": 0, 
                    "first lien value": 0, 
                    "junior lien count": 0, 
                    "junior lien value": 0
                }, 
                {
                    "name": "Life insurance co., credit union, finance co.", 
                    "first lien count": 2, 
                    "first lien value": 128, 
                    "junior lien count": 0, 
                    "junior lien value": 0
                }, 
                {
                    "name": "Affiliate institution", 
                    "first lien count": 0, 
                    "first lien value": 0, 
                    "junior lien count": 0, 
                    "junior lien value": 0
                }, 
                {
                    "name": "Other", 
                    "first lien count": 3, 
                    "first lien value": 96, 
                    "junior lien count": 6, 
                    "junior lien value": 398
                }
            ]
        }, 
        {
            "point": "4.50 - 5.49", 
            "purchasers": [
                {
                    "name": "Fannie Mae", 
                    "first lien count": 0, 
                    "first lien value": 0, 
                    "junior lien count": 0, 
                    "junior lien value": 0
                }, 
                {
                    "name": "Ginnie Mae", 
                    "first lien count": 1, 
                    "first lien value": 114, 
                    "junior lien count": 0, 
                    "junior lien value": 0
                }, 
                {
                    "name": "Freddie Mac", 
                    "first lien count": 0, 
                    "first lien value": 0, 
                    "junior lien count": 0, 
                    "junior lien value": 0
                }, 
                {
                    "name": "Farmer Mac", 
                    "first lien count": 0, 
                    "first lien value": 0, 
                    "junior lien count": 0, 
                    "junior lien value": 0
                }, 
                {
                    "name": "Private Securitization", 
                    "first lien count": 0, 
                    "first lien value": 0, 
                    "junior lien count": 0, 
                    "junior lien value": 0
                }, 
                {
                    "name": "Commercial bank, savings bank or association", 
                    "first lien count": 1, 
                    "first lien value": 114, 
                    "junior lien count": 0, 
                    "junior lien value": 0
                }, 
                {
                    "name": "Life insurance co., credit union, finance co.", 
                    "first lien count": 0, 
                    "first lien value": 0, 
                    "junior lien count": 0, 
                    "junior lien value": 0
                }, 
                {
                    "name": "Affiliate institution", 
                    "first lien count": 0, 
                    "first lien value": 0, 
                    "junior lien count": 0, 
                    "junior lien value": 0
                }, 
                {
                    "name": "Other", 
                    "first lien count": 5, 
                    "first lien value": 488, 
                    "junior lien count": 4, 
                    "junior lien value": 156
                }
            ]
        }, 
        {
            "point": "5.50 - 6.49", 
            "purchasers": [
                {
                    "name": "Fannie Mae", 
                    "first lien count": 0, 
                    "first lien value": 0, 
                    "junior lien count": 0, 
                    "junior lien value": 0
                }, 
                {
                    "name": "Ginnie Mae", 
                    "first lien count": 0, 
                    "first lien value": 0, 
                    "junior lien count": 0, 
                    "junior lien value": 0
                }, 
                {
                    "name": "Freddie Mac", 
                    "first lien count": 0, 
                    "first lien value": 0, 
                    "junior lien count": 0, 
                    "junior lien value": 0
                }, 
                {
                    "name": "Farmer Mac", 
                    "first lien count": 0, 
                    "first lien value": 0, 
                    "junior lien count": 0, 
                    "junior lien value": 0
                }, 
                {
                    "name": "Private Securitization", 
                    "first lien count": 0, 
                    "first lien value": 0, 
                    "junior lien count": 0, 
                    "junior lien value": 0
                }, 
                {
                    "name": "Commercial bank, savings bank or association", 
                    "first lien count": 0, 
                    "first lien value": 0, 
                    "junior lien count": 0, 
                    "junior lien value": 0
                }, 
                {
                    "name": "Life insurance co., credit union, finance co.", 
                    "first lien count": 0, 
                    "first lien value": 0, 
                    "junior lien count": 0, 
                    "junior lien value": 0
                }, 
                {
                    "name": "Affiliate institution", 
                    "first lien count": 0, 
                    "first lien value": 0, 
                    "junior lien count": 0, 
                    "junior lien value": 0
                }, 
                {
                    "name": "Other", 
                    "first lien count": 0, 
                    "first lien value": 0, 
                    "junior lien count": 0, 
                    "junior lien value": 0
                }
            ]
        }, 
        {
            "point": "6.5 or more", 
            "purchasers": [
                {
                    "name": "Fannie Mae", 
                    "first lien count": 0, 
                    "first lien value": 0, 
                    "junior lien count": 0, 
                    "junior lien value": 0
                }, 
                {
                    "name": "Ginnie Mae", 
                    "first lien count": 0, 
                    "first lien value": 0, 
                    "junior lien count": 0, 
                    "junior lien value": 0
                }, 
                {
                    "name": "Freddie Mac", 
                    "first lien count": 0, 
                    "first lien value": 0, 
                    "junior lien count": 0, 
                    "junior lien value": 0
                }, 
                {
                    "name": "Farmer Mac", 
                    "first lien count": 0, 
                    "first lien value": 0, 
                    "junior lien count": 0, 
                    "junior lien value": 0
                }, 
                {
                    "name": "Private Securitization", 
                    "first lien count": 0, 
                    "first lien value": 0, 
                    "junior lien count": 0, 
                    "junior lien value": 0
                }, 
                {
                    "name": "Commercial bank, savings bank or association", 
                    "first lien count": 0, 
                    "first lien value": 0, 
                    "junior lien count": 0, 
                    "junior lien value": 0
                }, 
                {
                    "name": "Life insurance co., credit union, finance co.", 
                    "first lien count": 0, 
                    "first lien value": 0, 
                    "junior lien count": 0, 
                    "junior lien value": 0
                }, 
                {
                    "name": "Affiliate institution", 
                    "first lien count": 0, 
                    "first lien value": 0, 
                    "junior lien count": 0, 
                    "junior lien value": 0
                }, 
                {
                    "name": "Other", 
                    "first lien count": 6, 
                    "first lien value": 206, 
                    "junior lien count": 1, 
                    "junior lien value": 7
                }
            ]
        }, 
        {
            "point": "mean", 
            "purchasers": [
                {
                    "name": "Fannie Mae", 
                    "first lien": 406.21, 
                    "junior lien": 0
                }, 
                {
                    "name": "Ginnie Mae", 
                    "first lien": 561.56, 
                    "junior lien": 0
                }, 
                {
                    "name": "Freddie Mac", 
                    "first lien": 652.2, 
                    "junior lien": 0
                }, 
                {
                    "name": "Farmer Mac", 
                    "first lien": 0, 
                    "junior lien": 0
                }, 
                {
                    "name": "Private Securitization", 
                    "first lien": 197.66, 
                    "junior lien": 0
                }, 
                {
                    "name": "Commercial bank, savings bank or association", 
                    "first lien": 1122.36, 
                    "junior lien": 0
                }, 
                {
                    "name": "Life insurance co., credit union, finance co.", 
                    "first lien": 869.76, 
                    "junior lien": 0
                }, 
                {
                    "name": "Affiliate institution", 
                    "first lien": 0, 
                    "junior lien": 0
                }, 
                {
                    "name": "Other", 
                    "first lien": 151.07, 
                    "junior lien": 105.61
                }
            ]
        }, 
        {
            "point": "median", 
            "purchasers": [
                {
                    "name": "Fannie Mae", 
                    "first lien": 1.71, 
                    "junior lien": 4.02
                }, 
                {
                    "name": "Ginnie Mae", 
                    "first lien": 1.97, 
                    "junior lien": 0
                }, 
                {
                    "name": "Freddie Mac", 
                    "first lien": 1.71, 
                    "junior lien": 0
                }, 
                {
                    "name": "Farmer Mac", 
                    "first lien": 1.57, 
                    "junior lien": 0
                }, 
                {
                    "name": "Private Securitization", 
                    "first lien": 1.84, 
                    "junior lien": 0
                }, 
                {
                    "name": "Commercial bank, savings bank or association", 
                    "first lien": 1.73, 
                    "junior lien": 5.04
                }, 
                {
                    "name": "Life insurance co., credit union, finance co.", 
                    "first lien": 2.14, 
                    "junior lien": 5.0
                }, 
                {
                    "name": "Affiliate institution", 
                    "first lien": 1.75, 
                    "junior lien": 4.48
                }, 
                {
                    "name": "Other", 
                    "first lien": 2.64, 
                    "junior lien": 4.68
                }
            ]
        }
    ], 
    "hoepa": {
        "pricing": "hoepa loans", 
        "purchasers": [
            {
                "name": "Fannie Mae", 
                "first lien count": 0, 
                "first lien value": 0, 
                "junior lien count": 0, 
                "junior lien value": 0
            }, 
            {
                "name": "Ginnie Mae", 
                "first lien count": 0, 
                "first lien value": 0, 
                "junior lien count": 0, 
                "junior lien value": 0
            }, 
            {
                "name": "Freddie Mac", 
                "first lien count": 0, 
                "first lien value": 0, 
                "junior lien count": 0, 
                "junior lien value": 0
            }, 
            {
                "name": "Farmer Mac", 
                "first lien count": 0, 
                "first lien value": 0, 
                "junior lien count": 0, 
                "junior lien value": 0
            }, 
            {
                "name": "Private Securitization", 
                "first lien count": 0, 
                "first lien value": 0, 
                "junior lien count": 0, 
                "junior lien value": 0
            }, 
            {
                "name": "Commercial bank, savings bank or association", 
                "first lien count": 0, 
                "first lien value": 0, 
                "junior lien count": 0, 
                "junior lien value": 0
            }, 
            {
                "name": "Life insurance co., credit union, finance co.", 
                "first lien count": 0, 
                "first lien value": 0, 
                "junior lien count": 0, 
                "junior lien value": 0
            }, 
            {
                "name": "Affiliate institution", 
                "first lien count": 0, 
                "first lien value": 0, 
                "junior lien count": 0, 
                "junior lien value": 0
            }, 
            {
                "name": "Other", 
                "first lien count": 0, 
                "first lien value": 0, 
                "junior lien count": 0, 
                "junior lien value": 0
            }
        ]
    }
}