{
    "table": "3-1", 
    "type": "Aggregate", 
    "desc": "Loans sold, by characteristics of borrower and census tract in which property is located and by type of purchaser (includes originations and purchased loans)", 
    "year": "2013", 
    "msa": {
        "id": "26620", 
        "name": "Huntsville", 
        "state": "AL", 
        "state_name": "Alabama"
    }, 
    "borrowercharacteristics": [
        {
            "characteristic": "Race", 
            "races": [
                {
                    "race": "American Indian/Alaska Native", 
                    "purchasers": [
                        {
                            "name": "Fannie Mae", 
                            "count": 15, 
                            "value": 2673.0
                        }, 
                        {
                            "name": "Ginnie Mae", 
                            "count": 16, 
                            "value": 2897.0
                        }, 
                        {
                            "name": "Freddie Mac", 
                            "count": 4, 
                            "value": 329.0
                        }, 
                        {
                            "name": "Farmer Mac", 
                            "count": 0, 
                            "value": 0
                        }, 
                        {
                            "name": "Private Securitization", 
                            "count": 0, 
                            "value": 0
                        }, 
                        {
                            "name": "Commercial bank, savings bank or association", 
                            "count": 8, 
                            "value": 1488.0
                        }, 
                        {
                            "name": "Life insurance co., credit union, finance co.", 
                            "count": 0, 
                            "value": 0
                        }, 
                        {
                            "name": "Affiliate institution", 
                            "count": 0, 
                            "value": 0
                        }, 
                        {
                            "name": "Other", 
                            "count": 55, 
                            "value": 8100.0
                        }
                    ]
                }, 
                {
                    "race": "Asian", 
                    "purchasers": [
                        {
                            "name": "Fannie Mae", 
                            "count": 12, 
                            "value": 1967.0
                        }, 
                        {
                            "name": "Ginnie Mae", 
                            "count": 11, 
                            "value": 1746.0
                        }, 
                        {
                            "name": "Freddie Mac", 
                            "count": 7, 
                            "value": 1038.0
                        }, 
                        {
                            "name": "Farmer Mac", 
                            "count": 0, 
                            "value": 0
                        }, 
                        {
                            "name": "Private Securitization", 
                            "count": 0, 
                            "value": 0
                        }, 
                        {
                            "name": "Commercial bank, savings bank or association", 
                            "count": 3, 
                            "value": 533.0
                        }, 
                        {
                            "name": "Life insurance co., credit union, finance co.", 
                            "count": 3, 
                            "value": 408.0
                        }, 
                        {
                            "name": "Affiliate institution", 
                            "count": 3, 
                            "value": 491.0
                        }, 
                        {
                            "name": "Other", 
                            "count": 63, 
                            "value": 7378.0
                        }
                    ]
                }, 
                {
                    "race": "Black or African American", 
                    "purchasers": [
                        {
                            "name": "Fannie Mae", 
                            "count": 90, 
                            "value": 17514.0
                        }, 
                        {
                            "name": "Ginnie Mae", 
                            "count": 24, 
                            "value": 3713.0
                        }, 
                        {
                            "name": "Freddie Mac", 
                            "count": 28, 
                            "value": 5492.0
                        }, 
                        {
                            "name": "Farmer Mac", 
                            "count": 0, 
                            "value": 0
                        }, 
                        {
                            "name": "Private Securitization", 
                            "count": 0, 
                            "value": 0
                        }, 
                        {
                            "name": "Commercial bank, savings bank or association", 
                            "count": 40, 
                            "value": 9602.0
                        }, 
                        {
                            "name": "Life insurance co., credit union, finance co.", 
                            "count": 19, 
                            "value": 3237.0
                        }, 
                        {
                            "name": "Affiliate institution", 
                            "count": 3, 
                            "value": 527.0
                        }, 
                        {
                            "name": "Other", 
                            "count": 232, 
                            "value": 41165.0
                        }
                    ]
                }, 
                {
                    "race": "Native Hawaiian or Other Pacific Islander", 
                    "purchasers": [
                        {
                            "name": "Fannie Mae", 
                            "count": 344, 
                            "value": 51631.0
                        }, 
                        {
                            "name": "Ginnie Mae", 
                            "count": 700, 
                            "value": 125098.0
                        }, 
                        {
                            "name": "Freddie Mac", 
                            "count": 143, 
                            "value": 23705.0
                        }, 
                        {
                            "name": "Farmer Mac", 
                            "count": 0, 
                            "value": 0
                        }, 
                        {
                            "name": "Private Securitization", 
                            "count": 10, 
                            "value": 1422.0
                        }, 
                        {
                            "name": "Commercial bank, savings bank or association", 
                            "count": 212, 
                            "value": 40876.0
                        }, 
                        {
                            "name": "Life insurance co., credit union, finance co.", 
                            "count": 198, 
                            "value": 31054.0
                        }, 
                        {
                            "name": "Affiliate institution", 
                            "count": 38, 
                            "value": 4890.0
                        }, 
                        {
                            "name": "Other", 
                            "count": 2636, 
                            "value": 300738.0
                        }
                    ]
                }, 
                {
                    "race": "White", 
                    "purchasers": [
                        {
                            "name": "Fannie Mae", 
                            "count": 9, 
                            "value": 1491.0
                        }, 
                        {
                            "name": "Ginnie Mae", 
                            "count": 4, 
                            "value": 732.0
                        }, 
                        {
                            "name": "Freddie Mac", 
                            "count": 3, 
                            "value": 939.0
                        }, 
                        {
                            "name": "Farmer Mac", 
                            "count": 0, 
                            "value": 0
                        }, 
                        {
                            "name": "Private Securitization", 
                            "count": 0, 
                            "value": 0
                        }, 
                        {
                            "name": "Commercial bank, savings bank or association", 
                            "count": 0, 
                            "value": 0
                        }, 
                        {
                            "name": "Life insurance co., credit union, finance co.", 
                            "count": 0, 
                            "value": 0
                        }, 
                        {
                            "name": "Affiliate institution", 
                            "count": 1, 
                            "value": 142.0
                        }, 
                        {
                            "name": "Other", 
                            "count": 45, 
                            "value": 5404.0
                        }
                    ]
                }, 
                {
                    "race": "2 or more minority races", 
                    "purchasers": [
                        {
                            "name": "Fannie Mae", 
                            "count": 3025, 
                            "value": 512197.0
                        }, 
                        {
                            "name": "Ginnie Mae", 
                            "count": 2616, 
                            "value": 465970.0
                        }, 
                        {
                            "name": "Freddie Mac", 
                            "count": 1380, 
                            "value": 240288.0
                        }, 
                        {
                            "name": "Farmer Mac", 
                            "count": 0, 
                            "value": 0
                        }, 
                        {
                            "name": "Private Securitization", 
                            "count": 97, 
                            "value": 23973.0
                        }, 
                        {
                            "name": "Commercial bank, savings bank or association", 
                            "count": 1700, 
                            "value": 322089.0
                        }, 
                        {
                            "name": "Life insurance co., credit union, finance co.", 
                            "count": 1203, 
                            "value": 201890.0
                        }, 
                        {
                            "name": "Affiliate institution", 
                            "count": 242, 
                            "value": 34839.0
                        }, 
                        {
                            "name": "Other", 
                            "count": 10890, 
                            "value": 1510703.0
                        }
                    ]
                }, 
                {
                    "race": "Joint (White/Minority Race", 
                    "purchasers": [
                        {
                            "name": "Fannie Mae", 
                            "count": 59, 
                            "value": 11773.0
                        }, 
                        {
                            "name": "Ginnie Mae", 
                            "count": 51, 
                            "value": 11745.0
                        }, 
                        {
                            "name": "Freddie Mac", 
                            "count": 26, 
                            "value": 4545.0
                        }, 
                        {
                            "name": "Farmer Mac", 
                            "count": 0, 
                            "value": 0
                        }, 
                        {
                            "name": "Private Securitization", 
                            "count": 3, 
                            "value": 627.0
                        }, 
                        {
                            "name": "Commercial bank, savings bank or association", 
                            "count": 27, 
                            "value": 5834.0
                        }, 
                        {
                            "name": "Life insurance co., credit union, finance co.", 
                            "count": 12, 
                            "value": 2934.0
                        }, 
                        {
                            "name": "Affiliate institution", 
                            "count": 7, 
                            "value": 1147.0
                        }, 
                        {
                            "name": "Other", 
                            "count": 168, 
                            "value": 28056.0
                        }
                    ]
                }, 
                {
                    "race": "Not Available", 
                    "purchasers": [
                        {
                            "name": "Fannie Mae", 
                            "count": 850, 
                            "value": 146305.0
                        }, 
                        {
                            "name": "Ginnie Mae", 
                            "count": 1302, 
                            "value": 817941.0
                        }, 
                        {
                            "name": "Freddie Mac", 
                            "count": 694, 
                            "value": 170969.0
                        }, 
                        {
                            "name": "Farmer Mac", 
                            "count": 0, 
                            "value": 0
                        }, 
                        {
                            "name": "Private Securitization", 
                            "count": 4, 
                            "value": 744.0
                        }, 
                        {
                            "name": "Commercial bank, savings bank or association", 
                            "count": 84, 
                            "value": 15084.0
                        }, 
                        {
                            "name": "Life insurance co., credit union, finance co.", 
                            "count": 76, 
                            "value": 13348.0
                        }, 
                        {
                            "name": "Affiliate institution", 
                            "count": 65, 
                            "value": 10663.0
                        }, 
                        {
                            "name": "Other", 
                            "count": 2680, 
                            "value": 469507.0
                        }
                    ]
                }
            ]
        }, 
        {
            "characteristic": "Ethnicity", 
            "ethnicities": [
                {
                    "ethnicity": "Hispanic or Latino", 
                    "purchasers": [
                        {
                            "name": "Fannie Mae", 
                            "count": 51, 
                            "value": 7722
                        }, 
                        {
                            "name": "Ginnie Mae", 
                            "count": 90, 
                            "value": 14955
                        }, 
                        {
                            "name": "Freddie Mac", 
                            "count": 13, 
                            "value": 1727
                        }, 
                        {
                            "name": "Farmer Mac", 
                            "count": 0, 
                            "value": 0
                        }, 
                        {
                            "name": "Private Securitization", 
                            "count": 0, 
                            "value": 0
                        }, 
                        {
                            "name": "Commercial bank, savings bank or association", 
                            "count": 37, 
                            "value": 6777
                        }, 
                        {
                            "name": "Life insurance co., credit union, finance co.", 
                            "count": 32, 
                            "value": 4450
                        }, 
                        {
                            "name": "Affiliate institution", 
                            "count": 3, 
                            "value": 460
                        }, 
                        {
                            "name": "Other", 
                            "count": 292, 
                            "value": 33876
                        }
                    ]
                }, 
                {
                    "ethnicity": "Not Hispanic or Latino", 
                    "purchasers": [
                        {
                            "name": "Fannie Mae", 
                            "count": 3462, 
                            "value": 582359
                        }, 
                        {
                            "name": "Ginnie Mae", 
                            "count": 3287, 
                            "value": 588996
                        }, 
                        {
                            "name": "Freddie Mac", 
                            "count": 1563, 
                            "value": 272153
                        }, 
                        {
                            "name": "Farmer Mac", 
                            "count": 0, 
                            "value": 0
                        }, 
                        {
                            "name": "Private Securitization", 
                            "count": 111, 
                            "value": 26112
                        }, 
                        {
                            "name": "Commercial bank, savings bank or association", 
                            "count": 1930, 
                            "value": 368950
                        }, 
                        {
                            "name": "Life insurance co., credit union, finance co.", 
                            "count": 1393, 
                            "value": 233460
                        }, 
                        {
                            "name": "Affiliate institution", 
                            "count": 283, 
                            "value": 40848
                        }, 
                        {
                            "name": "Other", 
                            "count": 13575, 
                            "value": 1854954
                        }
                    ]
                }, 
                {
                    "ethnicity": "Joint (Hispanic or Latino/Not Hispanic or Latino", 
                    "purchasers": [
                        {
                            "name": "Fannie Mae", 
                            "count": 42, 
                            "value": 8469
                        }, 
                        {
                            "name": "Ginnie Mae", 
                            "count": 45, 
                            "value": 10070
                        }, 
                        {
                            "name": "Freddie Mac", 
                            "count": 13, 
                            "value": 2137
                        }, 
                        {
                            "name": "Farmer Mac", 
                            "count": 0, 
                            "value": 0
                        }, 
                        {
                            "name": "Private Securitization", 
                            "count": 0, 
                            "value": 0
                        }, 
                        {
                            "name": "Commercial bank, savings bank or association", 
                            "count": 21, 
                            "value": 4721
                        }, 
                        {
                            "name": "Life insurance co., credit union, finance co.", 
                            "count": 10, 
                            "value": 1601
                        }, 
                        {
                            "name": "Affiliate institution", 
                            "count": 1, 
                            "value": 195
                        }, 
                        {
                            "name": "Other", 
                            "count": 112, 
                            "value": 17292
                        }
                    ]
                }, 
                {
                    "ethnicity": "Ethnicity Not Available", 
                    "purchasers": [
                        {
                            "name": "Fannie Mae", 
                            "count": 849, 
                            "value": 147001
                        }, 
                        {
                            "name": "Ginnie Mae", 
                            "count": 1302, 
                            "value": 815821
                        }, 
                        {
                            "name": "Freddie Mac", 
                            "count": 696, 
                            "value": 171288
                        }, 
                        {
                            "name": "Farmer Mac", 
                            "count": 0, 
                            "value": 0
                        }, 
                        {
                            "name": "Private Securitization", 
                            "count": 3, 
                            "value": 654
                        }, 
                        {
                            "name": "Commercial bank, savings bank or association", 
                            "count": 86, 
                            "value": 15058
                        }, 
                        {
                            "name": "Life insurance co., credit union, finance co.", 
                            "count": 76, 
                            "value": 13360
                        }, 
                        {
                            "name": "Affiliate institution", 
                            "count": 72, 
                            "value": 11196
                        }, 
                        {
                            "name": "Other", 
                            "count": 2790, 
                            "value": 464929
                        }
                    ]
                }
            ]
        }, 
        {
            "characteristic": "Minority Status", 
            "minoritystatuses": [
                {
                    "minoritystatus": "White Non-Hispanic", 
                    "purchasers": [
                        {
                            "name": "Fannie Mae", 
                            "count": 3792, 
                            "value": 644291
                        }, 
                        {
                            "name": "Ginnie Mae", 
                            "count": 3801, 
                            "value": 1262188
                        }, 
                        {
                            "name": "Freddie Mac", 
                            "count": 2053, 
                            "value": 408054
                        }, 
                        {
                            "name": "Farmer Mac", 
                            "count": 0, 
                            "value": 0
                        }, 
                        {
                            "name": "Private Securitization", 
                            "count": 101, 
                            "value": 24717
                        }, 
                        {
                            "name": "Commercial bank, savings bank or association", 
                            "count": 1736, 
                            "value": 328015
                        }, 
                        {
                            "name": "Life insurance co., credit union, finance co.", 
                            "count": 1236, 
                            "value": 208954
                        }, 
                        {
                            "name": "Affiliate institution", 
                            "count": 303, 
                            "value": 44843
                        }, 
                        {
                            "name": "Other", 
                            "count": 13217, 
                            "value": 1933666
                        }
                    ]
                }, 
                {
                    "minoritystatus": "Others, Including Hispanic", 
                    "purchasers": [
                        {
                            "name": "Fannie Mae", 
                            "count": 612, 
                            "value": 101260
                        }, 
                        {
                            "name": "Ginnie Mae", 
                            "count": 923, 
                            "value": 167654
                        }, 
                        {
                            "name": "Freddie Mac", 
                            "count": 232, 
                            "value": 39251
                        }, 
                        {
                            "name": "Farmer Mac", 
                            "count": 0, 
                            "value": 0
                        }, 
                        {
                            "name": "Private Securitization", 
                            "count": 13, 
                            "value": 2049
                        }, 
                        {
                            "name": "Commercial bank, savings bank or association", 
                            "count": 338, 
                            "value": 67491
                        }, 
                        {
                            "name": "Life insurance co., credit union, finance co.", 
                            "count": 275, 
                            "value": 43917
                        }, 
                        {
                            "name": "Affiliate institution", 
                            "count": 56, 
                            "value": 7856
                        }, 
                        {
                            "name": "Other", 
                            "count": 3552, 
                            "value": 437385
                        }
                    ]
                }
            ]
        }, 
        {
            "characteristic": "Applicant Income", 
            "applicantincomes": [
                {
                    "applicantincome": "Less than 50% of MSA/MD median", 
                    "purchasers": [
                        {
                            "name": "Fannie Mae", 
                            "count": 334, 
                            "value": 30845
                        }, 
                        {
                            "name": "Ginnie Mae", 
                            "count": 397, 
                            "value": 39330
                        }, 
                        {
                            "name": "Freddie Mac", 
                            "count": 149, 
                            "value": 13463
                        }, 
                        {
                            "name": "Farmer Mac", 
                            "count": 0, 
                            "value": 0
                        }, 
                        {
                            "name": "Private Securitization", 
                            "count": 16, 
                            "value": 1653
                        }, 
                        {
                            "name": "Commercial bank, savings bank or association", 
                            "count": 208, 
                            "value": 21075
                        }, 
                        {
                            "name": "Life insurance co., credit union, finance co.", 
                            "count": 251, 
                            "value": 24560
                        }, 
                        {
                            "name": "Affiliate institution", 
                            "count": 30, 
                            "value": 2536
                        }, 
                        {
                            "name": "Other", 
                            "count": 2909, 
                            "value": 191705
                        }
                    ]
                }, 
                {
                    "applicantincome": "50-79% of MSA/MD median", 
                    "purchasers": [
                        {
                            "name": "Fannie Mae", 
                            "count": 658, 
                            "value": 78994
                        }, 
                        {
                            "name": "Ginnie Mae", 
                            "count": 676, 
                            "value": 92784
                        }, 
                        {
                            "name": "Freddie Mac", 
                            "count": 292, 
                            "value": 36333
                        }, 
                        {
                            "name": "Farmer Mac", 
                            "count": 0, 
                            "value": 0
                        }, 
                        {
                            "name": "Private Securitization", 
                            "count": 18, 
                            "value": 2769
                        }, 
                        {
                            "name": "Commercial bank, savings bank or association", 
                            "count": 396, 
                            "value": 54629
                        }, 
                        {
                            "name": "Life insurance co., credit union, finance co.", 
                            "count": 345, 
                            "value": 45608
                        }, 
                        {
                            "name": "Affiliate institution", 
                            "count": 47, 
                            "value": 4872
                        }, 
                        {
                            "name": "Other", 
                            "count": 3361, 
                            "value": 318429
                        }
                    ]
                }, 
                {
                    "applicantincome": "80-99% of MSA/MD median", 
                    "purchasers": [
                        {
                            "name": "Fannie Mae", 
                            "count": 424, 
                            "value": 60826
                        }, 
                        {
                            "name": "Ginnie Mae", 
                            "count": 340, 
                            "value": 56026
                        }, 
                        {
                            "name": "Freddie Mac", 
                            "count": 208, 
                            "value": 30562
                        }, 
                        {
                            "name": "Farmer Mac", 
                            "count": 0, 
                            "value": 0
                        }, 
                        {
                            "name": "Private Securitization", 
                            "count": 8, 
                            "value": 1274
                        }, 
                        {
                            "name": "Commercial bank, savings bank or association", 
                            "count": 250, 
                            "value": 40086
                        }, 
                        {
                            "name": "Life insurance co., credit union, finance co.", 
                            "count": 179, 
                            "value": 28271
                        }, 
                        {
                            "name": "Affiliate institution", 
                            "count": 31, 
                            "value": 4023
                        }, 
                        {
                            "name": "Other", 
                            "count": 1705, 
                            "value": 198097
                        }
                    ]
                }, 
                {
                    "applicantincome": "100-119% of MSA/MD median", 
                    "purchasers": [
                        {
                            "name": "Fannie Mae", 
                            "count": 425, 
                            "value": 67076
                        }, 
                        {
                            "name": "Ginnie Mae", 
                            "count": 267, 
                            "value": 49012
                        }, 
                        {
                            "name": "Freddie Mac", 
                            "count": 220, 
                            "value": 34889
                        }, 
                        {
                            "name": "Farmer Mac", 
                            "count": 0, 
                            "value": 0
                        }, 
                        {
                            "name": "Private Securitization", 
                            "count": 15, 
                            "value": 3253
                        }, 
                        {
                            "name": "Commercial bank, savings bank or association", 
                            "count": 192, 
                            "value": 35792
                        }, 
                        {
                            "name": "Life insurance co., credit union, finance co.", 
                            "count": 156, 
                            "value": 27918
                        }, 
                        {
                            "name": "Affiliate institution", 
                            "count": 36, 
                            "value": 4823
                        }, 
                        {
                            "name": "Other", 
                            "count": 1434, 
                            "value": 186984
                        }
                    ]
                }, 
                {
                    "applicantincome": "120% or more of MSA/MD median", 
                    "purchasers": [
                        {
                            "name": "Fannie Mae", 
                            "count": 2116, 
                            "value": 427021
                        }, 
                        {
                            "name": "Ginnie Mae", 
                            "count": 838, 
                            "value": 210443
                        }, 
                        {
                            "name": "Freddie Mac", 
                            "count": 944, 
                            "value": 194483
                        }, 
                        {
                            "name": "Farmer Mac", 
                            "count": 0, 
                            "value": 0
                        }, 
                        {
                            "name": "Private Securitization", 
                            "count": 56, 
                            "value": 17437
                        }, 
                        {
                            "name": "Commercial bank, savings bank or association", 
                            "count": 919, 
                            "value": 219564
                        }, 
                        {
                            "name": "Life insurance co., credit union, finance co.", 
                            "count": 474, 
                            "value": 108008
                        }, 
                        {
                            "name": "Affiliate institution", 
                            "count": 207, 
                            "value": 34953
                        }, 
                        {
                            "name": "Other", 
                            "count": 5323, 
                            "value": 1064403
                        }
                    ]
                }, 
                {
                    "applicantincome": "income not available", 
                    "purchasers": [
                        {
                            "name": "Fannie Mae", 
                            "count": 447, 
                            "value": 80789
                        }, 
                        {
                            "name": "Ginnie Mae", 
                            "count": 2206, 
                            "value": 982247
                        }, 
                        {
                            "name": "Freddie Mac", 
                            "count": 472, 
                            "value": 137575
                        }, 
                        {
                            "name": "Farmer Mac", 
                            "count": 0, 
                            "value": 0
                        }, 
                        {
                            "name": "Private Securitization", 
                            "count": 1, 
                            "value": 380
                        }, 
                        {
                            "name": "Commercial bank, savings bank or association", 
                            "count": 109, 
                            "value": 24360
                        }, 
                        {
                            "name": "Life insurance co., credit union, finance co.", 
                            "count": 106, 
                            "value": 18506
                        }, 
                        {
                            "name": "Affiliate institution", 
                            "count": 8, 
                            "value": 1492
                        }, 
                        {
                            "name": "Other", 
                            "count": 2037, 
                            "value": 411433
                        }
                    ]
                }
            ]
        }
    ], 
    "censuscharacteristics": [
        {
            "characteristic": "Racial/Ethnic Composition", 
            "tractpctminorities": [
                {
                    "tractpctminority": "Less than 10% minority", 
                    "purchasers": [
                        {
                            "name": "Fannie Mae", 
                            "count": 436, 
                            "value": 84236
                        }, 
                        {
                            "name": "Ginnie Mae", 
                            "count": 293, 
                            "value": 183308
                        }, 
                        {
                            "name": "Freddie Mac", 
                            "count": 265, 
                            "value": 52859
                        }, 
                        {
                            "name": "Farmer Mac", 
                            "count": 0, 
                            "value": 0
                        }, 
                        {
                            "name": "Private Securitization", 
                            "count": 25, 
                            "value": 7681
                        }, 
                        {
                            "name": "Commercial bank, savings bank or association", 
                            "count": 232, 
                            "value": 53868
                        }, 
                        {
                            "name": "Life insurance co., credit union, finance co.", 
                            "count": 129, 
                            "value": 23161
                        }, 
                        {
                            "name": "Affiliate institution", 
                            "count": 34, 
                            "value": 5851
                        }, 
                        {
                            "name": "Other", 
                            "count": 1593, 
                            "value": 298532
                        }
                    ]
                }, 
                {
                    "tractpctminority": "10-19% minority", 
                    "purchasers": [
                        {
                            "name": "Fannie Mae", 
                            "count": 3746, 
                            "value": 640655
                        }, 
                        {
                            "name": "Ginnie Mae", 
                            "count": 4156, 
                            "value": 1219738
                        }, 
                        {
                            "name": "Freddie Mac", 
                            "count": 1929, 
                            "value": 384677
                        }, 
                        {
                            "name": "Farmer Mac", 
                            "count": 0, 
                            "value": 0
                        }, 
                        {
                            "name": "Private Securitization", 
                            "count": 84, 
                            "value": 18833
                        }, 
                        {
                            "name": "Commercial bank, savings bank or association", 
                            "count": 1769, 
                            "value": 333044
                        }, 
                        {
                            "name": "Life insurance co., credit union, finance co.", 
                            "count": 1298, 
                            "value": 221382
                        }, 
                        {
                            "name": "Affiliate institution", 
                            "count": 298, 
                            "value": 44749
                        }, 
                        {
                            "name": "Other", 
                            "count": 13265, 
                            "value": 1924090
                        }
                    ]
                }, 
                {
                    "tractpctminority": "20-49% minority", 
                    "purchasers": [
                        {
                            "name": "Fannie Mae", 
                            "count": 130, 
                            "value": 14050
                        }, 
                        {
                            "name": "Ginnie Mae", 
                            "count": 155, 
                            "value": 17086
                        }, 
                        {
                            "name": "Freddie Mac", 
                            "count": 60, 
                            "value": 7411
                        }, 
                        {
                            "name": "Farmer Mac", 
                            "count": 0, 
                            "value": 0
                        }, 
                        {
                            "name": "Private Securitization", 
                            "count": 0, 
                            "value": 0
                        }, 
                        {
                            "name": "Commercial bank, savings bank or association", 
                            "count": 43, 
                            "value": 6107
                        }, 
                        {
                            "name": "Life insurance co., credit union, finance co.", 
                            "count": 49, 
                            "value": 5513
                        }, 
                        {
                            "name": "Affiliate institution", 
                            "count": 16, 
                            "value": 1390
                        }, 
                        {
                            "name": "Other", 
                            "count": 899, 
                            "value": 82926
                        }
                    ]
                }, 
                {
                    "tractpctminority": "50-79% minority", 
                    "purchasers": [
                        {
                            "name": "Fannie Mae", 
                            "count": 92, 
                            "value": 6610
                        }, 
                        {
                            "name": "Ginnie Mae", 
                            "count": 120, 
                            "value": 9710
                        }, 
                        {
                            "name": "Freddie Mac", 
                            "count": 31, 
                            "value": 2358
                        }, 
                        {
                            "name": "Farmer Mac", 
                            "count": 0, 
                            "value": 0
                        }, 
                        {
                            "name": "Private Securitization", 
                            "count": 5, 
                            "value": 252
                        }, 
                        {
                            "name": "Commercial bank, savings bank or association", 
                            "count": 30, 
                            "value": 2487
                        }, 
                        {
                            "name": "Life insurance co., credit union, finance co.", 
                            "count": 35, 
                            "value": 2815
                        }, 
                        {
                            "name": "Affiliate institution", 
                            "count": 11, 
                            "value": 709
                        }, 
                        {
                            "name": "Other", 
                            "count": 1012, 
                            "value": 65503
                        }
                    ]
                }, 
                {
                    "tractpctminority": "80-100% minority", 
                    "purchasers": [
                        {
                            "name": "Fannie Mae", 
                            "count": 0, 
                            "value": 0
                        }, 
                        {
                            "name": "Ginnie Mae", 
                            "count": 0, 
                            "value": 0
                        }, 
                        {
                            "name": "Freddie Mac", 
                            "count": 0, 
                            "value": 0
                        }, 
                        {
                            "name": "Farmer Mac", 
                            "count": 0, 
                            "value": 0
                        }, 
                        {
                            "name": "Private Securitization", 
                            "count": 0, 
                            "value": 0
                        }, 
                        {
                            "name": "Commercial bank, savings bank or association", 
                            "count": 0, 
                            "value": 0
                        }, 
                        {
                            "name": "Life insurance co., credit union, finance co.", 
                            "count": 0, 
                            "value": 0
                        }, 
                        {
                            "name": "Affiliate institution", 
                            "count": 0, 
                            "value": 0
                        }, 
                        {
                            "name": "Other", 
                            "count": 0, 
                            "value": 0
                        }
                    ]
                }
            ]
        }, 
        {
            "characteristic": "Income", 
            "incomelevels": [
                {
                    "incomelevel": "Low income", 
                    "purchasers": [
                        {
                            "name": "Fannie Mae", 
                            "count": 50, 
                            "value": 3304
                        }, 
                        {
                            "name": "Ginnie Mae", 
                            "count": 59, 
                            "value": 4036
                        }, 
                        {
                            "name": "Freddie Mac", 
                            "count": 26, 
                            "value": 2328
                        }, 
                        {
                            "name": "Farmer Mac", 
                            "count": 0, 
                            "value": 0
                        }, 
                        {
                            "name": "Private Securitization", 
                            "count": 2, 
                            "value": 88
                        }, 
                        {
                            "name": "Commercial bank, savings bank or association", 
                            "count": 21, 
                            "value": 1452
                        }, 
                        {
                            "name": "Life insurance co., credit union, finance co.", 
                            "count": 24, 
                            "value": 1824
                        }, 
                        {
                            "name": "Affiliate institution", 
                            "count": 7, 
                            "value": 388
                        }, 
                        {
                            "name": "Other", 
                            "count": 464, 
                            "value": 30289
                        }
                    ]
                }, 
                {
                    "incomelevel": "Moderate income", 
                    "purchasers": [
                        {
                            "name": "Fannie Mae", 
                            "count": 503, 
                            "value": 59725
                        }, 
                        {
                            "name": "Ginnie Mae", 
                            "count": 605, 
                            "value": 333553
                        }, 
                        {
                            "name": "Freddie Mac", 
                            "count": 272, 
                            "value": 52262
                        }, 
                        {
                            "name": "Farmer Mac", 
                            "count": 0, 
                            "value": 0
                        }, 
                        {
                            "name": "Private Securitization", 
                            "count": 8, 
                            "value": 753
                        }, 
                        {
                            "name": "Commercial bank, savings bank or association", 
                            "count": 198, 
                            "value": 26768
                        }, 
                        {
                            "name": "Life insurance co., credit union, finance co.", 
                            "count": 226, 
                            "value": 27075
                        }, 
                        {
                            "name": "Affiliate institution", 
                            "count": 51, 
                            "value": 4690
                        }, 
                        {
                            "name": "Other", 
                            "count": 3182, 
                            "value": 289033
                        }
                    ]
                }, 
                {
                    "incomelevel": "Middle income", 
                    "purchasers": [
                        {
                            "name": "Fannie Mae", 
                            "count": 1577, 
                            "value": 240880
                        }, 
                        {
                            "name": "Ginnie Mae", 
                            "count": 1891, 
                            "value": 446887
                        }, 
                        {
                            "name": "Freddie Mac", 
                            "count": 785, 
                            "value": 150086
                        }, 
                        {
                            "name": "Farmer Mac", 
                            "count": 0, 
                            "value": 0
                        }, 
                        {
                            "name": "Private Securitization", 
                            "count": 23, 
                            "value": 5342
                        }, 
                        {
                            "name": "Commercial bank, savings bank or association", 
                            "count": 736, 
                            "value": 124371
                        }, 
                        {
                            "name": "Life insurance co., credit union, finance co.", 
                            "count": 587, 
                            "value": 90207
                        }, 
                        {
                            "name": "Affiliate institution", 
                            "count": 129, 
                            "value": 18038
                        }, 
                        {
                            "name": "Other", 
                            "count": 6572, 
                            "value": 829472
                        }
                    ]
                }, 
                {
                    "incomelevel": "Upper income", 
                    "purchasers": [
                        {
                            "name": "Fannie Mae", 
                            "count": 2274, 
                            "value": 441642
                        }, 
                        {
                            "name": "Ginnie Mae", 
                            "count": 2169, 
                            "value": 645366
                        }, 
                        {
                            "name": "Freddie Mac", 
                            "count": 1202, 
                            "value": 242629
                        }, 
                        {
                            "name": "Farmer Mac", 
                            "count": 0, 
                            "value": 0
                        }, 
                        {
                            "name": "Private Securitization", 
                            "count": 81, 
                            "value": 20583
                        }, 
                        {
                            "name": "Commercial bank, savings bank or association", 
                            "count": 1119, 
                            "value": 242915
                        }, 
                        {
                            "name": "Life insurance co., credit union, finance co.", 
                            "count": 674, 
                            "value": 133765
                        }, 
                        {
                            "name": "Affiliate institution", 
                            "count": 172, 
                            "value": 29583
                        }, 
                        {
                            "name": "Other", 
                            "count": 6551, 
                            "value": 1222257
                        }
                    ]
                }
            ]
        }
    ], 
    "total": {
        "purchasers": [
            {
                "name": "Fannie Mae", 
                "count": 4404, 
                "value": 745551
            }, 
            {
                "name": "Ginnie Mae", 
                "count": 4724, 
                "value": 1429842
            }, 
            {
                "name": "Freddie Mac", 
                "count": 2285, 
                "value": 447305
            }, 
            {
                "name": "Farmer Mac", 
                "count": 0, 
                "value": 0
            }, 
            {
                "name": "Private Securitization", 
                "count": 114, 
                "value": 26766
            }, 
            {
                "name": "Commercial bank, savings bank or association", 
                "count": 2074, 
                "value": 395506
            }, 
            {
                "name": "Life insurance co., credit union, finance co.", 
                "count": 1511, 
                "value": 252871
            }, 
            {
                "name": "Affiliate institution", 
                "count": 359, 
                "value": 52699
            }, 
            {
                "name": "Other", 
                "count": 16769, 
                "value": 2371051
            }
        ]
    }
}