{
    "table": "4-3", 
    "type": "Aggregate", 
    "desc": "Disposition of applications to refinnace loans on 1- to 4- family and manufactured home dwellings, by race, ethnicity, gender and income of applicant", 
    "year": "2012", 
    "report-date": "04/03/2015", 
    "msa": {
        "id": "13820", 
        "name": "Birmingham-Hoover", 
        "state": "AL", 
        "state_name": "Alabama"
    }, 
    "races": [
        {
            "race": "American Indian/Alaska Native", 
            "dispositions": [
                {
                    "disposition": "Applications Received", 
                    "count": 61, 
                    "value": 8932
                }, 
                {
                    "disposition": "Loans Originated", 
                    "count": 32, 
                    "value": 5342
                }, 
                {
                    "disposition": "Apps. Approved But Not Accepted", 
                    "count": 5, 
                    "value": 526
                }, 
                {
                    "disposition": "Aplications Denied", 
                    "count": 11, 
                    "value": 1247
                }, 
                {
                    "disposition": "Applications Withdrawn", 
                    "count": 8, 
                    "value": 1077
                }, 
                {
                    "disposition": "Files Closed For Incompleteness", 
                    "count": 5, 
                    "value": 740
                }
            ], 
            "genders": [
                {
                    "gender": "Male", 
                    "dispositions": [
                        {
                            "disposition": "Applications Received", 
                            "count": 32, 
                            "value": 5051
                        }, 
                        {
                            "disposition": "Loans Originated", 
                            "count": 17, 
                            "value": 3245
                        }, 
                        {
                            "disposition": "Apps. Approved But Not Accepted", 
                            "count": 2, 
                            "value": 182
                        }, 
                        {
                            "disposition": "Aplications Denied", 
                            "count": 7, 
                            "value": 712
                        }, 
                        {
                            "disposition": "Applications Withdrawn", 
                            "count": 5, 
                            "value": 801
                        }, 
                        {
                            "disposition": "Files Closed For Incompleteness", 
                            "count": 1, 
                            "value": 111
                        }
                    ]
                }, 
                {
                    "gender": "Female", 
                    "dispositions": [
                        {
                            "disposition": "Applications Received", 
                            "count": 15, 
                            "value": 2043
                        }, 
                        {
                            "disposition": "Loans Originated", 
                            "count": 8, 
                            "value": 1007
                        }, 
                        {
                            "disposition": "Apps. Approved But Not Accepted", 
                            "count": 2, 
                            "value": 240
                        }, 
                        {
                            "disposition": "Aplications Denied", 
                            "count": 2, 
                            "value": 342
                        }, 
                        {
                            "disposition": "Applications Withdrawn", 
                            "count": 1, 
                            "value": 99
                        }, 
                        {
                            "disposition": "Files Closed For Incompleteness", 
                            "count": 2, 
                            "value": 355
                        }
                    ]
                }, 
                {
                    "gender": "Joint (Male/Female)", 
                    "dispositions": [
                        {
                            "disposition": "Applications Received", 
                            "count": 14, 
                            "value": 1838
                        }, 
                        {
                            "disposition": "Loans Originated", 
                            "count": 7, 
                            "value": 1090
                        }, 
                        {
                            "disposition": "Apps. Approved But Not Accepted", 
                            "count": 1, 
                            "value": 104
                        }, 
                        {
                            "disposition": "Aplications Denied", 
                            "count": 2, 
                            "value": 193
                        }, 
                        {
                            "disposition": "Applications Withdrawn", 
                            "count": 2, 
                            "value": 177
                        }, 
                        {
                            "disposition": "Files Closed For Incompleteness", 
                            "count": 2, 
                            "value": 274
                        }
                    ]
                }
            ]
        }, 
        {
            "race": "Asian", 
            "dispositions": [
                {
                    "disposition": "Applications Received", 
                    "count": 50, 
                    "value": 7772
                }, 
                {
                    "disposition": "Loans Originated", 
                    "count": 15, 
                    "value": 1392
                }, 
                {
                    "disposition": "Apps. Approved But Not Accepted", 
                    "count": 4, 
                    "value": 687
                }, 
                {
                    "disposition": "Aplications Denied", 
                    "count": 20, 
                    "value": 3891
                }, 
                {
                    "disposition": "Applications Withdrawn", 
                    "count": 8, 
                    "value": 1479
                }, 
                {
                    "disposition": "Files Closed For Incompleteness", 
                    "count": 3, 
                    "value": 323
                }
            ], 
            "genders": [
                {
                    "gender": "Male", 
                    "dispositions": [
                        {
                            "disposition": "Applications Received", 
                            "count": 25, 
                            "value": 4088
                        }, 
                        {
                            "disposition": "Loans Originated", 
                            "count": 8, 
                            "value": 811
                        }, 
                        {
                            "disposition": "Apps. Approved But Not Accepted", 
                            "count": 2, 
                            "value": 270
                        }, 
                        {
                            "disposition": "Aplications Denied", 
                            "count": 10, 
                            "value": 2280
                        }, 
                        {
                            "disposition": "Applications Withdrawn", 
                            "count": 4, 
                            "value": 625
                        }, 
                        {
                            "disposition": "Files Closed For Incompleteness", 
                            "count": 1, 
                            "value": 102
                        }
                    ]
                }, 
                {
                    "gender": "Female", 
                    "dispositions": [
                        {
                            "disposition": "Applications Received", 
                            "count": 12, 
                            "value": 1636
                        }, 
                        {
                            "disposition": "Loans Originated", 
                            "count": 3, 
                            "value": 262
                        }, 
                        {
                            "disposition": "Apps. Approved But Not Accepted", 
                            "count": 0, 
                            "value": 0
                        }, 
                        {
                            "disposition": "Aplications Denied", 
                            "count": 4, 
                            "value": 432
                        }, 
                        {
                            "disposition": "Applications Withdrawn", 
                            "count": 4, 
                            "value": 854
                        }, 
                        {
                            "disposition": "Files Closed For Incompleteness", 
                            "count": 1, 
                            "value": 88
                        }
                    ]
                }, 
                {
                    "gender": "Joint (Male/Female)", 
                    "dispositions": [
                        {
                            "disposition": "Applications Received", 
                            "count": 12, 
                            "value": 1879
                        }, 
                        {
                            "disposition": "Loans Originated", 
                            "count": 4, 
                            "value": 319
                        }, 
                        {
                            "disposition": "Apps. Approved But Not Accepted", 
                            "count": 1, 
                            "value": 248
                        }, 
                        {
                            "disposition": "Aplications Denied", 
                            "count": 6, 
                            "value": 1179
                        }, 
                        {
                            "disposition": "Applications Withdrawn", 
                            "count": 0, 
                            "value": 0
                        }, 
                        {
                            "disposition": "Files Closed For Incompleteness", 
                            "count": 1, 
                            "value": 133
                        }
                    ]
                }
            ]
        }, 
        {
            "race": "Black or African American", 
            "dispositions": [
                {
                    "disposition": "Applications Received", 
                    "count": 451, 
                    "value": 91019
                }, 
                {
                    "disposition": "Loans Originated", 
                    "count": 230, 
                    "value": 45876
                }, 
                {
                    "disposition": "Apps. Approved But Not Accepted", 
                    "count": 47, 
                    "value": 9962
                }, 
                {
                    "disposition": "Aplications Denied", 
                    "count": 94, 
                    "value": 18009
                }, 
                {
                    "disposition": "Applications Withdrawn", 
                    "count": 55, 
                    "value": 12461
                }, 
                {
                    "disposition": "Files Closed For Incompleteness", 
                    "count": 25, 
                    "value": 4711
                }
            ], 
            "genders": [
                {
                    "gender": "Male", 
                    "dispositions": [
                        {
                            "disposition": "Applications Received", 
                            "count": 173, 
                            "value": 34777
                        }, 
                        {
                            "disposition": "Loans Originated", 
                            "count": 79, 
                            "value": 16688
                        }, 
                        {
                            "disposition": "Apps. Approved But Not Accepted", 
                            "count": 13, 
                            "value": 2941
                        }, 
                        {
                            "disposition": "Aplications Denied", 
                            "count": 46, 
                            "value": 7971
                        }, 
                        {
                            "disposition": "Applications Withdrawn", 
                            "count": 24, 
                            "value": 4815
                        }, 
                        {
                            "disposition": "Files Closed For Incompleteness", 
                            "count": 11, 
                            "value": 2362
                        }
                    ]
                }, 
                {
                    "gender": "Female", 
                    "dispositions": [
                        {
                            "disposition": "Applications Received", 
                            "count": 87, 
                            "value": 13693
                        }, 
                        {
                            "disposition": "Loans Originated", 
                            "count": 41, 
                            "value": 5687
                        }, 
                        {
                            "disposition": "Apps. Approved But Not Accepted", 
                            "count": 13, 
                            "value": 2006
                        }, 
                        {
                            "disposition": "Aplications Denied", 
                            "count": 17, 
                            "value": 2893
                        }, 
                        {
                            "disposition": "Applications Withdrawn", 
                            "count": 10, 
                            "value": 2175
                        }, 
                        {
                            "disposition": "Files Closed For Incompleteness", 
                            "count": 6, 
                            "value": 932
                        }
                    ]
                }, 
                {
                    "gender": "Joint (Male/Female)", 
                    "dispositions": [
                        {
                            "disposition": "Applications Received", 
                            "count": 188, 
                            "value": 41895
                        }, 
                        {
                            "disposition": "Loans Originated", 
                            "count": 109, 
                            "value": 23401
                        }, 
                        {
                            "disposition": "Apps. Approved But Not Accepted", 
                            "count": 21, 
                            "value": 5015
                        }, 
                        {
                            "disposition": "Aplications Denied", 
                            "count": 30, 
                            "value": 6746
                        }, 
                        {
                            "disposition": "Applications Withdrawn", 
                            "count": 21, 
                            "value": 5471
                        }, 
                        {
                            "disposition": "Files Closed For Incompleteness", 
                            "count": 7, 
                            "value": 1262
                        }
                    ]
                }
            ]
        }, 
        {
            "race": "Native Hawaiian or Other Pacific Islander", 
            "dispositions": [
                {
                    "disposition": "Applications Received", 
                    "count": 4446, 
                    "value": 589413
                }, 
                {
                    "disposition": "Loans Originated", 
                    "count": 1833, 
                    "value": 255159
                }, 
                {
                    "disposition": "Apps. Approved But Not Accepted", 
                    "count": 343, 
                    "value": 48281
                }, 
                {
                    "disposition": "Aplications Denied", 
                    "count": 1375, 
                    "value": 165224
                }, 
                {
                    "disposition": "Applications Withdrawn", 
                    "count": 674, 
                    "value": 91442
                }, 
                {
                    "disposition": "Files Closed For Incompleteness", 
                    "count": 221, 
                    "value": 29307
                }
            ], 
            "genders": [
                {
                    "gender": "Male", 
                    "dispositions": [
                        {
                            "disposition": "Applications Received", 
                            "count": 1515, 
                            "value": 199178
                        }, 
                        {
                            "disposition": "Loans Originated", 
                            "count": 572, 
                            "value": 81236
                        }, 
                        {
                            "disposition": "Apps. Approved But Not Accepted", 
                            "count": 105, 
                            "value": 16057
                        }, 
                        {
                            "disposition": "Aplications Denied", 
                            "count": 497, 
                            "value": 56743
                        }, 
                        {
                            "disposition": "Applications Withdrawn", 
                            "count": 254, 
                            "value": 33907
                        }, 
                        {
                            "disposition": "Files Closed For Incompleteness", 
                            "count": 87, 
                            "value": 11235
                        }
                    ]
                }, 
                {
                    "gender": "Female", 
                    "dispositions": [
                        {
                            "disposition": "Applications Received", 
                            "count": 1693, 
                            "value": 189806
                        }, 
                        {
                            "disposition": "Loans Originated", 
                            "count": 712, 
                            "value": 83379
                        }, 
                        {
                            "disposition": "Apps. Approved But Not Accepted", 
                            "count": 133, 
                            "value": 14587
                        }, 
                        {
                            "disposition": "Aplications Denied", 
                            "count": 511, 
                            "value": 53059
                        }, 
                        {
                            "disposition": "Applications Withdrawn", 
                            "count": 263, 
                            "value": 31045
                        }, 
                        {
                            "disposition": "Files Closed For Incompleteness", 
                            "count": 74, 
                            "value": 7736
                        }
                    ]
                }, 
                {
                    "gender": "Joint (Male/Female)", 
                    "dispositions": [
                        {
                            "disposition": "Applications Received", 
                            "count": 1228, 
                            "value": 199104
                        }, 
                        {
                            "disposition": "Loans Originated", 
                            "count": 543, 
                            "value": 89840
                        }, 
                        {
                            "disposition": "Apps. Approved But Not Accepted", 
                            "count": 105, 
                            "value": 17637
                        }, 
                        {
                            "disposition": "Aplications Denied", 
                            "count": 364, 
                            "value": 54935
                        }, 
                        {
                            "disposition": "Applications Withdrawn", 
                            "count": 156, 
                            "value": 26356
                        }, 
                        {
                            "disposition": "Files Closed For Incompleteness", 
                            "count": 60, 
                            "value": 10336
                        }
                    ]
                }
            ]
        }, 
        {
            "race": "White", 
            "dispositions": [
                {
                    "disposition": "Applications Received", 
                    "count": 33, 
                    "value": 5084
                }, 
                {
                    "disposition": "Loans Originated", 
                    "count": 13, 
                    "value": 2674
                }, 
                {
                    "disposition": "Apps. Approved But Not Accepted", 
                    "count": 5, 
                    "value": 571
                }, 
                {
                    "disposition": "Aplications Denied", 
                    "count": 10, 
                    "value": 1326
                }, 
                {
                    "disposition": "Applications Withdrawn", 
                    "count": 3, 
                    "value": 315
                }, 
                {
                    "disposition": "Files Closed For Incompleteness", 
                    "count": 2, 
                    "value": 198
                }
            ], 
            "genders": [
                {
                    "gender": "Male", 
                    "dispositions": [
                        {
                            "disposition": "Applications Received", 
                            "count": 14, 
                            "value": 2337
                        }, 
                        {
                            "disposition": "Loans Originated", 
                            "count": 6, 
                            "value": 1263
                        }, 
                        {
                            "disposition": "Apps. Approved But Not Accepted", 
                            "count": 0, 
                            "value": 0
                        }, 
                        {
                            "disposition": "Aplications Denied", 
                            "count": 5, 
                            "value": 839
                        }, 
                        {
                            "disposition": "Applications Withdrawn", 
                            "count": 2, 
                            "value": 165
                        }, 
                        {
                            "disposition": "Files Closed For Incompleteness", 
                            "count": 1, 
                            "value": 70
                        }
                    ]
                }, 
                {
                    "gender": "Female", 
                    "dispositions": [
                        {
                            "disposition": "Applications Received", 
                            "count": 6, 
                            "value": 1069
                        }, 
                        {
                            "disposition": "Loans Originated", 
                            "count": 3, 
                            "value": 722
                        }, 
                        {
                            "disposition": "Apps. Approved But Not Accepted", 
                            "count": 1, 
                            "value": 119
                        }, 
                        {
                            "disposition": "Aplications Denied", 
                            "count": 2, 
                            "value": 228
                        }, 
                        {
                            "disposition": "Applications Withdrawn", 
                            "count": 0, 
                            "value": 0
                        }, 
                        {
                            "disposition": "Files Closed For Incompleteness", 
                            "count": 0, 
                            "value": 0
                        }
                    ]
                }, 
                {
                    "gender": "Joint (Male/Female)", 
                    "dispositions": [
                        {
                            "disposition": "Applications Received", 
                            "count": 13, 
                            "value": 1678
                        }, 
                        {
                            "disposition": "Loans Originated", 
                            "count": 4, 
                            "value": 689
                        }, 
                        {
                            "disposition": "Apps. Approved But Not Accepted", 
                            "count": 4, 
                            "value": 452
                        }, 
                        {
                            "disposition": "Aplications Denied", 
                            "count": 3, 
                            "value": 259
                        }, 
                        {
                            "disposition": "Applications Withdrawn", 
                            "count": 1, 
                            "value": 150
                        }, 
                        {
                            "disposition": "Files Closed For Incompleteness", 
                            "count": 1, 
                            "value": 128
                        }
                    ]
                }
            ]
        }, 
        {
            "race": "2 or more minority races", 
            "dispositions": [
                {
                    "disposition": "Applications Received", 
                    "count": 27626, 
                    "value": 4940551
                }, 
                {
                    "disposition": "Loans Originated", 
                    "count": 16253, 
                    "value": 2951099
                }, 
                {
                    "disposition": "Apps. Approved But Not Accepted", 
                    "count": 1783, 
                    "value": 311260
                }, 
                {
                    "disposition": "Aplications Denied", 
                    "count": 4830, 
                    "value": 799589
                }, 
                {
                    "disposition": "Applications Withdrawn", 
                    "count": 3751, 
                    "value": 691605
                }, 
                {
                    "disposition": "Files Closed For Incompleteness", 
                    "count": 1009, 
                    "value": 186998
                }
            ], 
            "genders": [
                {
                    "gender": "Male", 
                    "dispositions": [
                        {
                            "disposition": "Applications Received", 
                            "count": 8532, 
                            "value": 1551304
                        }, 
                        {
                            "disposition": "Loans Originated", 
                            "count": 4679, 
                            "value": 870861
                        }, 
                        {
                            "disposition": "Apps. Approved But Not Accepted", 
                            "count": 579, 
                            "value": 102935
                        }, 
                        {
                            "disposition": "Aplications Denied", 
                            "count": 1648, 
                            "value": 273385
                        }, 
                        {
                            "disposition": "Applications Withdrawn", 
                            "count": 1290, 
                            "value": 241951
                        }, 
                        {
                            "disposition": "Files Closed For Incompleteness", 
                            "count": 336, 
                            "value": 62172
                        }
                    ]
                }, 
                {
                    "gender": "Female", 
                    "dispositions": [
                        {
                            "disposition": "Applications Received", 
                            "count": 5461, 
                            "value": 771938
                        }, 
                        {
                            "disposition": "Loans Originated", 
                            "count": 3038, 
                            "value": 428533
                        }, 
                        {
                            "disposition": "Apps. Approved But Not Accepted", 
                            "count": 367, 
                            "value": 53192
                        }, 
                        {
                            "disposition": "Aplications Denied", 
                            "count": 1116, 
                            "value": 151340
                        }, 
                        {
                            "disposition": "Applications Withdrawn", 
                            "count": 738, 
                            "value": 109207
                        }, 
                        {
                            "disposition": "Files Closed For Incompleteness", 
                            "count": 202, 
                            "value": 29666
                        }
                    ]
                }, 
                {
                    "gender": "Joint (Male/Female)", 
                    "dispositions": [
                        {
                            "disposition": "Applications Received", 
                            "count": 13575, 
                            "value": 2605704
                        }, 
                        {
                            "disposition": "Loans Originated", 
                            "count": 8507, 
                            "value": 1646440
                        }, 
                        {
                            "disposition": "Apps. Approved But Not Accepted", 
                            "count": 833, 
                            "value": 154529
                        }, 
                        {
                            "disposition": "Aplications Denied", 
                            "count": 2057, 
                            "value": 372107
                        }, 
                        {
                            "disposition": "Applications Withdrawn", 
                            "count": 1710, 
                            "value": 337793
                        }, 
                        {
                            "disposition": "Files Closed For Incompleteness", 
                            "count": 468, 
                            "value": 94835
                        }
                    ]
                }
            ]
        }, 
        {
            "race": "Joint (White/Minority Race", 
            "dispositions": [
                {
                    "disposition": "Applications Received", 
                    "count": 202, 
                    "value": 34965
                }, 
                {
                    "disposition": "Loans Originated", 
                    "count": 106, 
                    "value": 19845
                }, 
                {
                    "disposition": "Apps. Approved But Not Accepted", 
                    "count": 10, 
                    "value": 1536
                }, 
                {
                    "disposition": "Aplications Denied", 
                    "count": 47, 
                    "value": 7014
                }, 
                {
                    "disposition": "Applications Withdrawn", 
                    "count": 24, 
                    "value": 4019
                }, 
                {
                    "disposition": "Files Closed For Incompleteness", 
                    "count": 15, 
                    "value": 2551
                }
            ], 
            "genders": [
                {
                    "gender": "Male", 
                    "dispositions": [
                        {
                            "disposition": "Applications Received", 
                            "count": 3, 
                            "value": 541
                        }, 
                        {
                            "disposition": "Loans Originated", 
                            "count": 0, 
                            "value": 0
                        }, 
                        {
                            "disposition": "Apps. Approved But Not Accepted", 
                            "count": 1, 
                            "value": 90
                        }, 
                        {
                            "disposition": "Aplications Denied", 
                            "count": 1, 
                            "value": 34
                        }, 
                        {
                            "disposition": "Applications Withdrawn", 
                            "count": 1, 
                            "value": 417
                        }, 
                        {
                            "disposition": "Files Closed For Incompleteness", 
                            "count": 0, 
                            "value": 0
                        }
                    ]
                }, 
                {
                    "gender": "Female", 
                    "dispositions": [
                        {
                            "disposition": "Applications Received", 
                            "count": 5, 
                            "value": 758
                        }, 
                        {
                            "disposition": "Loans Originated", 
                            "count": 3, 
                            "value": 470
                        }, 
                        {
                            "disposition": "Apps. Approved But Not Accepted", 
                            "count": 0, 
                            "value": 0
                        }, 
                        {
                            "disposition": "Aplications Denied", 
                            "count": 1, 
                            "value": 156
                        }, 
                        {
                            "disposition": "Applications Withdrawn", 
                            "count": 1, 
                            "value": 132
                        }, 
                        {
                            "disposition": "Files Closed For Incompleteness", 
                            "count": 0, 
                            "value": 0
                        }
                    ]
                }, 
                {
                    "gender": "Joint (Male/Female)", 
                    "dispositions": [
                        {
                            "disposition": "Applications Received", 
                            "count": 194, 
                            "value": 33666
                        }, 
                        {
                            "disposition": "Loans Originated", 
                            "count": 103, 
                            "value": 19375
                        }, 
                        {
                            "disposition": "Apps. Approved But Not Accepted", 
                            "count": 9, 
                            "value": 1446
                        }, 
                        {
                            "disposition": "Aplications Denied", 
                            "count": 45, 
                            "value": 6824
                        }, 
                        {
                            "disposition": "Applications Withdrawn", 
                            "count": 22, 
                            "value": 3470
                        }, 
                        {
                            "disposition": "Files Closed For Incompleteness", 
                            "count": 15, 
                            "value": 2551
                        }
                    ]
                }
            ]
        }, 
        {
            "race": "Not Available", 
            "dispositions": [
                {
                    "disposition": "Applications Received", 
                    "count": 3692, 
                    "value": 638136
                }, 
                {
                    "disposition": "Loans Originated", 
                    "count": 1439, 
                    "value": 269400
                }, 
                {
                    "disposition": "Apps. Approved But Not Accepted", 
                    "count": 204, 
                    "value": 38488
                }, 
                {
                    "disposition": "Aplications Denied", 
                    "count": 899, 
                    "value": 133334
                }, 
                {
                    "disposition": "Applications Withdrawn", 
                    "count": 861, 
                    "value": 143240
                }, 
                {
                    "disposition": "Files Closed For Incompleteness", 
                    "count": 289, 
                    "value": 53674
                }
            ], 
            "genders": [
                {
                    "gender": "Male", 
                    "dispositions": [
                        {
                            "disposition": "Applications Received", 
                            "count": 531, 
                            "value": 81424
                        }, 
                        {
                            "disposition": "Loans Originated", 
                            "count": 146, 
                            "value": 24321
                        }, 
                        {
                            "disposition": "Apps. Approved But Not Accepted", 
                            "count": 21, 
                            "value": 4094
                        }, 
                        {
                            "disposition": "Aplications Denied", 
                            "count": 170, 
                            "value": 22258
                        }, 
                        {
                            "disposition": "Applications Withdrawn", 
                            "count": 171, 
                            "value": 26881
                        }, 
                        {
                            "disposition": "Files Closed For Incompleteness", 
                            "count": 23, 
                            "value": 3870
                        }
                    ]
                }, 
                {
                    "gender": "Female", 
                    "dispositions": [
                        {
                            "disposition": "Applications Received", 
                            "count": 364, 
                            "value": 45310
                        }, 
                        {
                            "disposition": "Loans Originated", 
                            "count": 101, 
                            "value": 15686
                        }, 
                        {
                            "disposition": "Apps. Approved But Not Accepted", 
                            "count": 7, 
                            "value": 936
                        }, 
                        {
                            "disposition": "Aplications Denied", 
                            "count": 118, 
                            "value": 12348
                        }, 
                        {
                            "disposition": "Applications Withdrawn", 
                            "count": 119, 
                            "value": 13369
                        }, 
                        {
                            "disposition": "Files Closed For Incompleteness", 
                            "count": 19, 
                            "value": 2971
                        }
                    ]
                }, 
                {
                    "gender": "Joint (Male/Female)", 
                    "dispositions": [
                        {
                            "disposition": "Applications Received", 
                            "count": 555, 
                            "value": 100084
                        }, 
                        {
                            "disposition": "Loans Originated", 
                            "count": 238, 
                            "value": 49513
                        }, 
                        {
                            "disposition": "Apps. Approved But Not Accepted", 
                            "count": 31, 
                            "value": 5197
                        }, 
                        {
                            "disposition": "Aplications Denied", 
                            "count": 136, 
                            "value": 21252
                        }, 
                        {
                            "disposition": "Applications Withdrawn", 
                            "count": 126, 
                            "value": 19542
                        }, 
                        {
                            "disposition": "Files Closed For Incompleteness", 
                            "count": 24, 
                            "value": 4580
                        }
                    ]
                }
            ]
        }
    ], 
    "ethnicities": [
        {
            "ethnicity": "Hispanic or Latino", 
            "dispositions": [
                {
                    "disposition": "Applications Received", 
                    "count": 296, 
                    "value": 44391
                }, 
                {
                    "disposition": "Loans Originated", 
                    "count": 142, 
                    "value": 21328
                }, 
                {
                    "disposition": "Apps. Approved But Not Accepted", 
                    "count": 20, 
                    "value": 3000
                }, 
                {
                    "disposition": "Aplications Denied", 
                    "count": 90, 
                    "value": 12483
                }, 
                {
                    "disposition": "Applications Withdrawn", 
                    "count": 33, 
                    "value": 5745
                }, 
                {
                    "disposition": "Files Closed For Incompleteness", 
                    "count": 11, 
                    "value": 1835
                }
            ], 
            "genders": [
                {
                    "gender": "Male", 
                    "dispositions": [
                        {
                            "disposition": "Applications Received", 
                            "count": 149, 
                            "value": 149
                        }, 
                        {
                            "disposition": "Loans Originated", 
                            "count": 73, 
                            "value": 11837
                        }, 
                        {
                            "disposition": "Apps. Approved But Not Accepted", 
                            "count": 8, 
                            "value": 1217
                        }, 
                        {
                            "disposition": "Aplications Denied", 
                            "count": 47, 
                            "value": 6711
                        }, 
                        {
                            "disposition": "Applications Withdrawn", 
                            "count": 13, 
                            "value": 2140
                        }, 
                        {
                            "disposition": "Files Closed For Incompleteness", 
                            "count": 8, 
                            "value": 1167
                        }
                    ]
                }, 
                {
                    "gender": "Female", 
                    "dispositions": [
                        {
                            "disposition": "Applications Received", 
                            "count": 71, 
                            "value": 71
                        }, 
                        {
                            "disposition": "Loans Originated", 
                            "count": 28, 
                            "value": 3487
                        }, 
                        {
                            "disposition": "Apps. Approved But Not Accepted", 
                            "count": 6, 
                            "value": 763
                        }, 
                        {
                            "disposition": "Aplications Denied", 
                            "count": 27, 
                            "value": 2936
                        }, 
                        {
                            "disposition": "Applications Withdrawn", 
                            "count": 10, 
                            "value": 1027
                        }, 
                        {
                            "disposition": "Files Closed For Incompleteness", 
                            "count": 0, 
                            "value": 0
                        }
                    ]
                }, 
                {
                    "gender": "Joint (Male/Female)", 
                    "dispositions": [
                        {
                            "disposition": "Applications Received", 
                            "count": 74, 
                            "value": 74
                        }, 
                        {
                            "disposition": "Loans Originated", 
                            "count": 40, 
                            "value": 5909
                        }, 
                        {
                            "disposition": "Apps. Approved But Not Accepted", 
                            "count": 6, 
                            "value": 1020
                        }, 
                        {
                            "disposition": "Aplications Denied", 
                            "count": 15, 
                            "value": 2686
                        }, 
                        {
                            "disposition": "Applications Withdrawn", 
                            "count": 10, 
                            "value": 2578
                        }, 
                        {
                            "disposition": "Files Closed For Incompleteness", 
                            "count": 3, 
                            "value": 668
                        }
                    ]
                }
            ]
        }, 
        {
            "ethnicity": "Not Hispanic or Latino", 
            "dispositions": [
                {
                    "disposition": "Applications Received", 
                    "count": 32401, 
                    "value": 5594808
                }, 
                {
                    "disposition": "Loans Originated", 
                    "count": 18179, 
                    "value": 3228005
                }, 
                {
                    "disposition": "Apps. Approved But Not Accepted", 
                    "count": 2161, 
                    "value": 367113
                }, 
                {
                    "disposition": "Aplications Denied", 
                    "count": 6271, 
                    "value": 977839
                }, 
                {
                    "disposition": "Applications Withdrawn", 
                    "count": 4524, 
                    "value": 798497
                }, 
                {
                    "disposition": "Files Closed For Incompleteness", 
                    "count": 1266, 
                    "value": 223354
                }
            ], 
            "genders": [
                {
                    "gender": "Male", 
                    "dispositions": [
                        {
                            "disposition": "Applications Received", 
                            "count": 10130, 
                            "value": 10130
                        }, 
                        {
                            "disposition": "Loans Originated", 
                            "count": 5269, 
                            "value": 957140
                        }, 
                        {
                            "disposition": "Apps. Approved But Not Accepted", 
                            "count": 690, 
                            "value": 120360
                        }, 
                        {
                            "disposition": "Aplications Denied", 
                            "count": 2154, 
                            "value": 332997
                        }, 
                        {
                            "disposition": "Applications Withdrawn", 
                            "count": 1585, 
                            "value": 282760
                        }, 
                        {
                            "disposition": "Files Closed For Incompleteness", 
                            "count": 432, 
                            "value": 75564
                        }
                    ]
                }, 
                {
                    "gender": "Female", 
                    "dispositions": [
                        {
                            "disposition": "Applications Received", 
                            "count": 7215, 
                            "value": 7215
                        }, 
                        {
                            "disposition": "Loans Originated", 
                            "count": 3761, 
                            "value": 513843
                        }, 
                        {
                            "disposition": "Apps. Approved But Not Accepted", 
                            "count": 506, 
                            "value": 68340
                        }, 
                        {
                            "disposition": "Aplications Denied", 
                            "count": 1633, 
                            "value": 205904
                        }, 
                        {
                            "disposition": "Applications Withdrawn", 
                            "count": 1034, 
                            "value": 145741
                        }, 
                        {
                            "disposition": "Files Closed For Incompleteness", 
                            "count": 281, 
                            "value": 38371
                        }
                    ]
                }, 
                {
                    "gender": "Joint (Male/Female)", 
                    "dispositions": [
                        {
                            "disposition": "Applications Received", 
                            "count": 14979, 
                            "value": 14979
                        }, 
                        {
                            "disposition": "Loans Originated", 
                            "count": 9117, 
                            "value": 1751230
                        }, 
                        {
                            "disposition": "Apps. Approved But Not Accepted", 
                            "count": 960, 
                            "value": 177239
                        }, 
                        {
                            "disposition": "Aplications Denied", 
                            "count": 2470, 
                            "value": 436278
                        }, 
                        {
                            "disposition": "Applications Withdrawn", 
                            "count": 1883, 
                            "value": 365424
                        }, 
                        {
                            "disposition": "Files Closed For Incompleteness", 
                            "count": 549, 
                            "value": 108894
                        }
                    ]
                }
            ]
        }, 
        {
            "ethnicity": "Joint (Hispanic or Latino/Not Hispanic or Latino", 
            "dispositions": [
                {
                    "disposition": "Applications Received", 
                    "count": 168, 
                    "value": 30629
                }, 
                {
                    "disposition": "Loans Originated", 
                    "count": 100, 
                    "value": 18979
                }, 
                {
                    "disposition": "Apps. Approved But Not Accepted", 
                    "count": 13, 
                    "value": 2209
                }, 
                {
                    "disposition": "Aplications Denied", 
                    "count": 22, 
                    "value": 3051
                }, 
                {
                    "disposition": "Applications Withdrawn", 
                    "count": 27, 
                    "value": 5379
                }, 
                {
                    "disposition": "Files Closed For Incompleteness", 
                    "count": 6, 
                    "value": 1011
                }
            ], 
            "genders": [
                {
                    "gender": "Male", 
                    "dispositions": [
                        {
                            "disposition": "Applications Received", 
                            "count": 3, 
                            "value": 3
                        }, 
                        {
                            "disposition": "Loans Originated", 
                            "count": 1, 
                            "value": 82
                        }, 
                        {
                            "disposition": "Apps. Approved But Not Accepted", 
                            "count": 1, 
                            "value": 90
                        }, 
                        {
                            "disposition": "Aplications Denied", 
                            "count": 1, 
                            "value": 100
                        }, 
                        {
                            "disposition": "Applications Withdrawn", 
                            "count": 0, 
                            "value": 0
                        }, 
                        {
                            "disposition": "Files Closed For Incompleteness", 
                            "count": 0, 
                            "value": 0
                        }
                    ]
                }, 
                {
                    "gender": "Female", 
                    "dispositions": [
                        {
                            "disposition": "Applications Received", 
                            "count": 2, 
                            "value": 2
                        }, 
                        {
                            "disposition": "Loans Originated", 
                            "count": 2, 
                            "value": 254
                        }, 
                        {
                            "disposition": "Apps. Approved But Not Accepted", 
                            "count": 0, 
                            "value": 0
                        }, 
                        {
                            "disposition": "Aplications Denied", 
                            "count": 0, 
                            "value": 0
                        }, 
                        {
                            "disposition": "Applications Withdrawn", 
                            "count": 0, 
                            "value": 0
                        }, 
                        {
                            "disposition": "Files Closed For Incompleteness", 
                            "count": 0, 
                            "value": 0
                        }
                    ]
                }, 
                {
                    "gender": "Joint (Male/Female)", 
                    "dispositions": [
                        {
                            "disposition": "Applications Received", 
                            "count": 163, 
                            "value": 163
                        }, 
                        {
                            "disposition": "Loans Originated", 
                            "count": 97, 
                            "value": 18643
                        }, 
                        {
                            "disposition": "Apps. Approved But Not Accepted", 
                            "count": 12, 
                            "value": 2119
                        }, 
                        {
                            "disposition": "Aplications Denied", 
                            "count": 21, 
                            "value": 2951
                        }, 
                        {
                            "disposition": "Applications Withdrawn", 
                            "count": 27, 
                            "value": 5379
                        }, 
                        {
                            "disposition": "Files Closed For Incompleteness", 
                            "count": 6, 
                            "value": 1011
                        }
                    ]
                }
            ]
        }, 
        {
            "ethnicity": "Ethnicity Not Available", 
            "dispositions": [
                {
                    "disposition": "Applications Received", 
                    "count": 3696, 
                    "value": 646044
                }, 
                {
                    "disposition": "Loans Originated", 
                    "count": 1500, 
                    "value": 282475
                }, 
                {
                    "disposition": "Apps. Approved But Not Accepted", 
                    "count": 207, 
                    "value": 38989
                }, 
                {
                    "disposition": "Aplications Denied", 
                    "count": 903, 
                    "value": 136261
                }, 
                {
                    "disposition": "Applications Withdrawn", 
                    "count": 800, 
                    "value": 136017
                }, 
                {
                    "disposition": "Files Closed For Incompleteness", 
                    "count": 286, 
                    "value": 52302
                }
            ], 
            "genders": [
                {
                    "gender": "Male", 
                    "dispositions": [
                        {
                            "disposition": "Applications Received", 
                            "count": 543, 
                            "value": 543
                        }, 
                        {
                            "disposition": "Loans Originated", 
                            "count": 164, 
                            "value": 29366
                        }, 
                        {
                            "disposition": "Apps. Approved But Not Accepted", 
                            "count": 24, 
                            "value": 4902
                        }, 
                        {
                            "disposition": "Aplications Denied", 
                            "count": 182, 
                            "value": 24414
                        }, 
                        {
                            "disposition": "Applications Withdrawn", 
                            "count": 153, 
                            "value": 24662
                        }, 
                        {
                            "disposition": "Files Closed For Incompleteness", 
                            "count": 20, 
                            "value": 3191
                        }
                    ]
                }, 
                {
                    "gender": "Female", 
                    "dispositions": [
                        {
                            "disposition": "Applications Received", 
                            "count": 355, 
                            "value": 355
                        }, 
                        {
                            "disposition": "Loans Originated", 
                            "count": 118, 
                            "value": 18162
                        }, 
                        {
                            "disposition": "Apps. Approved But Not Accepted", 
                            "count": 11, 
                            "value": 1977
                        }, 
                        {
                            "disposition": "Aplications Denied", 
                            "count": 111, 
                            "value": 11958
                        }, 
                        {
                            "disposition": "Applications Withdrawn", 
                            "count": 92, 
                            "value": 10113
                        }, 
                        {
                            "disposition": "Files Closed For Incompleteness", 
                            "count": 23, 
                            "value": 3377
                        }
                    ]
                }, 
                {
                    "gender": "Joint (Male/Female)", 
                    "dispositions": [
                        {
                            "disposition": "Applications Received", 
                            "count": 563, 
                            "value": 563
                        }, 
                        {
                            "disposition": "Loans Originated", 
                            "count": 261, 
                            "value": 54885
                        }, 
                        {
                            "disposition": "Apps. Approved But Not Accepted", 
                            "count": 27, 
                            "value": 4250
                        }, 
                        {
                            "disposition": "Aplications Denied", 
                            "count": 137, 
                            "value": 21580
                        }, 
                        {
                            "disposition": "Applications Withdrawn", 
                            "count": 118, 
                            "value": 19578
                        }, 
                        {
                            "disposition": "Files Closed For Incompleteness", 
                            "count": 20, 
                            "value": 3526
                        }
                    ]
                }
            ]
        }
    ], 
    "minoritystatuses": [
        {
            "minoritystatus": "White Non-Hispanic", 
            "dispositions": [
                {
                    "disposition": "Applications Received", 
                    "count": 30907, 
                    "value": 5510777
                }, 
                {
                    "disposition": "Loans Originated", 
                    "count": 17477, 
                    "value": 3184513
                }, 
                {
                    "disposition": "Apps. Approved But Not Accepted", 
                    "count": 1959, 
                    "value": 344837
                }, 
                {
                    "disposition": "Aplications Denied", 
                    "count": 5634, 
                    "value": 919179
                }, 
                {
                    "disposition": "Applications Withdrawn", 
                    "count": 4555, 
                    "value": 824163
                }, 
                {
                    "disposition": "Files Closed For Incompleteness", 
                    "count": 1282, 
                    "value": 238085
                }
            ], 
            "genders": [
                {
                    "gender": "Male", 
                    "dispositions": [
                        {
                            "disposition": "Applications Received", 
                            "count": 1621381, 
                            "value": 0
                        }, 
                        {
                            "disposition": "Loans Originated", 
                            "count": 4760, 
                            "value": 885127
                        }, 
                        {
                            "disposition": "Apps. Approved But Not Accepted", 
                            "count": 594, 
                            "value": 105831
                        }, 
                        {
                            "disposition": "Aplications Denied", 
                            "count": 1778, 
                            "value": 289617
                        }, 
                        {
                            "disposition": "Applications Withdrawn", 
                            "count": 1449, 
                            "value": 266671
                        }, 
                        {
                            "disposition": "Files Closed For Incompleteness", 
                            "count": 353, 
                            "value": 65201
                        }
                    ]
                }, 
                {
                    "gender": "Female", 
                    "dispositions": [
                        {
                            "disposition": "Applications Received", 
                            "count": 815298, 
                            "value": 0
                        }, 
                        {
                            "disposition": "Loans Originated", 
                            "count": 3114, 
                            "value": 441411
                        }, 
                        {
                            "disposition": "Apps. Approved But Not Accepted", 
                            "count": 368, 
                            "value": 53365
                        }, 
                        {
                            "disposition": "Aplications Denied", 
                            "count": 1210, 
                            "value": 160831
                        }, 
                        {
                            "disposition": "Applications Withdrawn", 
                            "count": 846, 
                            "value": 121363
                        }, 
                        {
                            "disposition": "Files Closed For Incompleteness", 
                            "count": 220, 
                            "value": 32570
                        }
                    ]
                }, 
                {
                    "gender": "Joint (Male/Female)", 
                    "dispositions": [
                        {
                            "disposition": "Applications Received", 
                            "count": 2680029, 
                            "value": 0
                        }, 
                        {
                            "disposition": "Loans Originated", 
                            "count": 8621, 
                            "value": 1672925
                        }, 
                        {
                            "disposition": "Apps. Approved But Not Accepted", 
                            "count": 848, 
                            "value": 156776
                        }, 
                        {
                            "disposition": "Aplications Denied", 
                            "count": 2163, 
                            "value": 388648
                        }, 
                        {
                            "disposition": "Applications Withdrawn", 
                            "count": 1802, 
                            "value": 350027
                        }, 
                        {
                            "disposition": "Files Closed For Incompleteness", 
                            "count": 483, 
                            "value": 97736
                        }
                    ]
                }
            ]
        }, 
        {
            "minoritystatus": "Others, Including Hispanic", 
            "dispositions": [
                {
                    "disposition": "Applications Received", 
                    "count": 5654, 
                    "value": 805095
                }, 
                {
                    "disposition": "Loans Originated", 
                    "count": 2444, 
                    "value": 366274
                }, 
                {
                    "disposition": "Apps. Approved But Not Accepted", 
                    "count": 442, 
                    "value": 66474
                }, 
                {
                    "disposition": "Aplications Denied", 
                    "count": 1652, 
                    "value": 210455
                }, 
                {
                    "disposition": "Applications Withdrawn", 
                    "count": 829, 
                    "value": 121475
                }, 
                {
                    "disposition": "Files Closed For Incompleteness", 
                    "count": 287, 
                    "value": 40417
                }
            ], 
            "genders": [
                {
                    "gender": "Male", 
                    "dispositions": [
                        {
                            "disposition": "Applications Received", 
                            "count": 268144, 
                            "value": 0
                        }, 
                        {
                            "disposition": "Loans Originated", 
                            "count": 747, 
                            "value": 113298
                        }, 
                        {
                            "disposition": "Apps. Approved But Not Accepted", 
                            "count": 129, 
                            "value": 20738
                        }, 
                        {
                            "disposition": "Aplications Denied", 
                            "count": 606, 
                            "value": 74605
                        }, 
                        {
                            "disposition": "Applications Withdrawn", 
                            "count": 302, 
                            "value": 42891
                        }, 
                        {
                            "disposition": "Files Closed For Incompleteness", 
                            "count": 107, 
                            "value": 14721
                        }
                    ]
                }, 
                {
                    "gender": "Female", 
                    "dispositions": [
                        {
                            "disposition": "Applications Received", 
                            "count": 218598, 
                            "value": 0
                        }, 
                        {
                            "disposition": "Loans Originated", 
                            "count": 795, 
                            "value": 94335
                        }, 
                        {
                            "disposition": "Apps. Approved But Not Accepted", 
                            "count": 155, 
                            "value": 17715
                        }, 
                        {
                            "disposition": "Aplications Denied", 
                            "count": 561, 
                            "value": 59967
                        }, 
                        {
                            "disposition": "Applications Withdrawn", 
                            "count": 290, 
                            "value": 35518
                        }, 
                        {
                            "disposition": "Files Closed For Incompleteness", 
                            "count": 84, 
                            "value": 9178
                        }
                    ]
                }, 
                {
                    "gender": "Joint (Male/Female)", 
                    "dispositions": [
                        {
                            "disposition": "Applications Received", 
                            "count": 321598, 
                            "value": 0
                        }, 
                        {
                            "disposition": "Loans Originated", 
                            "count": 894, 
                            "value": 157742
                        }, 
                        {
                            "disposition": "Apps. Approved But Not Accepted", 
                            "count": 157, 
                            "value": 27852
                        }, 
                        {
                            "disposition": "Aplications Denied", 
                            "count": 480, 
                            "value": 74847
                        }, 
                        {
                            "disposition": "Applications Withdrawn", 
                            "count": 236, 
                            "value": 42932
                        }, 
                        {
                            "disposition": "Files Closed For Incompleteness", 
                            "count": 95, 
                            "value": 16363
                        }
                    ]
                }
            ]
        }
    ], 
    "incomes": [
        {
            "income": "Less than 50% of MSA/MD median", 
            "dispositions": [
                {
                    "disposition": "Applications Received", 
                    "count": 3124, 
                    "value": 287689
                }, 
                {
                    "disposition": "Loans Originated", 
                    "count": 1280, 
                    "value": 116127
                }, 
                {
                    "disposition": "Apps. Approved But Not Accepted", 
                    "count": 169, 
                    "value": 13449
                }, 
                {
                    "disposition": "Aplications Denied", 
                    "count": 1074, 
                    "value": 97996
                }, 
                {
                    "disposition": "Applications Withdrawn", 
                    "count": 485, 
                    "value": 48365
                }, 
                {
                    "disposition": "Files Closed For Incompleteness", 
                    "count": 116, 
                    "value": 11752
                }
            ]
        }, 
        {
            "income": "50-79% of MSA/MD median", 
            "dispositions": [
                {
                    "disposition": "Applications Received", 
                    "count": 5889, 
                    "value": 690220
                }, 
                {
                    "disposition": "Loans Originated", 
                    "count": 2818, 
                    "value": 326925
                }, 
                {
                    "disposition": "Apps. Approved But Not Accepted", 
                    "count": 392, 
                    "value": 46860
                }, 
                {
                    "disposition": "Aplications Denied", 
                    "count": 1498, 
                    "value": 169852
                }, 
                {
                    "disposition": "Applications Withdrawn", 
                    "count": 947, 
                    "value": 117143
                }, 
                {
                    "disposition": "Files Closed For Incompleteness", 
                    "count": 234, 
                    "value": 29440
                }
            ]
        }, 
        {
            "income": "80-99% of MSA/MD median", 
            "dispositions": [
                {
                    "disposition": "Applications Received", 
                    "count": 3935, 
                    "value": 541281
                }, 
                {
                    "disposition": "Loans Originated", 
                    "count": 2037, 
                    "value": 275861
                }, 
                {
                    "disposition": "Apps. Approved But Not Accepted", 
                    "count": 272, 
                    "value": 38208
                }, 
                {
                    "disposition": "Aplications Denied", 
                    "count": 832, 
                    "value": 113097
                }, 
                {
                    "disposition": "Applications Withdrawn", 
                    "count": 630, 
                    "value": 91705
                }, 
                {
                    "disposition": "Files Closed For Incompleteness", 
                    "count": 164, 
                    "value": 22410
                }
            ]
        }, 
        {
            "income": "100-119% of MSA/MD median", 
            "dispositions": [
                {
                    "disposition": "Applications Received", 
                    "count": 3603, 
                    "value": 551651
                }, 
                {
                    "disposition": "Loans Originated", 
                    "count": 1940, 
                    "value": 291863
                }, 
                {
                    "disposition": "Apps. Approved But Not Accepted", 
                    "count": 260, 
                    "value": 39734
                }, 
                {
                    "disposition": "Aplications Denied", 
                    "count": 725, 
                    "value": 107776
                }, 
                {
                    "disposition": "Applications Withdrawn", 
                    "count": 521, 
                    "value": 87456
                }, 
                {
                    "disposition": "Files Closed For Incompleteness", 
                    "count": 157, 
                    "value": 24822
                }
            ]
        }, 
        {
            "income": "120% or more of MSA/MD median", 
            "dispositions": [
                {
                    "disposition": "Applications Received", 
                    "count": 15958, 
                    "value": 3609653
                }, 
                {
                    "disposition": "Loans Originated", 
                    "count": 9651, 
                    "value": 2190762
                }, 
                {
                    "disposition": "Apps. Approved But Not Accepted", 
                    "count": 993, 
                    "value": 218723
                }, 
                {
                    "disposition": "Aplications Denied", 
                    "count": 2469, 
                    "value": 541915
                }, 
                {
                    "disposition": "Applications Withdrawn", 
                    "count": 2190, 
                    "value": 502938
                }, 
                {
                    "disposition": "Files Closed For Incompleteness", 
                    "count": 655, 
                    "value": 155315
                }
            ]
        }, 
        {
            "income": "Income not available", 
            "dispositions": [
                {
                    "disposition": "Applications Received", 
                    "count": 4052, 
                    "value": 635378
                }, 
                {
                    "disposition": "Loans Originated", 
                    "count": 2195, 
                    "value": 349249
                }, 
                {
                    "disposition": "Apps. Approved But Not Accepted", 
                    "count": 315, 
                    "value": 54337
                }, 
                {
                    "disposition": "Aplications Denied", 
                    "count": 688, 
                    "value": 98998
                }, 
                {
                    "disposition": "Applications Withdrawn", 
                    "count": 611, 
                    "value": 98031
                }, 
                {
                    "disposition": "Files Closed For Incompleteness", 
                    "count": 243, 
                    "value": 34763
                }
            ]
        }
    ], 
    "total": [
        {
            "disposition": "Applications Received", 
            "count": 0, 
            "value": 0
        }, 
        {
            "disposition": "Loans Originated", 
            "count": 19921, 
            "value": 3550787
        }, 
        {
            "disposition": "Apps. Approved But Not Accepted", 
            "count": 2401, 
            "value": 411311
        }, 
        {
            "disposition": "Aplications Denied", 
            "count": 7286, 
            "value": 1129634
        }, 
        {
            "disposition": "Applications Withdrawn", 
            "count": 5384, 
            "value": 945638
        }, 
        {
            "disposition": "Files Closed For Incompleteness", 
            "count": 1569, 
            "value": 278502
        }
    ]
}