{
    "table": "4-1", 
    "type": "Aggregate", 
    "desc": "Disposition of applications for FHA, FSA/RHS, and VA home-purchase loans, 1- to 4-family and manufactured home dwellings, by race, ethnicity, gender and income of applicant", 
    "year": "2013", 
    "msa": {
        "id": "46060", 
        "name": "Tucson", 
        "state": "AZ", 
        "state_name": "Arizona"
    }, 
    "races": [
        {
            "race": "American Indian/Alaska Native", 
            "dispositions": [
                {
                    "disposition": "Applications Received", 
                    "count": 15, 
                    "value": 2606
                }, 
                {
                    "disposition": "Loans Originated", 
                    "count": 8, 
                    "value": 1431
                }, 
                {
                    "disposition": "Apps. Approved But Not Accepted", 
                    "count": 0, 
                    "value": 0
                }, 
                {
                    "disposition": "Aplications Denied", 
                    "count": 5, 
                    "value": 872
                }, 
                {
                    "disposition": "Applications Withdrawn", 
                    "count": 2, 
                    "value": 303
                }, 
                {
                    "disposition": "Files Closed For Incompleteness", 
                    "count": 0, 
                    "value": 0
                }
            ], 
            "genders": [
                {
                    "gender": "Male", 
                    "dispositions": [
                        {
                            "disposition": "Applications Received", 
                            "count": 9, 
                            "value": 1552
                        }, 
                        {
                            "disposition": "Loans Originated", 
                            "count": 4, 
                            "value": 675
                        }, 
                        {
                            "disposition": "Apps. Approved But Not Accepted", 
                            "count": 0, 
                            "value": 0
                        }, 
                        {
                            "disposition": "Aplications Denied", 
                            "count": 3, 
                            "value": 574
                        }, 
                        {
                            "disposition": "Applications Withdrawn", 
                            "count": 2, 
                            "value": 303
                        }, 
                        {
                            "disposition": "Files Closed For Incompleteness", 
                            "count": 0, 
                            "value": 0
                        }
                    ]
                }, 
                {
                    "gender": "Female", 
                    "dispositions": [
                        {
                            "disposition": "Applications Received", 
                            "count": 5, 
                            "value": 827
                        }, 
                        {
                            "disposition": "Loans Originated", 
                            "count": 3, 
                            "value": 529
                        }, 
                        {
                            "disposition": "Apps. Approved But Not Accepted", 
                            "count": 0, 
                            "value": 0
                        }, 
                        {
                            "disposition": "Aplications Denied", 
                            "count": 2, 
                            "value": 298
                        }, 
                        {
                            "disposition": "Applications Withdrawn", 
                            "count": 0, 
                            "value": 0
                        }, 
                        {
                            "disposition": "Files Closed For Incompleteness", 
                            "count": 0, 
                            "value": 0
                        }
                    ]
                }, 
                {
                    "gender": "Joint (Male/Female)", 
                    "dispositions": [
                        {
                            "disposition": "Applications Received", 
                            "count": 1, 
                            "value": 227
                        }, 
                        {
                            "disposition": "Loans Originated", 
                            "count": 1, 
                            "value": 227
                        }, 
                        {
                            "disposition": "Apps. Approved But Not Accepted", 
                            "count": 0, 
                            "value": 0
                        }, 
                        {
                            "disposition": "Aplications Denied", 
                            "count": 0, 
                            "value": 0
                        }, 
                        {
                            "disposition": "Applications Withdrawn", 
                            "count": 0, 
                            "value": 0
                        }, 
                        {
                            "disposition": "Files Closed For Incompleteness", 
                            "count": 0, 
                            "value": 0
                        }
                    ]
                }
            ]
        }, 
        {
            "race": "Asian", 
            "dispositions": [
                {
                    "disposition": "Applications Received", 
                    "count": 47, 
                    "value": 6739
                }, 
                {
                    "disposition": "Loans Originated", 
                    "count": 33, 
                    "value": 5220
                }, 
                {
                    "disposition": "Apps. Approved But Not Accepted", 
                    "count": 1, 
                    "value": 79
                }, 
                {
                    "disposition": "Aplications Denied", 
                    "count": 7, 
                    "value": 759
                }, 
                {
                    "disposition": "Applications Withdrawn", 
                    "count": 4, 
                    "value": 423
                }, 
                {
                    "disposition": "Files Closed For Incompleteness", 
                    "count": 2, 
                    "value": 258
                }
            ], 
            "genders": [
                {
                    "gender": "Male", 
                    "dispositions": [
                        {
                            "disposition": "Applications Received", 
                            "count": 21, 
                            "value": 3019
                        }, 
                        {
                            "disposition": "Loans Originated", 
                            "count": 15, 
                            "value": 2406
                        }, 
                        {
                            "disposition": "Apps. Approved But Not Accepted", 
                            "count": 1, 
                            "value": 79
                        }, 
                        {
                            "disposition": "Aplications Denied", 
                            "count": 5, 
                            "value": 534
                        }, 
                        {
                            "disposition": "Applications Withdrawn", 
                            "count": 0, 
                            "value": 0
                        }, 
                        {
                            "disposition": "Files Closed For Incompleteness", 
                            "count": 0, 
                            "value": 0
                        }
                    ]
                }, 
                {
                    "gender": "Female", 
                    "dispositions": [
                        {
                            "disposition": "Applications Received", 
                            "count": 18, 
                            "value": 2364
                        }, 
                        {
                            "disposition": "Loans Originated", 
                            "count": 12, 
                            "value": 1660
                        }, 
                        {
                            "disposition": "Apps. Approved But Not Accepted", 
                            "count": 0, 
                            "value": 0
                        }, 
                        {
                            "disposition": "Aplications Denied", 
                            "count": 2, 
                            "value": 225
                        }, 
                        {
                            "disposition": "Applications Withdrawn", 
                            "count": 2, 
                            "value": 221
                        }, 
                        {
                            "disposition": "Files Closed For Incompleteness", 
                            "count": 2, 
                            "value": 258
                        }
                    ]
                }, 
                {
                    "gender": "Joint (Male/Female)", 
                    "dispositions": [
                        {
                            "disposition": "Applications Received", 
                            "count": 8, 
                            "value": 1356
                        }, 
                        {
                            "disposition": "Loans Originated", 
                            "count": 6, 
                            "value": 1154
                        }, 
                        {
                            "disposition": "Apps. Approved But Not Accepted", 
                            "count": 0, 
                            "value": 0
                        }, 
                        {
                            "disposition": "Aplications Denied", 
                            "count": 0, 
                            "value": 0
                        }, 
                        {
                            "disposition": "Applications Withdrawn", 
                            "count": 2, 
                            "value": 202
                        }, 
                        {
                            "disposition": "Files Closed For Incompleteness", 
                            "count": 0, 
                            "value": 0
                        }
                    ]
                }
            ]
        }, 
        {
            "race": "Black or African American", 
            "dispositions": [
                {
                    "disposition": "Applications Received", 
                    "count": 80, 
                    "value": 13634
                }, 
                {
                    "disposition": "Loans Originated", 
                    "count": 57, 
                    "value": 9513
                }, 
                {
                    "disposition": "Apps. Approved But Not Accepted", 
                    "count": 1, 
                    "value": 255
                }, 
                {
                    "disposition": "Aplications Denied", 
                    "count": 10, 
                    "value": 1666
                }, 
                {
                    "disposition": "Applications Withdrawn", 
                    "count": 7, 
                    "value": 1301
                }, 
                {
                    "disposition": "Files Closed For Incompleteness", 
                    "count": 5, 
                    "value": 899
                }
            ], 
            "genders": [
                {
                    "gender": "Male", 
                    "dispositions": [
                        {
                            "disposition": "Applications Received", 
                            "count": 31, 
                            "value": 5579
                        }, 
                        {
                            "disposition": "Loans Originated", 
                            "count": 23, 
                            "value": 4091
                        }, 
                        {
                            "disposition": "Apps. Approved But Not Accepted", 
                            "count": 0, 
                            "value": 0
                        }, 
                        {
                            "disposition": "Aplications Denied", 
                            "count": 5, 
                            "value": 923
                        }, 
                        {
                            "disposition": "Applications Withdrawn", 
                            "count": 0, 
                            "value": 0
                        }, 
                        {
                            "disposition": "Files Closed For Incompleteness", 
                            "count": 3, 
                            "value": 565
                        }
                    ]
                }, 
                {
                    "gender": "Female", 
                    "dispositions": [
                        {
                            "disposition": "Applications Received", 
                            "count": 22, 
                            "value": 3011
                        }, 
                        {
                            "disposition": "Loans Originated", 
                            "count": 15, 
                            "value": 2067
                        }, 
                        {
                            "disposition": "Apps. Approved But Not Accepted", 
                            "count": 0, 
                            "value": 0
                        }, 
                        {
                            "disposition": "Aplications Denied", 
                            "count": 3, 
                            "value": 317
                        }, 
                        {
                            "disposition": "Applications Withdrawn", 
                            "count": 2, 
                            "value": 293
                        }, 
                        {
                            "disposition": "Files Closed For Incompleteness", 
                            "count": 2, 
                            "value": 334
                        }
                    ]
                }, 
                {
                    "gender": "Joint (Male/Female)", 
                    "dispositions": [
                        {
                            "disposition": "Applications Received", 
                            "count": 26, 
                            "value": 4789
                        }, 
                        {
                            "disposition": "Loans Originated", 
                            "count": 19, 
                            "value": 3355
                        }, 
                        {
                            "disposition": "Apps. Approved But Not Accepted", 
                            "count": 0, 
                            "value": 0
                        }, 
                        {
                            "disposition": "Aplications Denied", 
                            "count": 2, 
                            "value": 426
                        }, 
                        {
                            "disposition": "Applications Withdrawn", 
                            "count": 5, 
                            "value": 1008
                        }, 
                        {
                            "disposition": "Files Closed For Incompleteness", 
                            "count": 0, 
                            "value": 0
                        }
                    ]
                }
            ]
        }, 
        {
            "race": "Native Hawaiian or Other Pacific Islander", 
            "dispositions": [
                {
                    "disposition": "Applications Received", 
                    "count": 188, 
                    "value": 32525
                }, 
                {
                    "disposition": "Loans Originated", 
                    "count": 114, 
                    "value": 20385
                }, 
                {
                    "disposition": "Apps. Approved But Not Accepted", 
                    "count": 3, 
                    "value": 635
                }, 
                {
                    "disposition": "Aplications Denied", 
                    "count": 37, 
                    "value": 6662
                }, 
                {
                    "disposition": "Applications Withdrawn", 
                    "count": 22, 
                    "value": 3261
                }, 
                {
                    "disposition": "Files Closed For Incompleteness", 
                    "count": 12, 
                    "value": 1582
                }
            ], 
            "genders": [
                {
                    "gender": "Male", 
                    "dispositions": [
                        {
                            "disposition": "Applications Received", 
                            "count": 101, 
                            "value": 16533
                        }, 
                        {
                            "disposition": "Loans Originated", 
                            "count": 53, 
                            "value": 9024
                        }, 
                        {
                            "disposition": "Apps. Approved But Not Accepted", 
                            "count": 3, 
                            "value": 635
                        }, 
                        {
                            "disposition": "Aplications Denied", 
                            "count": 25, 
                            "value": 3921
                        }, 
                        {
                            "disposition": "Applications Withdrawn", 
                            "count": 15, 
                            "value": 2378
                        }, 
                        {
                            "disposition": "Files Closed For Incompleteness", 
                            "count": 5, 
                            "value": 575
                        }
                    ]
                }, 
                {
                    "gender": "Female", 
                    "dispositions": [
                        {
                            "disposition": "Applications Received", 
                            "count": 44, 
                            "value": 6632
                        }, 
                        {
                            "disposition": "Loans Originated", 
                            "count": 30, 
                            "value": 4448
                        }, 
                        {
                            "disposition": "Apps. Approved But Not Accepted", 
                            "count": 0, 
                            "value": 0
                        }, 
                        {
                            "disposition": "Aplications Denied", 
                            "count": 4, 
                            "value": 962
                        }, 
                        {
                            "disposition": "Applications Withdrawn", 
                            "count": 4, 
                            "value": 480
                        }, 
                        {
                            "disposition": "Files Closed For Incompleteness", 
                            "count": 6, 
                            "value": 742
                        }
                    ]
                }, 
                {
                    "gender": "Joint (Male/Female)", 
                    "dispositions": [
                        {
                            "disposition": "Applications Received", 
                            "count": 40, 
                            "value": 8808
                        }, 
                        {
                            "disposition": "Loans Originated", 
                            "count": 31, 
                            "value": 6913
                        }, 
                        {
                            "disposition": "Apps. Approved But Not Accepted", 
                            "count": 0, 
                            "value": 0
                        }, 
                        {
                            "disposition": "Aplications Denied", 
                            "count": 5, 
                            "value": 1227
                        }, 
                        {
                            "disposition": "Applications Withdrawn", 
                            "count": 3, 
                            "value": 403
                        }, 
                        {
                            "disposition": "Files Closed For Incompleteness", 
                            "count": 1, 
                            "value": 265
                        }
                    ]
                }
            ]
        }, 
        {
            "race": "White", 
            "dispositions": [
                {
                    "disposition": "Applications Received", 
                    "count": 26, 
                    "value": 4788
                }, 
                {
                    "disposition": "Loans Originated", 
                    "count": 16, 
                    "value": 3163
                }, 
                {
                    "disposition": "Apps. Approved But Not Accepted", 
                    "count": 0, 
                    "value": 0
                }, 
                {
                    "disposition": "Aplications Denied", 
                    "count": 3, 
                    "value": 678
                }, 
                {
                    "disposition": "Applications Withdrawn", 
                    "count": 5, 
                    "value": 702
                }, 
                {
                    "disposition": "Files Closed For Incompleteness", 
                    "count": 2, 
                    "value": 245
                }
            ], 
            "genders": [
                {
                    "gender": "Male", 
                    "dispositions": [
                        {
                            "disposition": "Applications Received", 
                            "count": 18, 
                            "value": 2901
                        }, 
                        {
                            "disposition": "Loans Originated", 
                            "count": 13, 
                            "value": 2355
                        }, 
                        {
                            "disposition": "Apps. Approved But Not Accepted", 
                            "count": 0, 
                            "value": 0
                        }, 
                        {
                            "disposition": "Aplications Denied", 
                            "count": 0, 
                            "value": 0
                        }, 
                        {
                            "disposition": "Applications Withdrawn", 
                            "count": 3, 
                            "value": 301
                        }, 
                        {
                            "disposition": "Files Closed For Incompleteness", 
                            "count": 2, 
                            "value": 245
                        }
                    ]
                }, 
                {
                    "gender": "Female", 
                    "dispositions": [
                        {
                            "disposition": "Applications Received", 
                            "count": 5, 
                            "value": 946
                        }, 
                        {
                            "disposition": "Loans Originated", 
                            "count": 2, 
                            "value": 441
                        }, 
                        {
                            "disposition": "Apps. Approved But Not Accepted", 
                            "count": 0, 
                            "value": 0
                        }, 
                        {
                            "disposition": "Aplications Denied", 
                            "count": 2, 
                            "value": 390
                        }, 
                        {
                            "disposition": "Applications Withdrawn", 
                            "count": 1, 
                            "value": 115
                        }, 
                        {
                            "disposition": "Files Closed For Incompleteness", 
                            "count": 0, 
                            "value": 0
                        }
                    ]
                }, 
                {
                    "gender": "Joint (Male/Female)", 
                    "dispositions": [
                        {
                            "disposition": "Applications Received", 
                            "count": 3, 
                            "value": 941
                        }, 
                        {
                            "disposition": "Loans Originated", 
                            "count": 1, 
                            "value": 367
                        }, 
                        {
                            "disposition": "Apps. Approved But Not Accepted", 
                            "count": 0, 
                            "value": 0
                        }, 
                        {
                            "disposition": "Aplications Denied", 
                            "count": 1, 
                            "value": 288
                        }, 
                        {
                            "disposition": "Applications Withdrawn", 
                            "count": 1, 
                            "value": 286
                        }, 
                        {
                            "disposition": "Files Closed For Incompleteness", 
                            "count": 0, 
                            "value": 0
                        }
                    ]
                }
            ]
        }, 
        {
            "race": "2 or more minority races", 
            "dispositions": [
                {
                    "disposition": "Applications Received", 
                    "count": 5987, 
                    "value": 971343
                }, 
                {
                    "disposition": "Loans Originated", 
                    "count": 4462, 
                    "value": 735231
                }, 
                {
                    "disposition": "Apps. Approved But Not Accepted", 
                    "count": 108, 
                    "value": 19028
                }, 
                {
                    "disposition": "Aplications Denied", 
                    "count": 615, 
                    "value": 96118
                }, 
                {
                    "disposition": "Applications Withdrawn", 
                    "count": 556, 
                    "value": 84362
                }, 
                {
                    "disposition": "Files Closed For Incompleteness", 
                    "count": 246, 
                    "value": 36604
                }
            ], 
            "genders": [
                {
                    "gender": "Male", 
                    "dispositions": [
                        {
                            "disposition": "Applications Received", 
                            "count": 2376, 
                            "value": 367666
                        }, 
                        {
                            "disposition": "Loans Originated", 
                            "count": 1736, 
                            "value": 272833
                        }, 
                        {
                            "disposition": "Apps. Approved But Not Accepted", 
                            "count": 33, 
                            "value": 4945
                        }, 
                        {
                            "disposition": "Aplications Denied", 
                            "count": 272, 
                            "value": 40437
                        }, 
                        {
                            "disposition": "Applications Withdrawn", 
                            "count": 227, 
                            "value": 33841
                        }, 
                        {
                            "disposition": "Files Closed For Incompleteness", 
                            "count": 108, 
                            "value": 15610
                        }
                    ]
                }, 
                {
                    "gender": "Female", 
                    "dispositions": [
                        {
                            "disposition": "Applications Received", 
                            "count": 1382, 
                            "value": 180607
                        }, 
                        {
                            "disposition": "Loans Originated", 
                            "count": 999, 
                            "value": 132666
                        }, 
                        {
                            "disposition": "Apps. Approved But Not Accepted", 
                            "count": 21, 
                            "value": 2637
                        }, 
                        {
                            "disposition": "Aplications Denied", 
                            "count": 150, 
                            "value": 20192
                        }, 
                        {
                            "disposition": "Applications Withdrawn", 
                            "count": 153, 
                            "value": 18094
                        }, 
                        {
                            "disposition": "Files Closed For Incompleteness", 
                            "count": 59, 
                            "value": 7018
                        }
                    ]
                }, 
                {
                    "gender": "Joint (Male/Female)", 
                    "dispositions": [
                        {
                            "disposition": "Applications Received", 
                            "count": 2190, 
                            "value": 414929
                        }, 
                        {
                            "disposition": "Loans Originated", 
                            "count": 1721, 
                            "value": 328655
                        }, 
                        {
                            "disposition": "Apps. Approved But Not Accepted", 
                            "count": 41, 
                            "value": 8581
                        }, 
                        {
                            "disposition": "Aplications Denied", 
                            "count": 185, 
                            "value": 33764
                        }, 
                        {
                            "disposition": "Applications Withdrawn", 
                            "count": 165, 
                            "value": 30039
                        }, 
                        {
                            "disposition": "Files Closed For Incompleteness", 
                            "count": 78, 
                            "value": 13890
                        }
                    ]
                }
            ]
        }, 
        {
            "race": "Joint (White/Minority Race", 
            "dispositions": [
                {
                    "disposition": "Applications Received", 
                    "count": 150, 
                    "value": 29968
                }, 
                {
                    "disposition": "Loans Originated", 
                    "count": 121, 
                    "value": 23775
                }, 
                {
                    "disposition": "Apps. Approved But Not Accepted", 
                    "count": 2, 
                    "value": 404
                }, 
                {
                    "disposition": "Aplications Denied", 
                    "count": 14, 
                    "value": 3341
                }, 
                {
                    "disposition": "Applications Withdrawn", 
                    "count": 11, 
                    "value": 2183
                }, 
                {
                    "disposition": "Files Closed For Incompleteness", 
                    "count": 2, 
                    "value": 265
                }
            ], 
            "genders": [
                {
                    "gender": "Male", 
                    "dispositions": [
                        {
                            "disposition": "Applications Received", 
                            "count": 1, 
                            "value": 408
                        }, 
                        {
                            "disposition": "Loans Originated", 
                            "count": 0, 
                            "value": 0
                        }, 
                        {
                            "disposition": "Apps. Approved But Not Accepted", 
                            "count": 0, 
                            "value": 0
                        }, 
                        {
                            "disposition": "Aplications Denied", 
                            "count": 1, 
                            "value": 408
                        }, 
                        {
                            "disposition": "Applications Withdrawn", 
                            "count": 0, 
                            "value": 0
                        }, 
                        {
                            "disposition": "Files Closed For Incompleteness", 
                            "count": 0, 
                            "value": 0
                        }
                    ]
                }, 
                {
                    "gender": "Female", 
                    "dispositions": [
                        {
                            "disposition": "Applications Received", 
                            "count": 0, 
                            "value": 0
                        }, 
                        {
                            "disposition": "Loans Originated", 
                            "count": 0, 
                            "value": 0
                        }, 
                        {
                            "disposition": "Apps. Approved But Not Accepted", 
                            "count": 0, 
                            "value": 0
                        }, 
                        {
                            "disposition": "Aplications Denied", 
                            "count": 0, 
                            "value": 0
                        }, 
                        {
                            "disposition": "Applications Withdrawn", 
                            "count": 0, 
                            "value": 0
                        }, 
                        {
                            "disposition": "Files Closed For Incompleteness", 
                            "count": 0, 
                            "value": 0
                        }
                    ]
                }, 
                {
                    "gender": "Joint (Male/Female)", 
                    "dispositions": [
                        {
                            "disposition": "Applications Received", 
                            "count": 149, 
                            "value": 29560
                        }, 
                        {
                            "disposition": "Loans Originated", 
                            "count": 121, 
                            "value": 23775
                        }, 
                        {
                            "disposition": "Apps. Approved But Not Accepted", 
                            "count": 2, 
                            "value": 404
                        }, 
                        {
                            "disposition": "Aplications Denied", 
                            "count": 13, 
                            "value": 2933
                        }, 
                        {
                            "disposition": "Applications Withdrawn", 
                            "count": 11, 
                            "value": 2183
                        }, 
                        {
                            "disposition": "Files Closed For Incompleteness", 
                            "count": 2, 
                            "value": 265
                        }
                    ]
                }
            ]
        }, 
        {
            "race": "Not Available", 
            "dispositions": [
                {
                    "disposition": "Applications Received", 
                    "count": 362, 
                    "value": 65583
                }, 
                {
                    "disposition": "Loans Originated", 
                    "count": 212, 
                    "value": 40110
                }, 
                {
                    "disposition": "Apps. Approved But Not Accepted", 
                    "count": 19, 
                    "value": 2629
                }, 
                {
                    "disposition": "Aplications Denied", 
                    "count": 64, 
                    "value": 11015
                }, 
                {
                    "disposition": "Applications Withdrawn", 
                    "count": 49, 
                    "value": 8778
                }, 
                {
                    "disposition": "Files Closed For Incompleteness", 
                    "count": 18, 
                    "value": 3051
                }
            ], 
            "genders": [
                {
                    "gender": "Male", 
                    "dispositions": [
                        {
                            "disposition": "Applications Received", 
                            "count": 62, 
                            "value": 10764
                        }, 
                        {
                            "disposition": "Loans Originated", 
                            "count": 41, 
                            "value": 7372
                        }, 
                        {
                            "disposition": "Apps. Approved But Not Accepted", 
                            "count": 5, 
                            "value": 585
                        }, 
                        {
                            "disposition": "Aplications Denied", 
                            "count": 6, 
                            "value": 1113
                        }, 
                        {
                            "disposition": "Applications Withdrawn", 
                            "count": 9, 
                            "value": 1485
                        }, 
                        {
                            "disposition": "Files Closed For Incompleteness", 
                            "count": 1, 
                            "value": 209
                        }
                    ]
                }, 
                {
                    "gender": "Female", 
                    "dispositions": [
                        {
                            "disposition": "Applications Received", 
                            "count": 35, 
                            "value": 5361
                        }, 
                        {
                            "disposition": "Loans Originated", 
                            "count": 14, 
                            "value": 2285
                        }, 
                        {
                            "disposition": "Apps. Approved But Not Accepted", 
                            "count": 0, 
                            "value": 0
                        }, 
                        {
                            "disposition": "Aplications Denied", 
                            "count": 9, 
                            "value": 1466
                        }, 
                        {
                            "disposition": "Applications Withdrawn", 
                            "count": 6, 
                            "value": 741
                        }, 
                        {
                            "disposition": "Files Closed For Incompleteness", 
                            "count": 6, 
                            "value": 869
                        }
                    ]
                }, 
                {
                    "gender": "Joint (Male/Female)", 
                    "dispositions": [
                        {
                            "disposition": "Applications Received", 
                            "count": 88, 
                            "value": 17022
                        }, 
                        {
                            "disposition": "Loans Originated", 
                            "count": 59, 
                            "value": 11909
                        }, 
                        {
                            "disposition": "Apps. Approved But Not Accepted", 
                            "count": 4, 
                            "value": 508
                        }, 
                        {
                            "disposition": "Aplications Denied", 
                            "count": 7, 
                            "value": 1123
                        }, 
                        {
                            "disposition": "Applications Withdrawn", 
                            "count": 13, 
                            "value": 2642
                        }, 
                        {
                            "disposition": "Files Closed For Incompleteness", 
                            "count": 5, 
                            "value": 840
                        }
                    ]
                }
            ]
        }
    ], 
    "ethnicities": [
        {
            "ethnicity": "Hispanic or Latino", 
            "dispositions": [
                {
                    "disposition": "Applications Received", 
                    "count": 2102, 
                    "value": 286411
                }, 
                {
                    "disposition": "Loans Originated", 
                    "count": 1508, 
                    "value": 208624
                }, 
                {
                    "disposition": "Apps. Approved But Not Accepted", 
                    "count": 33, 
                    "value": 4526
                }, 
                {
                    "disposition": "Aplications Denied", 
                    "count": 266, 
                    "value": 36024
                }, 
                {
                    "disposition": "Applications Withdrawn", 
                    "count": 210, 
                    "value": 26510
                }, 
                {
                    "disposition": "Files Closed For Incompleteness", 
                    "count": 85, 
                    "value": 10727
                }
            ], 
            "genders": [
                {
                    "gender": "Male", 
                    "dispositions": [
                        {
                            "disposition": "Applications Received", 
                            "count": 990, 
                            "value": 990
                        }, 
                        {
                            "disposition": "Loans Originated", 
                            "count": 704, 
                            "value": 97269
                        }, 
                        {
                            "disposition": "Apps. Approved But Not Accepted", 
                            "count": 16, 
                            "value": 2169
                        }, 
                        {
                            "disposition": "Aplications Denied", 
                            "count": 127, 
                            "value": 17208
                        }, 
                        {
                            "disposition": "Applications Withdrawn", 
                            "count": 104, 
                            "value": 13513
                        }, 
                        {
                            "disposition": "Files Closed For Incompleteness", 
                            "count": 39, 
                            "value": 4954
                        }
                    ]
                }, 
                {
                    "gender": "Female", 
                    "dispositions": [
                        {
                            "disposition": "Applications Received", 
                            "count": 605, 
                            "value": 605
                        }, 
                        {
                            "disposition": "Loans Originated", 
                            "count": 416, 
                            "value": 49363
                        }, 
                        {
                            "disposition": "Apps. Approved But Not Accepted", 
                            "count": 9, 
                            "value": 1028
                        }, 
                        {
                            "disposition": "Aplications Denied", 
                            "count": 81, 
                            "value": 9503
                        }, 
                        {
                            "disposition": "Applications Withdrawn", 
                            "count": 70, 
                            "value": 7634
                        }, 
                        {
                            "disposition": "Files Closed For Incompleteness", 
                            "count": 29, 
                            "value": 3215
                        }
                    ]
                }, 
                {
                    "gender": "Joint (Male/Female)", 
                    "dispositions": [
                        {
                            "disposition": "Applications Received", 
                            "count": 505, 
                            "value": 505
                        }, 
                        {
                            "disposition": "Loans Originated", 
                            "count": 388, 
                            "value": 61992
                        }, 
                        {
                            "disposition": "Apps. Approved But Not Accepted", 
                            "count": 8, 
                            "value": 1329
                        }, 
                        {
                            "disposition": "Aplications Denied", 
                            "count": 57, 
                            "value": 9222
                        }, 
                        {
                            "disposition": "Applications Withdrawn", 
                            "count": 35, 
                            "value": 5199
                        }, 
                        {
                            "disposition": "Files Closed For Incompleteness", 
                            "count": 17, 
                            "value": 2558
                        }
                    ]
                }
            ]
        }, 
        {
            "ethnicity": "Not Hispanic or Latino", 
            "dispositions": [
                {
                    "disposition": "Applications Received", 
                    "count": 4136, 
                    "value": 725132
                }, 
                {
                    "disposition": "Loans Originated", 
                    "count": 3128, 
                    "value": 557039
                }, 
                {
                    "disposition": "Apps. Approved But Not Accepted", 
                    "count": 65, 
                    "value": 11491
                }, 
                {
                    "disposition": "Aplications Denied", 
                    "count": 394, 
                    "value": 67400
                }, 
                {
                    "disposition": "Applications Withdrawn", 
                    "count": 373, 
                    "value": 61565
                }, 
                {
                    "disposition": "Files Closed For Incompleteness", 
                    "count": 176, 
                    "value": 27637
                }
            ], 
            "genders": [
                {
                    "gender": "Male", 
                    "dispositions": [
                        {
                            "disposition": "Applications Received", 
                            "count": 1589, 
                            "value": 1589
                        }, 
                        {
                            "disposition": "Loans Originated", 
                            "count": 1154, 
                            "value": 196376
                        }, 
                        {
                            "disposition": "Apps. Approved But Not Accepted", 
                            "count": 24, 
                            "value": 3669
                        }, 
                        {
                            "disposition": "Aplications Denied", 
                            "count": 187, 
                            "value": 30212
                        }, 
                        {
                            "disposition": "Applications Withdrawn", 
                            "count": 145, 
                            "value": 23806
                        }, 
                        {
                            "disposition": "Files Closed For Incompleteness", 
                            "count": 79, 
                            "value": 12120
                        }
                    ]
                }, 
                {
                    "gender": "Female", 
                    "dispositions": [
                        {
                            "disposition": "Applications Received", 
                            "count": 881, 
                            "value": 881
                        }, 
                        {
                            "disposition": "Loans Originated", 
                            "count": 645, 
                            "value": 92671
                        }, 
                        {
                            "disposition": "Apps. Approved But Not Accepted", 
                            "count": 10, 
                            "value": 1400
                        }, 
                        {
                            "disposition": "Aplications Denied", 
                            "count": 86, 
                            "value": 13430
                        }, 
                        {
                            "disposition": "Applications Withdrawn", 
                            "count": 96, 
                            "value": 12100
                        }, 
                        {
                            "disposition": "Files Closed For Incompleteness", 
                            "count": 44, 
                            "value": 5812
                        }
                    ]
                }, 
                {
                    "gender": "Joint (Male/Female)", 
                    "dispositions": [
                        {
                            "disposition": "Applications Received", 
                            "count": 1658, 
                            "value": 1658
                        }, 
                        {
                            "disposition": "Loans Originated", 
                            "count": 1324, 
                            "value": 267134
                        }, 
                        {
                            "disposition": "Apps. Approved But Not Accepted", 
                            "count": 31, 
                            "value": 6422
                        }, 
                        {
                            "disposition": "Aplications Denied", 
                            "count": 118, 
                            "value": 23290
                        }, 
                        {
                            "disposition": "Applications Withdrawn", 
                            "count": 132, 
                            "value": 25659
                        }, 
                        {
                            "disposition": "Files Closed For Incompleteness", 
                            "count": 53, 
                            "value": 9705
                        }
                    ]
                }
            ]
        }, 
        {
            "ethnicity": "Joint (Hispanic or Latino/Not Hispanic or Latino", 
            "dispositions": [
                {
                    "disposition": "Applications Received", 
                    "count": 299, 
                    "value": 56897
                }, 
                {
                    "disposition": "Loans Originated", 
                    "count": 224, 
                    "value": 42483
                }, 
                {
                    "disposition": "Apps. Approved But Not Accepted", 
                    "count": 8, 
                    "value": 1742
                }, 
                {
                    "disposition": "Aplications Denied", 
                    "count": 30, 
                    "value": 5787
                }, 
                {
                    "disposition": "Applications Withdrawn", 
                    "count": 25, 
                    "value": 4601
                }, 
                {
                    "disposition": "Files Closed For Incompleteness", 
                    "count": 12, 
                    "value": 2284
                }
            ], 
            "genders": [
                {
                    "gender": "Male", 
                    "dispositions": [
                        {
                            "disposition": "Applications Received", 
                            "count": 6, 
                            "value": 6
                        }, 
                        {
                            "disposition": "Loans Originated", 
                            "count": 4, 
                            "value": 750
                        }, 
                        {
                            "disposition": "Apps. Approved But Not Accepted", 
                            "count": 0, 
                            "value": 0
                        }, 
                        {
                            "disposition": "Aplications Denied", 
                            "count": 0, 
                            "value": 0
                        }, 
                        {
                            "disposition": "Applications Withdrawn", 
                            "count": 2, 
                            "value": 287
                        }, 
                        {
                            "disposition": "Files Closed For Incompleteness", 
                            "count": 0, 
                            "value": 0
                        }
                    ]
                }, 
                {
                    "gender": "Female", 
                    "dispositions": [
                        {
                            "disposition": "Applications Received", 
                            "count": 2, 
                            "value": 2
                        }, 
                        {
                            "disposition": "Loans Originated", 
                            "count": 2, 
                            "value": 262
                        }, 
                        {
                            "disposition": "Apps. Approved But Not Accepted", 
                            "count": 0, 
                            "value": 0
                        }, 
                        {
                            "disposition": "Aplications Denied", 
                            "count": 0, 
                            "value": 0
                        }, 
                        {
                            "disposition": "Applications Withdrawn", 
                            "count": 0, 
                            "value": 0
                        }, 
                        {
                            "disposition": "Files Closed For Incompleteness", 
                            "count": 0, 
                            "value": 0
                        }
                    ]
                }, 
                {
                    "gender": "Joint (Male/Female)", 
                    "dispositions": [
                        {
                            "disposition": "Applications Received", 
                            "count": 290, 
                            "value": 290
                        }, 
                        {
                            "disposition": "Loans Originated", 
                            "count": 217, 
                            "value": 41315
                        }, 
                        {
                            "disposition": "Apps. Approved But Not Accepted", 
                            "count": 8, 
                            "value": 1742
                        }, 
                        {
                            "disposition": "Aplications Denied", 
                            "count": 30, 
                            "value": 5787
                        }, 
                        {
                            "disposition": "Applications Withdrawn", 
                            "count": 23, 
                            "value": 4314
                        }, 
                        {
                            "disposition": "Files Closed For Incompleteness", 
                            "count": 12, 
                            "value": 2284
                        }
                    ]
                }
            ]
        }, 
        {
            "ethnicity": "Ethnicity Not Available", 
            "dispositions": [
                {
                    "disposition": "Applications Received", 
                    "count": 318, 
                    "value": 58746
                }, 
                {
                    "disposition": "Loans Originated", 
                    "count": 163, 
                    "value": 30682
                }, 
                {
                    "disposition": "Apps. Approved But Not Accepted", 
                    "count": 28, 
                    "value": 5271
                }, 
                {
                    "disposition": "Aplications Denied", 
                    "count": 65, 
                    "value": 11900
                }, 
                {
                    "disposition": "Applications Withdrawn", 
                    "count": 48, 
                    "value": 8637
                }, 
                {
                    "disposition": "Files Closed For Incompleteness", 
                    "count": 14, 
                    "value": 2256
                }
            ], 
            "genders": [
                {
                    "gender": "Male", 
                    "dispositions": [
                        {
                            "disposition": "Applications Received", 
                            "count": 34, 
                            "value": 34
                        }, 
                        {
                            "disposition": "Loans Originated", 
                            "count": 23, 
                            "value": 4361
                        }, 
                        {
                            "disposition": "Apps. Approved But Not Accepted", 
                            "count": 2, 
                            "value": 406
                        }, 
                        {
                            "disposition": "Aplications Denied", 
                            "count": 3, 
                            "value": 490
                        }, 
                        {
                            "disposition": "Applications Withdrawn", 
                            "count": 5, 
                            "value": 702
                        }, 
                        {
                            "disposition": "Files Closed For Incompleteness", 
                            "count": 1, 
                            "value": 130
                        }
                    ]
                }, 
                {
                    "gender": "Female", 
                    "dispositions": [
                        {
                            "disposition": "Applications Received", 
                            "count": 23, 
                            "value": 23
                        }, 
                        {
                            "disposition": "Loans Originated", 
                            "count": 12, 
                            "value": 1800
                        }, 
                        {
                            "disposition": "Apps. Approved But Not Accepted", 
                            "count": 2, 
                            "value": 209
                        }, 
                        {
                            "disposition": "Aplications Denied", 
                            "count": 5, 
                            "value": 917
                        }, 
                        {
                            "disposition": "Applications Withdrawn", 
                            "count": 2, 
                            "value": 210
                        }, 
                        {
                            "disposition": "Files Closed For Incompleteness", 
                            "count": 2, 
                            "value": 194
                        }
                    ]
                }, 
                {
                    "gender": "Joint (Male/Female)", 
                    "dispositions": [
                        {
                            "disposition": "Applications Received", 
                            "count": 52, 
                            "value": 52
                        }, 
                        {
                            "disposition": "Loans Originated", 
                            "count": 30, 
                            "value": 5914
                        }, 
                        {
                            "disposition": "Apps. Approved But Not Accepted", 
                            "count": 0, 
                            "value": 0
                        }, 
                        {
                            "disposition": "Aplications Denied", 
                            "count": 8, 
                            "value": 1462
                        }, 
                        {
                            "disposition": "Applications Withdrawn", 
                            "count": 10, 
                            "value": 1591
                        }, 
                        {
                            "disposition": "Files Closed For Incompleteness", 
                            "count": 4, 
                            "value": 713
                        }
                    ]
                }
            ]
        }
    ], 
    "minoritystatuses": [
        {
            "minoritystatus": "White Non-Hispanic", 
            "dispositions": [
                {
                    "disposition": "Applications Received", 
                    "count": 4014, 
                    "value": 703467
                }, 
                {
                    "disposition": "Loans Originated", 
                    "count": 2990, 
                    "value": 531931
                }, 
                {
                    "disposition": "Apps. Approved But Not Accepted", 
                    "count": 87, 
                    "value": 15665
                }, 
                {
                    "disposition": "Aplications Denied", 
                    "count": 391, 
                    "value": 66283
                }, 
                {
                    "disposition": "Applications Withdrawn", 
                    "count": 375, 
                    "value": 62482
                }, 
                {
                    "disposition": "Files Closed For Incompleteness", 
                    "count": 171, 
                    "value": 27106
                }
            ], 
            "genders": [
                {
                    "gender": "Male", 
                    "dispositions": [
                        {
                            "disposition": "Applications Received", 
                            "count": 245825, 
                            "value": 0
                        }, 
                        {
                            "disposition": "Loans Originated", 
                            "count": 1079, 
                            "value": 183406
                        }, 
                        {
                            "disposition": "Apps. Approved But Not Accepted", 
                            "count": 23, 
                            "value": 3637
                        }, 
                        {
                            "disposition": "Aplications Denied", 
                            "count": 154, 
                            "value": 24478
                        }, 
                        {
                            "disposition": "Applications Withdrawn", 
                            "count": 132, 
                            "value": 21764
                        }, 
                        {
                            "disposition": "Files Closed For Incompleteness", 
                            "count": 71, 
                            "value": 11081
                        }
                    ]
                }, 
                {
                    "gender": "Female", 
                    "dispositions": [
                        {
                            "disposition": "Applications Received", 
                            "count": 116767, 
                            "value": 0
                        }, 
                        {
                            "disposition": "Loans Originated", 
                            "count": 598, 
                            "value": 85804
                        }, 
                        {
                            "disposition": "Apps. Approved But Not Accepted", 
                            "count": 12, 
                            "value": 1609
                        }, 
                        {
                            "disposition": "Aplications Denied", 
                            "count": 80, 
                            "value": 12405
                        }, 
                        {
                            "disposition": "Applications Withdrawn", 
                            "count": 90, 
                            "value": 11287
                        }, 
                        {
                            "disposition": "Files Closed For Incompleteness", 
                            "count": 38, 
                            "value": 4844
                        }
                    ]
                }, 
                {
                    "gender": "Joint (Male/Female)", 
                    "dispositions": [
                        {
                            "disposition": "Applications Received", 
                            "count": 304746, 
                            "value": 0
                        }, 
                        {
                            "disposition": "Loans Originated", 
                            "count": 1210, 
                            "value": 243256
                        }, 
                        {
                            "disposition": "Apps. Approved But Not Accepted", 
                            "count": 29, 
                            "value": 6018
                        }, 
                        {
                            "disposition": "Aplications Denied", 
                            "count": 108, 
                            "value": 20453
                        }, 
                        {
                            "disposition": "Applications Withdrawn", 
                            "count": 123, 
                            "value": 23532
                        }, 
                        {
                            "disposition": "Files Closed For Incompleteness", 
                            "count": 55, 
                            "value": 9962
                        }
                    ]
                }
            ]
        }, 
        {
            "minoritystatus": "Others, Including Hispanic", 
            "dispositions": [
                {
                    "disposition": "Applications Received", 
                    "count": 2841, 
                    "value": 423719
                }, 
                {
                    "disposition": "Loans Originated", 
                    "count": 2033, 
                    "value": 306897
                }, 
                {
                    "disposition": "Apps. Approved But Not Accepted", 
                    "count": 47, 
                    "value": 7365
                }, 
                {
                    "disposition": "Aplications Denied", 
                    "count": 364, 
                    "value": 54828
                }, 
                {
                    "disposition": "Applications Withdrawn", 
                    "count": 281, 
                    "value": 38831
                }, 
                {
                    "disposition": "Files Closed For Incompleteness", 
                    "count": 116, 
                    "value": 15798
                }
            ], 
            "genders": [
                {
                    "gender": "Male", 
                    "dispositions": [
                        {
                            "disposition": "Applications Received", 
                            "count": 165216, 
                            "value": 0
                        }, 
                        {
                            "disposition": "Loans Originated", 
                            "count": 806, 
                            "value": 115350
                        }, 
                        {
                            "disposition": "Apps. Approved But Not Accepted", 
                            "count": 19, 
                            "value": 2607
                        }, 
                        {
                            "disposition": "Aplications Denied", 
                            "count": 163, 
                            "value": 23432
                        }, 
                        {
                            "disposition": "Applications Withdrawn", 
                            "count": 124, 
                            "value": 16544
                        }, 
                        {
                            "disposition": "Files Closed For Incompleteness", 
                            "count": 48, 
                            "value": 6123
                        }
                    ]
                }, 
                {
                    "gender": "Female", 
                    "dispositions": [
                        {
                            "disposition": "Applications Received", 
                            "count": 84492, 
                            "value": 0
                        }, 
                        {
                            "disposition": "Loans Originated", 
                            "count": 477, 
                            "value": 58292
                        }, 
                        {
                            "disposition": "Apps. Approved But Not Accepted", 
                            "count": 9, 
                            "value": 1028
                        }, 
                        {
                            "disposition": "Aplications Denied", 
                            "count": 92, 
                            "value": 11445
                        }, 
                        {
                            "disposition": "Applications Withdrawn", 
                            "count": 78, 
                            "value": 8657
                        }, 
                        {
                            "disposition": "Files Closed For Incompleteness", 
                            "count": 37, 
                            "value": 4377
                        }
                    ]
                }, 
                {
                    "gender": "Joint (Male/Female)", 
                    "dispositions": [
                        {
                            "disposition": "Applications Received", 
                            "count": 175391, 
                            "value": 0
                        }, 
                        {
                            "disposition": "Loans Originated", 
                            "count": 749, 
                            "value": 133099
                        }, 
                        {
                            "disposition": "Apps. Approved But Not Accepted", 
                            "count": 18, 
                            "value": 3475
                        }, 
                        {
                            "disposition": "Aplications Denied", 
                            "count": 105, 
                            "value": 19308
                        }, 
                        {
                            "disposition": "Applications Withdrawn", 
                            "count": 77, 
                            "value": 13231
                        }, 
                        {
                            "disposition": "Files Closed For Incompleteness", 
                            "count": 31, 
                            "value": 5298
                        }
                    ]
                }
            ]
        }
    ], 
    "incomes": [
        {
            "incomes": "Less than 50% of MSA/MD median", 
            "dispositions": [
                {
                    "disposition": "Applications Received", 
                    "count": 846, 
                    "value": 79504
                }, 
                {
                    "disposition": "Loans Originated", 
                    "count": 557, 
                    "value": 51651
                }, 
                {
                    "disposition": "Apps. Approved But Not Accepted", 
                    "count": 13, 
                    "value": 1050
                }, 
                {
                    "disposition": "Aplications Denied", 
                    "count": 130, 
                    "value": 13524
                }, 
                {
                    "disposition": "Applications Withdrawn", 
                    "count": 103, 
                    "value": 9059
                }, 
                {
                    "disposition": "Files Closed For Incompleteness", 
                    "count": 43, 
                    "value": 4220
                }
            ]
        }, 
        {
            "incomes": "50-79% of MSA/MD median", 
            "dispositions": [
                {
                    "disposition": "Applications Received", 
                    "count": 2028, 
                    "value": 259526
                }, 
                {
                    "disposition": "Loans Originated", 
                    "count": 1466, 
                    "value": 190417
                }, 
                {
                    "disposition": "Apps. Approved But Not Accepted", 
                    "count": 33, 
                    "value": 3660
                }, 
                {
                    "disposition": "Aplications Denied", 
                    "count": 236, 
                    "value": 29853
                }, 
                {
                    "disposition": "Applications Withdrawn", 
                    "count": 195, 
                    "value": 23466
                }, 
                {
                    "disposition": "Files Closed For Incompleteness", 
                    "count": 98, 
                    "value": 12130
                }
            ]
        }, 
        {
            "incomes": "80-99% of MSA/MD median", 
            "dispositions": [
                {
                    "disposition": "Applications Received", 
                    "count": 1165, 
                    "value": 183882
                }, 
                {
                    "disposition": "Loans Originated", 
                    "count": 859, 
                    "value": 136614
                }, 
                {
                    "disposition": "Apps. Approved But Not Accepted", 
                    "count": 23, 
                    "value": 3502
                }, 
                {
                    "disposition": "Aplications Denied", 
                    "count": 115, 
                    "value": 18814
                }, 
                {
                    "disposition": "Applications Withdrawn", 
                    "count": 117, 
                    "value": 17817
                }, 
                {
                    "disposition": "Files Closed For Incompleteness", 
                    "count": 51, 
                    "value": 7135
                }
            ]
        }, 
        {
            "incomes": "100-119% of MSA/MD median", 
            "dispositions": [
                {
                    "disposition": "Applications Received", 
                    "count": 882, 
                    "value": 156552
                }, 
                {
                    "disposition": "Loans Originated", 
                    "count": 680, 
                    "value": 120337
                }, 
                {
                    "disposition": "Apps. Approved But Not Accepted", 
                    "count": 14, 
                    "value": 2205
                }, 
                {
                    "disposition": "Aplications Denied", 
                    "count": 82, 
                    "value": 15364
                }, 
                {
                    "disposition": "Applications Withdrawn", 
                    "count": 75, 
                    "value": 13130
                }, 
                {
                    "disposition": "Files Closed For Incompleteness", 
                    "count": 31, 
                    "value": 5516
                }
            ]
        }, 
        {
            "incomes": "120% or more of MSA/MD median", 
            "dispositions": [
                {
                    "disposition": "Applications Received", 
                    "count": 1893, 
                    "value": 441325
                }, 
                {
                    "disposition": "Loans Originated", 
                    "count": 1440, 
                    "value": 336499
                }, 
                {
                    "disposition": "Apps. Approved But Not Accepted", 
                    "count": 48, 
                    "value": 12115
                }, 
                {
                    "disposition": "Aplications Denied", 
                    "count": 179, 
                    "value": 41641
                }, 
                {
                    "disposition": "Applications Withdrawn", 
                    "count": 162, 
                    "value": 37167
                }, 
                {
                    "disposition": "Files Closed For Incompleteness", 
                    "count": 64, 
                    "value": 13903
                }
            ]
        }, 
        {
            "incomes": "income not available", 
            "dispositions": [
                {
                    "disposition": "Applications Received", 
                    "count": 41, 
                    "value": 6397
                }, 
                {
                    "disposition": "Loans Originated", 
                    "count": 21, 
                    "value": 3310
                }, 
                {
                    "disposition": "Apps. Approved But Not Accepted", 
                    "count": 3, 
                    "value": 498
                }, 
                {
                    "disposition": "Aplications Denied", 
                    "count": 13, 
                    "value": 1915
                }, 
                {
                    "disposition": "Applications Withdrawn", 
                    "count": 4, 
                    "value": 674
                }, 
                {
                    "disposition": "Files Closed For Incompleteness", 
                    "count": 0, 
                    "value": 0
                }
            ]
        }
    ], 
    "total": [
        {
            "disposition": "Applications Received", 
            "count": 0, 
            "value": 0
        }, 
        {
            "disposition": "Loans Originated", 
            "count": 5023, 
            "value": 838828
        }, 
        {
            "disposition": "Apps. Approved But Not Accepted", 
            "count": 134, 
            "value": 23030
        }, 
        {
            "disposition": "Aplications Denied", 
            "count": 755, 
            "value": 121111
        }, 
        {
            "disposition": "Applications Withdrawn", 
            "count": 656, 
            "value": 101313
        }, 
        {
            "disposition": "Files Closed For Incompleteness", 
            "count": 287, 
            "value": 42904
        }
    ]
}