{
    "table": "3-1", 
    "type": "Aggregate", 
    "desc": "Loans sold, by characteristics of borrower and census tract in which property is located and by type of purchaser (includes originations and purchased loans)", 
    "year": "2012", 
    "msa": {
        "id": "38220", 
        "name": "Pine-Bluff", 
        "state": "AR", 
        "state_name": "Arkansas"
    }, 
    "borrowercharacteristics": [
        {
            "characteristic": "Race", 
            "races": [
                {
                    "race": "American Indian/Alaska Native", 
                    "purchasers": [
                        {
                            "name": "Fannie Mae", 
                            "count": 0, 
                            "value": 0
                        }, 
                        {
                            "name": "Ginnie Mae", 
                            "count": 0, 
                            "value": 0
                        }, 
                        {
                            "name": "Freddie Mac", 
                            "count": 0, 
                            "value": 0
                        }, 
                        {
                            "name": "Farmer Mac", 
                            "count": 0, 
                            "value": 0
                        }, 
                        {
                            "name": "Private Securitization", 
                            "count": 0, 
                            "value": 0
                        }, 
                        {
                            "name": "Commercial bank, savings bank or association", 
                            "count": 0, 
                            "value": 0
                        }, 
                        {
                            "name": "Life insurance co., credit union, finance co.", 
                            "count": 0, 
                            "value": 0
                        }, 
                        {
                            "name": "Affiliate institution", 
                            "count": 0, 
                            "value": 0
                        }, 
                        {
                            "name": "Other", 
                            "count": 3, 
                            "value": 132.0
                        }
                    ]
                }, 
                {
                    "race": "Asian", 
                    "purchasers": [
                        {
                            "name": "Fannie Mae", 
                            "count": 0, 
                            "value": 0
                        }, 
                        {
                            "name": "Ginnie Mae", 
                            "count": 0, 
                            "value": 0
                        }, 
                        {
                            "name": "Freddie Mac", 
                            "count": 0, 
                            "value": 0
                        }, 
                        {
                            "name": "Farmer Mac", 
                            "count": 0, 
                            "value": 0
                        }, 
                        {
                            "name": "Private Securitization", 
                            "count": 0, 
                            "value": 0
                        }, 
                        {
                            "name": "Commercial bank, savings bank or association", 
                            "count": 0, 
                            "value": 0
                        }, 
                        {
                            "name": "Life insurance co., credit union, finance co.", 
                            "count": 1, 
                            "value": 131.0
                        }, 
                        {
                            "name": "Affiliate institution", 
                            "count": 0, 
                            "value": 0
                        }, 
                        {
                            "name": "Other", 
                            "count": 6, 
                            "value": 323.0
                        }
                    ]
                }, 
                {
                    "race": "Black or African American", 
                    "purchasers": [
                        {
                            "name": "Fannie Mae", 
                            "count": 1, 
                            "value": 201.0
                        }, 
                        {
                            "name": "Ginnie Mae", 
                            "count": 0, 
                            "value": 0
                        }, 
                        {
                            "name": "Freddie Mac", 
                            "count": 1, 
                            "value": 70.0
                        }, 
                        {
                            "name": "Farmer Mac", 
                            "count": 0, 
                            "value": 0
                        }, 
                        {
                            "name": "Private Securitization", 
                            "count": 0, 
                            "value": 0
                        }, 
                        {
                            "name": "Commercial bank, savings bank or association", 
                            "count": 1, 
                            "value": 70.0
                        }, 
                        {
                            "name": "Life insurance co., credit union, finance co.", 
                            "count": 0, 
                            "value": 0
                        }, 
                        {
                            "name": "Affiliate institution", 
                            "count": 0, 
                            "value": 0
                        }, 
                        {
                            "name": "Other", 
                            "count": 4, 
                            "value": 689.0
                        }
                    ]
                }, 
                {
                    "race": "Native Hawaiian or Other Pacific Islander", 
                    "purchasers": [
                        {
                            "name": "Fannie Mae", 
                            "count": 43, 
                            "value": 3891.0
                        }, 
                        {
                            "name": "Ginnie Mae", 
                            "count": 101, 
                            "value": 12807.0
                        }, 
                        {
                            "name": "Freddie Mac", 
                            "count": 20, 
                            "value": 2093.0
                        }, 
                        {
                            "name": "Farmer Mac", 
                            "count": 0, 
                            "value": 0
                        }, 
                        {
                            "name": "Private Securitization", 
                            "count": 0, 
                            "value": 0
                        }, 
                        {
                            "name": "Commercial bank, savings bank or association", 
                            "count": 69, 
                            "value": 7495.0
                        }, 
                        {
                            "name": "Life insurance co., credit union, finance co.", 
                            "count": 32, 
                            "value": 2393.0
                        }, 
                        {
                            "name": "Affiliate institution", 
                            "count": 9, 
                            "value": 877.0
                        }, 
                        {
                            "name": "Other", 
                            "count": 635, 
                            "value": 47096.0
                        }
                    ]
                }, 
                {
                    "race": "White", 
                    "purchasers": [
                        {
                            "name": "Fannie Mae", 
                            "count": 0, 
                            "value": 0
                        }, 
                        {
                            "name": "Ginnie Mae", 
                            "count": 0, 
                            "value": 0
                        }, 
                        {
                            "name": "Freddie Mac", 
                            "count": 0, 
                            "value": 0
                        }, 
                        {
                            "name": "Farmer Mac", 
                            "count": 0, 
                            "value": 0
                        }, 
                        {
                            "name": "Private Securitization", 
                            "count": 0, 
                            "value": 0
                        }, 
                        {
                            "name": "Commercial bank, savings bank or association", 
                            "count": 0, 
                            "value": 0
                        }, 
                        {
                            "name": "Life insurance co., credit union, finance co.", 
                            "count": 0, 
                            "value": 0
                        }, 
                        {
                            "name": "Affiliate institution", 
                            "count": 0, 
                            "value": 0
                        }, 
                        {
                            "name": "Other", 
                            "count": 1, 
                            "value": 46.0
                        }
                    ]
                }, 
                {
                    "race": "2 or more minority races", 
                    "purchasers": [
                        {
                            "name": "Fannie Mae", 
                            "count": 189, 
                            "value": 23504.0
                        }, 
                        {
                            "name": "Ginnie Mae", 
                            "count": 152, 
                            "value": 17247.0
                        }, 
                        {
                            "name": "Freddie Mac", 
                            "count": 64, 
                            "value": 6821.0
                        }, 
                        {
                            "name": "Farmer Mac", 
                            "count": 0, 
                            "value": 0
                        }, 
                        {
                            "name": "Private Securitization", 
                            "count": 1, 
                            "value": 82.0
                        }, 
                        {
                            "name": "Commercial bank, savings bank or association", 
                            "count": 213, 
                            "value": 26700.0
                        }, 
                        {
                            "name": "Life insurance co., credit union, finance co.", 
                            "count": 42, 
                            "value": 3892.0
                        }, 
                        {
                            "name": "Affiliate institution", 
                            "count": 14, 
                            "value": 1792.0
                        }, 
                        {
                            "name": "Other", 
                            "count": 1037, 
                            "value": 84200.0
                        }
                    ]
                }, 
                {
                    "race": "Joint (White/Minority Race", 
                    "purchasers": [
                        {
                            "name": "Fannie Mae", 
                            "count": 1, 
                            "value": 137.0
                        }, 
                        {
                            "name": "Ginnie Mae", 
                            "count": 2, 
                            "value": 129.0
                        }, 
                        {
                            "name": "Freddie Mac", 
                            "count": 3, 
                            "value": 233.0
                        }, 
                        {
                            "name": "Farmer Mac", 
                            "count": 0, 
                            "value": 0
                        }, 
                        {
                            "name": "Private Securitization", 
                            "count": 0, 
                            "value": 0
                        }, 
                        {
                            "name": "Commercial bank, savings bank or association", 
                            "count": 0, 
                            "value": 0
                        }, 
                        {
                            "name": "Life insurance co., credit union, finance co.", 
                            "count": 1, 
                            "value": 57.0
                        }, 
                        {
                            "name": "Affiliate institution", 
                            "count": 1, 
                            "value": 35.0
                        }, 
                        {
                            "name": "Other", 
                            "count": 14, 
                            "value": 1832.0
                        }
                    ]
                }, 
                {
                    "race": "Not Available", 
                    "purchasers": [
                        {
                            "name": "Fannie Mae", 
                            "count": 49, 
                            "value": 5831.0
                        }, 
                        {
                            "name": "Ginnie Mae", 
                            "count": 98, 
                            "value": 10645.0
                        }, 
                        {
                            "name": "Freddie Mac", 
                            "count": 34, 
                            "value": 4061.0
                        }, 
                        {
                            "name": "Farmer Mac", 
                            "count": 0, 
                            "value": 0
                        }, 
                        {
                            "name": "Private Securitization", 
                            "count": 0, 
                            "value": 0
                        }, 
                        {
                            "name": "Commercial bank, savings bank or association", 
                            "count": 4, 
                            "value": 592.0
                        }, 
                        {
                            "name": "Life insurance co., credit union, finance co.", 
                            "count": 5, 
                            "value": 721.0
                        }, 
                        {
                            "name": "Affiliate institution", 
                            "count": 4, 
                            "value": 658.0
                        }, 
                        {
                            "name": "Other", 
                            "count": 381, 
                            "value": 41330.0
                        }
                    ]
                }
            ]
        }, 
        {
            "characteristic": "Ethnicity", 
            "ethnicities": [
                {
                    "ethnicity": "Hispanic or Latino", 
                    "purchasers": [
                        {
                            "name": "Fannie Mae", 
                            "count": 2, 
                            "value": 95
                        }, 
                        {
                            "name": "Ginnie Mae", 
                            "count": 0, 
                            "value": 0
                        }, 
                        {
                            "name": "Freddie Mac", 
                            "count": 0, 
                            "value": 0
                        }, 
                        {
                            "name": "Farmer Mac", 
                            "count": 0, 
                            "value": 0
                        }, 
                        {
                            "name": "Private Securitization", 
                            "count": 0, 
                            "value": 0
                        }, 
                        {
                            "name": "Commercial bank, savings bank or association", 
                            "count": 0, 
                            "value": 0
                        }, 
                        {
                            "name": "Life insurance co., credit union, finance co.", 
                            "count": 1, 
                            "value": 131
                        }, 
                        {
                            "name": "Affiliate institution", 
                            "count": 0, 
                            "value": 0
                        }, 
                        {
                            "name": "Other", 
                            "count": 26, 
                            "value": 1369
                        }
                    ]
                }, 
                {
                    "ethnicity": "Not Hispanic or Latino", 
                    "purchasers": [
                        {
                            "name": "Fannie Mae", 
                            "count": 231, 
                            "value": 27475
                        }, 
                        {
                            "name": "Ginnie Mae", 
                            "count": 256, 
                            "value": 30234
                        }, 
                        {
                            "name": "Freddie Mac", 
                            "count": 88, 
                            "value": 9217
                        }, 
                        {
                            "name": "Farmer Mac", 
                            "count": 0, 
                            "value": 0
                        }, 
                        {
                            "name": "Private Securitization", 
                            "count": 1, 
                            "value": 82
                        }, 
                        {
                            "name": "Commercial bank, savings bank or association", 
                            "count": 282, 
                            "value": 34172
                        }, 
                        {
                            "name": "Life insurance co., credit union, finance co.", 
                            "count": 78, 
                            "value": 6734
                        }, 
                        {
                            "name": "Affiliate institution", 
                            "count": 23, 
                            "value": 2527
                        }, 
                        {
                            "name": "Other", 
                            "count": 1611, 
                            "value": 130426
                        }
                    ]
                }, 
                {
                    "ethnicity": "Joint (Hispanic or Latino/Not Hispanic or Latino", 
                    "purchasers": [
                        {
                            "name": "Fannie Mae", 
                            "count": 3, 
                            "value": 275
                        }, 
                        {
                            "name": "Ginnie Mae", 
                            "count": 0, 
                            "value": 0
                        }, 
                        {
                            "name": "Freddie Mac", 
                            "count": 0, 
                            "value": 0
                        }, 
                        {
                            "name": "Farmer Mac", 
                            "count": 0, 
                            "value": 0
                        }, 
                        {
                            "name": "Private Securitization", 
                            "count": 0, 
                            "value": 0
                        }, 
                        {
                            "name": "Commercial bank, savings bank or association", 
                            "count": 1, 
                            "value": 93
                        }, 
                        {
                            "name": "Life insurance co., credit union, finance co.", 
                            "count": 0, 
                            "value": 0
                        }, 
                        {
                            "name": "Affiliate institution", 
                            "count": 0, 
                            "value": 0
                        }, 
                        {
                            "name": "Other", 
                            "count": 3, 
                            "value": 261
                        }
                    ]
                }, 
                {
                    "ethnicity": "Ethnicity Not Available", 
                    "purchasers": [
                        {
                            "name": "Fannie Mae", 
                            "count": 47, 
                            "value": 5719
                        }, 
                        {
                            "name": "Ginnie Mae", 
                            "count": 97, 
                            "value": 10594
                        }, 
                        {
                            "name": "Freddie Mac", 
                            "count": 34, 
                            "value": 4061
                        }, 
                        {
                            "name": "Farmer Mac", 
                            "count": 0, 
                            "value": 0
                        }, 
                        {
                            "name": "Private Securitization", 
                            "count": 0, 
                            "value": 0
                        }, 
                        {
                            "name": "Commercial bank, savings bank or association", 
                            "count": 4, 
                            "value": 592
                        }, 
                        {
                            "name": "Life insurance co., credit union, finance co.", 
                            "count": 2, 
                            "value": 329
                        }, 
                        {
                            "name": "Affiliate institution", 
                            "count": 5, 
                            "value": 835
                        }, 
                        {
                            "name": "Other", 
                            "count": 441, 
                            "value": 43592
                        }
                    ]
                }
            ]
        }, 
        {
            "characteristic": "Minority Status", 
            "minoritystatuses": [
                {
                    "minoritystatus": "White Non-Hispanic", 
                    "purchasers": [
                        {
                            "name": "Fannie Mae", 
                            "count": 234, 
                            "value": 28995
                        }, 
                        {
                            "name": "Ginnie Mae", 
                            "count": 250, 
                            "value": 27892
                        }, 
                        {
                            "name": "Freddie Mac", 
                            "count": 98, 
                            "value": 10882
                        }, 
                        {
                            "name": "Farmer Mac", 
                            "count": 0, 
                            "value": 0
                        }, 
                        {
                            "name": "Private Securitization", 
                            "count": 1, 
                            "value": 82
                        }, 
                        {
                            "name": "Commercial bank, savings bank or association", 
                            "count": 216, 
                            "value": 27199
                        }, 
                        {
                            "name": "Life insurance co., credit union, finance co.", 
                            "count": 47, 
                            "value": 4613
                        }, 
                        {
                            "name": "Affiliate institution", 
                            "count": 17, 
                            "value": 2365
                        }, 
                        {
                            "name": "Other", 
                            "count": 1391, 
                            "value": 124107
                        }
                    ]
                }, 
                {
                    "minoritystatus": "Others, Including Hispanic", 
                    "purchasers": [
                        {
                            "name": "Fannie Mae", 
                            "count": 49, 
                            "value": 4569
                        }, 
                        {
                            "name": "Ginnie Mae", 
                            "count": 103, 
                            "value": 12936
                        }, 
                        {
                            "name": "Freddie Mac", 
                            "count": 24, 
                            "value": 2396
                        }, 
                        {
                            "name": "Farmer Mac", 
                            "count": 0, 
                            "value": 0
                        }, 
                        {
                            "name": "Private Securitization", 
                            "count": 0, 
                            "value": 0
                        }, 
                        {
                            "name": "Commercial bank, savings bank or association", 
                            "count": 71, 
                            "value": 7658
                        }, 
                        {
                            "name": "Life insurance co., credit union, finance co.", 
                            "count": 34, 
                            "value": 2581
                        }, 
                        {
                            "name": "Affiliate institution", 
                            "count": 11, 
                            "value": 997
                        }, 
                        {
                            "name": "Other", 
                            "count": 690, 
                            "value": 51541
                        }
                    ]
                }
            ]
        }, 
        {
            "characteristic": "Applicant Income", 
            "applicantincomes": [
                {
                    "applicantincome": "Less than 50% of MSA/MD median", 
                    "purchasers": [
                        {
                            "name": "Fannie Mae", 
                            "count": 4, 
                            "value": 251
                        }, 
                        {
                            "name": "Ginnie Mae", 
                            "count": 18, 
                            "value": 1295
                        }, 
                        {
                            "name": "Freddie Mac", 
                            "count": 1, 
                            "value": 29
                        }, 
                        {
                            "name": "Farmer Mac", 
                            "count": 0, 
                            "value": 0
                        }, 
                        {
                            "name": "Private Securitization", 
                            "count": 0, 
                            "value": 0
                        }, 
                        {
                            "name": "Commercial bank, savings bank or association", 
                            "count": 13, 
                            "value": 903
                        }, 
                        {
                            "name": "Life insurance co., credit union, finance co.", 
                            "count": 10, 
                            "value": 511
                        }, 
                        {
                            "name": "Affiliate institution", 
                            "count": 0, 
                            "value": 0
                        }, 
                        {
                            "name": "Other", 
                            "count": 232, 
                            "value": 10266
                        }
                    ]
                }, 
                {
                    "applicantincome": "50-79% of MSA/MD median", 
                    "purchasers": [
                        {
                            "name": "Fannie Mae", 
                            "count": 31, 
                            "value": 2316
                        }, 
                        {
                            "name": "Ginnie Mae", 
                            "count": 48, 
                            "value": 4455
                        }, 
                        {
                            "name": "Freddie Mac", 
                            "count": 12, 
                            "value": 725
                        }, 
                        {
                            "name": "Farmer Mac", 
                            "count": 0, 
                            "value": 0
                        }, 
                        {
                            "name": "Private Securitization", 
                            "count": 0, 
                            "value": 0
                        }, 
                        {
                            "name": "Commercial bank, savings bank or association", 
                            "count": 41, 
                            "value": 3422
                        }, 
                        {
                            "name": "Life insurance co., credit union, finance co.", 
                            "count": 24, 
                            "value": 1624
                        }, 
                        {
                            "name": "Affiliate institution", 
                            "count": 2, 
                            "value": 105
                        }, 
                        {
                            "name": "Other", 
                            "count": 399, 
                            "value": 20627
                        }
                    ]
                }, 
                {
                    "applicantincome": "80-99% of MSA/MD median", 
                    "purchasers": [
                        {
                            "name": "Fannie Mae", 
                            "count": 24, 
                            "value": 2300
                        }, 
                        {
                            "name": "Ginnie Mae", 
                            "count": 32, 
                            "value": 3007
                        }, 
                        {
                            "name": "Freddie Mac", 
                            "count": 8, 
                            "value": 655
                        }, 
                        {
                            "name": "Farmer Mac", 
                            "count": 0, 
                            "value": 0
                        }, 
                        {
                            "name": "Private Securitization", 
                            "count": 0, 
                            "value": 0
                        }, 
                        {
                            "name": "Commercial bank, savings bank or association", 
                            "count": 38, 
                            "value": 3748
                        }, 
                        {
                            "name": "Life insurance co., credit union, finance co.", 
                            "count": 10, 
                            "value": 590
                        }, 
                        {
                            "name": "Affiliate institution", 
                            "count": 3, 
                            "value": 174
                        }, 
                        {
                            "name": "Other", 
                            "count": 233, 
                            "value": 15585
                        }
                    ]
                }, 
                {
                    "applicantincome": "100-119% of MSA/MD median", 
                    "purchasers": [
                        {
                            "name": "Fannie Mae", 
                            "count": 19, 
                            "value": 2034
                        }, 
                        {
                            "name": "Ginnie Mae", 
                            "count": 39, 
                            "value": 4872
                        }, 
                        {
                            "name": "Freddie Mac", 
                            "count": 11, 
                            "value": 1162
                        }, 
                        {
                            "name": "Farmer Mac", 
                            "count": 0, 
                            "value": 0
                        }, 
                        {
                            "name": "Private Securitization", 
                            "count": 0, 
                            "value": 0
                        }, 
                        {
                            "name": "Commercial bank, savings bank or association", 
                            "count": 43, 
                            "value": 4874
                        }, 
                        {
                            "name": "Life insurance co., credit union, finance co.", 
                            "count": 12, 
                            "value": 1004
                        }, 
                        {
                            "name": "Affiliate institution", 
                            "count": 2, 
                            "value": 236
                        }, 
                        {
                            "name": "Other", 
                            "count": 216, 
                            "value": 17448
                        }
                    ]
                }, 
                {
                    "applicantincome": "120% or more of MSA/MD median", 
                    "purchasers": [
                        {
                            "name": "Fannie Mae", 
                            "count": 184, 
                            "value": 23902
                        }, 
                        {
                            "name": "Ginnie Mae", 
                            "count": 75, 
                            "value": 11073
                        }, 
                        {
                            "name": "Freddie Mac", 
                            "count": 60, 
                            "value": 6919
                        }, 
                        {
                            "name": "Farmer Mac", 
                            "count": 0, 
                            "value": 0
                        }, 
                        {
                            "name": "Private Securitization", 
                            "count": 1, 
                            "value": 82
                        }, 
                        {
                            "name": "Commercial bank, savings bank or association", 
                            "count": 132, 
                            "value": 18819
                        }, 
                        {
                            "name": "Life insurance co., credit union, finance co.", 
                            "count": 20, 
                            "value": 2933
                        }, 
                        {
                            "name": "Affiliate institution", 
                            "count": 20, 
                            "value": 2482
                        }, 
                        {
                            "name": "Other", 
                            "count": 758, 
                            "value": 75891
                        }
                    ]
                }, 
                {
                    "applicantincome": "income not available", 
                    "purchasers": [
                        {
                            "name": "Fannie Mae", 
                            "count": 21, 
                            "value": 2761
                        }, 
                        {
                            "name": "Ginnie Mae", 
                            "count": 141, 
                            "value": 16126
                        }, 
                        {
                            "name": "Freddie Mac", 
                            "count": 30, 
                            "value": 3788
                        }, 
                        {
                            "name": "Farmer Mac", 
                            "count": 0, 
                            "value": 0
                        }, 
                        {
                            "name": "Private Securitization", 
                            "count": 0, 
                            "value": 0
                        }, 
                        {
                            "name": "Commercial bank, savings bank or association", 
                            "count": 20, 
                            "value": 3091
                        }, 
                        {
                            "name": "Life insurance co., credit union, finance co.", 
                            "count": 5, 
                            "value": 532
                        }, 
                        {
                            "name": "Affiliate institution", 
                            "count": 1, 
                            "value": 365
                        }, 
                        {
                            "name": "Other", 
                            "count": 238, 
                            "value": 35408
                        }
                    ]
                }
            ]
        }
    ], 
    "censuscharacteristics": [
        {
            "characteristic": "Racial/Ethnic Composition", 
            "tractpctminorities": [
                {
                    "tractpctminority": "Less than 10% minority", 
                    "purchasers": [
                        {
                            "name": "Fannie Mae", 
                            "count": 20, 
                            "value": 2621
                        }, 
                        {
                            "name": "Ginnie Mae", 
                            "count": 22, 
                            "value": 2499
                        }, 
                        {
                            "name": "Freddie Mac", 
                            "count": 5, 
                            "value": 713
                        }, 
                        {
                            "name": "Farmer Mac", 
                            "count": 0, 
                            "value": 0
                        }, 
                        {
                            "name": "Private Securitization", 
                            "count": 0, 
                            "value": 0
                        }, 
                        {
                            "name": "Commercial bank, savings bank or association", 
                            "count": 12, 
                            "value": 1381
                        }, 
                        {
                            "name": "Life insurance co., credit union, finance co.", 
                            "count": 6, 
                            "value": 392
                        }, 
                        {
                            "name": "Affiliate institution", 
                            "count": 2, 
                            "value": 193
                        }, 
                        {
                            "name": "Other", 
                            "count": 134, 
                            "value": 10304
                        }
                    ]
                }, 
                {
                    "tractpctminority": "10-19% minority", 
                    "purchasers": [
                        {
                            "name": "Fannie Mae", 
                            "count": 201, 
                            "value": 26142
                        }, 
                        {
                            "name": "Ginnie Mae", 
                            "count": 237, 
                            "value": 30399
                        }, 
                        {
                            "name": "Freddie Mac", 
                            "count": 88, 
                            "value": 10259
                        }, 
                        {
                            "name": "Farmer Mac", 
                            "count": 0, 
                            "value": 0
                        }, 
                        {
                            "name": "Private Securitization", 
                            "count": 1, 
                            "value": 82
                        }, 
                        {
                            "name": "Commercial bank, savings bank or association", 
                            "count": 221, 
                            "value": 28716
                        }, 
                        {
                            "name": "Life insurance co., credit union, finance co.", 
                            "count": 56, 
                            "value": 5550
                        }, 
                        {
                            "name": "Affiliate institution", 
                            "count": 13, 
                            "value": 2008
                        }, 
                        {
                            "name": "Other", 
                            "count": 1194, 
                            "value": 111521
                        }
                    ]
                }, 
                {
                    "tractpctminority": "20-49% minority", 
                    "purchasers": [
                        {
                            "name": "Fannie Mae", 
                            "count": 28, 
                            "value": 2946
                        }, 
                        {
                            "name": "Ginnie Mae", 
                            "count": 22, 
                            "value": 2170
                        }, 
                        {
                            "name": "Freddie Mac", 
                            "count": 12, 
                            "value": 1218
                        }, 
                        {
                            "name": "Farmer Mac", 
                            "count": 0, 
                            "value": 0
                        }, 
                        {
                            "name": "Private Securitization", 
                            "count": 0, 
                            "value": 0
                        }, 
                        {
                            "name": "Commercial bank, savings bank or association", 
                            "count": 20, 
                            "value": 2516
                        }, 
                        {
                            "name": "Life insurance co., credit union, finance co.", 
                            "count": 2, 
                            "value": 163
                        }, 
                        {
                            "name": "Affiliate institution", 
                            "count": 7, 
                            "value": 831
                        }, 
                        {
                            "name": "Other", 
                            "count": 286, 
                            "value": 18745
                        }
                    ]
                }, 
                {
                    "tractpctminority": "50-79% minority", 
                    "purchasers": [
                        {
                            "name": "Fannie Mae", 
                            "count": 34, 
                            "value": 1855
                        }, 
                        {
                            "name": "Ginnie Mae", 
                            "count": 72, 
                            "value": 5760
                        }, 
                        {
                            "name": "Freddie Mac", 
                            "count": 17, 
                            "value": 1088
                        }, 
                        {
                            "name": "Farmer Mac", 
                            "count": 0, 
                            "value": 0
                        }, 
                        {
                            "name": "Private Securitization", 
                            "count": 0, 
                            "value": 0
                        }, 
                        {
                            "name": "Commercial bank, savings bank or association", 
                            "count": 34, 
                            "value": 2244
                        }, 
                        {
                            "name": "Life insurance co., credit union, finance co.", 
                            "count": 17, 
                            "value": 1089
                        }, 
                        {
                            "name": "Affiliate institution", 
                            "count": 6, 
                            "value": 330
                        }, 
                        {
                            "name": "Other", 
                            "count": 462, 
                            "value": 34655
                        }
                    ]
                }, 
                {
                    "tractpctminority": "80-100% minority", 
                    "purchasers": [
                        {
                            "name": "Fannie Mae", 
                            "count": 0, 
                            "value": 0
                        }, 
                        {
                            "name": "Ginnie Mae", 
                            "count": 0, 
                            "value": 0
                        }, 
                        {
                            "name": "Freddie Mac", 
                            "count": 0, 
                            "value": 0
                        }, 
                        {
                            "name": "Farmer Mac", 
                            "count": 0, 
                            "value": 0
                        }, 
                        {
                            "name": "Private Securitization", 
                            "count": 0, 
                            "value": 0
                        }, 
                        {
                            "name": "Commercial bank, savings bank or association", 
                            "count": 0, 
                            "value": 0
                        }, 
                        {
                            "name": "Life insurance co., credit union, finance co.", 
                            "count": 0, 
                            "value": 0
                        }, 
                        {
                            "name": "Affiliate institution", 
                            "count": 0, 
                            "value": 0
                        }, 
                        {
                            "name": "Other", 
                            "count": 0, 
                            "value": 0
                        }
                    ]
                }
            ]
        }, 
        {
            "characteristic": "Income", 
            "incomelevels": [
                {
                    "incomelevel": "Low income", 
                    "purchasers": [
                        {
                            "name": "Fannie Mae", 
                            "count": 1, 
                            "value": 69
                        }, 
                        {
                            "name": "Ginnie Mae", 
                            "count": 1, 
                            "value": 54
                        }, 
                        {
                            "name": "Freddie Mac", 
                            "count": 0, 
                            "value": 0
                        }, 
                        {
                            "name": "Farmer Mac", 
                            "count": 0, 
                            "value": 0
                        }, 
                        {
                            "name": "Private Securitization", 
                            "count": 0, 
                            "value": 0
                        }, 
                        {
                            "name": "Commercial bank, savings bank or association", 
                            "count": 0, 
                            "value": 0
                        }, 
                        {
                            "name": "Life insurance co., credit union, finance co.", 
                            "count": 2, 
                            "value": 60
                        }, 
                        {
                            "name": "Affiliate institution", 
                            "count": 0, 
                            "value": 0
                        }, 
                        {
                            "name": "Other", 
                            "count": 32, 
                            "value": 1364
                        }
                    ]
                }, 
                {
                    "incomelevel": "Moderate income", 
                    "purchasers": [
                        {
                            "name": "Fannie Mae", 
                            "count": 13, 
                            "value": 692
                        }, 
                        {
                            "name": "Ginnie Mae", 
                            "count": 19, 
                            "value": 1501
                        }, 
                        {
                            "name": "Freddie Mac", 
                            "count": 5, 
                            "value": 327
                        }, 
                        {
                            "name": "Farmer Mac", 
                            "count": 0, 
                            "value": 0
                        }, 
                        {
                            "name": "Private Securitization", 
                            "count": 0, 
                            "value": 0
                        }, 
                        {
                            "name": "Commercial bank, savings bank or association", 
                            "count": 11, 
                            "value": 748
                        }, 
                        {
                            "name": "Life insurance co., credit union, finance co.", 
                            "count": 4, 
                            "value": 335
                        }, 
                        {
                            "name": "Affiliate institution", 
                            "count": 1, 
                            "value": 40
                        }, 
                        {
                            "name": "Other", 
                            "count": 376, 
                            "value": 22575
                        }
                    ]
                }, 
                {
                    "incomelevel": "Middle income", 
                    "purchasers": [
                        {
                            "name": "Fannie Mae", 
                            "count": 121, 
                            "value": 13525
                        }, 
                        {
                            "name": "Ginnie Mae", 
                            "count": 136, 
                            "value": 13222
                        }, 
                        {
                            "name": "Freddie Mac", 
                            "count": 45, 
                            "value": 4466
                        }, 
                        {
                            "name": "Farmer Mac", 
                            "count": 0, 
                            "value": 0
                        }, 
                        {
                            "name": "Private Securitization", 
                            "count": 0, 
                            "value": 0
                        }, 
                        {
                            "name": "Commercial bank, savings bank or association", 
                            "count": 100, 
                            "value": 11853
                        }, 
                        {
                            "name": "Life insurance co., credit union, finance co.", 
                            "count": 30, 
                            "value": 2383
                        }, 
                        {
                            "name": "Affiliate institution", 
                            "count": 19, 
                            "value": 2240
                        }, 
                        {
                            "name": "Other", 
                            "count": 873, 
                            "value": 73533
                        }
                    ]
                }, 
                {
                    "incomelevel": "Upper income", 
                    "purchasers": [
                        {
                            "name": "Fannie Mae", 
                            "count": 148, 
                            "value": 19278
                        }, 
                        {
                            "name": "Ginnie Mae", 
                            "count": 197, 
                            "value": 26051
                        }, 
                        {
                            "name": "Freddie Mac", 
                            "count": 72, 
                            "value": 8485
                        }, 
                        {
                            "name": "Farmer Mac", 
                            "count": 0, 
                            "value": 0
                        }, 
                        {
                            "name": "Private Securitization", 
                            "count": 1, 
                            "value": 82
                        }, 
                        {
                            "name": "Commercial bank, savings bank or association", 
                            "count": 176, 
                            "value": 22256
                        }, 
                        {
                            "name": "Life insurance co., credit union, finance co.", 
                            "count": 45, 
                            "value": 4416
                        }, 
                        {
                            "name": "Affiliate institution", 
                            "count": 8, 
                            "value": 1082
                        }, 
                        {
                            "name": "Other", 
                            "count": 795, 
                            "value": 77753
                        }
                    ]
                }
            ]
        }
    ], 
    "total": {
        "purchasers": [
            {
                "name": "Fannie Mae", 
                "count": 283, 
                "value": 33564
            }, 
            {
                "name": "Ginnie Mae", 
                "count": 353, 
                "value": 40828
            }, 
            {
                "name": "Freddie Mac", 
                "count": 122, 
                "value": 13278
            }, 
            {
                "name": "Farmer Mac", 
                "count": 0, 
                "value": 0
            }, 
            {
                "name": "Private Securitization", 
                "count": 1, 
                "value": 82
            }, 
            {
                "name": "Commercial bank, savings bank or association", 
                "count": 287, 
                "value": 34857
            }, 
            {
                "name": "Life insurance co., credit union, finance co.", 
                "count": 81, 
                "value": 7194
            }, 
            {
                "name": "Affiliate institution", 
                "count": 28, 
                "value": 3362
            }, 
            {
                "name": "Other", 
                "count": 2081, 
                "value": 175648
            }
        ]
    }
}